date,geo_id,temperature,holiday_flag,competitor_promo,consumer_confidence
2023-01-01,DMA_001,85.09412533277532,1,0,97.97756400228718
2023-01-01,DMA_002,79.96902580488572,1,1,102.89823476026586
2023-01-01,DMA_003,82.01795542883877,1,0,97.46267314669281
2023-01-01,DMA_004,70.27413918601803,1,1,96.99517218568623
2023-01-01,DMA_005,76.89693697876724,1,0,101.09271776988099
2023-01-01,DMA_006,77.93064126915023,1,1,101.3774406903316
2023-01-01,DMA_007,84.35579254075003,1,0,96.25100250033287
2023-01-01,DMA_008,74.54908422207588,1,0,102.87350876614617
2023-01-01,DMA_009,57.00193448608128,1,0,98.11138691506902
2023-01-01,DMA_010,70.44519855005248,1,0,100.75745659621602
2023-01-01,DMA_011,85.66117232002902,1,0,99.8164430590417
2023-01-01,DMA_012,83.97658421728688,1,0,98.84255918290529
2023-01-01,DMA_013,89.49183829576052,1,0,100.87165952499069
2023-01-01,DMA_014,80.78437666508981,1,0,98.03612721094272
2023-01-01,DMA_015,84.77282086627001,1,0,100.6816723582921
2023-01-01,DMA_016,71.86518694907029,1,0,98.44600197934325
2023-01-01,DMA_017,79.46198343887157,1,0,99.00156180862747
2023-01-01,DMA_018,86.07209583854872,1,0,100.31725311918115
2023-01-01,DMA_019,84.28854298545689,1,0,100.4122767702675
2023-01-01,DMA_020,75.35718031041941,1,0,97.82631476180029
2023-01-01,DMA_021,79.27165200345269,1,0,99.217882013605
2023-01-01,DMA_022,79.68004288747457,1,0,101.61880854801505
2023-01-01,DMA_023,86.03367230919844,1,0,98.7952991599432
2023-01-01,DMA_024,81.47896075433087,1,0,102.30782315362295
2023-01-01,DMA_025,70.66020273927168,1,0,99.9381215368099
2023-01-01,DMA_026,84.67562589179983,1,0,100.73780428613054
2023-01-01,DMA_027,79.4014424080783,1,0,100.26386765787883
2023-01-01,DMA_028,88.87927526359334,1,0,102.7699613544514
2023-01-01,DMA_029,86.32202647009191,1,0,101.29188764775604
2023-01-01,DMA_030,78.57491684667951,1,0,100.82149204164574
2023-01-01,DMA_031,83.40642222509294,1,0,98.7012015928241
2023-01-01,DMA_032,78.73056675044333,1,1,96.27184779589084
2023-01-01,DMA_033,74.80959110448835,1,1,99.65588496760489
2023-01-01,DMA_034,82.6049816020884,1,0,97.45900158949972
2023-01-01,DMA_035,84.08112034970888,1,1,100.43932378507189
2023-01-01,DMA_036,80.85457435859797,1,0,97.00011786443903
2023-01-01,DMA_037,78.62410984967352,1,0,100.6105140362681
2023-01-01,DMA_038,77.66520778411348,1,0,102.21858840856079
2023-01-01,DMA_039,85.27014133514258,1,0,102.38886248459555
2023-01-01,DMA_040,73.28383060201286,1,0,101.49471394360677
2023-01-01,DMA_041,82.61577001307867,1,0,100.71979782468598
2023-01-01,DMA_042,87.82927005893694,1,0,97.84222661687438
2023-01-01,DMA_043,78.91064981273875,1,0,100.05101621404006
2023-01-01,DMA_044,75.69399121297135,1,0,103.05072284055257
2023-01-01,DMA_045,89.21530438079729,1,0,103.49393656463917
2023-01-01,DMA_046,73.09918043872054,1,0,98.00184762098402
2023-01-01,DMA_047,62.1090068034075,1,0,102.13092762669103
2023-01-01,DMA_048,81.88363154871828,1,0,98.39997141935378
2023-01-01,DMA_049,83.09005152553277,1,0,98.39470711263161
2023-01-01,DMA_050,69.33839989887967,1,0,97.72969656934225
2023-01-01,DMA_051,86.81558973490203,1,1,99.62942175582181
2023-01-01,DMA_052,83.35601643866462,1,0,101.55604987504776
2023-01-01,DMA_053,78.547840866594,1,0,100.29226273773536
2023-01-01,DMA_054,76.67643120420857,1,0,98.82901373366987
2023-01-01,DMA_055,68.49191369936429,1,1,104.35755126350631
2023-01-01,DMA_056,81.83779187753849,1,0,100.62380223303028
2023-01-01,DMA_057,80.45132860504694,1,0,101.7868983399738
2023-01-01,DMA_058,78.64676288452624,1,0,99.35545570077586
2023-01-01,DMA_059,79.04701044702428,1,0,101.35064890182731
2023-01-01,DMA_060,72.6344944374266,1,0,99.20966846121239
2023-01-01,DMA_061,70.08433414352612,1,0,99.62020823027639
2023-01-01,DMA_062,78.81110438412381,1,0,104.03554541465166
2023-01-01,DMA_063,76.09041189686475,1,0,99.09028820090148
2023-01-01,DMA_064,80.26866617818716,1,1,100.39840507011952
2023-01-01,DMA_065,71.74365490552589,1,0,100.96384423030872
2023-01-01,DMA_066,89.24526011358849,1,0,97.98980500037229
2023-01-01,DMA_067,90.4121017512176,1,0,98.24757432763718
2023-01-01,DMA_068,78.57576041702174,1,0,101.94180454934558
2023-01-01,DMA_069,84.25779926650097,1,0,97.23182554546983
2023-01-01,DMA_070,79.03067904964429,1,0,100.93656588635713
2023-01-01,DMA_071,74.33803834134942,1,0,100.88787795763703
2023-01-01,DMA_072,82.68011793939341,1,0,100.70507301283526
2023-01-01,DMA_073,78.91660480151975,1,0,99.15690234316035
2023-01-01,DMA_074,73.39130432799503,1,1,101.0158801060191
2023-01-01,DMA_075,91.18399295861386,1,0,101.9815897803729
2023-01-01,DMA_076,77.2680537041938,1,0,98.19257793141274
2023-01-01,DMA_077,76.91623335677637,1,0,101.83525763480601
2023-01-01,DMA_078,81.64073312108171,1,0,100.44039955750418
2023-01-01,DMA_079,87.34536374524983,1,0,99.92835598284415
2023-01-01,DMA_080,77.47849367532154,1,0,100.7041968045005
2023-01-01,DMA_081,76.23790152769612,1,0,101.18397724668252
2023-01-01,DMA_082,79.86500303886099,1,0,101.39294315119197
2023-01-01,DMA_083,92.24922424889063,1,0,103.22873016586772
2023-01-01,DMA_084,87.33350807634686,1,0,98.69444791947258
2023-01-01,DMA_085,76.75159685366707,1,0,101.92786055138363
2023-01-01,DMA_086,84.42428793808638,1,0,100.54909667537753
2023-01-01,DMA_087,79.62417742194654,1,0,100.92038999056253
2023-01-01,DMA_088,74.0081778671911,1,0,101.15876856709771
2023-01-01,DMA_089,84.17933682554288,1,0,102.052626657233
2023-01-01,DMA_090,85.49742760409407,1,0,101.66135474292342
2023-01-01,DMA_091,71.93335039032891,1,0,103.30821553139309
2023-01-01,DMA_092,86.14170306378088,1,0,102.13181783436919
2023-01-01,DMA_093,70.36357506683254,1,0,104.23194185845595
2023-01-01,DMA_094,79.94780836763556,1,0,101.58240206288207
2023-01-01,DMA_095,79.92465190996244,1,0,102.97491927045841
2023-01-01,DMA_096,80.73001016320245,1,1,99.03706687504156
2023-01-01,DMA_097,77.18883938789185,1,0,101.73105004190984
2023-01-01,DMA_098,93.58136920885332,1,0,100.14188969119004
2023-01-01,DMA_099,68.57054072656392,1,1,99.73528583489474
2023-01-01,DMA_100,79.41696316124101,1,0,100.3652177859009
2023-01-01,DMA_101,68.0779363712887,1,0,98.60210407236437
2023-01-01,DMA_102,78.44553592354896,1,0,101.91765955607848
2023-01-01,DMA_103,82.65777478949117,1,0,100.43892386705753
2023-01-01,DMA_104,81.22011566568496,1,0,99.43088522038383
2023-01-01,DMA_105,76.55725982684362,1,0,99.108365154692
2023-01-01,DMA_106,79.19157092372028,1,0,96.75602551644027
2023-01-01,DMA_107,82.32225531993491,1,1,99.80211750571605
2023-01-01,DMA_108,79.71344879133817,1,0,102.06746984539367
2023-01-01,DMA_109,81.61368619073183,1,1,97.9090463265457
2023-01-01,DMA_110,78.88398643031869,1,0,100.63304384695729
2023-01-01,DMA_111,71.53444437611745,1,0,100.76957179673225
2023-01-01,DMA_112,76.01073584009953,1,1,104.89111367423816
2023-01-01,DMA_113,76.03370074694494,1,0,99.42273355619805
2023-01-01,DMA_114,87.67999217344466,1,1,102.59235237191163
2023-01-01,DMA_115,70.9012693120535,1,0,98.09861413359373
2023-01-01,DMA_116,76.81213950731463,1,0,98.84880966024375
2023-01-01,DMA_117,75.07614779951889,1,0,99.90172641411883
2023-01-01,DMA_118,87.117804043844,1,0,100.49021700709996
2023-01-01,DMA_119,77.40711431306973,1,0,100.9514395490989
2023-01-01,DMA_120,77.14957290992764,1,0,98.65530942995392
2023-01-01,DMA_121,80.63618240032329,1,0,98.15242756447753
2023-01-01,DMA_122,76.53997946046135,1,0,99.29776451846531
2023-01-01,DMA_123,76.13901980578223,1,0,97.5990097701963
2023-01-01,DMA_124,76.46885465271386,1,0,96.44499018987545
2023-01-01,DMA_125,77.88254867691572,1,0,101.34222085572681
2023-01-01,DMA_126,82.41743062853404,1,0,101.15351487294647
2023-01-01,DMA_127,77.01981648929161,1,1,100.9653205841997
2023-01-01,DMA_128,84.26331735859742,1,0,99.00842050349225
2023-01-01,DMA_129,81.12677487062379,1,0,101.17729401215513
2023-01-01,DMA_130,75.23341791143079,1,0,98.11568826740726
2023-01-01,DMA_131,84.73822804293137,1,0,99.97995996238096
2023-01-01,DMA_132,81.24247162465953,1,0,95.8787751495982
2023-01-01,DMA_133,83.68142142630968,1,0,100.95598628427624
2023-01-01,DMA_134,78.69276692528902,1,0,98.66248369204013
2023-01-01,DMA_135,71.94263936908735,1,0,98.05628651513001
2023-01-01,DMA_136,76.32633269636752,1,0,99.52889661019455
2023-01-01,DMA_137,74.75293601112304,1,0,103.90416700491235
2023-01-01,DMA_138,83.51667131278371,1,0,100.76333844918166
2023-01-01,DMA_139,71.93264365379538,1,1,101.20443154847098
2023-01-01,DMA_140,73.3313270701436,1,1,99.01948212279602
2023-01-01,DMA_141,81.00813831738607,1,0,97.24656294425584
2023-01-01,DMA_142,79.38731779484702,1,0,100.52098675102016
2023-01-01,DMA_143,77.93871515588698,1,0,104.03960182607437
2023-01-01,DMA_144,77.38224033918544,1,0,99.88862321539449
2023-01-01,DMA_145,82.03958184293995,1,0,100.74698632488645
2023-01-01,DMA_146,67.69192510715557,1,0,104.80849873800818
2023-01-01,DMA_147,76.54909443843175,1,0,99.09332506469309
2023-01-01,DMA_148,73.78363990933498,1,0,97.0788328649968
2023-01-01,DMA_149,84.59033111423368,1,0,100.57865480910512
2023-01-01,DMA_150,88.75387256773385,1,0,99.88639018278522
2023-01-08,DMA_001,81.26282857026943,1,1,99.16047623571806
2023-01-08,DMA_002,82.77958362164026,1,1,100.00903355465027
2023-01-08,DMA_003,72.57992771746983,1,1,100.42074517226703
2023-01-08,DMA_004,88.17949499756095,1,0,102.82326077033251
2023-01-08,DMA_005,78.73431144493055,1,0,99.04381774462114
2023-01-08,DMA_006,85.50850547740563,1,0,98.92064590808302
2023-01-08,DMA_007,76.77744532147878,1,0,103.00835158005133
2023-01-08,DMA_008,72.22242460452892,1,0,100.53263673712362
2023-01-08,DMA_009,78.27086085799436,1,0,99.681402455921
2023-01-08,DMA_010,81.22678756673893,1,1,103.3202136107421
2023-01-08,DMA_011,87.78408829514345,1,0,101.74905521713113
2023-01-08,DMA_012,77.83911769235706,1,0,105.05995539595646
2023-01-08,DMA_013,73.63605376294217,1,0,104.5421901601365
2023-01-08,DMA_014,82.08796231896628,1,0,103.26949869172756
2023-01-08,DMA_015,75.38947285928748,1,1,99.274430347218
2023-01-08,DMA_016,89.41009735548957,1,0,101.31332347958579
2023-01-08,DMA_017,76.72560177370961,1,0,101.82360007519503
2023-01-08,DMA_018,82.38292419070491,1,0,101.72832921194343
2023-01-08,DMA_019,76.97662638447113,1,0,101.42514188124791
2023-01-08,DMA_020,81.32374904444036,1,0,100.77739238608086
2023-01-08,DMA_021,78.54691293758631,1,0,102.19741754796844
2023-01-08,DMA_022,78.47788995631778,1,0,98.49580536896917
2023-01-08,DMA_023,72.77386702070147,1,0,96.81150152363718
2023-01-08,DMA_024,78.01709940537646,1,0,98.45478393114963
2023-01-08,DMA_025,79.89497678180503,1,0,105.16947158791397
2023-01-08,DMA_026,84.39721700831137,1,0,102.11011153588237
2023-01-08,DMA_027,87.84820506754888,1,0,102.8354666031342
2023-01-08,DMA_028,75.03413573581182,1,0,102.56195243547909
2023-01-08,DMA_029,75.85531069334309,1,0,97.82777912566239
2023-01-08,DMA_030,82.22355675898176,1,0,101.1051694682536
2023-01-08,DMA_031,73.94798020498493,1,0,102.93720479540312
2023-01-08,DMA_032,70.03913600738579,1,0,102.43113848257835
2023-01-08,DMA_033,82.62616534847479,1,0,100.4502657385239
2023-01-08,DMA_034,69.02968436949561,1,0,102.94269662870609
2023-01-08,DMA_035,78.19349071714058,1,1,102.25782579904858
2023-01-08,DMA_036,83.43110925461112,1,0,100.95814259771646
2023-01-08,DMA_037,76.19283807632617,1,0,101.44986048941225
2023-01-08,DMA_038,80.36478258832413,1,0,97.88102294637507
2023-01-08,DMA_039,75.991501261198,1,0,101.50597600741949
2023-01-08,DMA_040,71.80882266017531,1,0,100.38160124067262
2023-01-08,DMA_041,77.83939554185773,1,0,103.4441348533246
2023-01-08,DMA_042,72.79232181573629,1,0,100.71357904815439
2023-01-08,DMA_043,74.08680502694432,1,1,97.87940890229248
2023-01-08,DMA_044,81.13039227615606,1,1,98.97532356141647
2023-01-08,DMA_045,68.880357979293,1,0,101.89860384203011
2023-01-08,DMA_046,76.27901355612012,1,0,101.81038650496662
2023-01-08,DMA_047,82.65508536881234,1,0,97.81277281203674
2023-01-08,DMA_048,88.92696979713887,1,0,100.52256392069964
2023-01-08,DMA_049,77.36309627605016,1,0,97.96384845404984
2023-01-08,DMA_050,83.17891367202965,1,0,100.42336167701977
2023-01-08,DMA_051,70.85353896461652,1,1,103.39400176692001
2023-01-08,DMA_052,88.79205324065627,1,1,95.43688681865437
2023-01-08,DMA_053,83.99272550888031,1,0,103.00600051449065
2023-01-08,DMA_054,79.43246124392296,1,0,104.32975858767843
2023-01-08,DMA_055,88.23855462925647,1,0,98.18544729306726
2023-01-08,DMA_056,71.76737257127785,1,0,102.41097699681154
2023-01-08,DMA_057,92.41307989098271,1,1,98.896179281328
2023-01-08,DMA_058,84.13091590191657,1,0,101.42466698822068
2023-01-08,DMA_059,88.87771180767278,1,0,102.86709279396631
2023-01-08,DMA_060,74.43884497843543,1,0,101.50066667283467
2023-01-08,DMA_061,72.4995651338681,1,0,103.91490327995172
2023-01-08,DMA_062,78.74695027449602,1,0,100.31765269225166
2023-01-08,DMA_063,81.6465422571085,1,0,102.30586747686439
2023-01-08,DMA_064,75.35874111871823,1,0,99.78647738688859
2023-01-08,DMA_065,77.19343470244051,1,0,99.4500030492354
2023-01-08,DMA_066,82.50889684204078,1,0,100.69266730022382
2023-01-08,DMA_067,88.48765618905627,1,1,100.80594124379382
2023-01-08,DMA_068,78.55498967466615,1,0,100.08580931810044
2023-01-08,DMA_069,88.04468259696087,1,0,100.33760100623961
2023-01-08,DMA_070,73.84714034670468,1,1,103.30575135709832
2023-01-08,DMA_071,73.00327068638703,1,0,101.96117861572611
2023-01-08,DMA_072,83.8383255764989,1,0,99.02561026909983
2023-01-08,DMA_073,88.03341307094647,1,0,99.32764753759119
2023-01-08,DMA_074,73.20715855998183,1,0,100.58431481978454
2023-01-08,DMA_075,73.43137399308246,1,0,101.91242077064327
2023-01-08,DMA_076,81.9960233143139,1,0,97.49284386756774
2023-01-08,DMA_077,77.71433197922158,1,0,95.64377127256307
2023-01-08,DMA_078,83.82858167360942,1,0,101.38783116208117
2023-01-08,DMA_079,91.81618843535361,1,0,97.32812448524771
2023-01-08,DMA_080,77.04557457359758,1,0,100.8129825029615
2023-01-08,DMA_081,91.44265024978975,1,0,103.9037313516138
2023-01-08,DMA_082,83.30877880695023,1,0,98.43410522179272
2023-01-08,DMA_083,81.24230215573581,1,0,99.94679535795522
2023-01-08,DMA_084,78.54701144275855,1,0,100.661843305892
2023-01-08,DMA_085,79.0276489837705,1,0,100.59987858778854
2023-01-08,DMA_086,93.1540581206837,1,0,98.90656626210757
2023-01-08,DMA_087,85.55913701175729,1,0,101.68605300772748
2023-01-08,DMA_088,67.22076439399045,1,0,98.20763438535657
2023-01-08,DMA_089,92.36346297672497,1,0,101.04251002843068
2023-01-08,DMA_090,82.58285953648084,1,0,99.07429063675255
2023-01-08,DMA_091,75.09366542195113,1,0,100.87529060553278
2023-01-08,DMA_092,78.88536734444097,1,0,101.5994220530856
2023-01-08,DMA_093,91.90967831496195,1,0,102.87684735736421
2023-01-08,DMA_094,72.6785347801016,1,0,96.23743778263888
2023-01-08,DMA_095,80.54953791095677,1,0,101.8042979249774
2023-01-08,DMA_096,78.81062750605345,1,0,98.07687622492813
2023-01-08,DMA_097,79.21529226509222,1,0,99.0686350969338
2023-01-08,DMA_098,84.79727519168405,1,0,100.08744741378617
2023-01-08,DMA_099,87.93885669197707,1,0,100.50883030297797
2023-01-08,DMA_100,78.08321227343025,1,0,99.2089348819862
2023-01-08,DMA_101,84.16543659657427,1,0,103.1244349646394
2023-01-08,DMA_102,81.38164587337218,1,0,99.17887638766636
2023-01-08,DMA_103,79.08280890819115,1,0,100.02544107268845
2023-01-08,DMA_104,79.81720105502163,1,0,99.77843984464957
2023-01-08,DMA_105,86.94845832326396,1,0,98.95817351083677
2023-01-08,DMA_106,82.68428184011195,1,0,99.55810438012846
2023-01-08,DMA_107,88.17551961184535,1,0,97.93529144912137
2023-01-08,DMA_108,73.42514515902518,1,1,101.26587497439222
2023-01-08,DMA_109,83.17692848682137,1,0,101.38579932234771
2023-01-08,DMA_110,90.84232389994753,1,0,99.25646600525889
2023-01-08,DMA_111,72.11505403886903,1,0,102.94683450316074
2023-01-08,DMA_112,89.60782297298972,1,0,102.77136451006746
2023-01-08,DMA_113,76.53638034656298,1,0,95.11259472447423
2023-01-08,DMA_114,89.88151087063214,1,0,103.46107353787797
2023-01-08,DMA_115,77.95780904437405,1,0,100.65514228090991
2023-01-08,DMA_116,76.68785729662017,1,1,100.29679755661559
2023-01-08,DMA_117,69.50205316323373,1,0,101.9815697294383
2023-01-08,DMA_118,76.83143010715045,1,0,100.99917633980212
2023-01-08,DMA_119,90.85606029767213,1,0,99.49956058782405
2023-01-08,DMA_120,88.14000903832245,1,0,105.97162305603317
2023-01-08,DMA_121,76.52440998360342,1,0,101.4671194865351
2023-01-08,DMA_122,93.1618400598652,1,0,100.75878025409835
2023-01-08,DMA_123,81.40807873004489,1,0,98.97680494810344
2023-01-08,DMA_124,80.89812686156313,1,0,100.58620953037708
2023-01-08,DMA_125,81.9601869230765,1,0,99.29284216490937
2023-01-08,DMA_126,75.47295823779886,1,1,101.09653922146
2023-01-08,DMA_127,75.59361874535085,1,1,99.39744554007682
2023-01-08,DMA_128,93.22047558529883,1,0,97.30102933016353
2023-01-08,DMA_129,78.01395543532,1,1,98.07171703170667
2023-01-08,DMA_130,81.20389836371392,1,0,100.86941477943772
2023-01-08,DMA_131,88.47789376094566,1,0,97.36555929950143
2023-01-08,DMA_132,79.88685904703651,1,0,101.06437718694403
2023-01-08,DMA_133,83.27955984818136,1,0,97.32561229137306
2023-01-08,DMA_134,73.56150029587982,1,1,101.80761316229352
2023-01-08,DMA_135,83.05134904168212,1,0,100.07737648923231
2023-01-08,DMA_136,77.38540539679731,1,0,102.95529555155444
2023-01-08,DMA_137,78.78551065096055,1,0,101.47413622722462
2023-01-08,DMA_138,87.25467603108422,1,0,102.96933960012667
2023-01-08,DMA_139,78.60132039342591,1,0,101.24717858468793
2023-01-08,DMA_140,68.95196952540333,1,0,101.9532889991284
2023-01-08,DMA_141,69.90672227686007,1,0,99.86646328774631
2023-01-08,DMA_142,78.80380863667138,1,1,104.17045822392316
2023-01-08,DMA_143,88.31800476400336,1,0,100.21885164290462
2023-01-08,DMA_144,83.3742741162273,1,1,96.56395206645944
2023-01-08,DMA_145,77.7957721771209,1,0,102.84544058599562
2023-01-08,DMA_146,74.93483684887026,1,0,100.1050663856431
2023-01-08,DMA_147,78.13383512888825,1,0,99.70192243276554
2023-01-08,DMA_148,79.70745304204564,1,0,97.27916358904277
2023-01-08,DMA_149,80.92832770537753,1,0,100.39547363779232
2023-01-08,DMA_150,83.68353546203988,1,0,98.5202153780087
2023-01-15,DMA_001,74.46688902902903,0,0,102.23314144873137
2023-01-15,DMA_002,65.01225799496652,0,1,101.36622187176185
2023-01-15,DMA_003,74.62203136085391,0,0,100.06860029960552
2023-01-15,DMA_004,85.39094410956076,0,0,101.56517735176168
2023-01-15,DMA_005,79.13791641653376,0,0,99.92651827449703
2023-01-15,DMA_006,67.78816738722118,0,0,100.81983010642993
2023-01-15,DMA_007,88.09502376317413,0,0,102.5776358528457
2023-01-15,DMA_008,69.55261379969838,0,0,100.47942998047203
2023-01-15,DMA_009,86.27818256523763,0,0,97.1845855254495
2023-01-15,DMA_010,82.3688112400717,0,0,101.8518184253339
2023-01-15,DMA_011,74.58855929693118,0,0,100.07647815102423
2023-01-15,DMA_012,83.34470806471433,0,0,102.27858712442423
2023-01-15,DMA_013,93.96170459088168,0,0,98.34980425370212
2023-01-15,DMA_014,68.77146873136212,0,0,102.5447120276442
2023-01-15,DMA_015,75.21159272987879,0,0,100.48489921338157
2023-01-15,DMA_016,85.73913594852162,0,0,99.66495040702956
2023-01-15,DMA_017,90.77254714955822,0,0,101.30644980648594
2023-01-15,DMA_018,82.017261214753,0,0,102.03305649098509
2023-01-15,DMA_019,82.83418054105921,0,0,102.07820770436463
2023-01-15,DMA_020,81.39035119011537,0,0,99.63130035490599
2023-01-15,DMA_021,85.81987722910257,0,1,102.40623023498884
2023-01-15,DMA_022,93.30176835637212,0,0,98.70003796657666
2023-01-15,DMA_023,83.11058638771735,0,0,100.5237836932624
2023-01-15,DMA_024,81.31115263887382,0,0,99.4927637235869
2023-01-15,DMA_025,79.51612741182699,0,0,99.0687592469623
2023-01-15,DMA_026,84.63519609757763,0,0,102.47129956551281
2023-01-15,DMA_027,72.17381890350768,0,0,102.8373536506614
2023-01-15,DMA_028,74.29538745733484,0,1,104.60122151463399
2023-01-15,DMA_029,86.58020216698681,0,0,106.08990259837209
2023-01-15,DMA_030,76.15884512914322,0,0,106.60713364190907
2023-01-15,DMA_031,80.34077582950894,0,0,101.75759212450583
2023-01-15,DMA_032,74.55952252845921,0,0,99.55955294561942
2023-01-15,DMA_033,89.52612337488021,0,0,104.93182812484802
2023-01-15,DMA_034,83.80438175466541,0,0,99.75167608006966
2023-01-15,DMA_035,81.63494659789731,0,0,101.21272065295474
2023-01-15,DMA_036,84.530526212099,0,0,99.64535807679532
2023-01-15,DMA_037,85.75754090452241,0,0,99.99899408656044
2023-01-15,DMA_038,81.7215897616896,0,0,100.42106454101632
2023-01-15,DMA_039,89.44009598357056,0,0,104.31317037440083
2023-01-15,DMA_040,63.95360028816599,0,0,101.73198195142739
2023-01-15,DMA_041,71.46182528331312,0,0,101.5425699815652
2023-01-15,DMA_042,78.58064983027238,0,0,101.82985709424868
2023-01-15,DMA_043,83.46704544622868,0,1,100.14062651507815
2023-01-15,DMA_044,74.74389345508789,0,0,98.78006640298666
2023-01-15,DMA_045,88.06182872469121,0,0,100.5536044106979
2023-01-15,DMA_046,81.8607782551443,0,0,102.52931698776038
2023-01-15,DMA_047,82.85812529822434,0,0,100.00443247678272
2023-01-15,DMA_048,80.41758629208441,0,0,103.8582456608638
2023-01-15,DMA_049,79.70128430517453,0,0,101.23485241605448
2023-01-15,DMA_050,72.6664863300558,0,0,102.51321863016935
2023-01-15,DMA_051,65.86708766564541,0,0,101.58610411735572
2023-01-15,DMA_052,79.60986563988477,0,0,99.4770569976618
2023-01-15,DMA_053,74.92746145823742,0,1,104.36193275786822
2023-01-15,DMA_054,67.71046342271184,0,0,100.9984252863938
2023-01-15,DMA_055,87.68064679647708,0,0,102.12710801969591
2023-01-15,DMA_056,68.33495855540625,0,1,102.73213661282482
2023-01-15,DMA_057,76.22273752792867,0,0,99.65788652140553
2023-01-15,DMA_058,74.44011818777184,0,0,102.08815617172428
2023-01-15,DMA_059,82.36220793334749,0,0,100.32723872975579
2023-01-15,DMA_060,83.00919566843653,0,0,101.98055199252727
2023-01-15,DMA_061,73.3060636587231,0,0,101.60633983421259
2023-01-15,DMA_062,83.6453529951443,0,0,104.84344883257197
2023-01-15,DMA_063,79.6769950612921,0,0,99.17086134553911
2023-01-15,DMA_064,73.9309751743317,0,0,99.742484576803
2023-01-15,DMA_065,95.08603504652034,0,1,98.55774931558979
2023-01-15,DMA_066,89.77687202588429,0,0,99.97666040579674
2023-01-15,DMA_067,68.03498360773197,0,0,103.43888921027539
2023-01-15,DMA_068,80.00338601267876,0,0,98.4365071166172
2023-01-15,DMA_069,85.64493196799206,0,0,100.83651755501334
2023-01-15,DMA_070,86.33972443207702,0,0,99.81719455050398
2023-01-15,DMA_071,82.28054905155946,0,1,102.33282110209201
2023-01-15,DMA_072,84.15771773992901,0,0,104.05899019344784
2023-01-15,DMA_073,67.27169282057885,0,0,98.98555298269525
2023-01-15,DMA_074,72.60152755273538,0,0,99.76709197451119
2023-01-15,DMA_075,81.53442400112625,0,0,97.45502005409836
2023-01-15,DMA_076,73.2146249207089,0,0,101.03289830097414
2023-01-15,DMA_077,76.39203521267589,0,0,101.13223898251123
2023-01-15,DMA_078,74.13326225144561,0,0,102.36000197511741
2023-01-15,DMA_079,91.41700261208467,0,0,100.47702334974879
2023-01-15,DMA_080,82.74598314491855,0,0,102.91608419028
2023-01-15,DMA_081,68.06759936011,0,1,98.53455711666197
2023-01-15,DMA_082,90.25066587176653,0,1,103.00658705353028
2023-01-15,DMA_083,72.46413230287975,0,0,103.59451542997436
2023-01-15,DMA_084,78.81921608392867,0,0,97.96073133802453
2023-01-15,DMA_085,86.02215747897868,0,0,101.82143234981245
2023-01-15,DMA_086,86.5158950623214,0,0,100.67884856053222
2023-01-15,DMA_087,83.03807462594064,0,0,98.09795052593988
2023-01-15,DMA_088,77.89784769430527,0,0,103.22073829313507
2023-01-15,DMA_089,89.95693296340337,0,0,103.3174155676343
2023-01-15,DMA_090,77.5006754718621,0,0,105.26289849681211
2023-01-15,DMA_091,72.12359597981195,0,0,101.10392856395876
2023-01-15,DMA_092,78.7665430952007,0,1,104.23032633201439
2023-01-15,DMA_093,85.63643715494297,0,0,101.93708554734745
2023-01-15,DMA_094,78.77625133397402,0,1,102.5119506381682
2023-01-15,DMA_095,63.328954125184026,0,0,101.86941072884778
2023-01-15,DMA_096,80.41623519665956,0,0,100.91767453650968
2023-01-15,DMA_097,66.53138552143044,0,0,102.69637448140257
2023-01-15,DMA_098,87.92950801225116,0,0,100.20430980465603
2023-01-15,DMA_099,74.58174469167224,0,0,101.07557342256459
2023-01-15,DMA_100,74.7049950382919,0,0,102.27022184422937
2023-01-15,DMA_101,81.74296798236017,0,0,99.8607681889813
2023-01-15,DMA_102,86.3301484600589,0,0,101.86062284862315
2023-01-15,DMA_103,90.74459300785497,0,0,101.68157264360002
2023-01-15,DMA_104,85.12734738810533,0,0,102.80656592664181
2023-01-15,DMA_105,77.64255262235336,0,0,100.89577104512647
2023-01-15,DMA_106,73.60585058635677,0,0,103.81153252400013
2023-01-15,DMA_107,81.86835204340102,0,0,100.92743444887937
2023-01-15,DMA_108,70.05263123685566,0,0,99.90166518906459
2023-01-15,DMA_109,83.15401753044262,0,0,102.68354823006106
2023-01-15,DMA_110,80.7656250828996,0,0,102.37953609102354
2023-01-15,DMA_111,89.34056947411241,0,1,99.88274429098789
2023-01-15,DMA_112,82.02095542698794,0,0,100.089283404603
2023-01-15,DMA_113,83.85324798880157,0,0,101.65663251773958
2023-01-15,DMA_114,79.34055247950269,0,0,103.88734788082515
2023-01-15,DMA_115,68.12532061876662,0,0,99.46739407199777
2023-01-15,DMA_116,87.75632820801695,0,0,98.74932629671441
2023-01-15,DMA_117,83.57624286967332,0,0,101.0891115933395
2023-01-15,DMA_118,83.28863689515865,0,0,98.14015898698744
2023-01-15,DMA_119,79.34177856193494,0,0,100.90275767098663
2023-01-15,DMA_120,76.4853493179024,0,0,101.01244550104163
2023-01-15,DMA_121,80.40069484502607,0,0,98.31850463848336
2023-01-15,DMA_122,86.4975546309768,0,0,101.15788576749412
2023-01-15,DMA_123,82.95723314631896,0,0,98.52438530222953
2023-01-15,DMA_124,76.35836620263468,0,0,99.88503445931383
2023-01-15,DMA_125,83.21324559738486,0,0,100.29587196284017
2023-01-15,DMA_126,88.84514158808312,0,0,105.48742445845093
2023-01-15,DMA_127,84.91514386204352,0,0,104.82940002698301
2023-01-15,DMA_128,76.85420514264699,0,1,101.31685779002265
2023-01-15,DMA_129,77.54489217518497,0,0,101.59827943946652
2023-01-15,DMA_130,75.0674809370002,0,1,98.48012471769945
2023-01-15,DMA_131,76.88996819452969,0,0,100.85338056939393
2023-01-15,DMA_132,74.70645766759202,0,0,99.98863456959634
2023-01-15,DMA_133,90.6142197009579,0,1,100.66150134921588
2023-01-15,DMA_134,88.8709447442405,0,1,101.33032847039081
2023-01-15,DMA_135,80.20781343059592,0,0,104.19628144707455
2023-01-15,DMA_136,77.67352852212431,0,0,101.26927016757581
2023-01-15,DMA_137,87.22390938909052,0,0,97.35225610808624
2023-01-15,DMA_138,83.22275103990223,0,0,98.54780517729417
2023-01-15,DMA_139,84.88399054002423,0,0,102.49046817502277
2023-01-15,DMA_140,84.35609488741181,0,0,100.56635148300516
2023-01-15,DMA_141,85.40727586349446,0,0,103.42031580096732
2023-01-15,DMA_142,69.94358642666684,0,0,98.70455224677178
2023-01-15,DMA_143,83.60457935534744,0,1,97.49326536821206
2023-01-15,DMA_144,81.03302638359729,0,1,98.09807111779244
2023-01-15,DMA_145,71.6844145972068,0,0,104.77387618922808
2023-01-15,DMA_146,75.63384416854812,0,0,102.79436039950703
2023-01-15,DMA_147,77.1237543789616,0,0,104.04507247989001
2023-01-15,DMA_148,73.95243294588812,0,0,101.34113465497717
2023-01-15,DMA_149,81.87579757771061,0,1,105.27009601922457
2023-01-15,DMA_150,65.87378165004564,0,0,100.56388864484431
2023-01-22,DMA_001,74.38984185753216,0,0,105.50455621803324
2023-01-22,DMA_002,78.59865245926531,0,1,103.5474267569007
2023-01-22,DMA_003,75.42073868270242,0,0,98.94386136299212
2023-01-22,DMA_004,65.50694150149643,0,0,100.48120209284367
2023-01-22,DMA_005,81.51195988492157,0,0,94.78899009529954
2023-01-22,DMA_006,82.42325070030503,0,0,103.50765632533664
2023-01-22,DMA_007,74.29983019536309,0,0,98.89188471967597
2023-01-22,DMA_008,80.73275648374945,0,0,102.16324820451956
2023-01-22,DMA_009,81.52623934678262,0,0,101.02791749821857
2023-01-22,DMA_010,75.65377582697893,0,0,96.8312159013434
2023-01-22,DMA_011,83.79668917872118,0,0,99.13475638032106
2023-01-22,DMA_012,69.94909391189003,0,0,99.93856465659509
2023-01-22,DMA_013,82.72548246897175,0,0,97.96397828696428
2023-01-22,DMA_014,71.74306365203773,0,1,101.7441256691411
2023-01-22,DMA_015,79.65373106513874,0,0,99.82393732065084
2023-01-22,DMA_016,69.62733811769762,0,1,99.59501729696028
2023-01-22,DMA_017,84.39967844790745,0,0,101.61620791590222
2023-01-22,DMA_018,69.65719760528378,0,0,104.52802482322703
2023-01-22,DMA_019,77.91692327542849,0,1,102.11030224037471
2023-01-22,DMA_020,86.13564315997174,0,0,100.36549999894987
2023-01-22,DMA_021,95.90967046009305,0,0,100.45932291718827
2023-01-22,DMA_022,71.51509420372183,0,0,99.24871823536397
2023-01-22,DMA_023,72.75758306605083,0,0,105.07244943995609
2023-01-22,DMA_024,77.78890724276584,0,0,103.45258607591121
2023-01-22,DMA_025,76.1080261302915,0,0,99.43866010292936
2023-01-22,DMA_026,89.94665250360931,0,0,102.4611532235326
2023-01-22,DMA_027,74.44464860635136,0,0,102.13901958457244
2023-01-22,DMA_028,67.95606540524658,0,0,105.19656309247155
2023-01-22,DMA_029,80.84127579226664,0,0,103.47716537666324
2023-01-22,DMA_030,73.5591403563588,0,0,101.63868443388564
2023-01-22,DMA_031,71.71161848025801,0,0,101.91660567715991
2023-01-22,DMA_032,76.56626590652577,0,0,99.4874523490901
2023-01-22,DMA_033,80.09851839757795,0,0,99.84395257707055
2023-01-22,DMA_034,74.0121745842076,0,1,103.39373816948547
2023-01-22,DMA_035,88.24392841668062,0,0,101.11565880079645
2023-01-22,DMA_036,78.8926254289258,0,0,97.72026069621684
2023-01-22,DMA_037,82.58194783620907,0,0,102.05999863328461
2023-01-22,DMA_038,75.62560094277875,0,0,102.56228942145191
2023-01-22,DMA_039,81.84976996472976,0,0,101.50406579322998
2023-01-22,DMA_040,80.9834102218692,0,1,102.6835222168817
2023-01-22,DMA_041,78.3217803366231,0,0,101.73570601478754
2023-01-22,DMA_042,78.20721981582244,0,0,101.4731840847441
2023-01-22,DMA_043,89.95636332361424,0,0,105.2057584185201
2023-01-22,DMA_044,86.54192478027878,0,0,101.7529632767552
2023-01-22,DMA_045,88.73258302913928,0,0,100.22262088898607
2023-01-22,DMA_046,76.49715037046428,0,0,105.08799530681705
2023-01-22,DMA_047,81.00540643340106,0,1,100.69986830809192
2023-01-22,DMA_048,80.85463894885991,0,0,101.39414761047992
2023-01-22,DMA_049,86.96399822632236,0,0,101.82720174600645
2023-01-22,DMA_050,72.4331812732116,0,0,101.67497464947562
2023-01-22,DMA_051,80.5255965134594,0,0,102.85694978326636
2023-01-22,DMA_052,67.02084241656875,0,0,102.48547721129323
2023-01-22,DMA_053,79.25625331780923,0,0,103.39655129879382
2023-01-22,DMA_054,85.68698473353527,0,0,100.69783208896988
2023-01-22,DMA_055,75.51265213530687,0,0,100.71582443896047
2023-01-22,DMA_056,70.83680714962209,0,0,101.4386423539149
2023-01-22,DMA_057,82.72362841098096,0,0,100.93747249339202
2023-01-22,DMA_058,69.14815461044917,0,0,102.96475808644088
2023-01-22,DMA_059,82.90789936756308,0,0,99.97011262096845
2023-01-22,DMA_060,75.31379072726624,0,0,104.50974691307914
2023-01-22,DMA_061,81.39990386343912,0,0,99.72117725756786
2023-01-22,DMA_062,84.1514210585426,0,0,105.32612200341542
2023-01-22,DMA_063,85.0832594794782,0,0,102.50203744383857
2023-01-22,DMA_064,89.69234500288258,0,1,104.40023439315928
2023-01-22,DMA_065,81.49526547426136,0,0,105.06026206356418
2023-01-22,DMA_066,86.04014746664639,0,0,100.5128291976875
2023-01-22,DMA_067,77.65696116442741,0,1,101.16718254327097
2023-01-22,DMA_068,86.82497714634792,0,0,99.94660439864565
2023-01-22,DMA_069,85.0461585340464,0,0,102.99842330890962
2023-01-22,DMA_070,75.704847494101,0,1,102.74781787131184
2023-01-22,DMA_071,81.40567100773454,0,0,101.419832012937
2023-01-22,DMA_072,78.69510682611912,0,0,103.30313461653029
2023-01-22,DMA_073,87.30764203930335,0,0,99.32471245057326
2023-01-22,DMA_074,87.8712903445782,0,1,101.76963531269864
2023-01-22,DMA_075,73.46221421061115,0,0,97.87361645006794
2023-01-22,DMA_076,86.85332155670768,0,0,105.07770422949714
2023-01-22,DMA_077,78.32615000458131,0,0,101.11600363061531
2023-01-22,DMA_078,83.92978405191556,0,0,99.55777754020959
2023-01-22,DMA_079,81.09565054458103,0,1,99.1187358239912
2023-01-22,DMA_080,72.54421097116963,0,0,104.75352635587849
2023-01-22,DMA_081,82.91732439874968,0,0,102.00169402245201
2023-01-22,DMA_082,70.17687216576786,0,1,101.85858068369926
2023-01-22,DMA_083,84.3379507212406,0,0,104.30319843321394
2023-01-22,DMA_084,76.61772962337524,0,1,101.4646448074351
2023-01-22,DMA_085,79.54250065917522,0,0,102.7974917400756
2023-01-22,DMA_086,67.70256032513709,0,0,101.38090840901309
2023-01-22,DMA_087,73.14283620627543,0,0,100.0356231400692
2023-01-22,DMA_088,81.6505999998801,0,0,100.51562914342634
2023-01-22,DMA_089,71.67307783141463,0,1,100.05337464409254
2023-01-22,DMA_090,88.21513532962557,0,0,102.14438515444316
2023-01-22,DMA_091,87.95711808277895,0,0,98.31614783421676
2023-01-22,DMA_092,75.78215067481163,0,1,102.4384164210754
2023-01-22,DMA_093,84.04436236096973,0,1,99.57104463528786
2023-01-22,DMA_094,70.42665867131433,0,0,104.69827409643518
2023-01-22,DMA_095,77.88204529918087,0,0,100.86375990709816
2023-01-22,DMA_096,72.89342475569917,0,0,103.95584057655365
2023-01-22,DMA_097,80.6824181449233,0,1,103.10369945953937
2023-01-22,DMA_098,86.34870876222578,0,1,104.79416131481345
2023-01-22,DMA_099,80.4942739269542,0,0,101.95659138009295
2023-01-22,DMA_100,82.31718208165462,0,0,101.69902645908374
2023-01-22,DMA_101,79.09456130616843,0,0,101.16604395546439
2023-01-22,DMA_102,76.14067039210546,0,0,104.05955199210406
2023-01-22,DMA_103,73.27325818878826,0,0,103.06422107712558
2023-01-22,DMA_104,82.71186931476034,0,0,104.85880319276767
2023-01-22,DMA_105,73.156115728492,0,0,104.28233091461625
2023-01-22,DMA_106,76.81161557615076,0,0,104.1408778354176
2023-01-22,DMA_107,82.1553743829345,0,0,104.00368190027588
2023-01-22,DMA_108,75.89631691226998,0,0,102.69220090529464
2023-01-22,DMA_109,86.6294402204111,0,0,101.0706561688263
2023-01-22,DMA_110,82.5418237636332,0,1,102.49412490939604
2023-01-22,DMA_111,72.76943427306536,0,0,105.7333670402651
2023-01-22,DMA_112,83.91224451906764,0,0,101.01362662025781
2023-01-22,DMA_113,75.34245931295244,0,0,99.45205564588592
2023-01-22,DMA_114,76.83358573886125,0,1,100.45920271978346
2023-01-22,DMA_115,72.00009343221467,0,0,102.00861648281166
2023-01-22,DMA_116,91.33249779772527,0,0,100.72941278594752
2023-01-22,DMA_117,72.87521213761747,0,0,104.53423405011765
2023-01-22,DMA_118,80.39916559340963,0,0,102.03967842801927
2023-01-22,DMA_119,76.5360361893161,0,1,103.94167060960456
2023-01-22,DMA_120,85.53595942265152,0,1,101.28911602204856
2023-01-22,DMA_121,96.65641954308377,0,0,100.81565887874184
2023-01-22,DMA_122,80.7938135501439,0,0,102.71485261576522
2023-01-22,DMA_123,72.69476867667987,0,1,100.90292655054125
2023-01-22,DMA_124,87.36849089756177,0,0,102.17356710633231
2023-01-22,DMA_125,79.00955860976656,0,0,100.58557334857993
2023-01-22,DMA_126,81.11016797701227,0,0,101.81929505456324
2023-01-22,DMA_127,83.68805375093936,0,0,104.3959613075365
2023-01-22,DMA_128,77.5645819686684,0,0,103.12728834974588
2023-01-22,DMA_129,80.91436241205292,0,0,102.95079979858366
2023-01-22,DMA_130,71.29575686940592,0,0,101.09353746153278
2023-01-22,DMA_131,79.52426796780551,0,0,100.54353169794103
2023-01-22,DMA_132,89.05389412571827,0,0,101.6745130353426
2023-01-22,DMA_133,78.89483481855392,0,0,100.73155714575994
2023-01-22,DMA_134,80.34742987210934,0,0,100.23487074604834
2023-01-22,DMA_135,95.97265501164554,0,0,101.71486359337192
2023-01-22,DMA_136,89.81506935013705,0,0,99.1417040645797
2023-01-22,DMA_137,66.95827032710591,0,1,102.72915611540579
2023-01-22,DMA_138,76.27638419085972,0,0,99.48616639856465
2023-01-22,DMA_139,65.54810049366552,0,0,100.54511689136247
2023-01-22,DMA_140,81.45754541210668,0,0,101.5957531896802
2023-01-22,DMA_141,77.69412703850564,0,0,100.64846779892186
2023-01-22,DMA_142,83.2273215818731,0,0,103.67420878212126
2023-01-22,DMA_143,73.90241359825195,0,0,101.25982425275194
2023-01-22,DMA_144,86.89673302677772,0,0,95.70255881930917
2023-01-22,DMA_145,81.54979406782138,0,0,104.70170020987527
2023-01-22,DMA_146,83.33638992167818,0,0,103.13771321288397
2023-01-22,DMA_147,81.25454977202686,0,0,99.26020861131535
2023-01-22,DMA_148,82.38125379843531,0,0,101.76317462672844
2023-01-22,DMA_149,77.25493189428111,0,0,102.53834661383098
2023-01-22,DMA_150,72.59714839831,0,0,102.63633601950029
2023-01-29,DMA_001,85.36121236589474,0,0,103.21432711898944
2023-01-29,DMA_002,81.23781663268709,0,1,98.85968155497983
2023-01-29,DMA_003,75.64330339657593,0,0,103.2876805921559
2023-01-29,DMA_004,76.21794835072282,0,0,102.47204585990941
2023-01-29,DMA_005,85.55988799790956,0,0,104.1370922415564
2023-01-29,DMA_006,68.08063895922973,0,0,104.99201679288473
2023-01-29,DMA_007,82.19427359633866,0,1,106.52281496717391
2023-01-29,DMA_008,76.17295174258632,0,0,103.55764108680464
2023-01-29,DMA_009,73.9308656203723,0,0,101.99838185107386
2023-01-29,DMA_010,76.99912825318127,0,0,101.3018337194628
2023-01-29,DMA_011,80.41414194207736,0,1,102.69891770714196
2023-01-29,DMA_012,93.29157351486019,0,0,104.29487159995901
2023-01-29,DMA_013,75.26011821513454,0,1,101.77838019044172
2023-01-29,DMA_014,76.92563411879117,0,0,104.59216518489148
2023-01-29,DMA_015,81.23503909846191,0,0,103.78064941066269
2023-01-29,DMA_016,79.98064441023283,0,0,100.97179327192386
2023-01-29,DMA_017,72.52221338631375,0,0,105.56055632066281
2023-01-29,DMA_018,80.26709755568064,0,0,102.68705747867266
2023-01-29,DMA_019,81.76592379442621,0,0,102.6333786919665
2023-01-29,DMA_020,69.92619854767419,0,0,101.95963555129379
2023-01-29,DMA_021,73.66789455998804,0,1,103.94307924285314
2023-01-29,DMA_022,63.43520747406048,0,1,102.0004348639005
2023-01-29,DMA_023,77.0992241032971,0,0,102.15316957887384
2023-01-29,DMA_024,82.70708534101186,0,0,100.91062998869285
2023-01-29,DMA_025,81.31330287725184,0,0,100.4132299526427
2023-01-29,DMA_026,75.02498988798574,0,0,104.43224993262129
2023-01-29,DMA_027,73.7023292541037,0,0,101.17839947449436
2023-01-29,DMA_028,74.6279022241956,0,0,100.51072052836966
2023-01-29,DMA_029,76.33407347910773,0,0,103.1335074499422
2023-01-29,DMA_030,66.60286866947867,0,0,101.79252676333292
2023-01-29,DMA_031,72.53514928877533,0,0,103.47183823950715
2023-01-29,DMA_032,77.45233243560652,0,0,100.1440626943959
2023-01-29,DMA_033,82.08288051650786,0,0,100.72312079821701
2023-01-29,DMA_034,82.72671697088003,0,0,102.1327263614302
2023-01-29,DMA_035,79.14707797673564,0,0,101.9044300293747
2023-01-29,DMA_036,78.0745617407093,0,0,101.4703241192411
2023-01-29,DMA_037,78.2822082688779,0,0,103.58004978194744
2023-01-29,DMA_038,84.69220498862134,0,0,100.65809403560715
2023-01-29,DMA_039,75.5527405828813,0,0,98.08468943206243
2023-01-29,DMA_040,66.25733269271313,0,0,100.68615116651769
2023-01-29,DMA_041,82.69956668053663,0,0,106.57017873479288
2023-01-29,DMA_042,76.21811272881224,0,1,103.6220193127983
2023-01-29,DMA_043,68.37330052400253,0,1,103.38894269010913
2023-01-29,DMA_044,79.32508308310305,0,0,105.22630537096063
2023-01-29,DMA_045,77.29788179889965,0,0,102.91225797774975
2023-01-29,DMA_046,84.53182061601551,0,0,103.10019773390448
2023-01-29,DMA_047,88.64794261169482,0,0,105.27288893941183
2023-01-29,DMA_048,65.50224205386185,0,0,99.93979944963675
2023-01-29,DMA_049,85.55914695262732,0,0,100.36359760226709
2023-01-29,DMA_050,73.2682257522414,0,1,102.78956657692292
2023-01-29,DMA_051,71.18820082287098,0,0,104.11568568155974
2023-01-29,DMA_052,71.95197156345434,0,0,102.16824779605294
2023-01-29,DMA_053,76.06700574013438,0,1,102.57769955344182
2023-01-29,DMA_054,78.2188520676814,0,0,103.48307069733141
2023-01-29,DMA_055,78.02903865216008,0,0,101.80381604216105
2023-01-29,DMA_056,76.99766950700987,0,0,102.61262019793155
2023-01-29,DMA_057,93.97121509120481,0,1,104.38322227343872
2023-01-29,DMA_058,61.33247514267636,0,0,103.1373603599887
2023-01-29,DMA_059,78.32835370634147,0,0,103.47492570020526
2023-01-29,DMA_060,70.69610709931455,0,0,102.78349214298453
2023-01-29,DMA_061,75.94803606488988,0,0,103.11041827791753
2023-01-29,DMA_062,66.2398571017396,0,0,105.63469393728707
2023-01-29,DMA_063,83.17886005385454,0,0,104.56403276250659
2023-01-29,DMA_064,75.75842604958862,0,0,102.79216842374598
2023-01-29,DMA_065,86.07817970789239,0,0,104.52952244791894
2023-01-29,DMA_066,93.21143921743857,0,0,102.91645159637132
2023-01-29,DMA_067,79.98523563421077,0,1,103.80178379518227
2023-01-29,DMA_068,85.14468532150485,0,0,104.94339217805117
2023-01-29,DMA_069,85.60775006526464,0,0,97.84613529379382
2023-01-29,DMA_070,71.50250748681626,0,0,102.64228218604269
2023-01-29,DMA_071,83.50330727353186,0,0,104.29230079129654
2023-01-29,DMA_072,86.76650463507107,0,0,104.99182183462976
2023-01-29,DMA_073,71.5459151069834,0,1,104.58076811569437
2023-01-29,DMA_074,81.28477587572738,0,0,103.87816920225302
2023-01-29,DMA_075,74.46523761495831,0,0,103.36997123074728
2023-01-29,DMA_076,78.1111318966852,0,0,103.42953275429166
2023-01-29,DMA_077,72.45891305944018,0,0,102.4908625113674
2023-01-29,DMA_078,75.35332226351679,0,0,102.1958395536044
2023-01-29,DMA_079,75.35608760865377,0,0,106.9510125087817
2023-01-29,DMA_080,72.81177101492092,0,0,105.10048339086644
2023-01-29,DMA_081,76.31340513658608,0,0,103.23680359980668
2023-01-29,DMA_082,74.65970071013999,0,0,103.73238468714968
2023-01-29,DMA_083,95.0216525673739,0,0,104.50988063993292
2023-01-29,DMA_084,82.52810021733768,0,0,103.97101891156906
2023-01-29,DMA_085,81.90289860799069,0,0,103.3068262338835
2023-01-29,DMA_086,87.94402190517488,0,1,101.49498966463919
2023-01-29,DMA_087,74.54028837608423,0,1,100.48445323976158
2023-01-29,DMA_088,79.62190824624663,0,0,101.13563521411014
2023-01-29,DMA_089,74.39108100917132,0,0,102.70181383081652
2023-01-29,DMA_090,93.54480578303757,0,0,104.11940298406279
2023-01-29,DMA_091,82.89725323270746,0,0,102.20230086455484
2023-01-29,DMA_092,73.7267434421517,0,0,101.2163829462655
2023-01-29,DMA_093,72.67878320686428,0,1,98.94485620315685
2023-01-29,DMA_094,79.04868860002713,0,0,103.82560742913829
2023-01-29,DMA_095,85.2319086330867,0,0,101.15563396741553
2023-01-29,DMA_096,82.58418202265159,0,1,98.88882902265416
2023-01-29,DMA_097,79.6587609144832,0,0,103.03178343557461
2023-01-29,DMA_098,85.30797646847566,0,0,102.55852270525965
2023-01-29,DMA_099,72.31257834099394,0,0,101.89596931831439
2023-01-29,DMA_100,71.5758539651425,0,0,103.22603350837224
2023-01-29,DMA_101,77.97621650763797,0,0,101.77190754808184
2023-01-29,DMA_102,77.12177539257685,0,0,102.20945253138726
2023-01-29,DMA_103,71.65517201767341,0,1,103.46793931322883
2023-01-29,DMA_104,83.24794469993881,0,0,102.54123553051541
2023-01-29,DMA_105,88.40129365571266,0,1,106.54621350512342
2023-01-29,DMA_106,83.98771797186228,0,0,105.91237440661325
2023-01-29,DMA_107,74.50874961274506,0,0,102.33503875232404
2023-01-29,DMA_108,74.02050992455554,0,0,101.21866228919197
2023-01-29,DMA_109,75.398617928011,0,0,102.2297615236803
2023-01-29,DMA_110,83.17191848798025,0,0,100.37527293439814
2023-01-29,DMA_111,81.7272441033995,0,0,101.33293869484379
2023-01-29,DMA_112,85.48965259419113,0,0,101.20374426482844
2023-01-29,DMA_113,76.16807922283544,0,0,104.2874029931064
2023-01-29,DMA_114,81.83227714417114,0,0,102.60126561008816
2023-01-29,DMA_115,80.48007950278048,0,0,101.99148028928563
2023-01-29,DMA_116,80.56833442343049,0,0,100.69503364537948
2023-01-29,DMA_117,85.0650803634519,0,0,100.68531449177375
2023-01-29,DMA_118,69.5540739632484,0,1,98.09779965996644
2023-01-29,DMA_119,85.00279184202599,0,0,101.69459104314443
2023-01-29,DMA_120,82.39052932596985,0,0,102.57549400493504
2023-01-29,DMA_121,72.11897551885883,0,0,106.07549269956093
2023-01-29,DMA_122,79.32171676341208,0,0,103.10811969244904
2023-01-29,DMA_123,68.3759030455448,0,0,102.7267914656534
2023-01-29,DMA_124,73.00974765311533,0,0,105.07825348462579
2023-01-29,DMA_125,84.89811882661614,0,0,101.96632842944027
2023-01-29,DMA_126,68.30575192777756,0,0,102.11046037816824
2023-01-29,DMA_127,84.18358596530263,0,0,101.58757854152833
2023-01-29,DMA_128,76.28297968393149,0,1,104.03398444106352
2023-01-29,DMA_129,69.5328205498094,0,0,104.81699140786692
2023-01-29,DMA_130,68.52524537674604,0,0,101.8724008354167
2023-01-29,DMA_131,80.69499287998715,0,0,105.33476604172031
2023-01-29,DMA_132,82.61103332164363,0,0,103.2368928602531
2023-01-29,DMA_133,69.81806310362731,0,0,102.11021244693765
2023-01-29,DMA_134,81.81251314359878,0,0,101.03868578257172
2023-01-29,DMA_135,75.01808764385669,0,0,101.60180435624011
2023-01-29,DMA_136,81.00104789959559,0,0,100.33830013000292
2023-01-29,DMA_137,68.86926367962701,0,0,100.77088310769994
2023-01-29,DMA_138,82.35792870329036,0,0,102.27557599086985
2023-01-29,DMA_139,71.34071543279435,0,1,102.62207217016763
2023-01-29,DMA_140,66.52042757823698,0,0,102.64250016891395
2023-01-29,DMA_141,81.72173716273086,0,0,101.99807742033146
2023-01-29,DMA_142,83.97382805135355,0,0,101.17231707539678
2023-01-29,DMA_143,80.24587665875165,0,0,101.59801875377168
2023-01-29,DMA_144,66.16793619187659,0,1,104.93361914212377
2023-01-29,DMA_145,77.05896798188873,0,0,102.83038225849967
2023-01-29,DMA_146,78.05907240614941,0,0,102.72752697575308
2023-01-29,DMA_147,74.38753583360025,0,0,101.7862004060222
2023-01-29,DMA_148,88.94648879907099,0,0,100.7888803281999
2023-01-29,DMA_149,75.6165545381344,0,0,102.86584088588886
2023-01-29,DMA_150,88.29654532933108,0,0,101.08379103433073
2023-02-05,DMA_001,83.82697222455697,0,0,103.43269865063337
2023-02-05,DMA_002,80.9194062342356,0,0,105.25466567830868
2023-02-05,DMA_003,86.13881134815415,0,0,99.24981304925649
2023-02-05,DMA_004,74.66675558292518,0,0,101.65141886379138
2023-02-05,DMA_005,75.21071612565056,0,0,104.72030021586461
2023-02-05,DMA_006,75.40839768017226,0,1,101.08099737090058
2023-02-05,DMA_007,76.74693776085934,0,0,106.42241925291742
2023-02-05,DMA_008,77.19737766783332,0,0,105.17602312319764
2023-02-05,DMA_009,78.711951823929,0,0,101.80312225759414
2023-02-05,DMA_010,75.5512860367434,0,1,99.30811092468444
2023-02-05,DMA_011,68.57298221059922,0,0,102.56313678169629
2023-02-05,DMA_012,67.69794955697557,0,1,99.92104067602266
2023-02-05,DMA_013,77.84953298954387,0,0,101.42178708429272
2023-02-05,DMA_014,72.7893219868619,0,1,104.566064928104
2023-02-05,DMA_015,70.28883176931343,0,0,101.26243457349612
2023-02-05,DMA_016,75.06448965176403,0,1,101.43102204904257
2023-02-05,DMA_017,81.12119937068104,0,1,103.21299250975049
2023-02-05,DMA_018,75.07000531486547,0,1,103.45689496474213
2023-02-05,DMA_019,76.80639475215116,0,0,103.49851968373996
2023-02-05,DMA_020,70.97652199206338,0,0,102.68449466906905
2023-02-05,DMA_021,78.1012012276459,0,1,103.0133903510577
2023-02-05,DMA_022,78.3007841272013,0,0,105.39527732816121
2023-02-05,DMA_023,65.96774602305737,0,0,102.84097751015982
2023-02-05,DMA_024,66.20309149410339,0,0,103.09743963897284
2023-02-05,DMA_025,82.20838343176946,0,0,102.52144606509465
2023-02-05,DMA_026,80.6376073067555,0,0,99.22581690263962
2023-02-05,DMA_027,87.27988134679187,0,0,106.55686987997237
2023-02-05,DMA_028,75.63407106148706,0,0,103.43207175267139
2023-02-05,DMA_029,92.82216747036486,0,1,106.40879319305463
2023-02-05,DMA_030,76.96733478843774,0,1,100.4820884513199
2023-02-05,DMA_031,84.01909839145091,0,0,102.54402868461845
2023-02-05,DMA_032,69.69819114732778,0,0,104.86862103656567
2023-02-05,DMA_033,72.77748192537538,0,1,102.66541434327975
2023-02-05,DMA_034,70.97642893182388,0,0,100.43094288317516
2023-02-05,DMA_035,81.4983606647533,0,0,104.27742218483759
2023-02-05,DMA_036,78.67898400242419,0,0,104.96787864784316
2023-02-05,DMA_037,73.92452776153047,0,0,100.05801902581169
2023-02-05,DMA_038,73.51605129882272,0,0,102.9191950627464
2023-02-05,DMA_039,80.34490252100477,0,0,104.70960246327382
2023-02-05,DMA_040,74.06461795606725,0,0,101.42248873360023
2023-02-05,DMA_041,76.44560539913644,0,0,100.82977742728906
2023-02-05,DMA_042,79.37435554725658,0,0,102.73857481042465
2023-02-05,DMA_043,84.8952403752437,0,0,102.88051305061788
2023-02-05,DMA_044,75.24069045655605,0,0,99.93615754946703
2023-02-05,DMA_045,70.72019162964443,0,0,99.5557907693434
2023-02-05,DMA_046,72.93255540657813,0,0,102.50234972555177
2023-02-05,DMA_047,81.07156512024788,0,0,103.76698827054756
2023-02-05,DMA_048,80.07385056388367,0,1,100.52494873521646
2023-02-05,DMA_049,80.57904399227718,0,0,101.57579257275503
2023-02-05,DMA_050,80.91167124964336,0,0,101.28543570192292
2023-02-05,DMA_051,74.90944824524732,0,0,101.33206960392125
2023-02-05,DMA_052,77.64144165487374,0,0,100.60924445651048
2023-02-05,DMA_053,86.04255431357416,0,0,104.82336816693125
2023-02-05,DMA_054,83.24157346518294,0,0,105.20500823809235
2023-02-05,DMA_055,80.09300086845845,0,1,100.74626115225591
2023-02-05,DMA_056,77.7759633690359,0,0,100.05462183529386
2023-02-05,DMA_057,75.44436703742775,0,0,104.16444229633464
2023-02-05,DMA_058,81.00342074306437,0,0,102.57445163698019
2023-02-05,DMA_059,79.36971279097322,0,0,101.18237858848273
2023-02-05,DMA_060,76.49329222665281,0,0,104.54920683081308
2023-02-05,DMA_061,68.06540338652151,0,0,101.83783810074254
2023-02-05,DMA_062,75.5856554461269,0,0,103.38952734164546
2023-02-05,DMA_063,73.50211379085604,0,0,105.09031044454238
2023-02-05,DMA_064,70.88299064727654,0,0,105.14737379215924
2023-02-05,DMA_065,68.342414099953,0,0,103.1230723304388
2023-02-05,DMA_066,74.3192196361379,0,0,105.84513241605643
2023-02-05,DMA_067,74.48321519258762,0,0,105.38926874209682
2023-02-05,DMA_068,88.62989504150927,0,0,103.55590726731477
2023-02-05,DMA_069,77.51181899486203,0,1,100.8660773774313
2023-02-05,DMA_070,70.43501205604186,0,0,100.73607082112689
2023-02-05,DMA_071,74.70900947022638,0,1,104.889718214613
2023-02-05,DMA_072,79.74025120030622,0,0,100.93064931697165
2023-02-05,DMA_073,66.9856298522249,0,0,102.25280839759452
2023-02-05,DMA_074,78.67548732033879,0,0,101.46307338922105
2023-02-05,DMA_075,71.94082681242946,0,0,104.79907355187866
2023-02-05,DMA_076,78.14018690905901,0,0,102.38899670268262
2023-02-05,DMA_077,66.84567108749718,0,0,102.19886911831543
2023-02-05,DMA_078,77.78901634052481,0,0,103.19763269311893
2023-02-05,DMA_079,83.39161697255595,0,0,97.20541434003786
2023-02-05,DMA_080,73.77206590826036,0,0,103.49763323937336
2023-02-05,DMA_081,84.5319698744356,0,0,100.40892779020521
2023-02-05,DMA_082,83.05798538117008,0,0,101.03890611260395
2023-02-05,DMA_083,82.39429335956581,0,0,104.44250121389676
2023-02-05,DMA_084,65.66477791525944,0,0,103.97465816887087
2023-02-05,DMA_085,69.05612445046818,0,0,104.96777773777022
2023-02-05,DMA_086,76.9249687407767,0,0,104.21058908321183
2023-02-05,DMA_087,69.3788029650649,0,0,105.70995039334392
2023-02-05,DMA_088,72.02405202313425,0,0,99.81894874068887
2023-02-05,DMA_089,74.9927496289778,0,0,101.41679778517522
2023-02-05,DMA_090,93.75512825681083,0,0,102.32856480038649
2023-02-05,DMA_091,77.80224119716127,0,0,103.10475119893181
2023-02-05,DMA_092,75.43118379763014,0,0,101.57879676522727
2023-02-05,DMA_093,82.47760849448582,0,0,103.54535971398204
2023-02-05,DMA_094,83.82960857195131,0,0,104.32658887550947
2023-02-05,DMA_095,68.00536533709095,0,0,103.9504921038733
2023-02-05,DMA_096,76.84296782813624,0,0,102.96237112625526
2023-02-05,DMA_097,80.60422090433123,0,0,100.92169982435631
2023-02-05,DMA_098,74.89597613215511,0,0,104.9288499169686
2023-02-05,DMA_099,80.05547830829946,0,0,105.79900428286699
2023-02-05,DMA_100,71.9725032113759,0,0,105.38557706241527
2023-02-05,DMA_101,71.16075621900688,0,0,103.76206958791917
2023-02-05,DMA_102,71.96353973894827,0,0,105.14720854573427
2023-02-05,DMA_103,76.0859366098552,0,0,99.26555839835501
2023-02-05,DMA_104,72.52136649886714,0,0,106.02970107626949
2023-02-05,DMA_105,82.2128464397232,0,0,103.40789995893687
2023-02-05,DMA_106,74.45971016894563,0,0,102.68625248253186
2023-02-05,DMA_107,80.39974533012027,0,0,102.25071474339093
2023-02-05,DMA_108,81.36444663684726,0,1,103.63561349416088
2023-02-05,DMA_109,70.01466254994261,0,1,100.91088220252351
2023-02-05,DMA_110,80.01535217210365,0,0,101.80295257404303
2023-02-05,DMA_111,64.1039837001013,0,0,104.76842176726474
2023-02-05,DMA_112,78.07057289409481,0,0,97.1970297288872
2023-02-05,DMA_113,67.71928462170123,0,0,102.09360582837665
2023-02-05,DMA_114,71.58804904653186,0,0,104.99145912333746
2023-02-05,DMA_115,72.8752964394197,0,0,104.03778535730709
2023-02-05,DMA_116,68.74746643279101,0,0,104.62097331444905
2023-02-05,DMA_117,70.86939425824661,0,0,104.20454644195367
2023-02-05,DMA_118,75.70992088623447,0,0,104.0436140360568
2023-02-05,DMA_119,73.02492433384195,0,0,103.4672733656047
2023-02-05,DMA_120,86.53892197873452,0,0,102.86987573060112
2023-02-05,DMA_121,77.80837127884371,0,0,102.7340659616999
2023-02-05,DMA_122,72.17323465115201,0,0,102.14244810758701
2023-02-05,DMA_123,85.78961257076003,0,0,104.14356128384438
2023-02-05,DMA_124,73.80881442528171,0,0,104.16499895196841
2023-02-05,DMA_125,80.17703420782765,0,0,104.28703100075073
2023-02-05,DMA_126,84.67208291024541,0,0,101.00971030340229
2023-02-05,DMA_127,77.71817441855153,0,0,102.06231367676197
2023-02-05,DMA_128,71.83515804297916,0,0,102.40710490759868
2023-02-05,DMA_129,83.8410414545386,0,0,102.12564659553307
2023-02-05,DMA_130,80.70482660654257,0,0,104.31059647999119
2023-02-05,DMA_131,79.4708144846006,0,0,100.68801837982836
2023-02-05,DMA_132,70.23955835663507,0,0,105.12703786997153
2023-02-05,DMA_133,72.31470869166134,0,0,103.02220396737275
2023-02-05,DMA_134,75.65842982520272,0,0,102.93036480811716
2023-02-05,DMA_135,73.95272439471518,0,0,101.44428064814205
2023-02-05,DMA_136,81.86970492403505,0,0,101.98053366258553
2023-02-05,DMA_137,63.512011782184274,0,0,102.882740351725
2023-02-05,DMA_138,78.72053859152615,0,1,103.28049590270189
2023-02-05,DMA_139,85.70511316098384,0,0,103.57256910740425
2023-02-05,DMA_140,84.47537061449634,0,0,101.92325013367385
2023-02-05,DMA_141,70.55719548190316,0,0,101.23911305216653
2023-02-05,DMA_142,77.02937063308302,0,0,103.59100337214618
2023-02-05,DMA_143,79.84079271851121,0,0,107.20940476040103
2023-02-05,DMA_144,76.88199296751311,0,0,101.16603764540048
2023-02-05,DMA_145,75.24612940709807,0,0,102.68801928063085
2023-02-05,DMA_146,69.94303415079261,0,1,103.03105803817903
2023-02-05,DMA_147,71.93434434244925,0,1,103.58530250768581
2023-02-05,DMA_148,85.1222346218349,0,0,100.94714543668279
2023-02-05,DMA_149,65.49791407180804,0,0,104.84584768121259
2023-02-05,DMA_150,69.26914380601022,0,0,108.30586188628958
2023-02-12,DMA_001,81.05576507526675,0,0,103.02083535079086
2023-02-12,DMA_002,72.38968740241249,0,0,103.43173596469418
2023-02-12,DMA_003,80.35322059971283,0,0,100.54719260475727
2023-02-12,DMA_004,70.33813729297839,0,1,104.5670477204399
2023-02-12,DMA_005,77.90407029001899,0,0,103.69145269414378
2023-02-12,DMA_006,79.89798403922681,0,0,98.124011989848
2023-02-12,DMA_007,72.76637626885919,0,0,102.69300530922904
2023-02-12,DMA_008,71.60012049994396,0,1,105.93915777447988
2023-02-12,DMA_009,80.73307534176779,0,0,107.33185585799706
2023-02-12,DMA_010,79.22782602764936,0,0,103.32375787519479
2023-02-12,DMA_011,78.50790752268323,0,0,106.37220152195394
2023-02-12,DMA_012,63.92315070430603,0,0,104.58572924424435
2023-02-12,DMA_013,63.01334758377567,0,0,103.26851060710742
2023-02-12,DMA_014,82.06290503974635,0,0,105.57354372733155
2023-02-12,DMA_015,74.03492451870471,0,0,103.60053113722499
2023-02-12,DMA_016,80.19456325980715,0,0,101.57814185601346
2023-02-12,DMA_017,70.39392415789331,0,0,105.64246159225915
2023-02-12,DMA_018,80.23533554742251,0,0,103.15924836189626
2023-02-12,DMA_019,74.81971844820454,0,0,103.08743014662434
2023-02-12,DMA_020,69.07987686905692,0,0,102.1557554327422
2023-02-12,DMA_021,69.46649771879369,0,0,106.25544706173827
2023-02-12,DMA_022,72.53665755869912,0,1,101.64438581466082
2023-02-12,DMA_023,73.52811674696615,0,0,102.86824953769698
2023-02-12,DMA_024,70.62717784832925,0,0,100.64269052712406
2023-02-12,DMA_025,84.60188068006606,0,0,99.31866259234754
2023-02-12,DMA_026,74.2248978414641,0,0,100.51445516398374
2023-02-12,DMA_027,76.25953183933754,0,0,104.86449194907887
2023-02-12,DMA_028,61.760961229427906,0,0,106.40019714944654
2023-02-12,DMA_029,74.79248890334442,0,0,103.26968478296938
2023-02-12,DMA_030,72.14648729683142,0,0,106.87466090270154
2023-02-12,DMA_031,83.48226136214724,0,0,102.10085383680737
2023-02-12,DMA_032,78.5511621310787,0,0,104.10700125516793
2023-02-12,DMA_033,72.45773521994862,0,1,104.33449009526848
2023-02-12,DMA_034,77.8899114287023,0,1,107.24990680338252
2023-02-12,DMA_035,75.54780566145013,0,0,104.36290218652087
2023-02-12,DMA_036,77.96839489070103,0,0,106.56815751534496
2023-02-12,DMA_037,73.14000820480622,0,1,105.00479880824172
2023-02-12,DMA_038,72.87612243876477,0,0,104.46100291398726
2023-02-12,DMA_039,77.3201331206049,0,0,105.09569320038882
2023-02-12,DMA_040,77.12660883482326,0,0,103.35327837061688
2023-02-12,DMA_041,78.78665312025548,0,0,104.83972078721182
2023-02-12,DMA_042,80.54679039370876,0,0,101.89752882369116
2023-02-12,DMA_043,65.48040901178301,0,0,106.08677092281972
2023-02-12,DMA_044,75.8187461963332,0,0,105.06143023307867
2023-02-12,DMA_045,77.46679332103578,0,0,107.41090284340287
2023-02-12,DMA_046,77.7130136021022,0,1,101.9613506831096
2023-02-12,DMA_047,75.12581497882582,0,0,105.42944531502151
2023-02-12,DMA_048,78.94332319320083,0,1,105.46463805216565
2023-02-12,DMA_049,65.41929864417416,0,0,102.1914798543889
2023-02-12,DMA_050,72.85402823509254,0,0,104.50928841982422
2023-02-12,DMA_051,75.98013214487813,0,1,107.94317331460316
2023-02-12,DMA_052,70.87565826598212,0,1,100.8797044003243
2023-02-12,DMA_053,78.68755911411556,0,0,103.92798423699332
2023-02-12,DMA_054,68.211605316897,0,0,99.17698838353759
2023-02-12,DMA_055,83.52333356810877,0,0,102.82313428108097
2023-02-12,DMA_056,82.48903273501077,0,0,103.1390386161773
2023-02-12,DMA_057,69.61910689252639,0,0,105.24334470236258
2023-02-12,DMA_058,84.96113235396723,0,0,104.03870275664373
2023-02-12,DMA_059,78.01012495467755,0,0,100.4880417030011
2023-02-12,DMA_060,77.74564714906602,0,1,108.50546708229854
2023-02-12,DMA_061,72.21207594819903,0,0,101.30628297637806
2023-02-12,DMA_062,73.80766844768904,0,0,103.63246858511685
2023-02-12,DMA_063,83.65916846374529,0,0,100.94807638892549
2023-02-12,DMA_064,78.27403341357832,0,0,104.0340244718975
2023-02-12,DMA_065,74.22426368922791,0,1,102.17362623826446
2023-02-12,DMA_066,74.9797466505938,0,0,102.25528792233173
2023-02-12,DMA_067,76.88262282071206,0,0,103.94012197509436
2023-02-12,DMA_068,82.46903384936692,0,0,104.24124092582593
2023-02-12,DMA_069,76.63136378356823,0,1,106.22798589730414
2023-02-12,DMA_070,62.745678513276744,0,0,102.45916562400004
2023-02-12,DMA_071,92.43974868281552,0,0,107.1951475905278
2023-02-12,DMA_072,71.43316829880078,0,1,100.7876634486176
2023-02-12,DMA_073,77.42354392081289,0,0,102.917367635956
2023-02-12,DMA_074,82.45934892847896,0,0,103.05425076930167
2023-02-12,DMA_075,73.35697849241728,0,0,104.06953146857748
2023-02-12,DMA_076,69.09051826030056,0,0,103.61220955261408
2023-02-12,DMA_077,73.72703881046158,0,0,103.65532227686644
2023-02-12,DMA_078,75.37482942208455,0,0,103.57514700402854
2023-02-12,DMA_079,76.78569741253798,0,0,101.30890778347758
2023-02-12,DMA_080,79.41827584462797,0,0,102.1280147386377
2023-02-12,DMA_081,79.56937438694915,0,0,98.91922721567126
2023-02-12,DMA_082,83.70188300857683,0,0,100.68482543949409
2023-02-12,DMA_083,71.60804835859845,0,1,101.36472784552622
2023-02-12,DMA_084,79.12254580958466,0,0,103.00692630433103
2023-02-12,DMA_085,74.77262479405458,0,0,101.3386754999031
2023-02-12,DMA_086,70.15023252933912,0,0,102.29447494088387
2023-02-12,DMA_087,63.32486591585156,0,0,102.53455642364774
2023-02-12,DMA_088,78.894242897107,0,0,104.43395272432251
2023-02-12,DMA_089,70.2195044067412,0,0,104.97963576647938
2023-02-12,DMA_090,74.80101251128067,0,0,106.05678858330859
2023-02-12,DMA_091,81.69806955036951,0,0,99.69277540545434
2023-02-12,DMA_092,86.77253740430749,0,0,103.20685294247369
2023-02-12,DMA_093,78.37391058556626,0,0,102.77343976178805
2023-02-12,DMA_094,67.41365983325747,0,0,105.84817344036215
2023-02-12,DMA_095,72.37754997509414,0,0,104.09352367907154
2023-02-12,DMA_096,77.85532875002238,0,0,104.61716140678224
2023-02-12,DMA_097,82.00701620482029,0,1,105.68342403803533
2023-02-12,DMA_098,71.55090863049729,0,0,102.69711117047795
2023-02-12,DMA_099,75.6655257961828,0,0,103.6089710310087
2023-02-12,DMA_100,79.41433040761922,0,0,105.83567365877545
2023-02-12,DMA_101,76.8289866353491,0,0,101.55507503243648
2023-02-12,DMA_102,93.05283347937007,0,1,106.11046139618554
2023-02-12,DMA_103,75.57819053229332,0,0,103.50527110791809
2023-02-12,DMA_104,68.71975778019434,0,0,96.84142214716904
2023-02-12,DMA_105,74.53324999649298,0,0,105.14466886265433
2023-02-12,DMA_106,73.47722418666041,0,0,102.46080011814043
2023-02-12,DMA_107,72.36303506894376,0,0,101.54783337726589
2023-02-12,DMA_108,82.67112072430993,0,0,103.94569592320164
2023-02-12,DMA_109,69.66458276070044,0,0,102.71266245493638
2023-02-12,DMA_110,73.38097051539131,0,0,103.78261571754317
2023-02-12,DMA_111,83.39367371539797,0,0,101.28782588369486
2023-02-12,DMA_112,83.41044363732105,0,0,106.19589141649976
2023-02-12,DMA_113,73.77554390125474,0,0,102.04263136585836
2023-02-12,DMA_114,73.20329592523683,0,0,104.96745784408634
2023-02-12,DMA_115,88.68183489347759,0,0,105.52080727243597
2023-02-12,DMA_116,76.68514657304935,0,1,104.42283329199684
2023-02-12,DMA_117,75.98074794917574,0,0,101.94371003434797
2023-02-12,DMA_118,78.52730345927353,0,0,101.01256134391969
2023-02-12,DMA_119,72.13827739207134,0,0,102.48092349616901
2023-02-12,DMA_120,76.06242930484926,0,0,103.10888998590968
2023-02-12,DMA_121,80.4415898491212,0,0,102.62076165573657
2023-02-12,DMA_122,76.14961527370225,0,1,103.98933016773043
2023-02-12,DMA_123,66.80895952514466,0,0,100.4209926338893
2023-02-12,DMA_124,73.24799473833005,0,0,102.60993229962318
2023-02-12,DMA_125,85.37411135113972,0,0,105.06275931162774
2023-02-12,DMA_126,78.99063807373524,0,0,102.80825150068931
2023-02-12,DMA_127,74.15102648827576,0,0,105.79096997289571
2023-02-12,DMA_128,71.42034016983332,0,0,100.3730699682201
2023-02-12,DMA_129,72.72091823735799,0,0,104.27890845531134
2023-02-12,DMA_130,77.39607323612431,0,0,104.4236158292672
2023-02-12,DMA_131,71.60847684728546,0,0,105.02037604083866
2023-02-12,DMA_132,78.86796163028222,0,0,105.6743191263104
2023-02-12,DMA_133,77.76237090236314,0,0,104.43439105300308
2023-02-12,DMA_134,72.36842315917305,0,0,99.21499578339197
2023-02-12,DMA_135,72.56387012372902,0,0,104.75903396174903
2023-02-12,DMA_136,80.51706446278227,0,0,101.18346344415822
2023-02-12,DMA_137,67.15429462465094,0,0,102.72886483920198
2023-02-12,DMA_138,73.54058963596877,0,0,103.7699717356323
2023-02-12,DMA_139,69.85331009574028,0,0,105.64544659423856
2023-02-12,DMA_140,80.50592859048564,0,0,104.16869628210148
2023-02-12,DMA_141,79.52541340807149,0,1,103.58703318249458
2023-02-12,DMA_142,68.29494442997303,0,0,100.17771046976117
2023-02-12,DMA_143,73.83480048128763,0,0,103.9066113668873
2023-02-12,DMA_144,85.9162536493958,0,0,104.3461309796532
2023-02-12,DMA_145,76.05685812947408,0,0,97.7115419174876
2023-02-12,DMA_146,72.02348197908768,0,0,103.33350580798466
2023-02-12,DMA_147,74.32286079328566,0,0,101.46520150949593
2023-02-12,DMA_148,84.3638319937037,0,0,100.25936169445936
2023-02-12,DMA_149,81.9164770475337,0,0,104.3139461403627
2023-02-12,DMA_150,73.00415118098853,0,0,103.15307502786158
2023-02-19,DMA_001,73.21574237636125,0,0,106.00598653858026
2023-02-19,DMA_002,79.39151112217232,0,0,104.35469385581862
2023-02-19,DMA_003,79.1360359068796,0,0,101.38399849618327
2023-02-19,DMA_004,78.25078394707106,0,0,105.17012525423122
2023-02-19,DMA_005,71.92648427649351,0,0,103.5322909170381
2023-02-19,DMA_006,73.77651903429226,0,0,101.69734759899434
2023-02-19,DMA_007,71.87787419739433,0,0,103.26294436506215
2023-02-19,DMA_008,69.96374132586232,0,0,103.04199875079546
2023-02-19,DMA_009,75.68913219765281,0,0,105.31271069597807
2023-02-19,DMA_010,69.36127316039416,0,0,107.93903286059256
2023-02-19,DMA_011,74.82292704019069,0,1,101.84654360469496
2023-02-19,DMA_012,67.77805964678114,0,0,103.03235080110913
2023-02-19,DMA_013,86.33514087774496,0,0,102.33955331436624
2023-02-19,DMA_014,66.13327121146267,0,1,103.27042569026564
2023-02-19,DMA_015,74.35310841260204,0,0,104.53082590857333
2023-02-19,DMA_016,74.17373571301344,0,0,103.99178641362023
2023-02-19,DMA_017,68.12468284416467,0,0,102.84619304294775
2023-02-19,DMA_018,77.36997644522478,0,0,105.38199503961538
2023-02-19,DMA_019,70.20993304279337,0,0,106.6080934758628
2023-02-19,DMA_020,82.60418330313541,0,0,105.64173157166941
2023-02-19,DMA_021,75.80947379986839,0,1,100.17679363413843
2023-02-19,DMA_022,77.10437296546556,0,0,102.91681167175501
2023-02-19,DMA_023,74.66213394813842,0,0,103.08969362753344
2023-02-19,DMA_024,77.03417305912967,0,0,99.98689696089443
2023-02-19,DMA_025,79.02455710012771,0,0,102.87563935124022
2023-02-19,DMA_026,77.33734163626737,0,1,104.94361623719634
2023-02-19,DMA_027,68.16255616600776,0,0,107.38155745504675
2023-02-19,DMA_028,73.76782678891205,0,0,102.27824168917194
2023-02-19,DMA_029,69.92027195128945,0,0,101.9355299973172
2023-02-19,DMA_030,72.19588241844657,0,0,104.15622597103197
2023-02-19,DMA_031,72.66471115001623,0,0,100.41489812826373
2023-02-19,DMA_032,71.72861388585532,0,0,102.12281656973386
2023-02-19,DMA_033,81.54296950654867,0,0,100.67109238348513
2023-02-19,DMA_034,67.57095530000724,0,0,101.67112363187614
2023-02-19,DMA_035,66.97579554907159,0,0,104.86494546505894
2023-02-19,DMA_036,68.05104563317872,0,0,103.46327688156113
2023-02-19,DMA_037,66.34338070300281,0,0,101.96601289547566
2023-02-19,DMA_038,74.21472382695896,0,0,103.12506991369845
2023-02-19,DMA_039,69.63004776957922,0,0,105.16074393386654
2023-02-19,DMA_040,80.84294910950084,0,0,102.9818252890359
2023-02-19,DMA_041,74.91631488001015,0,0,102.82841299703034
2023-02-19,DMA_042,76.16493997425023,0,0,102.47252542637959
2023-02-19,DMA_043,70.65339306621541,0,0,103.33750575890177
2023-02-19,DMA_044,73.1269283954477,0,0,106.08165235109428
2023-02-19,DMA_045,81.72808710536987,0,0,103.1184072268407
2023-02-19,DMA_046,84.82855583598831,0,0,105.2425903646223
2023-02-19,DMA_047,70.02916454226337,0,0,103.78445593914503
2023-02-19,DMA_048,81.35664836947376,0,0,102.87489736271448
2023-02-19,DMA_049,71.36963126374948,0,0,101.74243680952497
2023-02-19,DMA_050,77.48375144741122,0,0,101.56986561783489
2023-02-19,DMA_051,77.31319279113883,0,0,103.50243869259641
2023-02-19,DMA_052,79.08471973942704,0,0,106.54470174202024
2023-02-19,DMA_053,59.3807207766571,0,1,105.14270265520031
2023-02-19,DMA_054,64.11712476287174,0,0,105.95576643751163
2023-02-19,DMA_055,70.63957388504312,0,0,102.58426606440915
2023-02-19,DMA_056,64.43861039584465,0,0,105.00908719626248
2023-02-19,DMA_057,67.54220122162266,0,0,101.44901250549532
2023-02-19,DMA_058,71.76172510253559,0,1,105.03661138805784
2023-02-19,DMA_059,82.61302411399566,0,0,106.77507025686731
2023-02-19,DMA_060,74.5740472061202,0,0,106.73992323328221
2023-02-19,DMA_061,70.19157319500233,0,0,102.89558760641133
2023-02-19,DMA_062,77.2880295460721,0,0,101.97396980155524
2023-02-19,DMA_063,71.44716601463142,0,1,101.76348791970119
2023-02-19,DMA_064,69.28820438164293,0,0,102.61167325363783
2023-02-19,DMA_065,73.92346932678963,0,0,103.65581256834504
2023-02-19,DMA_066,71.36640778916802,0,0,104.57453575755092
2023-02-19,DMA_067,67.33554300157726,0,1,104.17487802832662
2023-02-19,DMA_068,64.83599115153754,0,0,104.03575571999195
2023-02-19,DMA_069,72.1464637725745,0,0,103.44466333043178
2023-02-19,DMA_070,70.00838388260671,0,0,103.47921538212015
2023-02-19,DMA_071,94.50124399853038,0,0,103.43870489598602
2023-02-19,DMA_072,65.64870038444276,0,0,102.88520829551828
2023-02-19,DMA_073,75.16555679017172,0,0,103.18011921866473
2023-02-19,DMA_074,79.4069049737955,0,0,105.2531254314939
2023-02-19,DMA_075,71.07587768167765,0,0,105.07490254950194
2023-02-19,DMA_076,68.13509368767659,0,0,105.42278327499291
2023-02-19,DMA_077,68.65016937085106,0,0,105.89538386453874
2023-02-19,DMA_078,63.88448380755244,0,0,103.87593469793941
2023-02-19,DMA_079,76.51720228410264,0,0,100.52676799612136
2023-02-19,DMA_080,71.10558994743216,0,0,106.81523489138094
2023-02-19,DMA_081,72.4292525333869,0,1,103.38267715175523
2023-02-19,DMA_082,71.61520147147347,0,0,103.61608430249808
2023-02-19,DMA_083,80.51494508783901,0,0,102.41909371475927
2023-02-19,DMA_084,80.38506474673959,0,0,103.53112203453367
2023-02-19,DMA_085,78.02837538101485,0,0,103.16005012647052
2023-02-19,DMA_086,73.10918227923788,0,0,104.6160948803889
2023-02-19,DMA_087,77.12500296215553,0,0,101.09216380280084
2023-02-19,DMA_088,70.49673189463736,0,0,103.78721305924748
2023-02-19,DMA_089,65.83874933616892,0,1,106.80646959687583
2023-02-19,DMA_090,71.3931244597034,0,0,102.03907194503336
2023-02-19,DMA_091,74.3905404488721,0,1,102.25117611999688
2023-02-19,DMA_092,71.685414446365,0,0,103.1239442586917
2023-02-19,DMA_093,78.14345961063066,0,0,110.03011796443046
2023-02-19,DMA_094,68.92484060799198,0,0,102.16009288637557
2023-02-19,DMA_095,81.98762604122574,0,0,107.37108639178079
2023-02-19,DMA_096,75.18220485500669,0,0,102.74963096112239
2023-02-19,DMA_097,62.303774661322024,0,1,102.41426790845368
2023-02-19,DMA_098,83.06481275588013,0,0,107.41195235359734
2023-02-19,DMA_099,77.38830970850118,0,0,98.73299483613451
2023-02-19,DMA_100,73.14893608347958,0,1,101.0485896337132
2023-02-19,DMA_101,76.46624187601734,0,0,103.24626177062103
2023-02-19,DMA_102,63.82305236415903,0,0,105.62437127258363
2023-02-19,DMA_103,66.63165070124523,0,0,100.81828518461664
2023-02-19,DMA_104,78.42658501329197,0,0,103.3435033244085
2023-02-19,DMA_105,73.2180653453875,0,0,102.96430786604043
2023-02-19,DMA_106,79.3011074245377,0,0,105.6224642137435
2023-02-19,DMA_107,64.44274160981853,0,0,103.82316903378756
2023-02-19,DMA_108,81.97923555391762,0,0,104.46997969496658
2023-02-19,DMA_109,69.54532395765737,0,0,102.21184029730338
2023-02-19,DMA_110,67.09697675775305,0,0,98.54272678932642
2023-02-19,DMA_111,68.76801978704009,0,0,103.62230649249184
2023-02-19,DMA_112,74.98247058862182,0,0,104.78530464985194
2023-02-19,DMA_113,85.18518459929473,0,1,106.20779559665638
2023-02-19,DMA_114,70.84239532440124,0,0,101.19695989362557
2023-02-19,DMA_115,73.29564487424733,0,0,105.02323643063394
2023-02-19,DMA_116,63.913554392997334,0,0,100.94390157379299
2023-02-19,DMA_117,71.30280102310607,0,0,103.6287953631722
2023-02-19,DMA_118,80.42112680188748,0,0,100.97392759388148
2023-02-19,DMA_119,80.12064707425633,0,0,102.17010055077169
2023-02-19,DMA_120,73.60067180340856,0,0,105.38288502784441
2023-02-19,DMA_121,69.93506434410338,0,1,104.48850335325828
2023-02-19,DMA_122,74.65565758399683,0,1,103.47068252417496
2023-02-19,DMA_123,75.93894661316001,0,0,103.43924024239674
2023-02-19,DMA_124,75.98124357254981,0,0,102.36089217911729
2023-02-19,DMA_125,73.88069639366266,0,0,108.95014709347546
2023-02-19,DMA_126,75.54892188804399,0,0,104.6606968564071
2023-02-19,DMA_127,77.87064125857518,0,0,99.48376015429142
2023-02-19,DMA_128,73.50164309182132,0,0,103.18642820593541
2023-02-19,DMA_129,70.70250707818009,0,0,102.37070184778584
2023-02-19,DMA_130,74.09530951406992,0,0,109.99708725669736
2023-02-19,DMA_131,81.27218971438812,0,0,102.55683024037984
2023-02-19,DMA_132,77.56384933755955,0,0,103.65197472228316
2023-02-19,DMA_133,65.64551532112554,0,0,105.38603742948052
2023-02-19,DMA_134,71.73568044791013,0,0,103.30662477690663
2023-02-19,DMA_135,67.59773139329837,0,0,100.01113031037409
2023-02-19,DMA_136,71.91929253496654,0,0,104.80587045281769
2023-02-19,DMA_137,69.33835142324942,0,0,102.02726508827988
2023-02-19,DMA_138,65.26170744604661,0,0,102.13527526138553
2023-02-19,DMA_139,72.14267647071732,0,0,102.36750247843733
2023-02-19,DMA_140,68.54109152107667,0,0,101.05087017936684
2023-02-19,DMA_141,78.52428399335335,0,1,103.12551538981897
2023-02-19,DMA_142,63.45936452810159,0,0,104.8855835167027
2023-02-19,DMA_143,72.29287453272757,0,0,99.78183528868503
2023-02-19,DMA_144,65.71975557242351,0,0,103.1707611220855
2023-02-19,DMA_145,75.06578767863466,0,0,101.80724052970211
2023-02-19,DMA_146,70.46777219942359,0,1,103.2687013189628
2023-02-19,DMA_147,82.16804424086081,0,0,103.41311761762864
2023-02-19,DMA_148,90.91491449235991,0,0,102.44765436551988
2023-02-19,DMA_149,70.07864426833595,0,0,99.59253036945965
2023-02-19,DMA_150,75.7050981392196,0,0,105.46747955532511
2023-02-26,DMA_001,78.91940424314573,0,0,104.92585772373164
2023-02-26,DMA_002,65.49379483295341,0,0,105.99150557018328
2023-02-26,DMA_003,74.24626903012097,0,0,106.07587636515758
2023-02-26,DMA_004,69.25644789384049,0,0,105.74338616821919
2023-02-26,DMA_005,76.77902465158324,0,0,103.85296728904794
2023-02-26,DMA_006,70.76577383029925,0,1,104.85300749391932
2023-02-26,DMA_007,80.74835808251312,0,1,101.43520425180463
2023-02-26,DMA_008,72.32921577010964,0,0,103.50343886503991
2023-02-26,DMA_009,65.70383146045612,0,0,102.27336176781198
2023-02-26,DMA_010,77.94103481294341,0,1,103.85254117088128
2023-02-26,DMA_011,68.28684566266513,0,0,103.09046825658884
2023-02-26,DMA_012,63.70736919786761,0,0,102.26949443897402
2023-02-26,DMA_013,73.96613220317539,0,0,107.4654251554488
2023-02-26,DMA_014,71.0230430977372,0,0,104.26115374997593
2023-02-26,DMA_015,72.92311798778925,0,1,105.11927044169482
2023-02-26,DMA_016,76.23160176513558,0,0,104.42333591791122
2023-02-26,DMA_017,62.90887554642508,0,1,105.01687808370902
2023-02-26,DMA_018,80.89669407005624,0,0,106.5730543905925
2023-02-26,DMA_019,70.16429133735136,0,1,102.93634729023194
2023-02-26,DMA_020,55.37886181252168,0,0,107.72632296168948
2023-02-26,DMA_021,78.27637085610868,0,1,104.77792916156889
2023-02-26,DMA_022,75.313472989853,0,0,106.70949092885728
2023-02-26,DMA_023,63.77849710447599,0,0,104.05634090236865
2023-02-26,DMA_024,70.1943691459206,0,0,107.58161884441596
2023-02-26,DMA_025,72.08552543747858,0,0,106.16535501257863
2023-02-26,DMA_026,78.01158054832617,0,0,103.13751385494825
2023-02-26,DMA_027,66.13502998976772,0,0,103.19244770005437
2023-02-26,DMA_028,73.69975737147603,0,1,101.0699673726481
2023-02-26,DMA_029,75.57344842900295,0,0,104.31670703032688
2023-02-26,DMA_030,74.49378590614904,0,0,104.91516218526719
2023-02-26,DMA_031,76.2246012686825,0,0,102.41551324827009
2023-02-26,DMA_032,68.15539275723782,0,1,103.7042377325176
2023-02-26,DMA_033,64.3637239918608,0,0,103.45357737957865
2023-02-26,DMA_034,59.75972210847858,0,0,105.18214487985823
2023-02-26,DMA_035,65.4863217238289,0,0,105.32639876176778
2023-02-26,DMA_036,75.40249082414401,0,0,106.34181432783964
2023-02-26,DMA_037,62.357006622324455,0,1,106.55179776713096
2023-02-26,DMA_038,72.88662512622945,0,0,106.05970296407892
2023-02-26,DMA_039,77.75306476771259,0,0,102.9303705595831
2023-02-26,DMA_040,83.67304982326064,0,0,107.9641229945361
2023-02-26,DMA_041,72.97733426150204,0,0,106.04042864676741
2023-02-26,DMA_042,74.52751188338442,0,0,103.9226776787243
2023-02-26,DMA_043,80.03605393338741,0,0,104.54933715700587
2023-02-26,DMA_044,70.3765330715655,0,1,101.17490625801454
2023-02-26,DMA_045,51.56041384321002,0,0,108.5652491299246
2023-02-26,DMA_046,73.49312301855872,0,1,102.28857799854114
2023-02-26,DMA_047,76.75731798957639,0,0,100.2393495568208
2023-02-26,DMA_048,66.58216047946327,0,0,104.97152932657083
2023-02-26,DMA_049,63.798745527068995,0,0,104.07634152460002
2023-02-26,DMA_050,66.1087063485123,0,0,98.81445723771178
2023-02-26,DMA_051,68.95704400043574,0,1,104.77565078503028
2023-02-26,DMA_052,69.58072776011412,0,0,103.29234064857884
2023-02-26,DMA_053,65.98218909100433,0,0,103.98247633185551
2023-02-26,DMA_054,67.59282202390567,0,0,104.28548883141357
2023-02-26,DMA_055,67.46658723180593,0,0,105.26096383629448
2023-02-26,DMA_056,82.520118756015,0,0,104.50130441868265
2023-02-26,DMA_057,68.93191985846141,0,0,104.09519703418243
2023-02-26,DMA_058,70.2427456091711,0,1,103.53944150514238
2023-02-26,DMA_059,68.92545072069029,0,0,108.17533530935229
2023-02-26,DMA_060,76.9311100827811,0,0,102.1755508864213
2023-02-26,DMA_061,82.48466963366425,0,0,105.47701826847832
2023-02-26,DMA_062,71.25418085455611,0,0,103.63101257084564
2023-02-26,DMA_063,68.14471349220561,0,0,102.53020026626196
2023-02-26,DMA_064,65.11896713549939,0,0,102.85011025927773
2023-02-26,DMA_065,70.5539521358545,0,1,99.20318937494778
2023-02-26,DMA_066,73.90400981926213,0,1,105.01245948324376
2023-02-26,DMA_067,73.64004982963304,0,0,104.14267190465658
2023-02-26,DMA_068,74.83922942709133,0,0,106.03304715860091
2023-02-26,DMA_069,65.36254513207182,0,0,103.07189712319276
2023-02-26,DMA_070,65.50835491910973,0,0,102.5801537375768
2023-02-26,DMA_071,69.70210221080112,0,0,104.56262014733133
2023-02-26,DMA_072,78.68013488629339,0,0,106.03859877281151
2023-02-26,DMA_073,68.03430144954038,0,0,100.8534557014097
2023-02-26,DMA_074,72.27312622145764,0,0,99.94754805632621
2023-02-26,DMA_075,68.86362144910343,0,0,106.12752226211772
2023-02-26,DMA_076,72.87532637685479,0,0,102.5680351922937
2023-02-26,DMA_077,76.70893972778104,0,1,104.75589032700307
2023-02-26,DMA_078,75.75381310103273,0,0,105.46511027122702
2023-02-26,DMA_079,68.18213399862212,0,0,104.92825455799435
2023-02-26,DMA_080,76.1910987697157,0,0,100.7730187134952
2023-02-26,DMA_081,77.2635947288539,0,0,103.50736471223352
2023-02-26,DMA_082,80.63218360571068,0,1,103.30830949958978
2023-02-26,DMA_083,80.65993050871651,0,0,106.58272721544174
2023-02-26,DMA_084,77.61851383276705,0,0,100.11064698917576
2023-02-26,DMA_085,67.80651507469928,0,0,104.43231571070591
2023-02-26,DMA_086,64.41214204082428,0,0,103.5232106675322
2023-02-26,DMA_087,73.08311317121101,0,1,103.09138505205932
2023-02-26,DMA_088,65.9785847249811,0,0,104.7725374853546
2023-02-26,DMA_089,68.97754128165631,0,1,102.19443080720052
2023-02-26,DMA_090,69.75128220084792,0,0,104.26550007656762
2023-02-26,DMA_091,75.24349499625282,0,0,107.10054747384885
2023-02-26,DMA_092,76.48333153143426,0,0,101.55834032130906
2023-02-26,DMA_093,68.17007900988207,0,0,104.2019120717069
2023-02-26,DMA_094,72.5082807175657,0,0,104.52187288233361
2023-02-26,DMA_095,83.82428209044035,0,1,102.05600779219523
2023-02-26,DMA_096,68.59481481105202,0,0,104.62786125863478
2023-02-26,DMA_097,66.60605881006789,0,1,102.60620598642913
2023-02-26,DMA_098,76.21595902752745,0,0,102.68100658444135
2023-02-26,DMA_099,75.55527845149531,0,0,108.054043457939
2023-02-26,DMA_100,67.4583394388748,0,1,104.51782393675832
2023-02-26,DMA_101,83.88560506582674,0,0,102.22299060891415
2023-02-26,DMA_102,78.98877032334666,0,0,105.15230655211646
2023-02-26,DMA_103,69.01778100826743,0,0,103.24721224531714
2023-02-26,DMA_104,71.9888821357625,0,0,107.24722071605763
2023-02-26,DMA_105,70.88202498827157,0,1,106.98166136928056
2023-02-26,DMA_106,70.23346301122281,0,0,104.9081752437162
2023-02-26,DMA_107,73.71200894697193,0,0,106.3383958596319
2023-02-26,DMA_108,78.12609269351282,0,0,104.3159628010554
2023-02-26,DMA_109,78.10867316315964,0,0,103.69922458848905
2023-02-26,DMA_110,72.15808860687338,0,0,103.87731533286818
2023-02-26,DMA_111,64.130970844193,0,0,103.86958903023948
2023-02-26,DMA_112,60.89516751449521,0,0,105.84320185207896
2023-02-26,DMA_113,76.44232342564538,0,0,106.02827707145576
2023-02-26,DMA_114,67.52266789261594,0,1,104.67592336156338
2023-02-26,DMA_115,77.71959047251819,0,0,102.89585096674692
2023-02-26,DMA_116,65.25337144803353,0,1,103.54676331767719
2023-02-26,DMA_117,69.35546821641407,0,0,101.31251100153482
2023-02-26,DMA_118,77.96610867399686,0,0,104.37646697408103
2023-02-26,DMA_119,67.95978677844207,0,0,105.222309947986
2023-02-26,DMA_120,71.79922759735483,0,0,104.25006399615903
2023-02-26,DMA_121,76.10007264222703,0,0,102.28261468966896
2023-02-26,DMA_122,78.65786344594625,0,0,102.53365544588083
2023-02-26,DMA_123,62.9327370257457,0,0,104.16943255161296
2023-02-26,DMA_124,70.28792412440347,0,0,107.83329113980645
2023-02-26,DMA_125,79.4226587083146,0,0,104.28075622111349
2023-02-26,DMA_126,69.01312504964301,0,0,104.16058703104636
2023-02-26,DMA_127,71.26837274525379,0,0,100.39073993933702
2023-02-26,DMA_128,71.01804698246092,0,1,102.25521733872549
2023-02-26,DMA_129,64.63141062971425,0,1,103.75446550223104
2023-02-26,DMA_130,66.09974429522254,0,0,101.22163788776679
2023-02-26,DMA_131,73.53250557625674,0,0,104.90286528780607
2023-02-26,DMA_132,63.42511577372325,0,1,105.72234413731626
2023-02-26,DMA_133,67.88658548250454,0,0,102.684572521444
2023-02-26,DMA_134,85.68690245497457,0,0,103.18490094503004
2023-02-26,DMA_135,67.55487717780062,0,0,102.31294971180229
2023-02-26,DMA_136,63.09799297755984,0,0,106.4257610789749
2023-02-26,DMA_137,70.4741116798747,0,0,103.56050521891545
2023-02-26,DMA_138,69.52676620432199,0,1,105.82076172808497
2023-02-26,DMA_139,70.31791758512149,0,0,102.45807659819289
2023-02-26,DMA_140,78.94557503357252,0,0,103.59523887531343
2023-02-26,DMA_141,69.55628039044011,0,0,103.68665099109687
2023-02-26,DMA_142,64.20711871687,0,0,105.8385034272202
2023-02-26,DMA_143,64.09460491817775,0,0,109.00871336337678
2023-02-26,DMA_144,73.78228944885711,0,1,100.30810345815081
2023-02-26,DMA_145,69.22258439416532,0,0,101.31989874055333
2023-02-26,DMA_146,82.8218781353904,0,0,103.46821851012442
2023-02-26,DMA_147,71.11776599773876,0,0,103.11943947748324
2023-02-26,DMA_148,69.85392640245752,0,0,105.94483327408119
2023-02-26,DMA_149,73.37356283160814,0,1,100.36857366850089
2023-02-26,DMA_150,69.18935313456006,0,0,104.17391165073997
2023-03-05,DMA_001,80.29739374696605,0,0,103.11616065358668
2023-03-05,DMA_002,78.39828423841463,0,0,103.25177061415258
2023-03-05,DMA_003,74.10691726569911,0,0,107.3012512670983
2023-03-05,DMA_004,63.484340070036296,0,0,101.7307872499914
2023-03-05,DMA_005,71.48893677144117,0,0,105.33361889038218
2023-03-05,DMA_006,78.01335203108178,0,0,106.08239569145452
2023-03-05,DMA_007,59.83617172971515,0,0,103.188031900077
2023-03-05,DMA_008,61.52630000528996,0,1,107.91553772972465
2023-03-05,DMA_009,65.78112409244011,0,0,105.48721172925768
2023-03-05,DMA_010,66.8067133348635,0,0,104.67461769841181
2023-03-05,DMA_011,74.88683518595677,0,0,106.75918906627231
2023-03-05,DMA_012,64.31749477732454,0,0,103.83634603706156
2023-03-05,DMA_013,66.87680825538993,0,0,105.09802012781032
2023-03-05,DMA_014,66.53190373649618,0,0,104.59877679482273
2023-03-05,DMA_015,66.57524488455647,0,1,106.52883748207198
2023-03-05,DMA_016,71.75905117768414,0,0,105.58836738885164
2023-03-05,DMA_017,81.8220834561447,0,0,101.33529396344387
2023-03-05,DMA_018,71.05858627740497,0,1,103.0559241376749
2023-03-05,DMA_019,67.91570616906849,0,1,101.47642538665038
2023-03-05,DMA_020,66.42877798410503,0,0,104.72662587605762
2023-03-05,DMA_021,67.35553975753591,0,0,104.15639114792785
2023-03-05,DMA_022,83.62178351353788,0,0,103.00142409552467
2023-03-05,DMA_023,65.27401237958522,0,0,103.9147487275226
2023-03-05,DMA_024,68.41540957383613,0,0,101.35792948982282
2023-03-05,DMA_025,66.18549442255657,0,0,107.15632594266928
2023-03-05,DMA_026,67.3071987903214,0,1,105.3184376418123
2023-03-05,DMA_027,71.10860164317933,0,0,101.28635483740223
2023-03-05,DMA_028,67.1507967583834,0,0,103.00781508162987
2023-03-05,DMA_029,71.94052862031728,0,0,103.37180838926486
2023-03-05,DMA_030,75.7807466001346,0,0,104.42819291437661
2023-03-05,DMA_031,68.3064821135173,0,0,104.11352745689919
2023-03-05,DMA_032,70.6499933991445,0,1,104.49504767375358
2023-03-05,DMA_033,70.50550773359362,0,0,105.16626004738028
2023-03-05,DMA_034,70.92419781448662,0,0,104.04010798892904
2023-03-05,DMA_035,75.57363443213407,0,0,106.68879934099391
2023-03-05,DMA_036,74.47260196420655,0,0,103.55634700369684
2023-03-05,DMA_037,70.91637294202197,0,0,105.16838693840555
2023-03-05,DMA_038,65.60347999101111,0,1,104.02828875993424
2023-03-05,DMA_039,84.91923316740721,0,1,104.08369162494056
2023-03-05,DMA_040,60.99278620102236,0,1,104.75424450248741
2023-03-05,DMA_041,75.60021984135413,0,1,102.59211400366739
2023-03-05,DMA_042,64.63435080354336,0,0,104.50647886084445
2023-03-05,DMA_043,65.6085562516724,0,0,102.20820823697757
2023-03-05,DMA_044,74.18266007968523,0,1,104.78816301227602
2023-03-05,DMA_045,66.00962055385122,0,0,103.01120683958695
2023-03-05,DMA_046,74.80690210801274,0,0,103.05704940810182
2023-03-05,DMA_047,68.33396447576851,0,0,103.38761849274631
2023-03-05,DMA_048,64.66840232110737,0,1,105.60072427494957
2023-03-05,DMA_049,65.85191970310167,0,0,105.67637109415105
2023-03-05,DMA_050,80.18528867637082,0,1,102.97794030830093
2023-03-05,DMA_051,68.57688344456025,0,1,103.1133756589834
2023-03-05,DMA_052,66.16379875789727,0,0,106.51451893941062
2023-03-05,DMA_053,72.02796364180386,0,1,103.49431335587289
2023-03-05,DMA_054,71.9871213287503,0,0,107.04734832756809
2023-03-05,DMA_055,80.03314968968691,0,0,104.50972126984101
2023-03-05,DMA_056,69.6651549309575,0,1,103.36977869250705
2023-03-05,DMA_057,63.437849827205746,0,0,103.26464509508774
2023-03-05,DMA_058,58.86060352091111,0,1,100.47691254261719
2023-03-05,DMA_059,70.44237896163236,0,1,101.20985941768276
2023-03-05,DMA_060,72.45979453591745,0,0,105.25813338235845
2023-03-05,DMA_061,71.61739332990867,0,0,105.78933216809692
2023-03-05,DMA_062,76.27302024711247,0,1,106.27364363544345
2023-03-05,DMA_063,60.837204895326515,0,0,109.67821088602818
2023-03-05,DMA_064,64.57612116616326,0,0,105.3663497277905
2023-03-05,DMA_065,65.54317332270428,0,0,106.80705373664657
2023-03-05,DMA_066,67.75438498344445,0,0,106.98541160883777
2023-03-05,DMA_067,62.682268657055765,0,1,105.31831217759654
2023-03-05,DMA_068,68.37075041169294,0,1,102.46616973271753
2023-03-05,DMA_069,63.89738204940013,0,0,101.26062048901781
2023-03-05,DMA_070,73.17229124127283,0,0,103.94907570418118
2023-03-05,DMA_071,79.46050419871929,0,0,104.48337513497215
2023-03-05,DMA_072,69.59702065883774,0,0,100.17949757388588
2023-03-05,DMA_073,66.68405324198515,0,0,105.80635092827374
2023-03-05,DMA_074,70.31737730713483,0,0,103.04407499440022
2023-03-05,DMA_075,68.01636645418408,0,0,103.68425903034313
2023-03-05,DMA_076,79.61772575972353,0,0,102.05506207321365
2023-03-05,DMA_077,72.23958521724623,0,0,103.16137626763901
2023-03-05,DMA_078,58.977062398727575,0,1,103.22115444031499
2023-03-05,DMA_079,72.0621588890666,0,0,106.40047270917354
2023-03-05,DMA_080,67.18272618973121,0,0,103.62446720965198
2023-03-05,DMA_081,74.62549933448574,0,0,102.49182574215267
2023-03-05,DMA_082,73.21167892393898,0,0,102.10516897093251
2023-03-05,DMA_083,75.0544213008397,0,0,102.8931469941324
2023-03-05,DMA_084,65.5164390700486,0,0,104.29340477555719
2023-03-05,DMA_085,65.48323634576373,0,0,104.325094250155
2023-03-05,DMA_086,63.202041155440334,0,0,106.0786090783089
2023-03-05,DMA_087,76.20361838004229,0,0,104.90954286571983
2023-03-05,DMA_088,57.460810393889886,0,1,105.75293549796127
2023-03-05,DMA_089,67.81154134027503,0,0,103.84893376208511
2023-03-05,DMA_090,68.99026343685088,0,1,104.14704442469284
2023-03-05,DMA_091,62.84307646217547,0,0,104.7022996365703
2023-03-05,DMA_092,71.3461128239077,0,1,105.38670945337084
2023-03-05,DMA_093,59.94765420653394,0,0,104.91607885915501
2023-03-05,DMA_094,66.41379824173399,0,0,104.16093160409687
2023-03-05,DMA_095,62.60674221091287,0,0,105.90422945575642
2023-03-05,DMA_096,77.26110477313213,0,0,105.9593824692052
2023-03-05,DMA_097,64.08208478109998,0,0,102.54097744088183
2023-03-05,DMA_098,55.80693645084596,0,0,103.32274462227528
2023-03-05,DMA_099,81.29201070077605,0,0,104.3482191975983
2023-03-05,DMA_100,64.58821613766919,0,0,103.87107125652254
2023-03-05,DMA_101,65.77620662106081,0,0,105.42875781380391
2023-03-05,DMA_102,59.67176478892618,0,0,105.93025361951767
2023-03-05,DMA_103,63.71956909519207,0,0,103.64834244348695
2023-03-05,DMA_104,65.20602316152605,0,0,103.10856705597517
2023-03-05,DMA_105,74.21537022267258,0,0,108.03424693881668
2023-03-05,DMA_106,61.01795042312279,0,0,106.58386921994617
2023-03-05,DMA_107,72.66979066939678,0,0,100.16350053550393
2023-03-05,DMA_108,65.39596517749327,0,0,103.3875788409193
2023-03-05,DMA_109,67.46472588241761,0,0,108.2811688160135
2023-03-05,DMA_110,69.35667699748633,0,0,104.42610385954579
2023-03-05,DMA_111,70.36893119788456,0,0,105.25859252386745
2023-03-05,DMA_112,74.59721733177804,0,0,105.86397104188015
2023-03-05,DMA_113,68.23911965485848,0,1,105.4265028724163
2023-03-05,DMA_114,72.8609137839055,0,0,100.2938019006897
2023-03-05,DMA_115,60.04325675948564,0,1,103.32519209642975
2023-03-05,DMA_116,56.805231453463826,0,0,104.80978983705246
2023-03-05,DMA_117,65.60913315917239,0,0,103.89936296941993
2023-03-05,DMA_118,66.97782395562211,0,0,106.85708628856514
2023-03-05,DMA_119,60.12529990485158,0,0,106.60469167196644
2023-03-05,DMA_120,70.96727422244125,0,0,105.19464038008522
2023-03-05,DMA_121,68.76255287466915,0,0,109.08000067836674
2023-03-05,DMA_122,60.30547309234388,0,0,104.57912136080031
2023-03-05,DMA_123,74.52499251574208,0,0,105.397148084882
2023-03-05,DMA_124,64.1943327164488,0,0,101.7611090460086
2023-03-05,DMA_125,71.81852272109627,0,0,107.65484914397288
2023-03-05,DMA_126,77.66304832347191,0,0,108.59626135060267
2023-03-05,DMA_127,67.54544379317674,0,0,104.94801490595476
2023-03-05,DMA_128,75.57677476471258,0,0,102.87099719044289
2023-03-05,DMA_129,75.78794295679515,0,0,104.31038531322197
2023-03-05,DMA_130,69.27033801708153,0,0,105.19540396715917
2023-03-05,DMA_131,80.42048090251627,0,0,104.45442733682351
2023-03-05,DMA_132,74.31100466941747,0,0,104.71328773208762
2023-03-05,DMA_133,83.7314310065346,0,1,105.36174218633472
2023-03-05,DMA_134,69.16173782573105,0,0,106.6156137146196
2023-03-05,DMA_135,69.67332277213859,0,0,106.28252981025508
2023-03-05,DMA_136,67.57798213774011,0,0,106.97779598420539
2023-03-05,DMA_137,71.72429550994455,0,1,106.25686959988579
2023-03-05,DMA_138,73.5430085978424,0,0,102.65971160626663
2023-03-05,DMA_139,63.73641945439574,0,0,102.49737240215374
2023-03-05,DMA_140,69.26663202130388,0,0,103.35989064335597
2023-03-05,DMA_141,69.85210102907327,0,0,107.05810707214387
2023-03-05,DMA_142,66.25367547392482,0,1,105.47918181254397
2023-03-05,DMA_143,59.19592528198076,0,0,103.13022708956623
2023-03-05,DMA_144,76.48105182888156,0,1,104.3178004088167
2023-03-05,DMA_145,74.34756353425814,0,0,103.93926914526308
2023-03-05,DMA_146,74.87615432660017,0,0,101.77057012823427
2023-03-05,DMA_147,56.61578492851045,0,0,105.66027277722453
2023-03-05,DMA_148,73.76539582497293,0,1,105.35232429177549
2023-03-05,DMA_149,72.73412728780161,0,0,106.83052738076238
2023-03-05,DMA_150,70.66372555267073,0,0,103.1985457744636
2023-03-12,DMA_001,76.99953451513592,0,0,107.81477384030953
2023-03-12,DMA_002,71.53451177633931,0,0,102.86298068372943
2023-03-12,DMA_003,73.97681783261072,0,0,104.04205516581249
2023-03-12,DMA_004,59.86658976793409,0,0,109.28721820200047
2023-03-12,DMA_005,65.53011316955804,0,0,101.20005604118094
2023-03-12,DMA_006,63.86923194394371,0,0,104.1958185133491
2023-03-12,DMA_007,78.08876872521608,0,1,107.52481070955149
2023-03-12,DMA_008,64.51434613823692,0,0,103.57777473610525
2023-03-12,DMA_009,59.16954239948244,0,0,107.55893698811883
2023-03-12,DMA_010,65.54547598558177,0,0,109.66367699158518
2023-03-12,DMA_011,64.59132285722758,0,0,108.85510112949828
2023-03-12,DMA_012,69.23454233417712,0,1,105.98270519797268
2023-03-12,DMA_013,63.21424169824188,0,1,102.6111324561926
2023-03-12,DMA_014,67.86213328670898,0,0,106.4330382587288
2023-03-12,DMA_015,69.49688998285905,0,1,108.87428119917493
2023-03-12,DMA_016,66.06447061930007,0,0,102.86941974302526
2023-03-12,DMA_017,64.3188497800754,0,0,105.2009921303385
2023-03-12,DMA_018,63.0912386110099,0,0,104.20021400455472
2023-03-12,DMA_019,76.12267616356485,0,0,104.96872877038666
2023-03-12,DMA_020,60.52152795782371,0,0,105.18472969341606
2023-03-12,DMA_021,63.46865363714513,0,0,106.21299225714226
2023-03-12,DMA_022,75.04441675796585,0,0,101.99414163695639
2023-03-12,DMA_023,63.95937833182428,0,0,100.48656002224976
2023-03-12,DMA_024,68.09317425442936,0,0,107.62901612774711
2023-03-12,DMA_025,71.6718619743826,0,0,102.8861001026804
2023-03-12,DMA_026,69.87134872305818,0,0,106.83061758441339
2023-03-12,DMA_027,59.537747236449384,0,0,106.06321314373614
2023-03-12,DMA_028,66.0222545591305,0,1,106.29941448322629
2023-03-12,DMA_029,62.835766667417396,0,0,102.72180855606045
2023-03-12,DMA_030,69.16813295280011,0,0,105.99500907621808
2023-03-12,DMA_031,52.992537525712414,0,0,105.3862003780407
2023-03-12,DMA_032,65.88912871860263,0,0,105.08985168790151
2023-03-12,DMA_033,67.55772815706634,0,1,106.12660677770718
2023-03-12,DMA_034,70.94325815403926,0,1,105.2527058367823
2023-03-12,DMA_035,52.363269392483645,0,0,104.84288226241354
2023-03-12,DMA_036,62.36721874677896,0,0,110.10490635232966
2023-03-12,DMA_037,68.4391028607819,0,0,102.40790134834464
2023-03-12,DMA_038,69.39277748407218,0,0,107.47064959710717
2023-03-12,DMA_039,61.58621891047067,0,0,104.91331803482694
2023-03-12,DMA_040,60.28655764446464,0,0,101.32961003261605
2023-03-12,DMA_041,71.14870774223444,0,0,105.72686763228909
2023-03-12,DMA_042,72.9364101659385,0,0,107.16814041085217
2023-03-12,DMA_043,67.64701526573457,0,0,105.3835031836477
2023-03-12,DMA_044,72.6781249292297,0,0,103.39724825259552
2023-03-12,DMA_045,59.373893020127696,0,0,106.35479299920071
2023-03-12,DMA_046,70.84094842355225,0,0,105.47072884353045
2023-03-12,DMA_047,70.69223237916343,0,0,102.93071034807834
2023-03-12,DMA_048,72.7512713893348,0,0,105.17592062822963
2023-03-12,DMA_049,67.72720117338065,0,0,106.05550910068091
2023-03-12,DMA_050,62.04393783329998,0,0,103.99319376348707
2023-03-12,DMA_051,66.96420036900254,0,1,106.40885768469535
2023-03-12,DMA_052,70.79322620650231,0,0,105.323949087187
2023-03-12,DMA_053,66.0430340334587,0,0,103.2420074052413
2023-03-12,DMA_054,66.90407635986605,0,0,104.67461114308398
2023-03-12,DMA_055,69.78516795348035,0,0,104.93107918748541
2023-03-12,DMA_056,70.70557588572136,0,0,103.32421512455745
2023-03-12,DMA_057,65.90546770722612,0,0,107.22973101114728
2023-03-12,DMA_058,78.91996270935397,0,0,106.03176173506384
2023-03-12,DMA_059,70.91759186997913,0,0,105.09716642563654
2023-03-12,DMA_060,66.99281367457762,0,0,105.08876040154705
2023-03-12,DMA_061,63.229492593010235,0,1,104.08563624131
2023-03-12,DMA_062,63.916217965660756,0,0,102.22576783093476
2023-03-12,DMA_063,64.96108731838393,0,0,104.4254528235679
2023-03-12,DMA_064,75.85790311092389,0,0,106.77957755759208
2023-03-12,DMA_065,57.70013008559252,0,0,103.75228998072606
2023-03-12,DMA_066,65.54320533586267,0,0,101.60672420324127
2023-03-12,DMA_067,64.67903808205806,0,0,106.12241466445457
2023-03-12,DMA_068,69.63018046965101,0,0,103.17595119113629
2023-03-12,DMA_069,64.01522804627712,0,0,103.05121636575608
2023-03-12,DMA_070,66.93423513228335,0,0,104.09114098131369
2023-03-12,DMA_071,62.619146287554166,0,0,103.73905925558819
2023-03-12,DMA_072,72.12009545517404,0,0,102.35421728534385
2023-03-12,DMA_073,69.58803464641458,0,0,103.57965422416311
2023-03-12,DMA_074,75.12590593801109,0,0,103.53718549528708
2023-03-12,DMA_075,70.94478399357038,0,0,101.80111328929951
2023-03-12,DMA_076,75.6716165479283,0,0,106.2023013101444
2023-03-12,DMA_077,72.13355187093805,0,0,106.16700472481207
2023-03-12,DMA_078,56.937934915051656,0,0,105.17831512842703
2023-03-12,DMA_079,64.84035657426243,0,0,104.38487549470565
2023-03-12,DMA_080,67.34036627967015,0,0,104.83562027641523
2023-03-12,DMA_081,64.39918242119447,0,0,106.06920768855389
2023-03-12,DMA_082,67.22042158493757,0,0,104.83970167337053
2023-03-12,DMA_083,70.99186673179824,0,0,103.48796614529427
2023-03-12,DMA_084,72.23683612154205,0,0,102.97801025641787
2023-03-12,DMA_085,75.36041878753537,0,0,107.05529896437868
2023-03-12,DMA_086,76.41386254571611,0,0,100.5703907704138
2023-03-12,DMA_087,77.05157002132384,0,0,105.3871451398357
2023-03-12,DMA_088,65.29255619490638,0,0,104.87700734774776
2023-03-12,DMA_089,71.99319538274187,0,0,102.2011933868038
2023-03-12,DMA_090,73.2538591557823,0,0,107.90713418899462
2023-03-12,DMA_091,66.53163594978354,0,0,102.85256878936536
2023-03-12,DMA_092,65.66429370679056,0,0,104.48418118691504
2023-03-12,DMA_093,69.87557505694986,0,0,105.74684263301765
2023-03-12,DMA_094,66.16024690157414,0,0,106.04940309665452
2023-03-12,DMA_095,69.94441157429053,0,0,107.1518430659326
2023-03-12,DMA_096,60.1047737721242,0,0,104.10730032586316
2023-03-12,DMA_097,67.66795626710514,0,0,104.15676863624695
2023-03-12,DMA_098,72.14334234841566,0,0,105.45476588319652
2023-03-12,DMA_099,69.94322164121347,0,0,107.24919783766566
2023-03-12,DMA_100,70.03025885879968,0,0,103.16007706788253
2023-03-12,DMA_101,73.20230532660524,0,0,103.6996796900611
2023-03-12,DMA_102,63.01101532819987,0,0,102.44722930637276
2023-03-12,DMA_103,64.82828780748734,0,0,105.04538242378364
2023-03-12,DMA_104,65.56792352061001,0,0,104.21999821712389
2023-03-12,DMA_105,56.584422273487476,0,0,103.23628909926782
2023-03-12,DMA_106,59.85129771677805,0,0,103.41489455664748
2023-03-12,DMA_107,55.45799868844647,0,1,102.80160161811096
2023-03-12,DMA_108,59.916749991075115,0,1,105.549596654731
2023-03-12,DMA_109,65.0883606258852,0,0,105.85577817138198
2023-03-12,DMA_110,68.47811534454625,0,0,105.08608648267054
2023-03-12,DMA_111,64.10096723721286,0,0,103.44193546176035
2023-03-12,DMA_112,60.57843866921186,0,0,104.76770662082272
2023-03-12,DMA_113,59.25363929167787,0,0,107.29121814995302
2023-03-12,DMA_114,66.99048377095129,0,0,104.53929472012136
2023-03-12,DMA_115,75.61140802958764,0,0,103.79490743994535
2023-03-12,DMA_116,67.82867888226284,0,0,103.58597893751055
2023-03-12,DMA_117,71.30321267244867,0,0,104.40693752889773
2023-03-12,DMA_118,52.66547945503676,0,0,101.5173744602612
2023-03-12,DMA_119,76.25037991312152,0,0,101.6495074660761
2023-03-12,DMA_120,73.32716552413979,0,0,105.5254709298751
2023-03-12,DMA_121,70.65862944279723,0,0,101.59927595208862
2023-03-12,DMA_122,66.83559335497341,0,0,104.8377433059869
2023-03-12,DMA_123,69.21505605392991,0,0,101.02696265134429
2023-03-12,DMA_124,63.310200039709095,0,0,105.51380379334097
2023-03-12,DMA_125,62.0045301552884,0,0,108.60593241810372
2023-03-12,DMA_126,71.04152922131567,0,0,103.78329055237018
2023-03-12,DMA_127,61.34565798160705,0,0,105.140105592092
2023-03-12,DMA_128,65.793794783045,0,0,106.35520714002686
2023-03-12,DMA_129,72.06270919882971,0,0,105.33932555964073
2023-03-12,DMA_130,57.068827391060424,0,0,100.88491111328278
2023-03-12,DMA_131,60.33770332670677,0,0,104.26288614027146
2023-03-12,DMA_132,74.63860853322477,0,0,105.18370924213464
2023-03-12,DMA_133,67.93477998079125,0,0,104.56508152641567
2023-03-12,DMA_134,71.1929107532632,0,0,109.53716668062556
2023-03-12,DMA_135,76.91722251683241,0,0,103.34813957293629
2023-03-12,DMA_136,70.89140033058672,0,0,105.65306996515268
2023-03-12,DMA_137,79.44247081434783,0,0,103.98960512131674
2023-03-12,DMA_138,58.63104994732649,0,0,98.35281789874186
2023-03-12,DMA_139,63.48079426958673,0,0,102.48636142451753
2023-03-12,DMA_140,71.92361727082834,0,0,105.25970021502033
2023-03-12,DMA_141,68.47905320173543,0,0,105.14327099569836
2023-03-12,DMA_142,63.66339069102667,0,0,102.74978421408568
2023-03-12,DMA_143,60.19856506076265,0,0,105.99400530892463
2023-03-12,DMA_144,72.94620619644593,0,0,104.66352815719338
2023-03-12,DMA_145,60.50258864633583,0,0,102.77238493296501
2023-03-12,DMA_146,62.66815662626856,0,0,105.38805021164009
2023-03-12,DMA_147,68.02271874960748,0,1,103.78656128589847
2023-03-12,DMA_148,69.01025298375833,0,0,105.51056067591564
2023-03-12,DMA_149,61.592088097071546,0,0,108.3416474474027
2023-03-12,DMA_150,65.1529277880411,0,1,105.16583361977166
2023-03-19,DMA_001,57.132358881174824,0,0,101.91509713370876
2023-03-19,DMA_002,67.75480263714968,0,0,106.33988349281415
2023-03-19,DMA_003,56.62549678242283,0,0,104.59426335942241
2023-03-19,DMA_004,75.22485332991486,0,0,105.55367887779617
2023-03-19,DMA_005,62.88380082266232,0,0,103.08725739274796
2023-03-19,DMA_006,55.78230963683416,0,0,106.05763722706551
2023-03-19,DMA_007,68.00989357698515,0,0,104.03167827497548
2023-03-19,DMA_008,54.944832239586425,0,0,103.61418042432415
2023-03-19,DMA_009,69.11287136423715,0,0,100.71004445814842
2023-03-19,DMA_010,58.17771110689084,0,0,106.13287104889142
2023-03-19,DMA_011,69.9095736085502,0,0,106.66419802801344
2023-03-19,DMA_012,70.28562904454112,0,0,105.76209961793431
2023-03-19,DMA_013,55.20664109218238,0,1,104.97501904464845
2023-03-19,DMA_014,57.270405418067895,0,0,102.63606370659708
2023-03-19,DMA_015,59.38337229821864,0,1,104.82640979688367
2023-03-19,DMA_016,64.7741268602866,0,0,102.06404466181965
2023-03-19,DMA_017,62.814950122762546,0,0,104.60450727971966
2023-03-19,DMA_018,61.626874034659714,0,0,105.64614397116046
2023-03-19,DMA_019,50.77157586336172,0,0,107.75646502069333
2023-03-19,DMA_020,62.50896671890519,0,0,100.47440905748155
2023-03-19,DMA_021,68.8272924549582,0,0,103.73710282367243
2023-03-19,DMA_022,74.71857552374227,0,0,104.12173859502127
2023-03-19,DMA_023,54.76060746374143,0,1,100.68677509533647
2023-03-19,DMA_024,71.04890724071983,0,0,106.32012290890532
2023-03-19,DMA_025,61.38330825608173,0,1,107.07154469385243
2023-03-19,DMA_026,70.33595590457726,0,0,107.95465602539859
2023-03-19,DMA_027,52.62332301919567,0,0,103.45326320096487
2023-03-19,DMA_028,59.92228345412488,0,1,99.42893641612957
2023-03-19,DMA_029,67.73483158102906,0,0,105.70631331804955
2023-03-19,DMA_030,69.22982670628298,0,0,103.14802775032209
2023-03-19,DMA_031,59.99540849115679,0,1,104.7742017653033
2023-03-19,DMA_032,62.08157708130393,0,0,109.09532381961837
2023-03-19,DMA_033,61.05559814892409,0,1,105.75844850652302
2023-03-19,DMA_034,68.82791276751436,0,0,106.56115592935346
2023-03-19,DMA_035,58.91515138281177,0,0,107.41454034351696
2023-03-19,DMA_036,65.791868560397,0,0,103.01010787554266
2023-03-19,DMA_037,58.37736500096654,0,1,103.75512121861686
2023-03-19,DMA_038,66.01657156400114,0,0,105.81652288044752
2023-03-19,DMA_039,57.24152863167367,0,0,105.18236994030286
2023-03-19,DMA_040,67.82450234137433,0,1,104.07744634456019
2023-03-19,DMA_041,74.0303479204404,0,0,105.00374434366226
2023-03-19,DMA_042,71.35383279974832,0,0,104.99711042475478
2023-03-19,DMA_043,56.328559249336294,0,0,105.36262677731737
2023-03-19,DMA_044,55.373906410506926,0,0,104.81332671028413
2023-03-19,DMA_045,70.07134632126814,0,1,106.47677219047915
2023-03-19,DMA_046,61.46067860339443,0,0,106.62745002746922
2023-03-19,DMA_047,71.59009233484583,0,0,102.16052463117447
2023-03-19,DMA_048,64.95328580236371,0,0,107.2232469861362
2023-03-19,DMA_049,64.91232916896072,0,0,103.6303567844398
2023-03-19,DMA_050,65.02433353888314,0,0,105.88968975437825
2023-03-19,DMA_051,71.52497361892983,0,1,102.96339385694188
2023-03-19,DMA_052,61.54741151036528,0,0,107.33036328382627
2023-03-19,DMA_053,66.13472654141025,0,0,105.78607610276605
2023-03-19,DMA_054,63.926214509299044,0,0,105.5485493355433
2023-03-19,DMA_055,61.68681889275122,0,0,108.05920566421752
2023-03-19,DMA_056,66.5764610706143,0,0,103.04902870486103
2023-03-19,DMA_057,62.625850050995396,0,0,105.51165622163785
2023-03-19,DMA_058,68.22779673607661,0,0,110.71269360251198
2023-03-19,DMA_059,76.26340389832437,0,0,105.93104255375144
2023-03-19,DMA_060,67.20426491533037,0,0,107.21226754902544
2023-03-19,DMA_061,68.49447836722345,0,0,102.97350165257893
2023-03-19,DMA_062,64.94034378782122,0,1,108.3570415858012
2023-03-19,DMA_063,73.2255395291599,0,0,103.45121170609566
2023-03-19,DMA_064,54.59245460204696,0,0,104.15633776595413
2023-03-19,DMA_065,64.58840477580192,0,0,106.05502990345612
2023-03-19,DMA_066,72.35456332291771,0,0,102.12235462398854
2023-03-19,DMA_067,59.20936780844811,0,0,105.52185264894601
2023-03-19,DMA_068,70.19651919517067,0,1,101.19879758654022
2023-03-19,DMA_069,61.698986408470866,0,0,103.75131585425737
2023-03-19,DMA_070,60.34620797086673,0,0,105.53297507167964
2023-03-19,DMA_071,64.58802940612037,0,0,104.71160973999054
2023-03-19,DMA_072,66.39461350486256,0,0,108.52016099794469
2023-03-19,DMA_073,65.75548663392027,0,0,103.43498309229918
2023-03-19,DMA_074,62.95979974592718,0,1,105.59585242698911
2023-03-19,DMA_075,52.994723639446875,0,0,104.97691309747402
2023-03-19,DMA_076,67.10794329117601,0,0,104.26340765643346
2023-03-19,DMA_077,65.85102892749708,0,0,106.10718141313475
2023-03-19,DMA_078,59.307841594059845,0,0,101.26603681303476
2023-03-19,DMA_079,47.446611298051934,0,0,103.2109111618673
2023-03-19,DMA_080,64.4300402797083,0,0,104.7264199910888
2023-03-19,DMA_081,61.467950736933844,0,0,103.90256703332362
2023-03-19,DMA_082,58.83457508869296,0,0,107.25091269381166
2023-03-19,DMA_083,46.05545081995363,0,0,106.12993473281199
2023-03-19,DMA_084,53.868090978949496,0,0,106.3670083040749
2023-03-19,DMA_085,62.61595315168129,0,0,104.92702179320962
2023-03-19,DMA_086,62.471664621129456,0,0,103.08132981953344
2023-03-19,DMA_087,53.19855216845196,0,0,104.90430438332477
2023-03-19,DMA_088,64.60017973158871,0,0,107.45584932330169
2023-03-19,DMA_089,58.5506997551776,0,0,107.91093296443317
2023-03-19,DMA_090,61.35688906716419,0,0,107.57562675879055
2023-03-19,DMA_091,65.2830237091198,0,0,104.84806716965002
2023-03-19,DMA_092,55.84741434117449,0,1,105.87722591481675
2023-03-19,DMA_093,63.96411121189819,0,0,104.93594645964507
2023-03-19,DMA_094,69.28757425792858,0,0,103.67456049923085
2023-03-19,DMA_095,64.36161133219686,0,0,103.51422208473933
2023-03-19,DMA_096,48.46429377971491,0,1,105.52542647803477
2023-03-19,DMA_097,64.10513782618382,0,0,104.30706294387434
2023-03-19,DMA_098,59.221479478973336,0,0,104.74271633567433
2023-03-19,DMA_099,49.84221633046545,0,0,101.43608753556508
2023-03-19,DMA_100,63.06316855105672,0,0,105.31685802685354
2023-03-19,DMA_101,69.76743685260902,0,1,105.02357869860874
2023-03-19,DMA_102,68.42371388006671,0,1,108.8677033482077
2023-03-19,DMA_103,62.97838128530661,0,0,100.73991782175996
2023-03-19,DMA_104,71.35287314136778,0,1,106.25607972427538
2023-03-19,DMA_105,66.61822167992179,0,1,105.22593659074288
2023-03-19,DMA_106,67.0262953215761,0,1,105.97974684862899
2023-03-19,DMA_107,51.532075400752205,0,0,106.96734438268001
2023-03-19,DMA_108,53.556036602193835,0,0,105.84605010917255
2023-03-19,DMA_109,61.01575910505155,0,0,101.85690315401614
2023-03-19,DMA_110,50.66692835357456,0,1,109.66044226117583
2023-03-19,DMA_111,65.46978546225864,0,0,103.17675806433058
2023-03-19,DMA_112,58.981948333104036,0,0,104.85222351125924
2023-03-19,DMA_113,64.43899748266858,0,1,101.19329605128299
2023-03-19,DMA_114,63.53942502040041,0,0,105.59463793549048
2023-03-19,DMA_115,63.01924890562842,0,0,106.45568009877462
2023-03-19,DMA_116,52.782865796208384,0,1,103.24127948866987
2023-03-19,DMA_117,72.977917738808,0,0,103.11056707758073
2023-03-19,DMA_118,55.451465990300704,0,0,101.26051616719924
2023-03-19,DMA_119,55.707116796929505,0,0,106.68088473559662
2023-03-19,DMA_120,76.12075930867141,0,0,105.515335304074
2023-03-19,DMA_121,53.85601588210849,0,0,103.76347323708883
2023-03-19,DMA_122,66.95786265413483,0,0,108.3379023222815
2023-03-19,DMA_123,54.50774304202434,0,0,107.52701350351478
2023-03-19,DMA_124,54.87191264900418,0,0,106.35219818168711
2023-03-19,DMA_125,67.62064247303212,0,0,106.03010313535452
2023-03-19,DMA_126,59.18021435150687,0,0,106.57466051514852
2023-03-19,DMA_127,62.394849841840795,0,0,105.03097943646321
2023-03-19,DMA_128,66.30071275545522,0,1,103.7715764358948
2023-03-19,DMA_129,72.65101109241542,0,0,102.00099592281765
2023-03-19,DMA_130,53.06204300533139,0,1,105.8673312853634
2023-03-19,DMA_131,73.1743115529613,0,0,102.54231653880777
2023-03-19,DMA_132,59.26994357880349,0,1,98.89759751367546
2023-03-19,DMA_133,55.89998418442995,0,0,107.02598802143653
2023-03-19,DMA_134,58.617017090737015,0,0,105.2127436898271
2023-03-19,DMA_135,65.43318324944879,0,0,102.86114746014766
2023-03-19,DMA_136,66.04638021049178,0,0,105.52308905405937
2023-03-19,DMA_137,57.86335542530388,0,1,104.60460865905037
2023-03-19,DMA_138,65.53586657546236,0,0,107.18944511218842
2023-03-19,DMA_139,61.946926487983426,0,0,108.43761194255879
2023-03-19,DMA_140,67.53397747453701,0,0,103.68599676697956
2023-03-19,DMA_141,56.064805110725906,0,0,107.59109805182227
2023-03-19,DMA_142,67.48981117341762,0,0,103.71900822628348
2023-03-19,DMA_143,64.57679716620942,0,0,102.61446316412952
2023-03-19,DMA_144,73.9847737199437,0,0,104.39270661064437
2023-03-19,DMA_145,60.03630645806524,0,0,102.57121462529675
2023-03-19,DMA_146,67.47451731931703,0,0,106.74178963854872
2023-03-19,DMA_147,64.00754787078486,0,0,104.5267369084104
2023-03-19,DMA_148,50.3021104295357,0,0,105.99988535978237
2023-03-19,DMA_149,63.142552294221396,0,0,106.18117886559972
2023-03-19,DMA_150,67.60375589733621,0,0,107.77101059372647
2023-03-26,DMA_001,65.72701475953205,0,0,105.6526196240502
2023-03-26,DMA_002,53.381746650151406,0,0,107.6335405132482
2023-03-26,DMA_003,58.13061976570365,0,0,106.15248537425643
2023-03-26,DMA_004,62.2324113859835,0,0,105.87849304698697
2023-03-26,DMA_005,64.32406835769883,0,0,103.32694172291907
2023-03-26,DMA_006,62.942236766624916,0,0,107.8975728274955
2023-03-26,DMA_007,49.24580001880947,0,1,102.16076348768941
2023-03-26,DMA_008,56.400575628491914,0,0,106.06205622504244
2023-03-26,DMA_009,62.49745762989201,0,0,99.70762901590456
2023-03-26,DMA_010,64.66425583131058,0,0,106.40745329583852
2023-03-26,DMA_011,64.97198368791453,0,0,106.50772764864426
2023-03-26,DMA_012,64.62885180048556,0,0,107.76765377355737
2023-03-26,DMA_013,54.52469025805389,0,0,104.9428061083093
2023-03-26,DMA_014,67.86940709368581,0,0,106.44371598053563
2023-03-26,DMA_015,65.5799796577998,0,0,105.56952359579151
2023-03-26,DMA_016,68.10935755061142,0,1,105.2212316961995
2023-03-26,DMA_017,60.90799784342066,0,0,103.79358705489024
2023-03-26,DMA_018,58.76779107976871,0,0,103.9349585114469
2023-03-26,DMA_019,52.88668686596988,0,0,106.5510095490595
2023-03-26,DMA_020,62.164719749335596,0,0,106.69115045112994
2023-03-26,DMA_021,65.72164834850139,0,1,104.54513777570246
2023-03-26,DMA_022,63.0454754905473,0,0,107.09974421064483
2023-03-26,DMA_023,51.035371815305,0,0,107.60707046209015
2023-03-26,DMA_024,59.70652542111669,0,1,106.2745209439312
2023-03-26,DMA_025,63.831012762356714,0,0,104.39676820190338
2023-03-26,DMA_026,54.70971867602163,0,0,102.88361564181544
2023-03-26,DMA_027,59.51540158611785,0,0,100.8120048760633
2023-03-26,DMA_028,52.785116952154,0,0,108.35017609279285
2023-03-26,DMA_029,57.57337521497243,0,1,104.60207050332681
2023-03-26,DMA_030,68.8179248752885,0,1,100.62841975898115
2023-03-26,DMA_031,57.01442046023148,0,0,107.4248416377222
2023-03-26,DMA_032,69.1044190050785,0,0,107.70800245026565
2023-03-26,DMA_033,68.03522325247926,0,0,105.65107630093875
2023-03-26,DMA_034,58.902030984907874,0,0,105.13726103677199
2023-03-26,DMA_035,69.10805370960148,0,0,105.75796408381157
2023-03-26,DMA_036,65.05337487544901,0,1,106.01157019554225
2023-03-26,DMA_037,59.830234591757346,0,0,105.99929866180703
2023-03-26,DMA_038,70.36792947400345,0,0,104.55115085927754
2023-03-26,DMA_039,61.9572198339079,0,0,106.05592336025097
2023-03-26,DMA_040,59.16978958441276,0,0,103.56067291206745
2023-03-26,DMA_041,51.663783063618595,0,0,104.27297009797967
2023-03-26,DMA_042,57.775998849479585,0,0,104.55294936938442
2023-03-26,DMA_043,71.99732848880222,0,1,102.34019097525346
2023-03-26,DMA_044,64.30674711703537,0,0,106.37029991087714
2023-03-26,DMA_045,59.71911613261114,0,0,103.1242719606218
2023-03-26,DMA_046,54.913313811159426,0,0,104.1788599026882
2023-03-26,DMA_047,62.527937554453516,0,0,104.65074957831801
2023-03-26,DMA_048,63.057294957268624,0,0,103.98263379739637
2023-03-26,DMA_049,60.06522285552827,0,0,107.64758266101286
2023-03-26,DMA_050,65.72633634285651,0,0,107.84181283974645
2023-03-26,DMA_051,57.393220011583004,0,0,102.6329086933624
2023-03-26,DMA_052,67.09517887706004,0,0,103.81067203329764
2023-03-26,DMA_053,67.86452816909363,0,0,104.51546881067512
2023-03-26,DMA_054,66.7092703173453,0,0,102.7926811740986
2023-03-26,DMA_055,56.20754179356407,0,0,105.83918775763871
2023-03-26,DMA_056,67.62837484639694,0,0,107.00177007836425
2023-03-26,DMA_057,72.4416338269712,0,1,103.5238807255977
2023-03-26,DMA_058,72.74642930796546,0,0,103.31243303875476
2023-03-26,DMA_059,60.305759974533196,0,0,104.93833002800042
2023-03-26,DMA_060,63.010698635720146,0,0,104.11669052388531
2023-03-26,DMA_061,62.063629359562746,0,0,104.1280752011967
2023-03-26,DMA_062,64.11569256021811,0,0,103.61614907161126
2023-03-26,DMA_063,65.22499681064986,0,0,110.3357360491321
2023-03-26,DMA_064,53.75639876078582,0,1,104.51896202881852
2023-03-26,DMA_065,64.449421407283,0,0,101.53509114321352
2023-03-26,DMA_066,63.918552663741856,0,0,103.14167892555521
2023-03-26,DMA_067,48.30936721743414,0,0,102.0525452604448
2023-03-26,DMA_068,63.59591783695464,0,1,103.48308323772473
2023-03-26,DMA_069,67.76256445209354,0,0,104.18602344854378
2023-03-26,DMA_070,58.70679197855984,0,0,101.13939687201552
2023-03-26,DMA_071,48.06065356563896,0,0,99.34440364007018
2023-03-26,DMA_072,75.70167882958043,0,0,105.51845629675796
2023-03-26,DMA_073,58.019480522633046,0,0,103.06485063018474
2023-03-26,DMA_074,56.801657994212995,0,0,104.13795461808556
2023-03-26,DMA_075,51.20466001098707,0,0,103.73502531566915
2023-03-26,DMA_076,57.047015346770046,0,0,105.94848857781717
2023-03-26,DMA_077,86.2990896698638,0,0,103.05278311292139
2023-03-26,DMA_078,59.92933708754104,0,0,107.51258058927874
2023-03-26,DMA_079,63.12109399217318,0,0,107.61931094590354
2023-03-26,DMA_080,57.41568170876557,0,0,102.93482860670669
2023-03-26,DMA_081,60.25188522237907,0,0,103.72596943933277
2023-03-26,DMA_082,60.6793766690935,0,0,104.18802505220852
2023-03-26,DMA_083,67.03270448193196,0,1,106.34117821677988
2023-03-26,DMA_084,65.74787130919897,0,0,100.33941168693464
2023-03-26,DMA_085,60.40971915625675,0,0,106.08360646088002
2023-03-26,DMA_086,57.496485898137756,0,0,107.19060095843925
2023-03-26,DMA_087,67.9582007830291,0,0,104.76168708669482
2023-03-26,DMA_088,57.342831469723876,0,0,106.18089578737678
2023-03-26,DMA_089,66.11950063623624,0,1,108.44428256831038
2023-03-26,DMA_090,68.87201930434244,0,0,105.09788534007976
2023-03-26,DMA_091,69.62307507161121,0,0,103.43443142851538
2023-03-26,DMA_092,63.40527486925014,0,0,104.09091215610076
2023-03-26,DMA_093,57.4873681895449,0,1,103.099261958104
2023-03-26,DMA_094,51.57399244884145,0,0,109.09556869425805
2023-03-26,DMA_095,55.52853428280224,0,0,103.63935606942937
2023-03-26,DMA_096,51.5648274960287,0,0,104.94220758934958
2023-03-26,DMA_097,63.436259493195834,0,0,104.0255212276047
2023-03-26,DMA_098,64.526318454728,0,0,107.26762279666659
2023-03-26,DMA_099,62.127683675213135,0,0,107.50615134261396
2023-03-26,DMA_100,58.41276379492899,0,0,105.6593819820625
2023-03-26,DMA_101,59.54066940934105,0,0,109.76998428271239
2023-03-26,DMA_102,68.22583477727791,0,0,104.7246630334544
2023-03-26,DMA_103,69.13960465562785,0,0,102.54589775069728
2023-03-26,DMA_104,56.796579880863,0,0,101.72143497603437
2023-03-26,DMA_105,65.26109168655813,0,0,105.19387365669728
2023-03-26,DMA_106,57.33637553338316,0,0,106.10235516158674
2023-03-26,DMA_107,55.81581573869752,0,0,107.9998540359492
2023-03-26,DMA_108,59.409957133167104,0,0,105.56701218474117
2023-03-26,DMA_109,67.80877810138075,0,1,103.86207508616125
2023-03-26,DMA_110,56.85120426933316,0,0,105.03874737752152
2023-03-26,DMA_111,61.14680440488586,0,0,101.80021252670487
2023-03-26,DMA_112,57.457778412776975,0,0,102.69254027282715
2023-03-26,DMA_113,53.58115906509846,0,0,101.65747008442578
2023-03-26,DMA_114,60.89972858549274,0,1,100.6703216445696
2023-03-26,DMA_115,65.57079403128388,0,0,106.36113468557396
2023-03-26,DMA_116,59.98283371958277,0,0,105.17716301042284
2023-03-26,DMA_117,58.59669727305234,0,0,109.31515660982758
2023-03-26,DMA_118,58.264662195683044,0,0,98.62505386388453
2023-03-26,DMA_119,66.18472495545838,0,0,106.87391127631348
2023-03-26,DMA_120,62.297496685023134,0,0,103.66590171598385
2023-03-26,DMA_121,68.88995229546373,0,0,104.32053331911516
2023-03-26,DMA_122,66.88420237912696,0,0,105.33879642406629
2023-03-26,DMA_123,61.8754549094652,0,0,107.04174336854551
2023-03-26,DMA_124,67.1711297020069,0,0,102.74833993310969
2023-03-26,DMA_125,60.24539362379381,0,0,104.12752634953293
2023-03-26,DMA_126,68.19950784966795,0,0,104.69077236228019
2023-03-26,DMA_127,62.776166783555254,0,1,109.62638822044622
2023-03-26,DMA_128,63.42002114049281,0,0,105.27831183172258
2023-03-26,DMA_129,53.00836672042582,0,0,104.37626872652642
2023-03-26,DMA_130,60.97380082843187,0,0,103.40441695978834
2023-03-26,DMA_131,59.28765936835436,0,1,103.90233098321931
2023-03-26,DMA_132,67.22039763762997,0,0,103.46416110323237
2023-03-26,DMA_133,63.5609973842266,0,0,103.59642726586475
2023-03-26,DMA_134,59.9583818554336,0,0,106.17283365870387
2023-03-26,DMA_135,53.53236921066608,0,0,104.47449451168852
2023-03-26,DMA_136,57.35371100256502,0,1,103.48878975444207
2023-03-26,DMA_137,60.08323285930598,0,0,101.62279243523166
2023-03-26,DMA_138,62.472178505689435,0,0,106.4333713248109
2023-03-26,DMA_139,55.391726100986446,0,0,103.67724343038259
2023-03-26,DMA_140,59.40971651307787,0,0,103.58717935604842
2023-03-26,DMA_141,58.64964130400933,0,0,105.52043841250837
2023-03-26,DMA_142,64.1078719258128,0,0,103.16773403092549
2023-03-26,DMA_143,64.31319498707629,0,0,106.41853601735973
2023-03-26,DMA_144,61.903341580031594,0,0,104.41632659469738
2023-03-26,DMA_145,59.04597757451447,0,0,107.54107691648147
2023-03-26,DMA_146,69.31525517057064,0,0,105.53979546644335
2023-03-26,DMA_147,54.74790314026421,0,0,105.52290082649994
2023-03-26,DMA_148,60.63344377362773,0,0,106.13759917843664
2023-03-26,DMA_149,62.70132445443708,0,0,103.7620616716452
2023-03-26,DMA_150,62.567197745892585,0,0,102.45511164198854
2023-04-02,DMA_001,55.319957099368736,0,0,103.87417288058687
2023-04-02,DMA_002,50.44622085221686,0,0,104.21649023162581
2023-04-02,DMA_003,66.43491206996715,0,0,103.47375990197644
2023-04-02,DMA_004,57.26076684282425,0,0,106.77549377658711
2023-04-02,DMA_005,54.05227859749517,0,1,108.33423300335085
2023-04-02,DMA_006,51.97597170230465,0,0,102.09694542701176
2023-04-02,DMA_007,60.926144262035024,0,0,104.31194620828423
2023-04-02,DMA_008,63.724433090522695,0,0,107.52323237367416
2023-04-02,DMA_009,57.86026734743729,0,0,105.45696892122764
2023-04-02,DMA_010,54.97698850156685,0,0,104.30010757025408
2023-04-02,DMA_011,53.83882740779433,0,1,102.6552226539278
2023-04-02,DMA_012,62.91343359589722,0,0,106.5462905331165
2023-04-02,DMA_013,54.38784673712434,0,0,104.40312889123925
2023-04-02,DMA_014,63.798434065351856,0,1,106.99919397448599
2023-04-02,DMA_015,59.37825790084715,0,0,104.53883582325454
2023-04-02,DMA_016,56.17467367602759,0,0,104.73728257280207
2023-04-02,DMA_017,58.66123411322909,0,0,104.2538139445742
2023-04-02,DMA_018,54.43777553757079,0,0,106.49789724326007
2023-04-02,DMA_019,58.46102081456957,0,0,107.106046731617
2023-04-02,DMA_020,59.06933184839599,0,0,105.44179499478015
2023-04-02,DMA_021,54.95565131354502,0,0,108.58751057011996
2023-04-02,DMA_022,71.06850405745416,0,1,106.96867448058866
2023-04-02,DMA_023,61.9747267801974,0,0,107.0050381276242
2023-04-02,DMA_024,51.45804067143464,0,1,107.15393472382344
2023-04-02,DMA_025,58.84572056641968,0,1,106.77286746333883
2023-04-02,DMA_026,56.57337780945773,0,0,107.3230581863854
2023-04-02,DMA_027,62.22961500603074,0,0,108.4662529916057
2023-04-02,DMA_028,55.53563641571128,0,0,104.27793278130449
2023-04-02,DMA_029,55.16406956057964,0,0,102.69439050197202
2023-04-02,DMA_030,54.839487238778545,0,0,105.01484245270487
2023-04-02,DMA_031,55.63413794103626,0,0,105.69508113906612
2023-04-02,DMA_032,58.5989173336733,0,0,104.32334868738499
2023-04-02,DMA_033,69.22574468903662,0,0,103.96704424617653
2023-04-02,DMA_034,61.48030940460268,0,0,102.69119693688387
2023-04-02,DMA_035,59.137809787974945,0,0,106.48878391388571
2023-04-02,DMA_036,51.966354547359856,0,0,103.98559787241715
2023-04-02,DMA_037,50.377298544881725,0,0,104.97520714673828
2023-04-02,DMA_038,53.39669069915424,0,0,105.05432742450354
2023-04-02,DMA_039,50.978746597716984,0,0,102.71203382166269
2023-04-02,DMA_040,59.187183367229686,0,0,110.74712192607515
2023-04-02,DMA_041,51.0290026053404,0,0,103.98524810298774
2023-04-02,DMA_042,60.258557777961855,0,0,103.29803510263513
2023-04-02,DMA_043,57.50923006984399,0,0,108.27941383502696
2023-04-02,DMA_044,62.23959946962194,0,0,107.33445801671338
2023-04-02,DMA_045,58.24133722686589,0,0,105.70337976070299
2023-04-02,DMA_046,61.756636185809306,0,0,107.06222804643029
2023-04-02,DMA_047,58.01191182392541,0,0,105.70812095426176
2023-04-02,DMA_048,62.00902160429556,0,0,105.25925212617956
2023-04-02,DMA_049,57.28052692407925,0,0,106.24794424656179
2023-04-02,DMA_050,63.46297954569782,0,0,105.58393359049735
2023-04-02,DMA_051,58.50056986015487,0,0,102.55073422905389
2023-04-02,DMA_052,55.60019369578134,0,0,107.96947215833492
2023-04-02,DMA_053,59.26370562912577,0,0,104.98491952787147
2023-04-02,DMA_054,54.020155700282835,0,0,104.84064527556744
2023-04-02,DMA_055,59.30234073162092,0,0,102.38287575213039
2023-04-02,DMA_056,73.56594264813674,0,0,104.8244675758028
2023-04-02,DMA_057,54.50809166694363,0,0,107.6146615233919
2023-04-02,DMA_058,67.76088253536291,0,0,106.35579239990112
2023-04-02,DMA_059,56.11554810141082,0,0,102.83270479753139
2023-04-02,DMA_060,49.937162596375586,0,0,106.71749369625499
2023-04-02,DMA_061,55.60901166217756,0,0,106.85196430940293
2023-04-02,DMA_062,64.68962831519826,0,0,107.82523300421286
2023-04-02,DMA_063,56.72603257042017,0,0,102.18306937099071
2023-04-02,DMA_064,50.914842563491355,0,0,105.79246643244576
2023-04-02,DMA_065,53.00566255116353,0,1,101.21313419673702
2023-04-02,DMA_066,53.794222127179104,0,0,102.78175496093755
2023-04-02,DMA_067,52.40897042547878,0,0,107.69152153111412
2023-04-02,DMA_068,59.7945094963635,0,0,106.853984091992
2023-04-02,DMA_069,62.21106130154547,0,0,104.76767718764384
2023-04-02,DMA_070,52.639783018076,0,0,106.00683853550278
2023-04-02,DMA_071,62.837513354924376,0,0,102.37049049654871
2023-04-02,DMA_072,51.9691102426585,0,0,103.21955255991604
2023-04-02,DMA_073,55.553008196373625,0,0,100.46117407372083
2023-04-02,DMA_074,62.56012851689173,0,0,103.77064886045983
2023-04-02,DMA_075,54.96020530111138,0,0,103.11695853214479
2023-04-02,DMA_076,53.62608822215193,0,0,103.18298159848969
2023-04-02,DMA_077,62.338112120363746,0,0,107.18556575455875
2023-04-02,DMA_078,61.96604544572895,0,1,106.83291496198643
2023-04-02,DMA_079,58.32872400064216,0,0,106.52671861383371
2023-04-02,DMA_080,62.53167355878289,0,0,104.5945318578658
2023-04-02,DMA_081,52.07163439778161,0,0,105.21475280640364
2023-04-02,DMA_082,55.18317524221707,0,0,103.70670404815061
2023-04-02,DMA_083,58.8266285192181,0,0,105.718878507107
2023-04-02,DMA_084,51.01648383791658,0,0,105.19362612560695
2023-04-02,DMA_085,60.09509497100514,0,0,101.38159598382458
2023-04-02,DMA_086,62.776717511464035,0,0,104.42037747886066
2023-04-02,DMA_087,63.60195432485653,0,0,108.53402981122238
2023-04-02,DMA_088,67.49428049229687,0,0,110.84156449044879
2023-04-02,DMA_089,64.47497104140993,0,0,106.70257011223198
2023-04-02,DMA_090,62.18470183043226,0,0,106.01299884976592
2023-04-02,DMA_091,68.94966770300175,0,0,106.01797013768407
2023-04-02,DMA_092,60.057974794623824,0,0,105.26142844431438
2023-04-02,DMA_093,51.104002636174,0,0,105.34246057245528
2023-04-02,DMA_094,68.64436527858868,0,0,104.47418889756814
2023-04-02,DMA_095,62.539748825862134,0,0,107.71959697507236
2023-04-02,DMA_096,60.45614424824034,0,0,103.6516303067222
2023-04-02,DMA_097,66.10266439958949,0,0,106.06441457507427
2023-04-02,DMA_098,52.56879545734477,0,0,106.10832329800037
2023-04-02,DMA_099,52.379673619380355,0,0,104.12972020317893
2023-04-02,DMA_100,60.34284119876544,0,0,108.56591055157362
2023-04-02,DMA_101,54.01855121189569,0,0,103.45365116613851
2023-04-02,DMA_102,57.46644974165525,0,0,105.39961999224086
2023-04-02,DMA_103,46.987256565960905,0,0,106.40228823135905
2023-04-02,DMA_104,61.402601802233555,0,1,108.12573843792107
2023-04-02,DMA_105,54.351437592762196,0,0,104.66771148613954
2023-04-02,DMA_106,63.67805127422703,0,0,106.18467147793888
2023-04-02,DMA_107,65.42646646407722,0,0,106.26521036879248
2023-04-02,DMA_108,50.9983136748607,0,1,104.85819339577316
2023-04-02,DMA_109,59.21728832346799,0,0,104.1601010443366
2023-04-02,DMA_110,48.91062104010366,0,1,106.97602425943246
2023-04-02,DMA_111,56.33634772605489,0,0,104.1285231935334
2023-04-02,DMA_112,63.11209738378615,0,0,107.99772391970384
2023-04-02,DMA_113,52.755005779089224,0,0,106.3809028006987
2023-04-02,DMA_114,57.15372670017136,0,0,103.14831778459757
2023-04-02,DMA_115,66.3263751292782,0,0,109.6511835010702
2023-04-02,DMA_116,51.76224542520673,0,1,105.16897791162356
2023-04-02,DMA_117,44.35118039295981,0,0,105.18062249507513
2023-04-02,DMA_118,50.964134283109495,0,0,103.31506931017137
2023-04-02,DMA_119,63.74153872340878,0,0,103.9186623956032
2023-04-02,DMA_120,70.82701712229739,0,1,99.50840110860469
2023-04-02,DMA_121,51.55002658909975,0,0,105.59871411631693
2023-04-02,DMA_122,46.72772809626356,0,0,100.73435658716225
2023-04-02,DMA_123,45.83191462618459,0,0,105.75286278826742
2023-04-02,DMA_124,51.659312160246294,0,0,105.25552199183825
2023-04-02,DMA_125,59.81425911845718,0,1,105.5229975092491
2023-04-02,DMA_126,63.066197894513266,0,1,105.84964573977861
2023-04-02,DMA_127,56.43107331401704,0,0,105.96505068186536
2023-04-02,DMA_128,59.87696465462731,0,0,104.26328095326089
2023-04-02,DMA_129,60.5512812957503,0,0,103.34867103062594
2023-04-02,DMA_130,71.6676707731785,0,0,102.65289101147344
2023-04-02,DMA_131,57.69512866965879,0,0,107.86901372794311
2023-04-02,DMA_132,55.43503759289028,0,0,104.74071112622353
2023-04-02,DMA_133,66.60364420759622,0,0,103.00683334230689
2023-04-02,DMA_134,60.81633018588593,0,0,109.43572245630187
2023-04-02,DMA_135,49.71976286425359,0,0,102.13745035575388
2023-04-02,DMA_136,50.875816870736884,0,0,105.26158923248892
2023-04-02,DMA_137,55.952477645017375,0,0,105.89522617167367
2023-04-02,DMA_138,60.31250456539281,0,0,108.50639437125412
2023-04-02,DMA_139,53.6566497406789,0,0,108.42177106932307
2023-04-02,DMA_140,62.05817194975155,0,0,104.40231745077656
2023-04-02,DMA_141,57.461944307950795,0,0,109.14824297913795
2023-04-02,DMA_142,63.76078667461775,0,0,104.9025434477691
2023-04-02,DMA_143,58.39592579574569,0,0,105.00853241564018
2023-04-02,DMA_144,60.55245168511053,0,0,103.1351202910145
2023-04-02,DMA_145,52.769200143571325,0,1,105.64886584751908
2023-04-02,DMA_146,49.92623444413149,0,0,102.51868425108425
2023-04-02,DMA_147,61.54529395110863,0,0,102.8348371348127
2023-04-02,DMA_148,56.302873019546844,0,0,105.10810970241732
2023-04-02,DMA_149,58.79006466800643,0,0,105.0416900324783
2023-04-02,DMA_150,56.02740552058367,0,1,105.5884879853642
2023-04-09,DMA_001,59.52035948338019,0,0,108.30523259205799
2023-04-09,DMA_002,61.56946496478153,0,0,105.50387600812158
2023-04-09,DMA_003,56.353408525563175,0,1,107.81364624752155
2023-04-09,DMA_004,52.59406933426418,0,0,103.31820438934244
2023-04-09,DMA_005,45.37033359796167,0,0,103.83216013159313
2023-04-09,DMA_006,58.85369201819206,0,0,106.56162706017497
2023-04-09,DMA_007,62.19202076003584,0,0,103.8326995732155
2023-04-09,DMA_008,47.565134187117906,0,1,108.83855417075888
2023-04-09,DMA_009,55.74267860413803,0,0,106.14836683243783
2023-04-09,DMA_010,57.714362463520764,0,0,105.18435616685986
2023-04-09,DMA_011,53.09146995867432,0,0,104.81306338279451
2023-04-09,DMA_012,61.601342614043816,0,0,102.33358383594046
2023-04-09,DMA_013,64.96783579144765,0,0,106.87590556216844
2023-04-09,DMA_014,58.533298914983476,0,0,103.62054312168456
2023-04-09,DMA_015,54.3428338786196,0,0,106.1329836355097
2023-04-09,DMA_016,57.43209653940538,0,1,103.370757870661
2023-04-09,DMA_017,59.483641713304685,0,0,103.62813900725347
2023-04-09,DMA_018,63.470088896252285,0,0,106.32123438176
2023-04-09,DMA_019,41.97317089847761,0,0,104.13960787394538
2023-04-09,DMA_020,52.18406734292437,0,0,104.9509674854008
2023-04-09,DMA_021,53.20204285734204,0,0,106.85189626971454
2023-04-09,DMA_022,55.87410218534096,0,0,105.82834719020516
2023-04-09,DMA_023,44.62074406252782,0,0,106.32770704692454
2023-04-09,DMA_024,56.0513404868796,0,0,106.07000316164546
2023-04-09,DMA_025,49.62635331775705,0,0,106.07112481508126
2023-04-09,DMA_026,49.56952995177755,0,0,104.27787052197046
2023-04-09,DMA_027,50.327532156596575,0,0,107.3924067656228
2023-04-09,DMA_028,53.960480482629826,0,0,110.07974007377366
2023-04-09,DMA_029,57.168780766024234,0,0,105.52948675648811
2023-04-09,DMA_030,44.193495518889705,0,0,105.94787270561687
2023-04-09,DMA_031,55.661263357048185,0,0,105.67591956230751
2023-04-09,DMA_032,55.99399406097632,0,0,105.61036657159089
2023-04-09,DMA_033,57.81515826560734,0,0,104.61083340933725
2023-04-09,DMA_034,55.51119838513045,0,0,108.42788122367745
2023-04-09,DMA_035,54.46553723071528,0,0,100.09457822445265
2023-04-09,DMA_036,62.006568514879945,0,1,103.86128348675653
2023-04-09,DMA_037,56.3164101802346,0,1,108.00741162642151
2023-04-09,DMA_038,54.98041059554788,0,0,103.33124571667906
2023-04-09,DMA_039,55.66518550030317,0,0,107.26582584354888
2023-04-09,DMA_040,63.254215905604156,0,0,103.02851470384293
2023-04-09,DMA_041,63.28998271337412,0,0,105.84008872092348
2023-04-09,DMA_042,57.314404455649466,0,0,101.75057226219413
2023-04-09,DMA_043,60.67872917764381,0,0,104.41113247061624
2023-04-09,DMA_044,60.430655175140885,0,0,101.15609465150082
2023-04-09,DMA_045,51.47266812619403,0,0,102.13522851847098
2023-04-09,DMA_046,52.887006957373515,0,1,102.51752652295782
2023-04-09,DMA_047,45.13852988814228,0,0,103.68806143806994
2023-04-09,DMA_048,57.07257160673882,0,0,104.64473168300024
2023-04-09,DMA_049,62.94887935071134,0,0,105.04967717721523
2023-04-09,DMA_050,45.82450464570169,0,1,102.49941642764541
2023-04-09,DMA_051,54.87255966697698,0,0,105.94844727147455
2023-04-09,DMA_052,60.44067292990155,0,1,100.66891571790784
2023-04-09,DMA_053,55.0653500936493,0,0,105.38655108206916
2023-04-09,DMA_054,52.47683715680184,0,0,103.8760311496337
2023-04-09,DMA_055,55.57599171898938,0,0,106.7488716787053
2023-04-09,DMA_056,56.36144813881591,0,0,104.52352507004159
2023-04-09,DMA_057,55.965606560267524,0,0,103.47199166519515
2023-04-09,DMA_058,42.71912080096486,0,0,108.53444506300107
2023-04-09,DMA_059,50.263244555494516,0,0,107.14328167113273
2023-04-09,DMA_060,55.92863852711522,0,0,108.68694528226747
2023-04-09,DMA_061,50.173767518669,0,0,106.35853765289055
2023-04-09,DMA_062,68.61611265610303,0,0,103.39603843383121
2023-04-09,DMA_063,59.74180497332304,0,0,101.79440128524847
2023-04-09,DMA_064,58.31768205136756,0,1,103.45210231022288
2023-04-09,DMA_065,57.279562122538245,0,1,103.3655400268276
2023-04-09,DMA_066,47.000732108987606,0,0,105.06874187015643
2023-04-09,DMA_067,56.730453980586994,0,0,106.36016250273926
2023-04-09,DMA_068,44.833860676098645,0,0,105.7852547706239
2023-04-09,DMA_069,48.84210173268268,0,0,104.83878013336142
2023-04-09,DMA_070,53.84277319721899,0,0,106.54967479369951
2023-04-09,DMA_071,51.07881096778676,0,0,105.44091701140114
2023-04-09,DMA_072,48.90550320843904,0,0,107.93307762489003
2023-04-09,DMA_073,66.90371130428348,0,0,102.43963776449307
2023-04-09,DMA_074,45.101618846508345,0,0,103.38336594549904
2023-04-09,DMA_075,49.07924153081831,0,0,102.23844427125286
2023-04-09,DMA_076,58.579088380876684,0,0,105.31959354523428
2023-04-09,DMA_077,52.97149964425097,0,0,103.50747011488176
2023-04-09,DMA_078,58.921749712632206,0,0,105.38543640293959
2023-04-09,DMA_079,51.727379851809374,0,0,103.01446785301688
2023-04-09,DMA_080,70.38087983466319,0,0,104.96686883957204
2023-04-09,DMA_081,58.17638483215231,0,0,104.73459321533619
2023-04-09,DMA_082,52.62138223031182,0,0,106.50447765296909
2023-04-09,DMA_083,47.96290884132919,0,0,101.85473901020256
2023-04-09,DMA_084,49.835243693189334,0,0,104.17970113069829
2023-04-09,DMA_085,50.816273854616114,0,0,107.17670465490903
2023-04-09,DMA_086,57.77246815950646,0,0,105.45647948909682
2023-04-09,DMA_087,57.89994203072658,0,1,104.37784382285234
2023-04-09,DMA_088,53.96714286829324,0,0,109.08840078002132
2023-04-09,DMA_089,58.53689076208353,0,0,107.39771240921016
2023-04-09,DMA_090,61.31804322964339,0,0,108.35646639666533
2023-04-09,DMA_091,45.23031514400131,0,0,102.96171869066094
2023-04-09,DMA_092,63.11655646715324,0,0,111.62984201425873
2023-04-09,DMA_093,57.438177073974664,0,0,104.83603075875618
2023-04-09,DMA_094,58.8631672800129,0,0,103.5312925307127
2023-04-09,DMA_095,69.01317256585642,0,0,104.89686974084822
2023-04-09,DMA_096,52.402369568196804,0,0,104.98755635948397
2023-04-09,DMA_097,57.34969908042444,0,0,107.03146708407553
2023-04-09,DMA_098,50.69358804916775,0,0,103.4837125355394
2023-04-09,DMA_099,57.623505213708064,0,0,103.41447797155679
2023-04-09,DMA_100,51.30963128752082,0,0,104.06804599836593
2023-04-09,DMA_101,55.43408953802571,0,0,102.30297293768282
2023-04-09,DMA_102,61.59341703098188,0,0,103.95680168609188
2023-04-09,DMA_103,57.79011646689361,0,0,106.3118549928028
2023-04-09,DMA_104,50.437965088847605,0,0,107.0857981593141
2023-04-09,DMA_105,43.72331973845152,0,0,103.46868312451014
2023-04-09,DMA_106,40.24439249588568,0,1,102.60808157162386
2023-04-09,DMA_107,49.24691851160323,0,0,104.18865281898071
2023-04-09,DMA_108,54.525401446134445,0,0,102.407652649025
2023-04-09,DMA_109,57.68811820642877,0,0,104.53726184467462
2023-04-09,DMA_110,63.280624217695106,0,0,103.47999458832511
2023-04-09,DMA_111,57.61607931098708,0,0,106.1400003771767
2023-04-09,DMA_112,62.46147155044315,0,0,102.27405053123815
2023-04-09,DMA_113,66.54181552265746,0,0,105.61578351494184
2023-04-09,DMA_114,40.85888573478428,0,0,103.64984480962413
2023-04-09,DMA_115,55.805607553002474,0,0,104.7737200675064
2023-04-09,DMA_116,45.64606637155647,0,1,101.72140516698394
2023-04-09,DMA_117,56.963233696888565,0,1,105.78924071544284
2023-04-09,DMA_118,53.58594313392375,0,0,103.66059832314792
2023-04-09,DMA_119,53.47452394710384,0,0,99.5548672983946
2023-04-09,DMA_120,55.954234230420916,0,0,101.88054372341092
2023-04-09,DMA_121,55.3163679812815,0,0,104.87319533999244
2023-04-09,DMA_122,44.861061016506895,0,0,104.56192415545472
2023-04-09,DMA_123,60.37304154398507,0,0,104.75159114607875
2023-04-09,DMA_124,55.123483638899636,0,1,107.50238854582852
2023-04-09,DMA_125,55.59753830116538,0,0,107.55235223286778
2023-04-09,DMA_126,54.70169892757185,0,0,102.82635752311037
2023-04-09,DMA_127,42.42420204956043,0,0,103.84801198633016
2023-04-09,DMA_128,54.504580624144246,0,1,104.90209829445855
2023-04-09,DMA_129,44.09629389572197,0,0,107.77260249445416
2023-04-09,DMA_130,66.2937411315095,0,0,102.78120933284389
2023-04-09,DMA_131,48.241587087507085,0,0,103.14992427832671
2023-04-09,DMA_132,49.318122893898796,0,0,104.79493358509418
2023-04-09,DMA_133,57.77387037465328,0,0,105.28397589263552
2023-04-09,DMA_134,68.66424939003552,0,0,105.11486472321013
2023-04-09,DMA_135,50.297470995803046,0,0,105.24962600103368
2023-04-09,DMA_136,64.22645860918495,0,0,104.23116493432396
2023-04-09,DMA_137,53.75820735283015,0,0,102.37409136421292
2023-04-09,DMA_138,55.138970828109926,0,0,103.87621857487261
2023-04-09,DMA_139,65.82715970731365,0,0,104.86991969678819
2023-04-09,DMA_140,47.450058311237655,0,0,106.65343602312399
2023-04-09,DMA_141,51.471793984338944,0,0,104.11148301601332
2023-04-09,DMA_142,47.4695219338178,0,0,106.01835328828525
2023-04-09,DMA_143,50.569926537919585,0,0,103.82531539550385
2023-04-09,DMA_144,48.27935593573435,0,0,102.4240331448659
2023-04-09,DMA_145,39.973184609969096,0,0,107.91184635707084
2023-04-09,DMA_146,60.77604297260768,0,1,103.71324958721212
2023-04-09,DMA_147,56.3643728836952,0,0,106.51436088101543
2023-04-09,DMA_148,51.90839812896952,0,0,105.46362617410102
2023-04-09,DMA_149,59.40781359540916,0,0,106.95379888043954
2023-04-09,DMA_150,50.822188568804386,0,0,103.7975354119622
2023-04-16,DMA_001,33.66269739957771,0,1,102.65724789443506
2023-04-16,DMA_002,47.539629013144456,0,0,106.5164618329704
2023-04-16,DMA_003,49.91878702315652,0,0,104.33691579615466
2023-04-16,DMA_004,50.513832483640165,0,0,107.09122055387658
2023-04-16,DMA_005,47.76242887679695,0,0,104.65720134281341
2023-04-16,DMA_006,46.716064265810296,0,0,101.92756379400602
2023-04-16,DMA_007,52.167809736544605,0,1,104.93183872726297
2023-04-16,DMA_008,53.17550059717321,0,0,105.25204398540454
2023-04-16,DMA_009,51.42327335521314,0,1,105.25241211855015
2023-04-16,DMA_010,55.32431589898571,0,0,104.34834978343414
2023-04-16,DMA_011,41.042974349493136,0,0,105.33530513037586
2023-04-16,DMA_012,54.849316868421454,0,0,104.12443346308419
2023-04-16,DMA_013,52.59313647166736,0,0,106.56719245317694
2023-04-16,DMA_014,49.495449589869146,0,1,103.85533577471725
2023-04-16,DMA_015,48.92589046184154,0,0,102.51851636109548
2023-04-16,DMA_016,50.0650223903896,0,0,108.45650919007682
2023-04-16,DMA_017,59.78274775174913,0,0,105.05930973664712
2023-04-16,DMA_018,60.71262160756048,0,0,105.72304589871746
2023-04-16,DMA_019,38.58457842226735,0,0,107.1815406753354
2023-04-16,DMA_020,46.56213668372962,0,0,103.96665260964267
2023-04-16,DMA_021,55.889738618604554,0,0,107.34369159923627
2023-04-16,DMA_022,55.494482089504,0,0,105.0772976654377
2023-04-16,DMA_023,58.65558939994141,0,0,108.12990758057046
2023-04-16,DMA_024,50.82521332062235,0,0,103.52980266813937
2023-04-16,DMA_025,51.949774992450344,0,0,103.11255945035748
2023-04-16,DMA_026,53.18624720601284,0,1,104.74211826575633
2023-04-16,DMA_027,55.69339064342288,0,0,101.01948837253637
2023-04-16,DMA_028,52.8195316966946,0,1,104.59054265727717
2023-04-16,DMA_029,52.13868177187181,0,1,105.01886854053026
2023-04-16,DMA_030,57.64495834242055,0,0,107.25443581078105
2023-04-16,DMA_031,54.4564583601565,0,0,103.48639394317844
2023-04-16,DMA_032,60.30082002579307,0,0,105.81004135768411
2023-04-16,DMA_033,53.4743666537327,0,1,104.81460522579533
2023-04-16,DMA_034,34.563750818960514,0,1,106.27956782442295
2023-04-16,DMA_035,39.04740733380589,0,0,101.91995927760127
2023-04-16,DMA_036,48.572823216644096,0,0,106.10698584986612
2023-04-16,DMA_037,52.32814841027584,0,1,105.72355276695721
2023-04-16,DMA_038,52.16429049362739,0,0,101.46686393804698
2023-04-16,DMA_039,55.24626139349536,0,0,103.58935253919253
2023-04-16,DMA_040,57.03848374201185,0,0,104.48684546922881
2023-04-16,DMA_041,48.20288103075547,0,1,102.65208985023582
2023-04-16,DMA_042,52.173586383598774,0,0,103.75597820980578
2023-04-16,DMA_043,57.940181094647144,0,0,106.00316720572454
2023-04-16,DMA_044,56.420012838404624,0,0,106.16239716505613
2023-04-16,DMA_045,53.641591666253376,0,0,105.33081225921804
2023-04-16,DMA_046,44.212518564668976,0,0,107.30389820199103
2023-04-16,DMA_047,64.98036634411014,0,0,105.16937379143226
2023-04-16,DMA_048,52.0274947173508,0,0,107.44414528761281
2023-04-16,DMA_049,49.45535940435373,0,0,105.01029004608232
2023-04-16,DMA_050,55.89183677758622,0,0,105.32517698977951
2023-04-16,DMA_051,51.848367271300205,0,0,102.70874861020197
2023-04-16,DMA_052,63.21289161582777,0,0,103.43701906645519
2023-04-16,DMA_053,43.451052152462054,0,1,103.08926868569672
2023-04-16,DMA_054,47.78889911111738,0,0,105.3468392813129
2023-04-16,DMA_055,51.4584043562414,0,0,104.9734732493433
2023-04-16,DMA_056,55.62613581163206,0,1,105.69332119513889
2023-04-16,DMA_057,51.84162336000968,0,0,106.89371459595691
2023-04-16,DMA_058,57.58977330497555,0,0,103.08261894610453
2023-04-16,DMA_059,44.461454607955886,0,0,106.38710944944816
2023-04-16,DMA_060,39.96267023834524,0,0,105.06217492643569
2023-04-16,DMA_061,49.245858957106655,0,1,106.38928960964961
2023-04-16,DMA_062,48.122789973192596,0,0,102.13840532905031
2023-04-16,DMA_063,53.568502778976956,0,0,102.56710109854846
2023-04-16,DMA_064,40.50657260362887,0,1,106.45057669400175
2023-04-16,DMA_065,57.70435723867557,0,0,103.27941019301424
2023-04-16,DMA_066,56.15700139280083,0,0,104.62383098979811
2023-04-16,DMA_067,55.76867447152637,0,0,105.19931261634406
2023-04-16,DMA_068,50.7343780666011,0,0,103.32613249171607
2023-04-16,DMA_069,49.38268715343695,0,1,102.11296356674804
2023-04-16,DMA_070,56.191049945375596,0,0,106.69069068178155
2023-04-16,DMA_071,52.027190682180986,0,0,103.35861694666379
2023-04-16,DMA_072,44.49187180743644,0,1,105.82597785231734
2023-04-16,DMA_073,62.347057816624705,0,0,105.79332686416409
2023-04-16,DMA_074,46.94150085919381,0,1,104.93845436439607
2023-04-16,DMA_075,54.786656570180064,0,1,103.66695550130098
2023-04-16,DMA_076,57.086831382429665,0,1,105.15523461279622
2023-04-16,DMA_077,54.06463459552745,0,0,103.34010698368394
2023-04-16,DMA_078,52.55666130061236,0,0,104.11312417771089
2023-04-16,DMA_079,51.42904285148241,0,0,104.34541013679863
2023-04-16,DMA_080,50.55370766003366,0,0,104.03745716370766
2023-04-16,DMA_081,52.18613240548956,0,0,104.62865888739661
2023-04-16,DMA_082,50.97771548375233,0,0,107.08840893251893
2023-04-16,DMA_083,62.67952212349098,0,0,106.10550395339511
2023-04-16,DMA_084,49.91014985139476,0,0,103.51221354902458
2023-04-16,DMA_085,45.09594884527927,0,0,103.29594634198567
2023-04-16,DMA_086,59.58152912045918,0,1,106.34315684820305
2023-04-16,DMA_087,50.386194592779745,0,0,104.67867166182764
2023-04-16,DMA_088,53.90300086762237,0,0,106.54262078561445
2023-04-16,DMA_089,53.78528308737181,0,0,104.46302429489332
2023-04-16,DMA_090,56.67579641326997,0,0,105.13263149788052
2023-04-16,DMA_091,56.992756444098696,0,0,102.79174870363107
2023-04-16,DMA_092,58.466757684921895,0,0,101.677629550257
2023-04-16,DMA_093,58.721381523578,0,0,103.93543770194658
2023-04-16,DMA_094,57.47143015402551,0,0,104.80810396391776
2023-04-16,DMA_095,44.097020139250546,0,0,103.64697750001687
2023-04-16,DMA_096,48.98666176809681,0,1,104.26434674364569
2023-04-16,DMA_097,46.882363282014445,0,0,102.84757161868255
2023-04-16,DMA_098,56.9029845004978,0,0,102.41554663175481
2023-04-16,DMA_099,56.54734413756934,0,1,105.56789350534056
2023-04-16,DMA_100,55.35385690310196,0,0,101.88696540254482
2023-04-16,DMA_101,45.33035967549414,0,0,110.3443062400804
2023-04-16,DMA_102,46.35177482839006,0,0,103.54079889368096
2023-04-16,DMA_103,47.02891507493973,0,0,103.18650676149163
2023-04-16,DMA_104,62.82197180548852,0,0,106.68907026041583
2023-04-16,DMA_105,50.01172323931969,0,1,106.52440810036596
2023-04-16,DMA_106,54.13371488087663,0,0,104.43928103193522
2023-04-16,DMA_107,46.64785832367987,0,0,107.62596138531586
2023-04-16,DMA_108,50.642120118086964,0,0,106.74968028753139
2023-04-16,DMA_109,51.664901979925176,0,0,107.14943276361343
2023-04-16,DMA_110,48.20185774315594,0,0,102.4703196360519
2023-04-16,DMA_111,56.65805125323175,0,0,103.41670522711938
2023-04-16,DMA_112,47.97852964895683,0,1,102.79240978680849
2023-04-16,DMA_113,47.15956611443567,0,0,104.03404631591752
2023-04-16,DMA_114,53.143986509086425,0,0,106.31035213872624
2023-04-16,DMA_115,54.519386637912405,0,1,107.99840812996948
2023-04-16,DMA_116,47.76255669756303,0,0,106.17159984898348
2023-04-16,DMA_117,56.13394561484199,0,0,102.56353148535096
2023-04-16,DMA_118,54.13882115748135,0,0,104.14077461878051
2023-04-16,DMA_119,54.779630668322575,0,0,103.68391526344007
2023-04-16,DMA_120,46.58513702750297,0,0,102.06420134404343
2023-04-16,DMA_121,50.83305515814801,0,0,106.24549535095852
2023-04-16,DMA_122,60.30158578897045,0,0,105.34282239814569
2023-04-16,DMA_123,59.82903622628963,0,0,104.39555599958015
2023-04-16,DMA_124,54.06610126124965,0,0,106.52710870675571
2023-04-16,DMA_125,56.51181580521159,0,0,105.08546600998174
2023-04-16,DMA_126,41.877916450647064,0,0,109.11623128558426
2023-04-16,DMA_127,49.96990570193036,0,0,104.06348277211653
2023-04-16,DMA_128,64.09603591162653,0,0,103.50403623916303
2023-04-16,DMA_129,51.866399791003865,0,0,103.96396344125868
2023-04-16,DMA_130,56.90251260037503,0,0,100.7849639574492
2023-04-16,DMA_131,52.2140560703501,0,0,101.43920563321718
2023-04-16,DMA_132,55.953460132793516,0,0,103.56744394849535
2023-04-16,DMA_133,71.81761864878959,0,0,103.29059684274263
2023-04-16,DMA_134,61.68096777724561,0,0,106.01804542395242
2023-04-16,DMA_135,55.95567601937253,0,0,106.19743348679552
2023-04-16,DMA_136,57.707925800490756,0,1,101.7859195580811
2023-04-16,DMA_137,50.39447831317322,0,0,104.630621331197
2023-04-16,DMA_138,49.81393790461734,0,0,105.15042646906022
2023-04-16,DMA_139,59.33085745334431,0,0,109.86716904574098
2023-04-16,DMA_140,51.30171746607568,0,0,106.67955829551396
2023-04-16,DMA_141,50.78201751633363,0,0,108.22362025947386
2023-04-16,DMA_142,56.37813521936464,0,0,108.36933774908242
2023-04-16,DMA_143,54.539316916609344,0,0,107.08705599039696
2023-04-16,DMA_144,56.14600878197504,0,0,102.79460346328624
2023-04-16,DMA_145,48.084708317900784,0,0,104.07229166585044
2023-04-16,DMA_146,58.746615629445074,0,0,106.54235625069859
2023-04-16,DMA_147,51.77059202068776,0,0,102.20396255193646
2023-04-16,DMA_148,59.79323584372541,0,0,105.44159048667034
2023-04-16,DMA_149,45.959435493214336,0,0,104.51196425335269
2023-04-16,DMA_150,48.54866522211436,0,0,104.97211442290994
2023-04-23,DMA_001,47.33228149385673,0,1,106.68325348115269
2023-04-23,DMA_002,41.67465194043822,0,0,103.95788278766526
2023-04-23,DMA_003,54.81013865573873,0,0,102.16947471552025
2023-04-23,DMA_004,49.272389484051644,0,0,104.62146667210256
2023-04-23,DMA_005,46.727412284662186,0,1,103.37239325403786
2023-04-23,DMA_006,52.98552244210736,0,0,106.70709641385444
2023-04-23,DMA_007,56.79764715134253,0,1,105.94935812880603
2023-04-23,DMA_008,51.313642649557295,0,0,103.59792053783335
2023-04-23,DMA_009,55.88886320511199,0,0,103.30667315975062
2023-04-23,DMA_010,48.95759659384507,0,0,103.39334964180755
2023-04-23,DMA_011,42.720106199748614,0,0,105.00487440293267
2023-04-23,DMA_012,55.02170906151622,0,0,101.82835644282441
2023-04-23,DMA_013,50.10572750432014,0,0,105.40780364356958
2023-04-23,DMA_014,65.71242336111126,0,1,107.67283628087056
2023-04-23,DMA_015,65.32665099960352,0,0,106.49285078959228
2023-04-23,DMA_016,43.25532497699419,0,0,107.45703986174176
2023-04-23,DMA_017,49.82330011564451,0,0,102.28665737104595
2023-04-23,DMA_018,47.836147427581025,0,0,107.34164690689562
2023-04-23,DMA_019,54.94762533725935,0,0,102.53355600257972
2023-04-23,DMA_020,50.32293777570893,0,0,104.4216363313894
2023-04-23,DMA_021,56.972877943851465,0,0,105.34279798154252
2023-04-23,DMA_022,42.50326430978107,0,0,103.02658414079077
2023-04-23,DMA_023,54.94488797479038,0,0,108.03510948820932
2023-04-23,DMA_024,46.07100988326053,0,0,103.86894444262637
2023-04-23,DMA_025,50.49669988349784,0,1,108.44177739091397
2023-04-23,DMA_026,52.43159583254338,0,1,104.67155998496204
2023-04-23,DMA_027,45.73447706554378,0,0,106.97828775547849
2023-04-23,DMA_028,42.599047814914385,0,1,106.80084404795326
2023-04-23,DMA_029,52.239379519370196,0,0,109.04152871583081
2023-04-23,DMA_030,58.904409757565176,0,0,105.00117989764962
2023-04-23,DMA_031,44.63970718246893,0,0,107.05734385103717
2023-04-23,DMA_032,40.06665940793019,0,0,106.70217203799896
2023-04-23,DMA_033,55.981003155231804,0,1,106.73883429639683
2023-04-23,DMA_034,50.45188102523592,0,0,102.46953587069277
2023-04-23,DMA_035,52.9516165580939,0,0,106.12101571932992
2023-04-23,DMA_036,48.857946313246494,0,0,105.7376692789896
2023-04-23,DMA_037,45.28881534832806,0,0,104.69694973487637
2023-04-23,DMA_038,62.506856767751174,0,0,105.92266305184683
2023-04-23,DMA_039,57.78256222645704,0,0,103.99304403445113
2023-04-23,DMA_040,36.30748665499441,0,1,104.59527398594318
2023-04-23,DMA_041,45.11134643831815,0,1,108.5088927067861
2023-04-23,DMA_042,45.7327060587776,0,0,101.65686819988571
2023-04-23,DMA_043,44.27409993011429,0,0,105.9655298750519
2023-04-23,DMA_044,52.83125222161587,0,0,103.91865186366668
2023-04-23,DMA_045,40.94143472129572,0,0,103.94197285007971
2023-04-23,DMA_046,45.55131935388802,0,0,107.26185817662585
2023-04-23,DMA_047,48.59559921152796,0,1,103.64501839208702
2023-04-23,DMA_048,48.57463189603835,0,1,103.71868557748452
2023-04-23,DMA_049,45.43840790393353,0,0,104.53480688250824
2023-04-23,DMA_050,43.285722580238556,0,0,107.10239480723563
2023-04-23,DMA_051,46.20589893122227,0,0,101.64272683625947
2023-04-23,DMA_052,47.63173760640543,0,1,109.5358646732482
2023-04-23,DMA_053,47.45238192949629,0,0,108.16035525442372
2023-04-23,DMA_054,44.34513227253667,0,1,103.80093765383724
2023-04-23,DMA_055,45.55546576548551,0,0,106.3603501870342
2023-04-23,DMA_056,52.69307518968746,0,0,102.76607779794364
2023-04-23,DMA_057,39.79472354777509,0,1,103.21689551693156
2023-04-23,DMA_058,47.34921509871922,0,0,101.91903142153458
2023-04-23,DMA_059,48.33317332217975,0,0,100.33186022915136
2023-04-23,DMA_060,44.72747085472963,0,0,101.09802803489254
2023-04-23,DMA_061,44.45120755958126,0,0,106.95844756602698
2023-04-23,DMA_062,52.960916673799524,0,0,102.62493464288366
2023-04-23,DMA_063,49.51025967554099,0,0,105.58495916069865
2023-04-23,DMA_064,48.826356221400005,0,0,103.7213758007521
2023-04-23,DMA_065,56.376927311265604,0,0,109.51347710105232
2023-04-23,DMA_066,42.21775653415876,0,0,104.28588145243873
2023-04-23,DMA_067,55.485865694679866,0,0,104.46632351261069
2023-04-23,DMA_068,48.55297904406939,0,0,102.66910434996218
2023-04-23,DMA_069,39.49380715421861,0,0,105.65551318747788
2023-04-23,DMA_070,56.54041275016602,0,0,101.46926472783593
2023-04-23,DMA_071,49.14974493186526,0,1,104.47096211516762
2023-04-23,DMA_072,51.342122092114536,0,0,104.49543983913009
2023-04-23,DMA_073,48.26110124990909,0,0,103.68770930519554
2023-04-23,DMA_074,46.95057599219965,0,0,107.45232439313469
2023-04-23,DMA_075,42.04141965288745,0,1,106.27737945283113
2023-04-23,DMA_076,54.923558173275595,0,0,104.9884248484722
2023-04-23,DMA_077,46.92214454949754,0,1,104.81459846330739
2023-04-23,DMA_078,53.10957632845864,0,0,102.88487117875448
2023-04-23,DMA_079,49.27394114564981,0,0,104.60643895618698
2023-04-23,DMA_080,43.32433675707906,0,0,106.18515045011462
2023-04-23,DMA_081,44.02752690145705,0,0,103.95835961173161
2023-04-23,DMA_082,46.82590034175994,0,0,107.84755121754975
2023-04-23,DMA_083,44.20815766079744,0,0,106.33704681297831
2023-04-23,DMA_084,53.24028728565516,0,0,107.44598148726485
2023-04-23,DMA_085,44.796216521877724,0,0,102.07880696341697
2023-04-23,DMA_086,62.226697807977935,0,1,102.07011961096894
2023-04-23,DMA_087,52.57859327873618,0,0,100.65963388963098
2023-04-23,DMA_088,45.49333009572166,0,0,108.8626298891605
2023-04-23,DMA_089,51.817702435962545,0,0,106.2919284086265
2023-04-23,DMA_090,55.65258189860181,0,0,102.49400570479074
2023-04-23,DMA_091,48.217305524968204,0,0,102.50676003495553
2023-04-23,DMA_092,61.11325231354188,0,0,105.71028054030283
2023-04-23,DMA_093,55.23172321947949,0,0,100.50183636973155
2023-04-23,DMA_094,38.773123768724524,0,0,102.07582666590818
2023-04-23,DMA_095,40.24140402365666,0,0,105.4944797628878
2023-04-23,DMA_096,49.69003361592091,0,0,102.89661002546809
2023-04-23,DMA_097,54.54838238152528,0,0,104.82112993920775
2023-04-23,DMA_098,40.45039918386824,0,0,106.81594756066987
2023-04-23,DMA_099,50.986144664594285,0,0,107.89374646440139
2023-04-23,DMA_100,55.63022375686578,0,0,104.45963136140949
2023-04-23,DMA_101,42.97706076484004,0,0,105.75761364878842
2023-04-23,DMA_102,50.9417515611343,0,1,102.75140897765344
2023-04-23,DMA_103,62.6314482252689,0,0,108.81001114692484
2023-04-23,DMA_104,54.59200758721479,0,0,102.9714864242878
2023-04-23,DMA_105,43.86249430422037,0,0,104.80356257817381
2023-04-23,DMA_106,46.87406079175716,0,0,108.22329880223688
2023-04-23,DMA_107,44.73778626011922,0,0,104.47777003713837
2023-04-23,DMA_108,51.4577235547527,0,0,101.88896166393526
2023-04-23,DMA_109,53.63530379154618,0,0,100.88022318009702
2023-04-23,DMA_110,43.76625347765925,0,0,105.40879270235651
2023-04-23,DMA_111,52.15558523822967,0,0,103.99592057413209
2023-04-23,DMA_112,47.31326313832278,0,0,102.8178113303865
2023-04-23,DMA_113,39.33071964300794,0,1,104.30566614752902
2023-04-23,DMA_114,50.50506871553243,0,0,99.00645582771035
2023-04-23,DMA_115,43.55299123259905,0,1,106.45412928140803
2023-04-23,DMA_116,47.34066663341906,0,0,102.64573493320754
2023-04-23,DMA_117,54.99884893610268,0,0,102.5175148788058
2023-04-23,DMA_118,42.08664818291373,0,0,108.00093371112929
2023-04-23,DMA_119,53.29016551780463,0,0,104.85835852939593
2023-04-23,DMA_120,43.08716051793671,0,0,104.42209077196588
2023-04-23,DMA_121,55.53193094700694,0,0,106.92755712100652
2023-04-23,DMA_122,54.4300303208295,0,0,105.26562822246537
2023-04-23,DMA_123,53.22344295507013,0,0,105.27643383049988
2023-04-23,DMA_124,50.869549475895035,0,0,107.61617523880565
2023-04-23,DMA_125,47.28439001719283,0,0,107.4717698162184
2023-04-23,DMA_126,62.40881576264675,0,0,105.4143553360957
2023-04-23,DMA_127,54.10121811936864,0,0,108.20785662056805
2023-04-23,DMA_128,53.269534891508556,0,0,105.86197696942445
2023-04-23,DMA_129,58.75784546544468,0,0,102.40398279398731
2023-04-23,DMA_130,45.47976335305327,0,0,104.65821709291842
2023-04-23,DMA_131,54.60316382060579,0,0,104.71407927567448
2023-04-23,DMA_132,47.82792654182544,0,0,106.57359193328664
2023-04-23,DMA_133,43.76961086577648,0,0,102.82888055514216
2023-04-23,DMA_134,48.30136788891858,0,0,102.22276495348798
2023-04-23,DMA_135,53.871499118191416,0,0,103.4578072380196
2023-04-23,DMA_136,35.18419641463214,0,0,105.52548422394335
2023-04-23,DMA_137,55.465163823519035,0,0,102.1167630332006
2023-04-23,DMA_138,51.81723753673336,0,0,104.55292309331873
2023-04-23,DMA_139,48.43942394566037,0,0,105.16047810672994
2023-04-23,DMA_140,45.3150591467859,0,0,103.00454373941676
2023-04-23,DMA_141,59.587241515252316,0,1,105.54765787388641
2023-04-23,DMA_142,47.398315224962886,0,0,102.62857918496056
2023-04-23,DMA_143,32.68601487279863,0,1,104.30393209123952
2023-04-23,DMA_144,44.59332014112351,0,0,106.09013866786945
2023-04-23,DMA_145,60.92726894108253,0,1,103.55605101698629
2023-04-23,DMA_146,49.50188337400864,0,0,104.82045708582699
2023-04-23,DMA_147,37.60644381876324,0,1,105.34806681177199
2023-04-23,DMA_148,51.684318718385235,0,0,104.77102415007055
2023-04-23,DMA_149,59.03385250907871,0,0,104.78147160880572
2023-04-23,DMA_150,56.266949885289364,0,0,104.35441978676549
2023-04-30,DMA_001,47.58340802499932,0,0,109.37416297066967
2023-04-30,DMA_002,42.38154828577539,0,0,103.58217000848342
2023-04-30,DMA_003,44.39593391606238,0,0,104.35358351693678
2023-04-30,DMA_004,35.876549787362976,0,0,105.19474726880664
2023-04-30,DMA_005,45.68726524871153,0,0,103.66910945616489
2023-04-30,DMA_006,45.31131552004862,0,0,104.48375911952121
2023-04-30,DMA_007,52.52187810985339,0,1,99.8076588324404
2023-04-30,DMA_008,33.51293782167853,0,0,103.090236914805
2023-04-30,DMA_009,43.092311910072254,0,0,105.17689846252351
2023-04-30,DMA_010,51.14481149459006,0,0,106.18808939652142
2023-04-30,DMA_011,40.766647410032235,0,0,107.88188329137633
2023-04-30,DMA_012,41.31523801870398,0,0,101.21366716394385
2023-04-30,DMA_013,52.417366047192,0,0,103.60628323784424
2023-04-30,DMA_014,51.46870131646019,0,0,101.40517131099801
2023-04-30,DMA_015,33.37529202654363,0,1,105.66730329980771
2023-04-30,DMA_016,41.55583541855785,0,0,107.06236514452695
2023-04-30,DMA_017,47.93600440945408,0,0,103.06687214491778
2023-04-30,DMA_018,53.95141536708824,0,0,104.61134161153699
2023-04-30,DMA_019,48.451534799667186,0,1,108.05765857227128
2023-04-30,DMA_020,48.44700419349552,0,0,103.43792673793043
2023-04-30,DMA_021,57.93219974535382,0,0,106.24136922961998
2023-04-30,DMA_022,51.35752337001856,0,0,105.27298025881055
2023-04-30,DMA_023,43.20729758062252,0,0,104.12465902237408
2023-04-30,DMA_024,50.282930294091955,0,0,106.12873364409784
2023-04-30,DMA_025,40.08042066803953,0,1,106.76735911803246
2023-04-30,DMA_026,39.14605319236722,0,0,104.6022056288089
2023-04-30,DMA_027,52.96403520527279,0,0,106.31668902064024
2023-04-30,DMA_028,51.030505857061314,0,0,101.62257097536416
2023-04-30,DMA_029,60.5882222100839,0,0,104.42080569383288
2023-04-30,DMA_030,51.636148300519906,0,0,100.02961271766459
2023-04-30,DMA_031,39.170862206114364,0,0,106.28830387592163
2023-04-30,DMA_032,50.3210132528216,0,0,104.11799607689822
2023-04-30,DMA_033,37.49228637007702,0,1,106.40978558827283
2023-04-30,DMA_034,47.924538270411595,0,0,105.5599568218117
2023-04-30,DMA_035,62.4065254230586,0,0,104.86587695818409
2023-04-30,DMA_036,46.22188181561838,0,0,107.16383293520722
2023-04-30,DMA_037,41.74734298987712,0,1,99.79233233161668
2023-04-30,DMA_038,57.82178763986006,0,1,105.67360071302224
2023-04-30,DMA_039,50.168478182313066,0,0,104.62194866070291
2023-04-30,DMA_040,43.46795126203049,0,1,101.8375528970724
2023-04-30,DMA_041,33.25090230766915,0,0,104.85322786738277
2023-04-30,DMA_042,52.94110395675139,0,0,104.61791467204036
2023-04-30,DMA_043,49.998137041580016,0,0,104.38224314700501
2023-04-30,DMA_044,42.944887244054875,0,1,103.12458178201818
2023-04-30,DMA_045,48.06945193510575,0,0,104.56477867625001
2023-04-30,DMA_046,41.006278019316596,0,1,101.78389622644121
2023-04-30,DMA_047,46.14688473133013,0,0,101.05450608235503
2023-04-30,DMA_048,39.49665104712738,0,0,108.16009943531125
2023-04-30,DMA_049,44.21333809747008,0,1,102.69374215170924
2023-04-30,DMA_050,57.37469631273477,0,0,105.24310869077047
2023-04-30,DMA_051,46.367962281788785,0,0,103.96154297190107
2023-04-30,DMA_052,46.884651293866526,0,0,108.84807717197856
2023-04-30,DMA_053,60.61681730747574,0,0,105.35448723498199
2023-04-30,DMA_054,48.63985885341192,0,0,103.32983514415464
2023-04-30,DMA_055,43.125987252979385,0,0,104.1108143433736
2023-04-30,DMA_056,44.7047853111825,0,0,107.07681277788092
2023-04-30,DMA_057,47.07710222273305,0,0,103.98018937287263
2023-04-30,DMA_058,40.3659028715766,0,0,102.3924058622059
2023-04-30,DMA_059,37.715031591916805,0,0,103.3791361485037
2023-04-30,DMA_060,48.43118985759496,0,0,105.56027295972108
2023-04-30,DMA_061,48.41317298066636,0,1,105.51640665592205
2023-04-30,DMA_062,50.46739417996026,0,0,102.43704871764866
2023-04-30,DMA_063,53.023297046377216,0,0,105.1928928384526
2023-04-30,DMA_064,52.561610537200295,0,0,105.78705647867379
2023-04-30,DMA_065,45.926523213671906,0,0,105.4273005929498
2023-04-30,DMA_066,42.49714751619476,0,0,104.99021758650163
2023-04-30,DMA_067,50.48072396188676,0,1,104.99103763397115
2023-04-30,DMA_068,40.59150997698599,0,0,105.46675022862827
2023-04-30,DMA_069,39.920934168655215,0,0,101.35541103057035
2023-04-30,DMA_070,43.6706313477126,0,0,105.23080236551398
2023-04-30,DMA_071,50.96271322787095,0,0,104.82336604874108
2023-04-30,DMA_072,52.09983629268063,0,0,102.00076440688187
2023-04-30,DMA_073,43.52476837005414,0,0,104.25228835451948
2023-04-30,DMA_074,46.151154759287465,0,0,106.94440165839511
2023-04-30,DMA_075,54.960937845220855,0,0,102.69790194979014
2023-04-30,DMA_076,36.00631632379448,0,1,107.05720236967075
2023-04-30,DMA_077,48.65447331487983,0,0,105.93109044341416
2023-04-30,DMA_078,36.376604883059386,0,0,106.81184877863933
2023-04-30,DMA_079,47.6309313128767,0,0,103.27468192061417
2023-04-30,DMA_080,56.87198367649816,0,0,107.35360856315812
2023-04-30,DMA_081,50.5157398047774,0,0,105.46240845501183
2023-04-30,DMA_082,37.485254362673764,0,0,102.76466877029229
2023-04-30,DMA_083,50.421688035617265,0,0,106.27723334281988
2023-04-30,DMA_084,47.6616464243775,0,0,105.96315853608036
2023-04-30,DMA_085,48.15878745659086,0,1,102.43498618065469
2023-04-30,DMA_086,55.442061902948204,0,0,99.5887025951799
2023-04-30,DMA_087,47.288996598184916,0,0,104.80639947054601
2023-04-30,DMA_088,41.68510261515161,0,0,104.50629779512296
2023-04-30,DMA_089,46.0043282528332,0,0,105.90939164183334
2023-04-30,DMA_090,51.55935648126825,0,0,106.41363599325373
2023-04-30,DMA_091,55.39854955191078,0,0,103.4220061857355
2023-04-30,DMA_092,39.36982475192083,0,0,105.81194736241306
2023-04-30,DMA_093,54.51772379036191,0,0,105.68306831529729
2023-04-30,DMA_094,49.61701852480874,0,1,106.94323597612058
2023-04-30,DMA_095,43.92094253387439,0,0,105.29642242485917
2023-04-30,DMA_096,53.55692283157323,0,0,101.59056586980036
2023-04-30,DMA_097,41.47614202023126,0,0,104.71379307949385
2023-04-30,DMA_098,44.74450485258085,0,1,105.78636812460665
2023-04-30,DMA_099,51.05360476980303,0,0,106.67975824765551
2023-04-30,DMA_100,44.50807594086847,0,0,105.99365402792887
2023-04-30,DMA_101,42.42179803521413,0,0,104.07812794846325
2023-04-30,DMA_102,44.93466152972271,0,1,103.36483202871669
2023-04-30,DMA_103,55.60092702691408,0,0,104.76994422560612
2023-04-30,DMA_104,47.1660421587651,0,0,102.70424417836122
2023-04-30,DMA_105,37.43815746627274,0,0,103.68222604916409
2023-04-30,DMA_106,50.25310146328567,0,0,104.23585086908983
2023-04-30,DMA_107,43.42806076643108,0,0,102.27962375910819
2023-04-30,DMA_108,50.11028148624261,0,0,103.24480374221734
2023-04-30,DMA_109,41.0868618669742,0,0,104.5943008557194
2023-04-30,DMA_110,49.79088032099838,0,0,103.46587081732139
2023-04-30,DMA_111,48.64805285384139,0,0,102.79458237775103
2023-04-30,DMA_112,48.41842562535148,0,0,104.18689086728082
2023-04-30,DMA_113,43.94252814184768,0,0,105.84640563487469
2023-04-30,DMA_114,49.89558561098238,0,0,108.4502796199984
2023-04-30,DMA_115,58.56766797129446,0,0,103.05749231672804
2023-04-30,DMA_116,38.539948116592385,0,1,102.67921279672309
2023-04-30,DMA_117,53.03369591327227,0,0,99.82985636674616
2023-04-30,DMA_118,41.52520712107638,0,0,102.56992412249919
2023-04-30,DMA_119,49.44333281992209,0,0,102.48396050058894
2023-04-30,DMA_120,46.87121906406949,0,0,105.42180802494416
2023-04-30,DMA_121,37.48204017485454,0,0,102.8634261162505
2023-04-30,DMA_122,48.844339342777175,0,0,102.20385317656596
2023-04-30,DMA_123,52.27745250486552,0,1,107.99497119626801
2023-04-30,DMA_124,53.689411676663156,0,0,105.18925102082044
2023-04-30,DMA_125,46.00751013678608,0,0,104.00885859030313
2023-04-30,DMA_126,49.48682189142499,0,1,106.22376408899581
2023-04-30,DMA_127,37.398312819491366,0,0,107.8631158691154
2023-04-30,DMA_128,49.45444020486627,0,1,105.23959479347654
2023-04-30,DMA_129,42.42536294683168,0,0,99.2233197497262
2023-04-30,DMA_130,42.30706705336803,0,0,102.4706938251145
2023-04-30,DMA_131,41.26036896283881,0,0,110.23055510009075
2023-04-30,DMA_132,46.94727951763959,0,0,100.37424674733272
2023-04-30,DMA_133,29.486638160962393,0,1,102.3038699225848
2023-04-30,DMA_134,47.06752155189425,0,0,105.53099027048793
2023-04-30,DMA_135,39.80963705009479,0,0,105.11918173412154
2023-04-30,DMA_136,43.77318550650795,0,0,103.9386144307626
2023-04-30,DMA_137,50.16736964175322,0,0,102.4240911833158
2023-04-30,DMA_138,43.45742065145656,0,0,101.67605241274765
2023-04-30,DMA_139,46.46118074173554,0,0,105.10553653685366
2023-04-30,DMA_140,46.11203968416315,0,0,103.10873080719925
2023-04-30,DMA_141,46.35024653162011,0,0,105.02704686479284
2023-04-30,DMA_142,61.71535968274573,0,0,105.3213553273022
2023-04-30,DMA_143,38.89811462986606,0,0,104.83992234019203
2023-04-30,DMA_144,42.99218326491233,0,0,102.46192004310006
2023-04-30,DMA_145,53.17171815383237,0,0,103.01642589661466
2023-04-30,DMA_146,47.23131956835798,0,0,104.16656195894176
2023-04-30,DMA_147,45.169601431713346,0,0,104.20687807450383
2023-04-30,DMA_148,50.1541197091283,0,0,104.20608963021623
2023-04-30,DMA_149,37.90459995194241,0,0,104.32237414361627
2023-04-30,DMA_150,38.24731687454029,0,0,100.60729245652993
2023-05-07,DMA_001,47.662168331920626,0,1,102.39811814662795
2023-05-07,DMA_002,52.47421645188783,0,1,104.874014808731
2023-05-07,DMA_003,37.818888780902256,0,0,103.0640938412251
2023-05-07,DMA_004,43.83063413796799,0,0,103.84370418586869
2023-05-07,DMA_005,41.86418044929606,0,1,106.20222801826185
2023-05-07,DMA_006,44.954436875991,0,0,105.24527677153739
2023-05-07,DMA_007,35.58163130195361,0,0,103.99871768451646
2023-05-07,DMA_008,37.83957997794024,0,1,101.52625265016036
2023-05-07,DMA_009,57.05141811381782,0,0,107.48811330984077
2023-05-07,DMA_010,30.287149028280915,0,0,101.54583890497045
2023-05-07,DMA_011,35.30360000561468,0,0,104.81941361245217
2023-05-07,DMA_012,37.51050569842549,0,0,106.61475133664153
2023-05-07,DMA_013,47.75681679336678,0,0,106.07040067628985
2023-05-07,DMA_014,41.65250738992663,0,0,103.2992981668763
2023-05-07,DMA_015,32.46384360330023,0,0,104.11814469201458
2023-05-07,DMA_016,45.87100283788924,0,1,105.5676070370188
2023-05-07,DMA_017,52.27553153634546,0,0,103.00853990718322
2023-05-07,DMA_018,47.662959012642375,0,0,105.47035451733481
2023-05-07,DMA_019,53.54718821592784,0,1,99.43867344589086
2023-05-07,DMA_020,41.918323103616025,0,0,103.72855013530105
2023-05-07,DMA_021,49.06998062380595,0,1,104.06034622149464
2023-05-07,DMA_022,56.227510327748256,0,0,103.20997073713053
2023-05-07,DMA_023,42.055279493748465,0,0,105.67230336565089
2023-05-07,DMA_024,48.15045917434131,0,0,103.00665377391044
2023-05-07,DMA_025,36.90751198733221,0,0,102.49415109712514
2023-05-07,DMA_026,32.76710342979204,0,0,101.26383762600506
2023-05-07,DMA_027,50.60649432413539,0,0,106.88470353166416
2023-05-07,DMA_028,43.95342721898958,0,0,103.19576022860619
2023-05-07,DMA_029,44.02853245222924,0,0,100.41960529261021
2023-05-07,DMA_030,49.91568952530722,0,0,106.92249208900208
2023-05-07,DMA_031,45.537362326957876,0,0,104.63501933408078
2023-05-07,DMA_032,45.542669849803346,0,0,106.11006359535821
2023-05-07,DMA_033,48.9466673359627,0,0,104.65121573063927
2023-05-07,DMA_034,54.46818674247628,0,1,106.44832141902273
2023-05-07,DMA_035,43.36914101954579,0,0,105.41294495743166
2023-05-07,DMA_036,32.07868047144409,0,0,104.69836369471406
2023-05-07,DMA_037,42.67879628129777,0,0,109.40389181749906
2023-05-07,DMA_038,34.402061415999,0,0,104.91057517747541
2023-05-07,DMA_039,46.236456199593235,0,0,105.10370779120827
2023-05-07,DMA_040,53.9633046825939,0,0,102.45805008506748
2023-05-07,DMA_041,40.494111540225454,0,0,105.82325664674882
2023-05-07,DMA_042,61.07369089448632,0,0,102.71837060047413
2023-05-07,DMA_043,44.45577198901713,0,1,103.47338994157829
2023-05-07,DMA_044,46.065910415845,0,0,105.53559170450237
2023-05-07,DMA_045,40.34257301422431,0,0,102.99742631597859
2023-05-07,DMA_046,37.956937244418924,0,0,105.98591801365359
2023-05-07,DMA_047,41.9362380884199,0,0,102.14856023228762
2023-05-07,DMA_048,49.01063997909086,0,0,101.91144759220133
2023-05-07,DMA_049,50.60952161859059,0,0,103.96062075580993
2023-05-07,DMA_050,41.608233078909926,0,1,101.99109723836732
2023-05-07,DMA_051,50.8909131806962,0,1,104.10367749846039
2023-05-07,DMA_052,47.76502918349561,0,0,106.91066155140813
2023-05-07,DMA_053,41.63100043944545,0,0,102.76698338353093
2023-05-07,DMA_054,52.93486017461078,0,0,102.8728919323432
2023-05-07,DMA_055,50.5427113934967,0,0,101.38720360198803
2023-05-07,DMA_056,46.89205760354484,0,0,103.48563127947031
2023-05-07,DMA_057,34.33732222852559,0,0,105.63492279921813
2023-05-07,DMA_058,33.85243451365384,0,1,105.15025824642656
2023-05-07,DMA_059,50.46124165434324,0,0,105.97695788457975
2023-05-07,DMA_060,39.55089270596003,0,0,102.90689905077943
2023-05-07,DMA_061,43.74020892222958,0,0,104.44903201541183
2023-05-07,DMA_062,48.53555745159665,0,0,107.53695872272696
2023-05-07,DMA_063,37.70931531312574,0,0,100.68039113339898
2023-05-07,DMA_064,44.23101803763623,0,0,102.8921365902711
2023-05-07,DMA_065,48.39709011222518,0,0,101.24555235088013
2023-05-07,DMA_066,46.26877622192913,0,0,105.55842017889817
2023-05-07,DMA_067,43.386293723775196,0,0,106.4449487713973
2023-05-07,DMA_068,45.18736374744164,0,1,105.19810705161599
2023-05-07,DMA_069,44.772422435496225,0,0,103.92161620746838
2023-05-07,DMA_070,43.08788351774503,0,0,104.58209763282227
2023-05-07,DMA_071,46.90608053634509,0,0,101.74907215362413
2023-05-07,DMA_072,36.059690038032585,0,1,102.05477889892873
2023-05-07,DMA_073,44.50254932510634,0,0,101.87650938143923
2023-05-07,DMA_074,46.930350262355724,0,1,105.53678100723283
2023-05-07,DMA_075,44.51946929332142,0,0,102.74360309450157
2023-05-07,DMA_076,49.23877696220048,0,0,104.36321317654003
2023-05-07,DMA_077,55.654789700974746,0,0,102.76984341061852
2023-05-07,DMA_078,37.8166861500968,0,1,104.6578146457366
2023-05-07,DMA_079,37.05562391777312,0,0,102.96071713155492
2023-05-07,DMA_080,35.66804604900535,0,0,102.119578141857
2023-05-07,DMA_081,43.282934311246585,0,0,103.338304094339
2023-05-07,DMA_082,47.4320447283522,0,0,107.0464642137151
2023-05-07,DMA_083,43.53478915737761,0,0,104.93052443148494
2023-05-07,DMA_084,42.274446685303936,0,0,105.26924022216365
2023-05-07,DMA_085,39.44678660535061,0,0,104.03257108986807
2023-05-07,DMA_086,47.29266275606625,0,1,105.6741673603518
2023-05-07,DMA_087,35.07837136694381,0,1,101.3228403073763
2023-05-07,DMA_088,41.50984507476222,0,0,105.61218792308621
2023-05-07,DMA_089,39.07872247598275,0,0,100.56349068547009
2023-05-07,DMA_090,43.1089144405602,0,0,100.0150577918959
2023-05-07,DMA_091,29.419018743130728,0,0,105.19350223371808
2023-05-07,DMA_092,39.045913342927435,0,0,104.48267279543883
2023-05-07,DMA_093,43.522055349170444,0,0,106.32894241203961
2023-05-07,DMA_094,42.780694331471445,0,0,104.62481265624633
2023-05-07,DMA_095,42.69774413217511,0,0,104.01690867377435
2023-05-07,DMA_096,48.56100452501855,0,1,102.62294777842206
2023-05-07,DMA_097,36.401861916857015,0,0,103.70719137805088
2023-05-07,DMA_098,40.631244999009944,0,0,105.7272462413491
2023-05-07,DMA_099,43.363191728129955,0,1,103.36809830586124
2023-05-07,DMA_100,43.940613128889446,0,1,103.52728025292255
2023-05-07,DMA_101,41.83168899385923,0,0,105.98088447351431
2023-05-07,DMA_102,47.37194517951339,0,0,101.80116788774978
2023-05-07,DMA_103,48.826924576841506,0,0,105.35037499026014
2023-05-07,DMA_104,34.04717480421772,0,0,106.93710046839269
2023-05-07,DMA_105,47.42964237092089,0,0,104.56328544347339
2023-05-07,DMA_106,34.51305746559476,0,0,104.54591236787479
2023-05-07,DMA_107,49.40031382169984,0,1,105.40028053370148
2023-05-07,DMA_108,47.67796599672706,0,0,105.60355594284303
2023-05-07,DMA_109,39.81886102239348,0,0,104.73200232613904
2023-05-07,DMA_110,43.98249940297513,0,1,107.00654399606269
2023-05-07,DMA_111,42.63461772151495,0,1,106.41759811666601
2023-05-07,DMA_112,39.71449181412431,0,0,102.51888879391639
2023-05-07,DMA_113,39.24901108561067,0,0,103.56769598799302
2023-05-07,DMA_114,50.13287177916605,0,0,102.80072388207208
2023-05-07,DMA_115,49.33870458950123,0,0,104.5704365323006
2023-05-07,DMA_116,47.85086773476274,0,0,105.46090703342472
2023-05-07,DMA_117,40.538234944016935,0,1,102.7065214418299
2023-05-07,DMA_118,32.29916376635459,0,0,100.36006545616367
2023-05-07,DMA_119,55.21647627247158,0,0,102.46197138459819
2023-05-07,DMA_120,46.84931905819515,0,0,106.52356437925059
2023-05-07,DMA_121,38.21432190660286,0,0,103.41107432258413
2023-05-07,DMA_122,35.88249191603785,0,0,103.76452386498109
2023-05-07,DMA_123,42.5275756870905,0,0,104.70025396407156
2023-05-07,DMA_124,41.60335759183623,0,0,107.18927667255858
2023-05-07,DMA_125,52.84078098236147,0,0,104.01279293163071
2023-05-07,DMA_126,50.67259468627647,0,0,105.26603662284465
2023-05-07,DMA_127,46.550516293817765,0,1,99.67067688401728
2023-05-07,DMA_128,40.587125038882384,0,0,105.93852938702152
2023-05-07,DMA_129,37.999557373435415,0,1,105.16648578300394
2023-05-07,DMA_130,56.99199475484333,0,0,103.53106311712988
2023-05-07,DMA_131,60.214165193910056,0,0,102.0423512516434
2023-05-07,DMA_132,38.161633362070766,0,0,106.90460274094562
2023-05-07,DMA_133,45.04208838100456,0,0,104.22777706074945
2023-05-07,DMA_134,44.15385427194621,0,0,102.73279003428972
2023-05-07,DMA_135,39.96570535838625,0,0,100.84502609261601
2023-05-07,DMA_136,47.96204448624259,0,1,102.4252740704725
2023-05-07,DMA_137,38.72832028742985,0,1,101.00436327280421
2023-05-07,DMA_138,40.6474310455216,0,0,102.2757203404293
2023-05-07,DMA_139,43.81721553850011,0,0,104.27353714431517
2023-05-07,DMA_140,41.22772961740448,0,0,106.65775046039613
2023-05-07,DMA_141,46.93438036956783,0,0,105.22899270054519
2023-05-07,DMA_142,41.06583991897621,0,0,103.10808472485937
2023-05-07,DMA_143,39.29326877380355,0,0,103.52649372097741
2023-05-07,DMA_144,38.50267802964115,0,0,102.70360715595956
2023-05-07,DMA_145,31.131238086544364,0,0,106.37400884972308
2023-05-07,DMA_146,37.947471275936955,0,0,103.13168801305888
2023-05-07,DMA_147,53.93101332657301,0,0,102.14204336761976
2023-05-07,DMA_148,40.32661312621882,0,0,102.86142185302681
2023-05-07,DMA_149,44.60368978808864,0,0,101.60809144189372
2023-05-07,DMA_150,50.98081625188313,0,0,102.10585205635083
2023-05-14,DMA_001,32.46815123894479,0,0,102.76135788249545
2023-05-14,DMA_002,46.20455356255462,0,0,102.32710835154073
2023-05-14,DMA_003,41.47865417702009,0,0,103.69560922282237
2023-05-14,DMA_004,37.061016726206205,0,0,105.11536936294837
2023-05-14,DMA_005,43.54594243480109,0,0,104.89996601534489
2023-05-14,DMA_006,30.377929631108262,0,1,103.7646240527742
2023-05-14,DMA_007,36.80695998582767,0,0,104.93319771386409
2023-05-14,DMA_008,36.795802070253295,0,0,104.03446491144939
2023-05-14,DMA_009,40.30650496669884,0,0,104.94244509144697
2023-05-14,DMA_010,40.834548087194115,0,0,106.23213901960361
2023-05-14,DMA_011,45.36163005539005,0,1,105.27319826594969
2023-05-14,DMA_012,49.323414279717795,0,0,104.33762184216792
2023-05-14,DMA_013,48.747663730806494,0,0,101.74153852456169
2023-05-14,DMA_014,42.54991874626796,0,0,106.93299244185322
2023-05-14,DMA_015,39.279010822395165,0,0,101.80380908411499
2023-05-14,DMA_016,46.95140338250327,0,0,103.4030596258024
2023-05-14,DMA_017,36.26739857858945,0,0,104.70099381326747
2023-05-14,DMA_018,42.52871334539626,0,0,99.46684848158971
2023-05-14,DMA_019,51.13548379603513,0,0,107.80583800389411
2023-05-14,DMA_020,43.29133909231696,0,1,105.58840236796827
2023-05-14,DMA_021,39.4168935012377,0,1,100.59969914667865
2023-05-14,DMA_022,35.19830929427454,0,0,106.46277588099163
2023-05-14,DMA_023,42.58861324514128,0,0,104.69600683562928
2023-05-14,DMA_024,41.670720931807594,0,0,104.95166012143142
2023-05-14,DMA_025,46.36090395896697,0,0,103.72624046823051
2023-05-14,DMA_026,38.528008069318105,0,0,104.53830983687554
2023-05-14,DMA_027,59.41968290588379,0,0,104.25367020415666
2023-05-14,DMA_028,36.992841627822735,0,0,104.23356912403334
2023-05-14,DMA_029,34.44750466753668,0,0,104.2793429617971
2023-05-14,DMA_030,51.313198689440256,0,0,101.32844481415513
2023-05-14,DMA_031,34.6923752884515,0,0,102.4789709836166
2023-05-14,DMA_032,34.620619682669926,0,0,103.45460574035293
2023-05-14,DMA_033,43.77204429597485,0,0,104.17490937620717
2023-05-14,DMA_034,42.86550131221737,0,0,103.77767888933762
2023-05-14,DMA_035,46.180191427948216,0,0,104.39854783530568
2023-05-14,DMA_036,35.301326817073964,0,1,102.76172575380919
2023-05-14,DMA_037,42.66610303756717,0,0,105.48374416605662
2023-05-14,DMA_038,39.22386574705051,0,0,104.46250837626147
2023-05-14,DMA_039,47.09577383433247,0,0,102.23575540609617
2023-05-14,DMA_040,26.218450086078548,0,0,103.24766565606
2023-05-14,DMA_041,40.88444154442825,0,0,101.80359243591916
2023-05-14,DMA_042,37.58539313802967,0,1,102.26442655139766
2023-05-14,DMA_043,41.14779205234901,0,0,105.45356971615058
2023-05-14,DMA_044,39.331857279051135,0,0,101.97140296838948
2023-05-14,DMA_045,44.10397168908999,0,0,106.22357347307292
2023-05-14,DMA_046,43.16084126868271,0,0,104.40548968602799
2023-05-14,DMA_047,45.552576870226744,0,0,104.42177087976366
2023-05-14,DMA_048,36.373792938070245,0,0,103.79394550525367
2023-05-14,DMA_049,37.58851396291829,0,0,103.18471351629167
2023-05-14,DMA_050,32.06098877644571,0,0,102.94460197572063
2023-05-14,DMA_051,38.393522183121384,0,0,99.2309974722055
2023-05-14,DMA_052,37.61105378891804,0,0,101.21008313517247
2023-05-14,DMA_053,38.987565894119065,0,0,102.17237015019667
2023-05-14,DMA_054,46.43058897073389,0,0,104.35429191426991
2023-05-14,DMA_055,42.48948449405248,0,0,104.30258234630507
2023-05-14,DMA_056,39.84028159683193,0,0,106.69000879715581
2023-05-14,DMA_057,36.31939489223563,0,1,104.72859740506483
2023-05-14,DMA_058,43.28146314416001,0,0,104.69005036584406
2023-05-14,DMA_059,39.71228049972156,0,1,103.2493577096753
2023-05-14,DMA_060,41.38735509472678,0,0,100.93996082955584
2023-05-14,DMA_061,36.94922976645359,0,0,106.40403183986699
2023-05-14,DMA_062,42.556167314820975,0,0,100.47160564922532
2023-05-14,DMA_063,43.76174826436207,0,0,104.59489889477592
2023-05-14,DMA_064,34.54794441142332,0,0,104.85842368331284
2023-05-14,DMA_065,43.25105456002204,0,0,100.70260337392612
2023-05-14,DMA_066,43.37126366518087,0,0,104.54494133101447
2023-05-14,DMA_067,55.64411395471144,0,0,103.98197734252581
2023-05-14,DMA_068,38.16330603246414,0,0,100.74245175913964
2023-05-14,DMA_069,44.197219799244344,0,0,101.68227698976958
2023-05-14,DMA_070,43.08537057536904,0,0,103.39753173649709
2023-05-14,DMA_071,44.75445870109505,0,0,102.51587770282515
2023-05-14,DMA_072,38.28504885980783,0,0,102.76360993635942
2023-05-14,DMA_073,37.404720560409004,0,0,108.8057950488228
2023-05-14,DMA_074,35.975608082873,0,1,102.35738887447079
2023-05-14,DMA_075,38.50330061564303,0,0,105.29380994644565
2023-05-14,DMA_076,42.35568753831921,0,0,106.4645304625428
2023-05-14,DMA_077,39.97710044978902,0,1,104.45153960135286
2023-05-14,DMA_078,40.93396119180905,0,0,106.47439949537129
2023-05-14,DMA_079,41.464002388210666,0,0,103.80785424690521
2023-05-14,DMA_080,39.77067663100692,0,1,105.42252501706155
2023-05-14,DMA_081,43.742866263238845,0,1,104.51950262762274
2023-05-14,DMA_082,45.08603277992075,0,1,101.82909853931282
2023-05-14,DMA_083,41.368693169682615,0,0,105.267556568006
2023-05-14,DMA_084,50.59776584461444,0,0,104.93343784398368
2023-05-14,DMA_085,39.374290363065924,0,1,104.96726078257295
2023-05-14,DMA_086,47.47953006386013,0,0,103.3823937479366
2023-05-14,DMA_087,51.544295734338334,0,0,101.15726419845849
2023-05-14,DMA_088,42.078222459794006,0,0,104.26221692360228
2023-05-14,DMA_089,42.838633859296536,0,0,107.05938306241266
2023-05-14,DMA_090,36.58023913434354,0,0,102.83549682835466
2023-05-14,DMA_091,47.285404498919156,0,1,101.13238334975534
2023-05-14,DMA_092,38.53144790531218,0,0,105.60532420946163
2023-05-14,DMA_093,44.516346378764794,0,0,101.8513997279183
2023-05-14,DMA_094,50.182154297276355,0,0,106.19026947732453
2023-05-14,DMA_095,46.14732707736604,0,0,103.68382515180964
2023-05-14,DMA_096,45.45168585044212,0,0,104.15635893871982
2023-05-14,DMA_097,38.86997014137637,0,0,103.21831832003056
2023-05-14,DMA_098,38.40221386864513,0,0,101.55150761954616
2023-05-14,DMA_099,44.97276489201146,0,0,101.46145056429499
2023-05-14,DMA_100,39.11873241594018,0,0,105.95903592918143
2023-05-14,DMA_101,44.01641746051888,0,0,104.93940618467927
2023-05-14,DMA_102,41.44771433654615,0,0,103.07933935677616
2023-05-14,DMA_103,49.046991098558934,0,0,100.90367859473805
2023-05-14,DMA_104,56.75914603316926,0,0,104.31834324901932
2023-05-14,DMA_105,38.599354546297505,0,0,105.49704454864653
2023-05-14,DMA_106,43.8680583554113,0,0,105.89222198645398
2023-05-14,DMA_107,48.06076425243466,0,0,101.1303911022596
2023-05-14,DMA_108,53.864336869866065,0,0,102.44082845929789
2023-05-14,DMA_109,46.714463477308755,0,0,103.34012377518975
2023-05-14,DMA_110,43.5562887537678,0,1,100.81491038332881
2023-05-14,DMA_111,39.687612140862704,0,0,100.62758037218033
2023-05-14,DMA_112,40.95052879566651,0,0,107.12711446941111
2023-05-14,DMA_113,46.715233192073654,0,0,104.57471373487303
2023-05-14,DMA_114,48.94256202890191,0,0,100.60510853915001
2023-05-14,DMA_115,50.01525051679966,0,0,103.04296190353597
2023-05-14,DMA_116,29.51408329226436,0,1,104.13132708828661
2023-05-14,DMA_117,39.1926737769789,0,0,104.5811286783885
2023-05-14,DMA_118,44.35820397645258,0,0,104.86015085939464
2023-05-14,DMA_119,46.89235037920206,0,0,103.27187735371736
2023-05-14,DMA_120,34.11309562029025,0,0,103.70516527875526
2023-05-14,DMA_121,37.998161615063374,0,0,102.73453998428046
2023-05-14,DMA_122,40.36684168113465,0,0,105.82427653273773
2023-05-14,DMA_123,49.11758497685348,0,0,104.28401129599017
2023-05-14,DMA_124,43.62313404156778,0,0,103.46666928479675
2023-05-14,DMA_125,35.62971830364032,0,0,101.29928770712287
2023-05-14,DMA_126,45.27517816643082,0,0,102.69172383449921
2023-05-14,DMA_127,31.51595778944652,0,0,101.20235670676726
2023-05-14,DMA_128,42.49812447532703,0,0,103.49133425755993
2023-05-14,DMA_129,40.65754920724628,0,0,103.2986580219315
2023-05-14,DMA_130,37.64026555524222,0,0,103.8790012421964
2023-05-14,DMA_131,43.622263463220854,0,1,105.19072234500598
2023-05-14,DMA_132,48.580064213949655,0,1,102.00237837366825
2023-05-14,DMA_133,45.52412750698969,0,0,103.3127714035287
2023-05-14,DMA_134,44.364585887631684,0,1,102.15331440585338
2023-05-14,DMA_135,30.58168429706187,0,0,104.80434492644468
2023-05-14,DMA_136,35.13842469382754,0,0,102.6678861335503
2023-05-14,DMA_137,54.085311739215115,0,0,105.1312326203887
2023-05-14,DMA_138,49.08654269849031,0,1,103.21475276452912
2023-05-14,DMA_139,30.862221168184902,0,0,103.69309962901325
2023-05-14,DMA_140,35.22543115516288,0,1,107.42765356333612
2023-05-14,DMA_141,36.26978571557568,0,1,102.90330884449536
2023-05-14,DMA_142,39.47386677190119,0,0,105.94753825370368
2023-05-14,DMA_143,34.02942228757339,0,1,100.30149211761162
2023-05-14,DMA_144,38.16847176994943,0,0,101.10713189943114
2023-05-14,DMA_145,45.46110128795863,0,0,105.36915832469064
2023-05-14,DMA_146,45.648956536954714,0,0,105.60972050414053
2023-05-14,DMA_147,44.242517207869206,0,1,102.42946972860793
2023-05-14,DMA_148,29.64347549522695,0,0,101.45244455583462
2023-05-14,DMA_149,41.40381559087266,0,0,100.80854894760358
2023-05-14,DMA_150,42.18242058219742,0,0,103.61254374245303
2023-05-21,DMA_001,39.057114696290526,0,0,102.08966830826685
2023-05-21,DMA_002,40.19826671593254,0,0,103.1948929388885
2023-05-21,DMA_003,36.93849614537332,0,0,102.77308966571672
2023-05-21,DMA_004,32.73599170653943,0,0,104.83027145089261
2023-05-21,DMA_005,35.05786970104663,0,0,102.56528073282942
2023-05-21,DMA_006,43.19648398883139,0,0,100.05767082938046
2023-05-21,DMA_007,40.57715603989318,0,0,104.458702029916
2023-05-21,DMA_008,45.07202349335684,0,0,102.14855112670743
2023-05-21,DMA_009,29.445063147571858,0,1,102.17660516046296
2023-05-21,DMA_010,39.607787745973425,0,0,101.50877099965545
2023-05-21,DMA_011,36.83888731612001,0,1,99.87006813683226
2023-05-21,DMA_012,34.451986650745184,0,0,106.16996748420274
2023-05-21,DMA_013,46.54948351820878,0,0,102.93401000307873
2023-05-21,DMA_014,27.514115061193575,0,0,104.29325650199902
2023-05-21,DMA_015,46.436100314368815,0,0,99.52167180270717
2023-05-21,DMA_016,30.163770313025665,0,0,103.78853510593677
2023-05-21,DMA_017,35.841146301841796,0,1,100.64871231241047
2023-05-21,DMA_018,38.54003896904171,0,0,102.09386846257175
2023-05-21,DMA_019,27.449532592126438,0,1,99.70579854324093
2023-05-21,DMA_020,40.885080582609675,0,0,101.98846311061429
2023-05-21,DMA_021,26.449904594438582,0,0,104.56821080190693
2023-05-21,DMA_022,37.80129690922106,0,0,102.33878826766727
2023-05-21,DMA_023,42.77518571702857,0,0,103.28819105563188
2023-05-21,DMA_024,33.94758105166341,0,0,101.74276775600963
2023-05-21,DMA_025,38.15014021451418,0,0,102.06381210295802
2023-05-21,DMA_026,39.49466555186678,0,0,102.55236925551351
2023-05-21,DMA_027,39.79800991992767,0,0,107.29765248398202
2023-05-21,DMA_028,32.08806861374363,0,0,101.30962501744992
2023-05-21,DMA_029,30.794818871514277,0,0,98.74783452562079
2023-05-21,DMA_030,46.026591679633334,0,0,100.66944986280119
2023-05-21,DMA_031,34.955390410621426,0,1,102.03311882889633
2023-05-21,DMA_032,39.43695202561756,0,0,102.86712940804307
2023-05-21,DMA_033,28.35835971217653,0,0,104.45937266188128
2023-05-21,DMA_034,33.46682335288838,0,0,101.61549073416535
2023-05-21,DMA_035,37.60672564753272,0,0,102.89505519191012
2023-05-21,DMA_036,41.91648937082577,0,0,105.47603869730425
2023-05-21,DMA_037,45.39984560053242,0,0,104.44057718746366
2023-05-21,DMA_038,40.43199532317805,0,0,106.10380355501012
2023-05-21,DMA_039,37.14688003891348,0,0,104.30488716591286
2023-05-21,DMA_040,36.29359498580519,0,0,107.78985966798463
2023-05-21,DMA_041,27.19526502876188,0,0,101.9603556488566
2023-05-21,DMA_042,37.7522524801949,0,0,106.29386149905324
2023-05-21,DMA_043,24.685013854813416,0,1,103.23999328111518
2023-05-21,DMA_044,45.223071783486496,0,0,101.63075164265696
2023-05-21,DMA_045,30.62515436952512,0,0,103.5656795920745
2023-05-21,DMA_046,48.06522041559914,0,0,104.34502271050857
2023-05-21,DMA_047,41.44806193036328,0,0,104.30788495377536
2023-05-21,DMA_048,49.802819173583316,0,0,105.59607229171328
2023-05-21,DMA_049,38.62437411145935,0,0,101.39973536377391
2023-05-21,DMA_050,32.54719658398098,0,0,103.13080668233695
2023-05-21,DMA_051,38.715355804968354,0,0,103.44186216015126
2023-05-21,DMA_052,43.43951386537342,0,0,102.8528042663902
2023-05-21,DMA_053,32.59771244739902,0,0,101.65086868522917
2023-05-21,DMA_054,47.07909564729952,0,0,101.96499831701989
2023-05-21,DMA_055,39.24458584074392,0,0,105.69912388013311
2023-05-21,DMA_056,33.052489244348465,0,0,104.54021017328292
2023-05-21,DMA_057,33.488872750161576,0,0,102.85801179174521
2023-05-21,DMA_058,25.81936237321747,0,0,102.69723828053002
2023-05-21,DMA_059,37.83232841213725,0,1,102.94685925531893
2023-05-21,DMA_060,29.831177913378525,0,0,103.74176869138635
2023-05-21,DMA_061,41.959899812694744,0,0,103.15104455437536
2023-05-21,DMA_062,45.401556664016475,0,0,104.40532994315936
2023-05-21,DMA_063,36.756691151643594,0,0,100.6542045481399
2023-05-21,DMA_064,40.959907600127146,0,0,105.5093231427098
2023-05-21,DMA_065,33.190224288253006,0,0,101.52975458192043
2023-05-21,DMA_066,35.32765346460941,0,0,103.02990901272219
2023-05-21,DMA_067,42.45496460336238,0,0,108.1108899226534
2023-05-21,DMA_068,43.75469431758676,0,0,105.19258988686482
2023-05-21,DMA_069,48.05807162837165,0,0,102.76313549607117
2023-05-21,DMA_070,40.420163169428626,0,0,101.45481263615169
2023-05-21,DMA_071,36.55365377198627,0,0,104.43011518562474
2023-05-21,DMA_072,38.974596470831614,0,0,100.52469766611252
2023-05-21,DMA_073,41.570282877007564,0,0,100.77639678308238
2023-05-21,DMA_074,34.57827861554641,0,0,102.57899841662154
2023-05-21,DMA_075,44.02084289328474,0,1,102.32514894404717
2023-05-21,DMA_076,45.64995881129946,0,0,110.16542173713886
2023-05-21,DMA_077,34.51386579739558,0,0,106.36679648809742
2023-05-21,DMA_078,38.03081764957355,0,0,104.77865855856179
2023-05-21,DMA_079,41.40711092870086,0,0,103.09824586922542
2023-05-21,DMA_080,30.530332076909957,0,0,102.69953287787006
2023-05-21,DMA_081,34.605495431131175,0,0,100.32518595596937
2023-05-21,DMA_082,42.79922498778315,0,1,103.31863856656622
2023-05-21,DMA_083,50.93684684679476,0,0,100.76982650681137
2023-05-21,DMA_084,41.15785736249784,0,0,106.59200556635037
2023-05-21,DMA_085,36.62357554558345,0,0,102.95398304264502
2023-05-21,DMA_086,43.04775233690352,0,0,105.18758078381163
2023-05-21,DMA_087,46.61977492985979,0,0,101.56768377587714
2023-05-21,DMA_088,44.487057118172075,0,0,103.38495689309552
2023-05-21,DMA_089,49.949004532121215,0,0,103.61790547226454
2023-05-21,DMA_090,29.33854560165385,0,0,103.94085182529196
2023-05-21,DMA_091,47.72305218914683,0,0,105.92702568025028
2023-05-21,DMA_092,42.6049796425619,0,0,102.77032874846724
2023-05-21,DMA_093,41.31146586347888,0,0,104.58695962535212
2023-05-21,DMA_094,31.435954806886464,0,0,103.14914692999699
2023-05-21,DMA_095,43.61717554993921,0,0,103.72689042508952
2023-05-21,DMA_096,33.17185082622765,0,1,103.30756076810499
2023-05-21,DMA_097,42.0261918731261,0,0,102.95866828757286
2023-05-21,DMA_098,47.657782170622504,0,0,100.46693718007887
2023-05-21,DMA_099,49.76264001427333,0,0,98.89036134278396
2023-05-21,DMA_100,46.59049849020184,0,0,101.34696633005989
2023-05-21,DMA_101,41.344871067699856,0,0,103.03990336066414
2023-05-21,DMA_102,28.03017061768394,0,0,100.48205004834715
2023-05-21,DMA_103,35.48447652486747,0,1,102.45337445808468
2023-05-21,DMA_104,37.36783315304918,0,0,102.72319156609386
2023-05-21,DMA_105,39.159530190903645,0,0,104.58115120816711
2023-05-21,DMA_106,33.95567103522596,0,0,101.53074501434587
2023-05-21,DMA_107,33.43928134542862,0,0,103.93683128706901
2023-05-21,DMA_108,38.23767820541958,0,0,102.12293978927512
2023-05-21,DMA_109,33.62807368075663,0,0,105.36967159803709
2023-05-21,DMA_110,32.14707563234589,0,0,101.17111178050655
2023-05-21,DMA_111,37.8664114646529,0,0,101.83413960460514
2023-05-21,DMA_112,41.155124187900654,0,0,104.53618810301899
2023-05-21,DMA_113,47.52402269870517,0,0,103.25982978143571
2023-05-21,DMA_114,34.93061926096344,0,0,105.07083365116893
2023-05-21,DMA_115,34.31139095608891,0,0,101.88634428141714
2023-05-21,DMA_116,30.602322830009527,0,1,100.21630563616358
2023-05-21,DMA_117,37.65555575362577,0,0,100.1023255626411
2023-05-21,DMA_118,44.00141607300549,0,0,102.20282312035278
2023-05-21,DMA_119,37.29140172545783,0,1,108.17851223208383
2023-05-21,DMA_120,42.01649899805436,0,0,101.52256538942844
2023-05-21,DMA_121,47.451644721702266,0,0,102.52169420831946
2023-05-21,DMA_122,51.45251543258728,0,0,101.76271795624731
2023-05-21,DMA_123,36.740154273202094,0,0,102.39984796190645
2023-05-21,DMA_124,40.750550295169944,0,0,104.64019578365229
2023-05-21,DMA_125,29.54526945361043,0,0,104.79191997883083
2023-05-21,DMA_126,38.94628694826173,0,0,109.49634428903333
2023-05-21,DMA_127,42.043459933843565,0,0,107.9225678564215
2023-05-21,DMA_128,42.2726394516247,0,0,102.9892998980719
2023-05-21,DMA_129,41.37000957273013,0,0,99.63868016706044
2023-05-21,DMA_130,31.385677565664913,0,0,102.46559934460495
2023-05-21,DMA_131,38.54637761705341,0,0,104.14603033228988
2023-05-21,DMA_132,44.335627131590975,0,0,105.72624286422385
2023-05-21,DMA_133,32.33909594884196,0,0,104.25639978891341
2023-05-21,DMA_134,36.70131588693112,0,0,103.55850773894245
2023-05-21,DMA_135,38.705924280293516,0,0,100.8507135688318
2023-05-21,DMA_136,43.88024148483325,0,0,105.5017082605599
2023-05-21,DMA_137,39.023806808311484,0,1,104.1476032276988
2023-05-21,DMA_138,41.53201722977298,0,0,103.80629239759207
2023-05-21,DMA_139,32.034713230685036,0,0,104.41093532772584
2023-05-21,DMA_140,45.33327787248289,0,0,107.03837708563312
2023-05-21,DMA_141,46.564364795954575,0,0,103.05291047354427
2023-05-21,DMA_142,44.64769439015896,0,0,100.43732524719353
2023-05-21,DMA_143,37.07993455168996,0,0,103.43146374744087
2023-05-21,DMA_144,42.15268765604643,0,0,105.25673125660522
2023-05-21,DMA_145,37.135700215778805,0,0,101.40879254303468
2023-05-21,DMA_146,38.55220875941318,0,0,100.83674174453925
2023-05-21,DMA_147,30.913709486000243,0,1,105.201436270583
2023-05-21,DMA_148,33.30084181137377,0,0,102.37242556699138
2023-05-21,DMA_149,45.95513544296698,0,0,106.73522251373387
2023-05-21,DMA_150,37.439416422953876,0,0,104.37799505423276
2023-05-28,DMA_001,33.838594991653416,0,0,102.69920773743256
2023-05-28,DMA_002,38.83107845692602,0,1,102.01869253387197
2023-05-28,DMA_003,44.783733507892364,0,0,101.67945538363443
2023-05-28,DMA_004,27.850369537899176,0,0,103.13677718257804
2023-05-28,DMA_005,26.326579631986395,0,0,105.95368689972284
2023-05-28,DMA_006,36.641314619122426,0,0,103.6295505442588
2023-05-28,DMA_007,35.03439769912107,0,0,101.35309884275716
2023-05-28,DMA_008,37.916628269421,0,0,101.86888368835865
2023-05-28,DMA_009,37.797816493416754,0,0,99.70926664319994
2023-05-28,DMA_010,41.384271108401364,0,0,105.29362022052908
2023-05-28,DMA_011,38.13460996042294,0,0,102.90922931351356
2023-05-28,DMA_012,43.47919603759461,0,0,103.88726082609891
2023-05-28,DMA_013,36.697620795093705,0,0,98.96006766657523
2023-05-28,DMA_014,33.68845967023697,0,0,101.32014535011521
2023-05-28,DMA_015,31.532345084161783,0,0,103.35965697345888
2023-05-28,DMA_016,31.028470248871788,0,0,106.02259932113549
2023-05-28,DMA_017,43.225305913777845,0,0,104.23265638200046
2023-05-28,DMA_018,38.09194623452377,0,0,102.27553263365705
2023-05-28,DMA_019,27.100196531795373,0,0,105.37630511281016
2023-05-28,DMA_020,31.52961258530769,0,1,100.75288846334756
2023-05-28,DMA_021,38.20387423302977,0,1,103.72634472314066
2023-05-28,DMA_022,29.462764100365494,0,0,102.68985091999697
2023-05-28,DMA_023,35.41240776546229,0,0,103.64925708089932
2023-05-28,DMA_024,32.3779023248466,0,0,101.46644201440249
2023-05-28,DMA_025,37.64676480957384,0,1,102.72882416926761
2023-05-28,DMA_026,41.04701162462753,0,0,101.84424137449417
2023-05-28,DMA_027,42.996909049979045,0,0,103.22836456133668
2023-05-28,DMA_028,29.052622348485414,0,0,103.28374052733132
2023-05-28,DMA_029,23.201731163461854,0,0,104.72689089333124
2023-05-28,DMA_030,36.89886075816342,0,0,100.84140872685342
2023-05-28,DMA_031,33.43902945460879,0,0,104.32479292408858
2023-05-28,DMA_032,38.51454375807568,0,0,103.58794301249064
2023-05-28,DMA_033,36.47845303789375,0,0,99.17216073004711
2023-05-28,DMA_034,35.27369485528971,0,0,101.45487016908885
2023-05-28,DMA_035,40.483253200485485,0,1,104.06745705491848
2023-05-28,DMA_036,28.858211687897757,0,0,102.71484081554253
2023-05-28,DMA_037,36.59952463082546,0,0,100.08554391333281
2023-05-28,DMA_038,43.16217249364895,0,0,103.66520355942865
2023-05-28,DMA_039,46.839886934638585,0,0,102.80848627545032
2023-05-28,DMA_040,30.256950206915754,0,0,101.21664513417454
2023-05-28,DMA_041,30.992939689038188,0,0,104.97697951383024
2023-05-28,DMA_042,37.20719901908594,0,1,98.73967989960556
2023-05-28,DMA_043,31.81516001642324,0,0,103.40592320051537
2023-05-28,DMA_044,43.44897349303062,0,0,103.2217066551908
2023-05-28,DMA_045,37.59898442757354,0,0,102.11582756493618
2023-05-28,DMA_046,27.863068082604535,0,0,101.96183768528319
2023-05-28,DMA_047,26.98473350623763,0,0,104.31413430455923
2023-05-28,DMA_048,24.654540437358477,0,0,103.73494916343569
2023-05-28,DMA_049,42.61929782065505,0,0,99.96705688631876
2023-05-28,DMA_050,43.51273386148646,0,0,101.84019440366208
2023-05-28,DMA_051,34.18585907493639,0,0,103.75174308712222
2023-05-28,DMA_052,29.93024051075605,0,0,100.91029974052606
2023-05-28,DMA_053,38.20324449597923,0,0,103.33019212408446
2023-05-28,DMA_054,43.97868028465878,0,1,102.63133420063348
2023-05-28,DMA_055,43.25029746518874,0,0,103.58951582792756
2023-05-28,DMA_056,38.546826819214736,0,0,103.74583497652391
2023-05-28,DMA_057,40.90184082785705,0,0,101.42893999035456
2023-05-28,DMA_058,33.8053646789037,0,0,100.21471044672029
2023-05-28,DMA_059,39.153182048903076,0,0,103.12635307537485
2023-05-28,DMA_060,27.273619484226465,0,0,103.18336654874271
2023-05-28,DMA_061,43.08538770275103,0,0,102.15244344019668
2023-05-28,DMA_062,35.12613718516927,0,1,103.14866355551304
2023-05-28,DMA_063,33.41966670763237,0,0,98.73166981070601
2023-05-28,DMA_064,38.65036044410563,0,0,102.22792549807612
2023-05-28,DMA_065,38.70570596030509,0,0,98.80487383692464
2023-05-28,DMA_066,42.62100122021117,0,0,103.5336098219249
2023-05-28,DMA_067,41.23023674143342,0,0,102.40096853499273
2023-05-28,DMA_068,36.2717189549765,0,0,103.34601988830984
2023-05-28,DMA_069,29.945591298979323,0,0,102.7403475603636
2023-05-28,DMA_070,40.533357553878176,0,0,104.28614298180128
2023-05-28,DMA_071,31.250023790781405,0,0,102.61625885093433
2023-05-28,DMA_072,25.469501259166606,0,0,101.89928832793674
2023-05-28,DMA_073,39.59798699767862,0,0,101.78894737607285
2023-05-28,DMA_074,36.838117006868295,0,1,100.90622294112077
2023-05-28,DMA_075,33.75049846350088,0,0,104.79811246922759
2023-05-28,DMA_076,34.9329648213131,0,0,103.96752031042797
2023-05-28,DMA_077,44.62401926085968,0,1,104.78127269466854
2023-05-28,DMA_078,31.537361543492963,0,0,105.89916106365922
2023-05-28,DMA_079,38.38805107087916,0,1,100.82768216267746
2023-05-28,DMA_080,39.46359698917891,0,0,103.115947355945
2023-05-28,DMA_081,43.30927607602065,0,0,100.10371581509028
2023-05-28,DMA_082,35.176210843387246,0,0,102.70663961020493
2023-05-28,DMA_083,41.054441013973175,0,1,99.7880016115734
2023-05-28,DMA_084,26.847400237102732,0,0,105.29777508655414
2023-05-28,DMA_085,35.375984087437075,0,0,101.40977204808382
2023-05-28,DMA_086,40.958701310259926,0,0,99.94610710087383
2023-05-28,DMA_087,36.93719060326405,0,0,103.01172741383677
2023-05-28,DMA_088,31.432514941923458,0,0,101.25198098065417
2023-05-28,DMA_089,33.70287039801302,0,0,101.1754646568844
2023-05-28,DMA_090,21.760509001033533,0,1,104.53802739855175
2023-05-28,DMA_091,26.369453339992837,0,0,97.97561738978317
2023-05-28,DMA_092,39.20734129825067,0,0,104.99084696518334
2023-05-28,DMA_093,34.585267295298046,0,0,103.57524284898457
2023-05-28,DMA_094,30.37545858327794,0,1,102.9614470648317
2023-05-28,DMA_095,39.7639438634169,0,0,101.48189903459046
2023-05-28,DMA_096,29.162333985502823,0,0,101.61110121591764
2023-05-28,DMA_097,35.34972313665987,0,0,101.15832727226862
2023-05-28,DMA_098,41.07155081977601,0,0,100.8435147804607
2023-05-28,DMA_099,37.054121565552,0,0,106.53830578442579
2023-05-28,DMA_100,44.28449396801287,0,0,102.35880372747073
2023-05-28,DMA_101,29.69860900508858,0,0,103.5898373728922
2023-05-28,DMA_102,40.058719316176386,0,0,101.15031725559602
2023-05-28,DMA_103,31.708679166595964,0,0,103.36703278821483
2023-05-28,DMA_104,33.875854817455505,0,1,103.8119337463793
2023-05-28,DMA_105,42.35425178675659,0,0,108.02989379765359
2023-05-28,DMA_106,40.285955627998675,0,0,103.17453412305127
2023-05-28,DMA_107,26.653314377420042,0,0,101.98039162037695
2023-05-28,DMA_108,36.74130769724576,0,0,104.50367189816413
2023-05-28,DMA_109,27.600038640204147,0,0,102.59979321974618
2023-05-28,DMA_110,41.95576402259091,0,0,106.10831758565809
2023-05-28,DMA_111,44.65651117959333,0,0,99.89313842026674
2023-05-28,DMA_112,36.65742398346303,0,1,101.4812013283552
2023-05-28,DMA_113,24.57350803612318,0,0,101.86112005338148
2023-05-28,DMA_114,37.931252450528646,0,0,104.18418813673937
2023-05-28,DMA_115,35.466325071013166,0,0,103.8397705756549
2023-05-28,DMA_116,31.89179274564054,0,1,100.9292808486425
2023-05-28,DMA_117,36.61991771946543,0,0,102.18056062877837
2023-05-28,DMA_118,34.62168790991038,0,0,102.8663007640773
2023-05-28,DMA_119,37.26626324057811,0,0,104.38538144095942
2023-05-28,DMA_120,44.13688986564422,0,0,104.56292219591118
2023-05-28,DMA_121,27.357007257375237,0,0,104.19148856673928
2023-05-28,DMA_122,34.29472077465837,0,1,100.99687981770634
2023-05-28,DMA_123,32.96989559620515,0,0,103.23541961931198
2023-05-28,DMA_124,41.153908135367665,0,0,103.5737427877299
2023-05-28,DMA_125,40.55373153366943,0,0,103.1309974823328
2023-05-28,DMA_126,37.618204684671646,0,0,101.8070553643045
2023-05-28,DMA_127,33.334021082994596,0,0,99.9932900950287
2023-05-28,DMA_128,35.68621633393854,0,0,100.19463538065258
2023-05-28,DMA_129,38.90789693215973,0,0,104.6643198045964
2023-05-28,DMA_130,27.010132629642992,0,1,100.82917066152149
2023-05-28,DMA_131,45.78380648967032,0,0,105.05084879719529
2023-05-28,DMA_132,35.451728441234685,0,0,103.35191375059888
2023-05-28,DMA_133,35.08127648029864,0,0,104.01342354452221
2023-05-28,DMA_134,37.18029847634639,0,0,101.57106843984965
2023-05-28,DMA_135,38.96396541999229,0,1,104.81644839043297
2023-05-28,DMA_136,42.218764308563344,0,0,98.22125401885066
2023-05-28,DMA_137,29.189135926167218,0,0,100.71113598593921
2023-05-28,DMA_138,27.238234470393273,0,0,102.5648721964201
2023-05-28,DMA_139,37.41290644107527,0,0,103.66537426981856
2023-05-28,DMA_140,30.813578754954445,0,0,101.24288029966871
2023-05-28,DMA_141,34.330904794356215,0,0,102.31284107521105
2023-05-28,DMA_142,39.014009747245936,0,0,102.18923046038817
2023-05-28,DMA_143,31.53217013234805,0,0,101.15258860652214
2023-05-28,DMA_144,48.17546759669774,0,0,101.52826340628934
2023-05-28,DMA_145,31.79107178899752,0,0,103.58767189788783
2023-05-28,DMA_146,25.210353114807866,0,1,101.41807884357493
2023-05-28,DMA_147,28.92525799937296,0,0,101.12860309845834
2023-05-28,DMA_148,44.39876009060057,0,0,104.11841548144935
2023-05-28,DMA_149,35.9973377242398,0,0,99.31209374836143
2023-05-28,DMA_150,44.68373356621268,0,1,101.31446457202048
2023-06-04,DMA_001,28.30002959195128,0,0,106.17936672908806
2023-06-04,DMA_002,29.596716250938215,0,0,103.9945102249719
2023-06-04,DMA_003,32.906131695928785,0,0,102.35262284356541
2023-06-04,DMA_004,39.0491215273756,0,0,103.70868041040532
2023-06-04,DMA_005,41.58848730650758,0,0,104.8422001688521
2023-06-04,DMA_006,38.927734289915335,0,0,103.09819423839227
2023-06-04,DMA_007,30.87263832896347,0,0,101.31165003095987
2023-06-04,DMA_008,24.854141758354736,0,0,101.92933750886003
2023-06-04,DMA_009,28.543069372781012,0,0,100.19119416533627
2023-06-04,DMA_010,30.583557163131776,0,0,103.41228647092751
2023-06-04,DMA_011,30.80379114808364,0,0,103.06998639539032
2023-06-04,DMA_012,25.457955244588508,0,0,100.15114756834055
2023-06-04,DMA_013,38.33493470416013,0,0,103.83388538605746
2023-06-04,DMA_014,35.7009579704631,0,0,100.30468330331723
2023-06-04,DMA_015,34.29759268685796,0,1,106.46343436972583
2023-06-04,DMA_016,28.396699398838017,0,0,101.3998228072
2023-06-04,DMA_017,42.54126880022183,0,0,101.65741895715178
2023-06-04,DMA_018,34.06462769439033,0,1,103.92494584872097
2023-06-04,DMA_019,27.905075976900054,0,1,100.75375756893065
2023-06-04,DMA_020,32.86965593258175,0,0,102.76194665091019
2023-06-04,DMA_021,35.84410357961901,0,0,101.92859110323725
2023-06-04,DMA_022,33.61902697106666,0,0,101.39255128476943
2023-06-04,DMA_023,36.65251226626956,0,1,100.31444085544085
2023-06-04,DMA_024,29.938081152692405,0,0,101.99332865677148
2023-06-04,DMA_025,19.861689536340283,0,0,99.96552562156
2023-06-04,DMA_026,34.15371623931786,0,0,103.38318958431883
2023-06-04,DMA_027,30.812512153251667,0,0,101.73929512609878
2023-06-04,DMA_028,32.87106423743785,0,1,101.40016334352491
2023-06-04,DMA_029,30.5825588213937,0,0,105.6557733368135
2023-06-04,DMA_030,33.98781272907857,0,0,101.44927287839121
2023-06-04,DMA_031,45.9591147670416,0,0,102.17805717872255
2023-06-04,DMA_032,38.78882664680623,0,0,102.76765558834768
2023-06-04,DMA_033,28.981786286061556,0,0,101.19075832914476
2023-06-04,DMA_034,51.0490180073464,0,0,102.4476289845762
2023-06-04,DMA_035,29.490460969989762,0,0,102.26981030709003
2023-06-04,DMA_036,23.823295865186097,0,0,105.02811871038537
2023-06-04,DMA_037,22.56615431487292,0,0,102.09131456938164
2023-06-04,DMA_038,40.52598579823526,0,0,105.6761088674075
2023-06-04,DMA_039,37.802253406857986,0,0,103.70355669370149
2023-06-04,DMA_040,40.52670300774922,0,0,106.14453608094287
2023-06-04,DMA_041,31.424929824237996,0,0,101.29363619402535
2023-06-04,DMA_042,28.594675884299853,0,1,103.16123706509963
2023-06-04,DMA_043,30.881855546412698,0,0,102.25207115576572
2023-06-04,DMA_044,24.3478539394389,0,0,101.50038570318512
2023-06-04,DMA_045,35.6718988697911,0,0,102.36963949183533
2023-06-04,DMA_046,32.94387648038423,0,0,101.04146852096177
2023-06-04,DMA_047,25.59233946670347,0,0,101.51696528235465
2023-06-04,DMA_048,28.78341971262105,0,0,102.13116350947867
2023-06-04,DMA_049,25.313666698165033,0,0,99.1667320585676
2023-06-04,DMA_050,34.40749535596067,0,0,100.81338248627291
2023-06-04,DMA_051,30.22659337196198,0,0,102.03860974228928
2023-06-04,DMA_052,34.285644948738806,0,0,104.73641061162218
2023-06-04,DMA_053,44.920301572564455,0,1,99.34521996445628
2023-06-04,DMA_054,29.165279106811077,0,0,97.30457104210042
2023-06-04,DMA_055,28.52139856020061,0,0,99.2713790011868
2023-06-04,DMA_056,40.195299316313786,0,0,103.0537021533984
2023-06-04,DMA_057,27.455599812303447,0,0,101.59223467423016
2023-06-04,DMA_058,41.771450951729335,0,0,101.03237062414816
2023-06-04,DMA_059,33.68917150759467,0,0,106.57509414553498
2023-06-04,DMA_060,30.822622735722277,0,1,101.76434235001753
2023-06-04,DMA_061,30.69373691147154,0,0,103.14286055974388
2023-06-04,DMA_062,35.938367515268794,0,0,101.65304242275387
2023-06-04,DMA_063,25.958493929774775,0,0,101.91424758811668
2023-06-04,DMA_064,43.30781794178382,0,1,101.69009992200769
2023-06-04,DMA_065,37.08264319697355,0,0,103.14753059698599
2023-06-04,DMA_066,35.94167737887745,0,1,105.36929314273475
2023-06-04,DMA_067,25.595755319270754,0,0,102.16738897364118
2023-06-04,DMA_068,35.76475029604171,0,0,98.31195921103212
2023-06-04,DMA_069,27.99909979542813,0,0,104.52570544992274
2023-06-04,DMA_070,41.579821487957354,0,1,103.25292120687187
2023-06-04,DMA_071,47.57533737509243,0,1,102.33419906828587
2023-06-04,DMA_072,38.4172864456649,0,0,102.4077193390811
2023-06-04,DMA_073,39.210111371069615,0,0,102.53870434281782
2023-06-04,DMA_074,36.293257465881524,0,0,104.106666881008
2023-06-04,DMA_075,36.81956701446169,0,0,103.94098025772139
2023-06-04,DMA_076,30.212536625515256,0,0,101.10232129933966
2023-06-04,DMA_077,32.803436346706555,0,0,105.737534549016
2023-06-04,DMA_078,33.553585573928345,0,0,103.90169919443974
2023-06-04,DMA_079,33.44225219923035,0,0,99.33317659093822
2023-06-04,DMA_080,38.15529102512177,0,0,103.99084206094199
2023-06-04,DMA_081,30.191838040653415,0,0,101.21453887074249
2023-06-04,DMA_082,27.693901725419867,0,1,103.42074100077461
2023-06-04,DMA_083,32.899372795750566,0,1,104.2606774260314
2023-06-04,DMA_084,41.363902227780315,0,1,102.25518255315741
2023-06-04,DMA_085,42.849572585356825,0,1,103.91604543058736
2023-06-04,DMA_086,37.65554810667471,0,0,103.4383835195796
2023-06-04,DMA_087,22.689036549064433,0,0,101.01065296671486
2023-06-04,DMA_088,17.244535016060045,0,0,105.87436102820764
2023-06-04,DMA_089,37.78646712746152,0,0,100.33452418238215
2023-06-04,DMA_090,27.620238685112156,0,1,105.94672792461857
2023-06-04,DMA_091,33.58393946405157,0,0,99.63274181694467
2023-06-04,DMA_092,35.68740203350212,0,0,102.08386564042058
2023-06-04,DMA_093,40.24398825784615,0,0,98.82135313130945
2023-06-04,DMA_094,31.637486785235918,0,0,101.53221868055762
2023-06-04,DMA_095,25.40038756453304,0,0,99.11638072544864
2023-06-04,DMA_096,34.84447226074245,0,0,99.28891780374738
2023-06-04,DMA_097,33.930267756512094,0,0,102.75460285845583
2023-06-04,DMA_098,22.303438107710154,0,0,103.05843045703931
2023-06-04,DMA_099,29.352751009357295,0,0,102.30707040140645
2023-06-04,DMA_100,40.05958306856393,0,0,103.87795352044635
2023-06-04,DMA_101,43.52836390048644,0,1,100.87234261091383
2023-06-04,DMA_102,34.78484195229939,0,1,103.05020852391765
2023-06-04,DMA_103,34.2347310910143,0,0,102.71686334792787
2023-06-04,DMA_104,33.85223704082576,0,0,101.54115175956974
2023-06-04,DMA_105,39.2526053159671,0,0,101.64663998654677
2023-06-04,DMA_106,32.72116570431239,0,1,104.60390342548996
2023-06-04,DMA_107,33.5679273334625,0,0,101.42117146105997
2023-06-04,DMA_108,36.78308617172612,0,0,102.41580013650028
2023-06-04,DMA_109,44.362336043404326,0,0,102.76845112700832
2023-06-04,DMA_110,44.90306147209875,0,0,101.79218941668914
2023-06-04,DMA_111,32.02387191494141,0,0,101.64175467386055
2023-06-04,DMA_112,37.58345536649083,0,0,97.97896352140232
2023-06-04,DMA_113,35.61991974094899,0,0,100.75294451743763
2023-06-04,DMA_114,26.094504816159372,0,0,100.84374181372618
2023-06-04,DMA_115,22.725078742479873,0,0,103.08602458136899
2023-06-04,DMA_116,32.959084850024446,0,1,95.39989686251221
2023-06-04,DMA_117,24.910737849124274,0,0,102.96655865871635
2023-06-04,DMA_118,23.88487221335417,0,0,103.95515588085551
2023-06-04,DMA_119,37.55841549718045,0,0,101.50503266149144
2023-06-04,DMA_120,37.772395474638536,0,0,98.82412297857717
2023-06-04,DMA_121,30.940875282749744,0,0,103.64604440871115
2023-06-04,DMA_122,30.98272549044073,0,0,104.36786143725398
2023-06-04,DMA_123,38.88781767010391,0,0,101.6923541363067
2023-06-04,DMA_124,32.89543773368199,0,1,100.02692359050592
2023-06-04,DMA_125,41.689274573583624,0,0,99.1812654457563
2023-06-04,DMA_126,42.42045405801311,0,0,97.20222425058965
2023-06-04,DMA_127,36.443739471862585,0,0,101.1450116809875
2023-06-04,DMA_128,35.0994758796538,0,0,100.54314260014179
2023-06-04,DMA_129,41.86694688271677,0,0,102.54394395745919
2023-06-04,DMA_130,32.69343645546065,0,1,104.77518607259594
2023-06-04,DMA_131,34.413036903112804,0,0,102.08320015122122
2023-06-04,DMA_132,23.78483997767969,0,0,102.84371695505529
2023-06-04,DMA_133,45.51071390208309,0,1,101.66565084165195
2023-06-04,DMA_134,28.916116143519908,0,0,99.36249966749206
2023-06-04,DMA_135,36.42612194115288,0,0,102.69867643969881
2023-06-04,DMA_136,25.761650365199856,0,0,105.8251649501527
2023-06-04,DMA_137,46.12810333414279,0,0,102.44300090724542
2023-06-04,DMA_138,39.544832982336764,0,0,103.20022834637746
2023-06-04,DMA_139,31.68866720537873,0,0,102.10884278611591
2023-06-04,DMA_140,28.668326586655414,0,0,101.3137649976088
2023-06-04,DMA_141,40.545674278185146,0,1,106.34314740704045
2023-06-04,DMA_142,39.74854929652876,0,0,100.01638581101864
2023-06-04,DMA_143,34.06319731280194,0,0,101.54369265140511
2023-06-04,DMA_144,33.150686323361434,0,0,104.15435185702117
2023-06-04,DMA_145,20.178327611437794,0,0,102.57348401983931
2023-06-04,DMA_146,44.414933118832096,0,0,102.50955539419004
2023-06-04,DMA_147,40.25937706091504,0,0,103.87978248065076
2023-06-04,DMA_148,27.797370661981027,0,0,102.58161836811925
2023-06-04,DMA_149,29.540647446809793,0,0,101.07300422751472
2023-06-04,DMA_150,21.260961713945022,0,0,102.50085295190046
2023-06-11,DMA_001,30.86718056497139,0,0,102.49712515641176
2023-06-11,DMA_002,44.1033922112102,0,0,100.81716443321525
2023-06-11,DMA_003,43.57839677010242,0,1,105.72038981446869
2023-06-11,DMA_004,36.00894475224746,0,1,102.33162128995427
2023-06-11,DMA_005,44.912925862541336,0,0,102.77051511506336
2023-06-11,DMA_006,33.31240220744899,0,1,104.76918568865644
2023-06-11,DMA_007,35.08605416112611,0,0,101.5349910394914
2023-06-11,DMA_008,28.63322821133471,0,0,103.40275915015556
2023-06-11,DMA_009,33.99422136759748,0,1,97.65843410360307
2023-06-11,DMA_010,30.937163537442295,0,0,102.83158825927387
2023-06-11,DMA_011,33.22786954307964,0,0,100.17135270250148
2023-06-11,DMA_012,34.926144371147466,0,0,101.45077808931268
2023-06-11,DMA_013,27.626179919731957,0,1,97.79263555683575
2023-06-11,DMA_014,39.20577769653391,0,0,102.81782625479899
2023-06-11,DMA_015,28.745060603587568,0,0,101.49271611671743
2023-06-11,DMA_016,25.104817803865565,0,1,104.20791385861042
2023-06-11,DMA_017,42.79630930225143,0,0,101.73766905738006
2023-06-11,DMA_018,30.008749310697194,0,1,101.40128766695302
2023-06-11,DMA_019,40.07724325341096,0,0,102.51979022543516
2023-06-11,DMA_020,38.60665624306957,0,0,103.6504561663582
2023-06-11,DMA_021,34.649530423135815,0,1,101.66731628495364
2023-06-11,DMA_022,39.15501967100043,0,0,102.10593013721432
2023-06-11,DMA_023,28.68906530028188,0,1,102.00831761989406
2023-06-11,DMA_024,38.770427800176265,0,0,100.30848211725659
2023-06-11,DMA_025,41.42969953582255,0,0,104.10424951254807
2023-06-11,DMA_026,31.70506965155611,0,0,105.55449939558518
2023-06-11,DMA_027,30.779781411629518,0,1,103.95158517578227
2023-06-11,DMA_028,36.16249615358407,0,0,103.2724807406114
2023-06-11,DMA_029,32.82809478485658,0,0,100.20895129932384
2023-06-11,DMA_030,32.63326873651974,0,0,101.1307545417306
2023-06-11,DMA_031,38.94691897058668,0,0,101.64202004532521
2023-06-11,DMA_032,31.511812160407928,0,0,100.42390334395242
2023-06-11,DMA_033,24.919272351910656,0,0,103.26832958746843
2023-06-11,DMA_034,28.274854197027157,0,0,102.63333054415293
2023-06-11,DMA_035,42.241763808127416,0,0,105.54686781027453
2023-06-11,DMA_036,27.013088044302403,0,0,101.82684548651034
2023-06-11,DMA_037,33.66119655292207,0,0,99.38595494153003
2023-06-11,DMA_038,31.914003373498048,0,0,105.25565634335332
2023-06-11,DMA_039,26.256367991772926,0,0,101.82206162370878
2023-06-11,DMA_040,43.118461177766875,0,1,102.63271723951325
2023-06-11,DMA_041,32.8530881821198,0,0,102.75942686533497
2023-06-11,DMA_042,42.526034468021294,0,0,102.45054518411419
2023-06-11,DMA_043,24.52157598181197,0,0,103.24296270198543
2023-06-11,DMA_044,25.83715718126827,0,0,101.78216504471455
2023-06-11,DMA_045,20.18655477398824,0,1,99.73639359963725
2023-06-11,DMA_046,29.981761007102783,0,0,101.58890273701203
2023-06-11,DMA_047,42.04658042762671,0,0,101.91059664333925
2023-06-11,DMA_048,33.973977431898824,0,0,100.29042659146475
2023-06-11,DMA_049,33.41737723605171,0,0,100.9782225653928
2023-06-11,DMA_050,39.38099591149498,0,0,100.71831759459154
2023-06-11,DMA_051,40.97973487062916,0,0,102.14108759017721
2023-06-11,DMA_052,40.57551037677287,0,1,103.23002703728888
2023-06-11,DMA_053,37.20359709402791,0,0,101.31411780673868
2023-06-11,DMA_054,30.472676912424465,0,0,101.31595805069652
2023-06-11,DMA_055,30.767628894232324,0,0,101.82873588141348
2023-06-11,DMA_056,37.61145588822654,0,0,103.33296507214254
2023-06-11,DMA_057,29.23012625274797,0,0,104.50099883640351
2023-06-11,DMA_058,37.851418667901896,0,0,105.05092087443997
2023-06-11,DMA_059,30.88153301024322,0,0,102.98466085849509
2023-06-11,DMA_060,37.43931379131715,0,1,106.03024335671223
2023-06-11,DMA_061,38.92295942132668,0,1,98.85661983440357
2023-06-11,DMA_062,34.06400947351885,0,0,95.33416714646854
2023-06-11,DMA_063,26.921825248957973,0,0,103.2165204900233
2023-06-11,DMA_064,28.645198047753638,0,0,100.70730943980112
2023-06-11,DMA_065,20.280584274728184,0,0,100.35171537401087
2023-06-11,DMA_066,31.751917751960153,0,0,102.39712023088995
2023-06-11,DMA_067,32.25057172149926,0,0,104.49836240538602
2023-06-11,DMA_068,40.63121514975411,0,0,102.12573620326927
2023-06-11,DMA_069,29.529316220992378,0,0,103.04029075080776
2023-06-11,DMA_070,31.28693719595664,0,0,104.41996637217433
2023-06-11,DMA_071,28.06016286517638,0,0,104.40351396501121
2023-06-11,DMA_072,39.956375745937294,0,0,103.67181501110842
2023-06-11,DMA_073,43.600277045796005,0,0,100.10202024168615
2023-06-11,DMA_074,30.426741236673195,0,0,104.96546758229609
2023-06-11,DMA_075,36.63870823206303,0,0,98.9648007883792
2023-06-11,DMA_076,35.57529380867432,0,0,99.99215558252499
2023-06-11,DMA_077,27.308959157394604,0,0,100.28415942928157
2023-06-11,DMA_078,38.540245863921406,0,0,103.39008316191631
2023-06-11,DMA_079,42.14807809075664,0,0,101.21958040446096
2023-06-11,DMA_080,33.08027345108495,0,0,101.45247157281378
2023-06-11,DMA_081,31.288844611640226,0,0,101.59837387130699
2023-06-11,DMA_082,37.28086090525158,0,0,100.21057950518808
2023-06-11,DMA_083,31.372764123772164,0,0,101.04383598396973
2023-06-11,DMA_084,29.031388182253185,0,0,102.63581106898283
2023-06-11,DMA_085,36.74073791068436,0,0,100.18979325227245
2023-06-11,DMA_086,29.780769679362127,0,0,103.0151775056441
2023-06-11,DMA_087,35.03412593042737,0,1,99.06076107026487
2023-06-11,DMA_088,27.610729723808532,0,0,102.77736477255907
2023-06-11,DMA_089,22.821716228833324,0,0,97.92797845122503
2023-06-11,DMA_090,34.27364352770359,0,0,102.62484646321816
2023-06-11,DMA_091,38.448602554562356,0,0,99.27335146584856
2023-06-11,DMA_092,38.623039121955294,0,0,105.33447817403395
2023-06-11,DMA_093,23.77948907295121,0,0,99.58980793356388
2023-06-11,DMA_094,25.048946174452855,0,1,105.65251970324758
2023-06-11,DMA_095,35.26576094746476,0,0,101.6499876062087
2023-06-11,DMA_096,28.066453890206233,0,0,103.17377675039648
2023-06-11,DMA_097,39.62725687380333,0,0,100.64655577278869
2023-06-11,DMA_098,28.435955365412596,0,0,102.57064085640779
2023-06-11,DMA_099,35.06319322650562,0,0,100.6683583288139
2023-06-11,DMA_100,34.981891678830166,0,1,99.47899998659162
2023-06-11,DMA_101,42.2848324744596,0,0,99.7900362737509
2023-06-11,DMA_102,34.67802108086055,0,0,101.28965526669016
2023-06-11,DMA_103,42.7566254750392,0,0,102.28334708188612
2023-06-11,DMA_104,38.7201002117519,0,0,102.34232534706322
2023-06-11,DMA_105,33.19626043756095,0,0,103.00036880114163
2023-06-11,DMA_106,32.77364535856911,0,0,100.9655785144013
2023-06-11,DMA_107,33.71793718037825,0,0,103.02448174918528
2023-06-11,DMA_108,32.153232959666035,0,0,101.60768987475456
2023-06-11,DMA_109,37.095363462112175,0,1,103.61682973880582
2023-06-11,DMA_110,38.5759416048261,0,0,105.18046386888543
2023-06-11,DMA_111,25.72873754391354,0,0,99.32847058193988
2023-06-11,DMA_112,34.27096360187214,0,1,102.16929397882585
2023-06-11,DMA_113,26.200163570915507,0,0,104.08794100529401
2023-06-11,DMA_114,42.82944311963789,0,0,102.12381251230045
2023-06-11,DMA_115,32.988368212750814,0,1,105.12131703614611
2023-06-11,DMA_116,32.048801855165905,0,0,103.82132176145478
2023-06-11,DMA_117,18.487049896605583,0,0,102.23518810370395
2023-06-11,DMA_118,34.58813986959802,0,1,104.88062173710142
2023-06-11,DMA_119,35.17406674218911,0,0,106.43159048778917
2023-06-11,DMA_120,33.18057041939643,0,0,101.51065925623732
2023-06-11,DMA_121,36.5337699618123,0,0,100.71087663490269
2023-06-11,DMA_122,26.755308466747834,0,0,98.30807100900812
2023-06-11,DMA_123,28.054823177313853,0,0,103.33955791828743
2023-06-11,DMA_124,40.690947817287146,0,0,101.75484260779508
2023-06-11,DMA_125,24.617076792423305,0,0,101.23290852422002
2023-06-11,DMA_126,40.272380869808806,0,0,105.1278066562015
2023-06-11,DMA_127,43.334944690989516,0,0,104.6508525332632
2023-06-11,DMA_128,31.671602367848074,0,0,101.6190816851162
2023-06-11,DMA_129,27.65627785104719,0,1,101.44870567133876
2023-06-11,DMA_130,29.036682373500547,0,1,101.88404594961479
2023-06-11,DMA_131,23.08782181524447,0,0,99.74375362686123
2023-06-11,DMA_132,35.46180156481423,0,0,99.63352015430867
2023-06-11,DMA_133,27.009082480085368,0,1,104.69452835031427
2023-06-11,DMA_134,28.209361918051115,0,0,104.75686329933006
2023-06-11,DMA_135,40.03877962661041,0,0,99.2844066048337
2023-06-11,DMA_136,40.89586714365365,0,0,100.89141402936504
2023-06-11,DMA_137,29.849723531355618,0,1,101.62973129018634
2023-06-11,DMA_138,33.51720475649552,0,0,104.09023469254751
2023-06-11,DMA_139,37.4514619488659,0,0,100.85953534200392
2023-06-11,DMA_140,22.83795983896087,0,0,106.19717344033857
2023-06-11,DMA_141,31.470925614160482,0,1,99.41869528445191
2023-06-11,DMA_142,35.947062546084304,0,0,103.16271367999896
2023-06-11,DMA_143,26.878688817844118,0,0,99.2207526686844
2023-06-11,DMA_144,23.43282383817459,0,0,98.265676506782
2023-06-11,DMA_145,26.227966938146444,0,0,99.65594329065672
2023-06-11,DMA_146,23.979807186826182,0,0,99.791594527344
2023-06-11,DMA_147,37.273517876444096,0,0,101.5226266615547
2023-06-11,DMA_148,30.503638880313378,0,0,101.16491109799831
2023-06-11,DMA_149,49.944390512398186,0,0,104.06404042125149
2023-06-11,DMA_150,42.44630921702443,0,0,103.08440574352382
2023-06-18,DMA_001,29.17810624275967,1,0,100.85882526487995
2023-06-18,DMA_002,33.77816010138717,1,0,99.69436670700259
2023-06-18,DMA_003,33.39762907195614,1,1,100.32101368065697
2023-06-18,DMA_004,39.21370272344302,1,0,98.73452647694074
2023-06-18,DMA_005,33.795672995581164,1,0,101.62018088968692
2023-06-18,DMA_006,34.098706424829814,1,0,101.82608138559071
2023-06-18,DMA_007,37.91523659615695,1,1,99.54833294582419
2023-06-18,DMA_008,30.90105209848789,1,1,100.15436281975438
2023-06-18,DMA_009,39.57124616205119,1,0,103.74726348687575
2023-06-18,DMA_010,28.45438130942438,1,0,100.96533898840559
2023-06-18,DMA_011,34.26269576356638,1,0,99.76104761333025
2023-06-18,DMA_012,27.722279892509885,1,0,100.50911486223562
2023-06-18,DMA_013,28.346308094323433,1,0,100.0017348401985
2023-06-18,DMA_014,25.955554956312145,1,0,99.58826833147944
2023-06-18,DMA_015,36.511794272712336,1,0,99.06869649678009
2023-06-18,DMA_016,21.870184773147862,1,0,99.1515711407156
2023-06-18,DMA_017,39.020605812582964,1,0,98.60249784648003
2023-06-18,DMA_018,29.230349651982536,1,0,101.70244771747724
2023-06-18,DMA_019,30.629257829063274,1,0,100.8585667667242
2023-06-18,DMA_020,27.750366417841636,1,0,99.84065058053599
2023-06-18,DMA_021,29.67179320270053,1,0,103.8680548171582
2023-06-18,DMA_022,27.91830236093019,1,0,100.65551505991165
2023-06-18,DMA_023,26.45150442899277,1,0,99.93810797188263
2023-06-18,DMA_024,41.69469428663529,1,0,100.84539243075213
2023-06-18,DMA_025,20.387375017329116,1,0,100.24651791044711
2023-06-18,DMA_026,37.226872045267314,1,0,99.56783442623151
2023-06-18,DMA_027,30.06636993574363,1,0,100.25531747168758
2023-06-18,DMA_028,40.42470845683496,1,0,99.20944662292987
2023-06-18,DMA_029,28.25533996482854,1,0,97.33756100220627
2023-06-18,DMA_030,28.950892018457846,1,0,106.8568279115232
2023-06-18,DMA_031,39.57050913993159,1,0,103.56170572256804
2023-06-18,DMA_032,29.525091836946704,1,0,100.64397138308551
2023-06-18,DMA_033,36.23423657087356,1,0,97.612312143137
2023-06-18,DMA_034,40.791229462544734,1,0,104.17392167595598
2023-06-18,DMA_035,34.755659375380425,1,0,99.84587508129101
2023-06-18,DMA_036,39.79918293206946,1,0,101.64986477485607
2023-06-18,DMA_037,30.957286456182114,1,1,100.38219874276733
2023-06-18,DMA_038,30.987950151969713,1,0,101.4284381623156
2023-06-18,DMA_039,28.35840538121421,1,0,101.33137284580384
2023-06-18,DMA_040,32.75038480966436,1,0,104.5308736962491
2023-06-18,DMA_041,32.099569067800914,1,0,102.75382373580793
2023-06-18,DMA_042,32.59523033798842,1,1,102.04350380141169
2023-06-18,DMA_043,34.643322053322365,1,0,99.36035891481283
2023-06-18,DMA_044,29.622958240493844,1,0,100.14606339290896
2023-06-18,DMA_045,24.340657615388153,1,0,99.99769867654177
2023-06-18,DMA_046,28.01964734997111,1,0,103.42797733707897
2023-06-18,DMA_047,37.54326564473743,1,0,100.40182483600174
2023-06-18,DMA_048,33.676889047818456,1,0,99.14910196600437
2023-06-18,DMA_049,41.73080663613187,1,0,102.676972951762
2023-06-18,DMA_050,43.09051002304007,1,1,98.30510751181686
2023-06-18,DMA_051,20.383334822035703,1,0,100.11456799052203
2023-06-18,DMA_052,27.380294593692426,1,0,103.3171274588059
2023-06-18,DMA_053,34.423229868659384,1,0,101.6530175376658
2023-06-18,DMA_054,34.73104270543796,1,0,102.26340532873444
2023-06-18,DMA_055,26.992575425403523,1,1,104.99635450303786
2023-06-18,DMA_056,27.886000374908555,1,0,100.39999534591396
2023-06-18,DMA_057,32.61010444947956,1,0,101.57239091684673
2023-06-18,DMA_058,32.70371031946029,1,1,102.56522867115908
2023-06-18,DMA_059,38.51690311304017,1,0,102.17368537548543
2023-06-18,DMA_060,32.52170014891324,1,1,103.08542716002398
2023-06-18,DMA_061,30.991950460407438,1,0,99.5465106391768
2023-06-18,DMA_062,33.262403618837425,1,0,102.1738766796191
2023-06-18,DMA_063,31.916812683323293,1,0,100.7744689641959
2023-06-18,DMA_064,30.05586945567708,1,0,102.83854195359602
2023-06-18,DMA_065,19.817851110795417,1,0,100.60084693746829
2023-06-18,DMA_066,33.52276058270018,1,0,100.66783165802642
2023-06-18,DMA_067,29.391163969836143,1,0,100.63530226205692
2023-06-18,DMA_068,29.009156218097505,1,0,101.25780160596202
2023-06-18,DMA_069,25.67372817191972,1,0,101.91938665814985
2023-06-18,DMA_070,38.354919238467645,1,0,100.0094528136382
2023-06-18,DMA_071,24.1904603294376,1,0,101.48363658385726
2023-06-18,DMA_072,35.010210049542515,1,0,101.52147449807072
2023-06-18,DMA_073,24.095342589306135,1,1,100.71359908517724
2023-06-18,DMA_074,21.31214760989002,1,0,98.80187742048399
2023-06-18,DMA_075,30.759126879185533,1,0,97.52475503149898
2023-06-18,DMA_076,33.04442377522285,1,0,100.1868356948534
2023-06-18,DMA_077,25.806231666116467,1,1,96.24114281643338
2023-06-18,DMA_078,18.32598083214897,1,0,102.71261122294001
2023-06-18,DMA_079,35.04198136045499,1,0,99.85146003113368
2023-06-18,DMA_080,26.89417511154381,1,0,102.46420329245355
2023-06-18,DMA_081,34.4393640720685,1,0,97.934635252752
2023-06-18,DMA_082,27.352919846633505,1,0,101.74822715175854
2023-06-18,DMA_083,32.65397067839993,1,0,103.77039906497983
2023-06-18,DMA_084,39.25687932891747,1,0,102.18329772512563
2023-06-18,DMA_085,19.520007779342848,1,0,101.75889649850673
2023-06-18,DMA_086,28.305513350738973,1,0,103.69190799251263
2023-06-18,DMA_087,33.936326299441134,1,0,100.72649921013956
2023-06-18,DMA_088,32.94494560431356,1,0,97.41485493658054
2023-06-18,DMA_089,42.883293683862604,1,0,107.26963173564805
2023-06-18,DMA_090,30.63730059210497,1,0,102.39674664675509
2023-06-18,DMA_091,40.351453520257536,1,0,100.11166754980303
2023-06-18,DMA_092,33.036737028858184,1,0,102.4911544168564
2023-06-18,DMA_093,29.6230018689009,1,0,100.22753969084833
2023-06-18,DMA_094,29.302881077562844,1,0,102.82962536809272
2023-06-18,DMA_095,35.90816558947257,1,0,101.05727429969424
2023-06-18,DMA_096,27.248224840832155,1,0,98.9462148397069
2023-06-18,DMA_097,31.15130763388172,1,0,99.11350431035274
2023-06-18,DMA_098,31.581379523487566,1,0,97.4769867413587
2023-06-18,DMA_099,27.067012846159027,1,0,102.8663197658724
2023-06-18,DMA_100,29.810312227075933,1,0,100.51620630749797
2023-06-18,DMA_101,35.48237400193839,1,1,103.75821511517063
2023-06-18,DMA_102,27.90676191572977,1,0,100.8811111738765
2023-06-18,DMA_103,28.878245360604392,1,0,101.4041025859035
2023-06-18,DMA_104,29.150303282127688,1,0,101.97116830825406
2023-06-18,DMA_105,35.63984745805092,1,0,100.11660204515569
2023-06-18,DMA_106,30.782320284273936,1,0,99.62552354740608
2023-06-18,DMA_107,33.518531135960544,1,0,100.47658160950405
2023-06-18,DMA_108,30.516518155943885,1,0,98.90359833045679
2023-06-18,DMA_109,46.533005775353416,1,0,98.97083284805042
2023-06-18,DMA_110,33.2216932717651,1,0,104.08744237412542
2023-06-18,DMA_111,25.59964609085938,1,0,102.11495386655045
2023-06-18,DMA_112,34.096727593845465,1,0,101.5054771532571
2023-06-18,DMA_113,29.698696341896895,1,0,100.34679771387464
2023-06-18,DMA_114,35.521249326509086,1,0,99.55225840863673
2023-06-18,DMA_115,28.70361403097158,1,0,102.05664037674012
2023-06-18,DMA_116,30.743571913260794,1,0,99.8441772127674
2023-06-18,DMA_117,30.78180609406011,1,0,100.306277803301
2023-06-18,DMA_118,28.765172681444774,1,0,102.77617862737971
2023-06-18,DMA_119,28.662181645666276,1,0,101.79718361486198
2023-06-18,DMA_120,27.711836910190733,1,0,100.72120338906923
2023-06-18,DMA_121,28.091766013262312,1,0,102.00982068534053
2023-06-18,DMA_122,32.69113595320312,1,0,101.57607838279905
2023-06-18,DMA_123,21.73598370042931,1,0,103.76799540503407
2023-06-18,DMA_124,36.94307895269548,1,0,101.91019951040386
2023-06-18,DMA_125,19.949956101798108,1,0,99.41965348019782
2023-06-18,DMA_126,24.509063090409843,1,1,98.91898754300637
2023-06-18,DMA_127,40.16997587876389,1,0,101.54358537664713
2023-06-18,DMA_128,36.62272947588862,1,0,102.57921806303183
2023-06-18,DMA_129,18.745661521697834,1,0,101.90127844939897
2023-06-18,DMA_130,20.024067698964448,1,0,100.72424159718028
2023-06-18,DMA_131,35.64904064085939,1,0,104.48491443243945
2023-06-18,DMA_132,31.76668105363884,1,0,101.66262693237132
2023-06-18,DMA_133,28.29768487689568,1,0,100.45163187534865
2023-06-18,DMA_134,36.239609246375416,1,0,101.18974693123877
2023-06-18,DMA_135,30.943665915709765,1,0,100.48975152434211
2023-06-18,DMA_136,24.486370285015983,1,0,100.2834037195586
2023-06-18,DMA_137,25.852420465837582,1,1,101.87046401606666
2023-06-18,DMA_138,34.66703261752464,1,0,100.72819213531925
2023-06-18,DMA_139,34.367866732263714,1,0,101.44082503857604
2023-06-18,DMA_140,32.89330730860335,1,0,99.97772724896588
2023-06-18,DMA_141,26.51617905481171,1,0,100.35415969054648
2023-06-18,DMA_142,33.43656773428175,1,0,101.46706996975226
2023-06-18,DMA_143,30.441564101747556,1,0,98.94756078466347
2023-06-18,DMA_144,22.844326489561933,1,1,102.70863816418365
2023-06-18,DMA_145,21.042876720199764,1,0,98.60121624001859
2023-06-18,DMA_146,26.357167012438133,1,0,99.04903326124042
2023-06-18,DMA_147,33.99928826687026,1,0,101.00769969515939
2023-06-18,DMA_148,41.25289668397054,1,0,99.87754708561275
2023-06-18,DMA_149,25.685934052630433,1,0,102.1087075834031
2023-06-18,DMA_150,27.151921994398077,1,0,97.28591080028468
2023-06-25,DMA_001,34.98748696469792,0,0,97.29774036317889
2023-06-25,DMA_002,26.916803273955505,0,1,99.77581383986465
2023-06-25,DMA_003,27.271511055673948,0,0,102.39293697166448
2023-06-25,DMA_004,33.54967249891899,0,0,99.93745987811174
2023-06-25,DMA_005,29.678150410284477,0,0,102.82535311611542
2023-06-25,DMA_006,26.09039956019037,0,1,98.95239094199512
2023-06-25,DMA_007,27.89480708685155,0,0,100.29524962183714
2023-06-25,DMA_008,27.965621007325353,0,0,100.12157101289361
2023-06-25,DMA_009,28.762518240147184,0,0,101.75532400775153
2023-06-25,DMA_010,38.981155721164946,0,1,100.80709743724968
2023-06-25,DMA_011,27.53977525893798,0,1,101.27458917692904
2023-06-25,DMA_012,36.61589700943395,0,0,97.81701685931019
2023-06-25,DMA_013,16.532468732978423,0,1,100.09818845102002
2023-06-25,DMA_014,27.36188652879934,0,0,100.34841029020087
2023-06-25,DMA_015,30.46131246863271,0,0,100.39569368931348
2023-06-25,DMA_016,33.88912149786188,0,0,103.17787090291971
2023-06-25,DMA_017,33.89859376374275,0,0,101.26756922154854
2023-06-25,DMA_018,35.741401762066,0,0,103.27779396800841
2023-06-25,DMA_019,27.106179527673525,0,0,99.70625395576022
2023-06-25,DMA_020,30.45093596720997,0,0,103.25657707514112
2023-06-25,DMA_021,26.46101716956989,0,0,99.73978877588586
2023-06-25,DMA_022,37.300428628352705,0,0,101.77246157166391
2023-06-25,DMA_023,30.65890359041987,0,0,96.48641956739844
2023-06-25,DMA_024,37.9622791672583,0,0,100.7437752982102
2023-06-25,DMA_025,30.653551279737297,0,0,102.24874473813261
2023-06-25,DMA_026,37.86167046768209,0,0,99.2558464230024
2023-06-25,DMA_027,30.700031499014436,0,0,98.4118654986863
2023-06-25,DMA_028,26.908959416557433,0,1,98.12715168263362
2023-06-25,DMA_029,35.04698178087217,0,0,100.42238523704575
2023-06-25,DMA_030,36.872241940676,0,0,101.39882286221882
2023-06-25,DMA_031,37.018438313145154,0,1,100.02305027523435
2023-06-25,DMA_032,39.16452657837866,0,0,99.61313088444913
2023-06-25,DMA_033,26.44925953934973,0,0,101.46102808483687
2023-06-25,DMA_034,22.418863752951417,0,0,98.7559264576863
2023-06-25,DMA_035,38.68111007186264,0,0,98.94224154506314
2023-06-25,DMA_036,39.64694748878583,0,1,98.74222877625502
2023-06-25,DMA_037,33.797831237036625,0,0,98.37386239344532
2023-06-25,DMA_038,34.87617564444967,0,0,101.85995334771498
2023-06-25,DMA_039,33.14893828704878,0,0,99.85864304792263
2023-06-25,DMA_040,27.914207520780753,0,1,100.68438937116633
2023-06-25,DMA_041,27.22498939128097,0,0,101.21557361440445
2023-06-25,DMA_042,26.24552270043457,0,0,102.28210576299708
2023-06-25,DMA_043,40.61713628553787,0,0,102.06207571394191
2023-06-25,DMA_044,29.844818746435806,0,0,99.93074151939885
2023-06-25,DMA_045,22.724667004990756,0,1,99.83926005480338
2023-06-25,DMA_046,33.5388883461004,0,0,104.80695895677233
2023-06-25,DMA_047,28.89377758946557,0,0,102.87912494137566
2023-06-25,DMA_048,21.517378620884053,0,1,99.9556062081621
2023-06-25,DMA_049,21.874163772016715,0,0,101.21282423966437
2023-06-25,DMA_050,41.18359397211076,0,0,100.9424916832394
2023-06-25,DMA_051,26.240918376327887,0,0,101.97324654020592
2023-06-25,DMA_052,21.83812875660072,0,0,101.70253538630816
2023-06-25,DMA_053,28.166333526083324,0,0,102.34559951780275
2023-06-25,DMA_054,34.19650028920875,0,0,99.95167593388284
2023-06-25,DMA_055,27.711038448916863,0,0,101.05854931319018
2023-06-25,DMA_056,20.75056422757382,0,1,99.82402132513388
2023-06-25,DMA_057,24.99875840649726,0,0,101.32682579296268
2023-06-25,DMA_058,31.912007553287488,0,0,101.47875508184138
2023-06-25,DMA_059,34.87419492567638,0,0,101.9227648123585
2023-06-25,DMA_060,31.601677566777568,0,0,100.4210233098747
2023-06-25,DMA_061,32.056619984572144,0,0,101.1252264650944
2023-06-25,DMA_062,39.248145357600336,0,0,102.79846406519961
2023-06-25,DMA_063,41.21775356475742,0,0,101.55679021014836
2023-06-25,DMA_064,37.34540757721938,0,1,101.48816909159112
2023-06-25,DMA_065,27.8248644554321,0,0,98.72055510691011
2023-06-25,DMA_066,23.586197314353754,0,0,103.32218409439518
2023-06-25,DMA_067,31.23376874649838,0,1,98.3132908835312
2023-06-25,DMA_068,37.041734523913576,0,1,97.06367030128376
2023-06-25,DMA_069,28.123461890293154,0,0,99.38841106701379
2023-06-25,DMA_070,29.137101015044784,0,0,102.516384135614
2023-06-25,DMA_071,33.613097162397466,0,0,99.82316272473216
2023-06-25,DMA_072,32.39987700939438,0,0,102.98947006481453
2023-06-25,DMA_073,29.046572469052872,0,0,99.153586696295
2023-06-25,DMA_074,27.125978796396605,0,0,99.82769263079581
2023-06-25,DMA_075,32.22067836075334,0,0,101.42834497040873
2023-06-25,DMA_076,26.399103605765816,0,0,104.55137164839851
2023-06-25,DMA_077,29.4700083581458,0,0,99.87125117753902
2023-06-25,DMA_078,25.779759249703275,0,0,102.95934243460104
2023-06-25,DMA_079,28.73362418977231,0,1,99.27992313265482
2023-06-25,DMA_080,31.372455322943622,0,1,100.20738881591113
2023-06-25,DMA_081,26.352550369267203,0,0,100.83277146652813
2023-06-25,DMA_082,32.47009246517898,0,0,97.48852295951573
2023-06-25,DMA_083,15.040979761029627,0,0,101.84162487307765
2023-06-25,DMA_084,29.761975168318777,0,0,101.50715621142504
2023-06-25,DMA_085,32.15291112921891,0,0,101.27416558213875
2023-06-25,DMA_086,28.22310142737634,0,0,101.50683749591215
2023-06-25,DMA_087,35.448567490952975,0,0,99.48212089946287
2023-06-25,DMA_088,38.94880574020489,0,0,99.060653275883
2023-06-25,DMA_089,17.450265121332514,0,0,102.47553819550723
2023-06-25,DMA_090,32.35173304312418,0,0,101.5854443021488
2023-06-25,DMA_091,32.937172041638895,0,1,101.33405555377479
2023-06-25,DMA_092,25.69623823045815,0,0,101.48034341471154
2023-06-25,DMA_093,29.670099109867987,0,0,100.33981153808573
2023-06-25,DMA_094,28.220852102560826,0,0,101.62400042972254
2023-06-25,DMA_095,31.27662932250388,0,0,100.00559377230873
2023-06-25,DMA_096,23.69131850983279,0,0,95.9753574856186
2023-06-25,DMA_097,33.99263290047964,0,1,99.05329292463513
2023-06-25,DMA_098,23.849212904286873,0,1,101.28392300662637
2023-06-25,DMA_099,32.66399947551706,0,0,100.63291242158773
2023-06-25,DMA_100,29.877830807429095,0,0,99.09079517128127
2023-06-25,DMA_101,40.65290720095864,0,0,95.59683362764105
2023-06-25,DMA_102,41.304254164294534,0,1,97.96869188459947
2023-06-25,DMA_103,31.403624499328778,0,0,104.65034618497504
2023-06-25,DMA_104,23.948386136228805,0,0,98.72168233659019
2023-06-25,DMA_105,34.00323584224882,0,0,101.87938727424127
2023-06-25,DMA_106,34.487370921477186,0,0,101.00461470490715
2023-06-25,DMA_107,28.458752170670337,0,0,100.21170731164722
2023-06-25,DMA_108,28.282610670002555,0,0,99.3845679086317
2023-06-25,DMA_109,30.42209533004006,0,0,100.51822096442822
2023-06-25,DMA_110,25.600302704926165,0,0,98.89228869163415
2023-06-25,DMA_111,32.994835744593175,0,0,99.06734571491432
2023-06-25,DMA_112,28.091405205842648,0,0,95.42915319547204
2023-06-25,DMA_113,29.521676148245636,0,0,100.09246061518105
2023-06-25,DMA_114,44.92206290326878,0,0,104.69253765798835
2023-06-25,DMA_115,38.4499328436348,0,0,101.7964100144224
2023-06-25,DMA_116,26.811066581039757,0,0,100.10189498272503
2023-06-25,DMA_117,31.050302106034405,0,0,102.71618365833073
2023-06-25,DMA_118,29.98182972086119,0,0,99.07888633691415
2023-06-25,DMA_119,28.57655860010187,0,0,101.8426457677272
2023-06-25,DMA_120,31.647292613819573,0,1,102.4453723054981
2023-06-25,DMA_121,35.214105568711844,0,0,97.58757014064277
2023-06-25,DMA_122,24.120979721582568,0,1,100.57651112210087
2023-06-25,DMA_123,34.63320253024643,0,0,105.64778769532353
2023-06-25,DMA_124,37.60199814328513,0,0,100.8026563189567
2023-06-25,DMA_125,41.37774455796368,0,0,102.55382783413953
2023-06-25,DMA_126,41.415696444060686,0,0,100.49140972611279
2023-06-25,DMA_127,31.38612954395938,0,0,101.68106132948233
2023-06-25,DMA_128,24.82204505993956,0,0,102.49389939418691
2023-06-25,DMA_129,31.35862358815243,0,0,99.45291043076712
2023-06-25,DMA_130,33.38922520927111,0,1,104.18895148169801
2023-06-25,DMA_131,29.149755521507878,0,0,100.00283795123794
2023-06-25,DMA_132,28.72456145503628,0,0,101.98877397898005
2023-06-25,DMA_133,27.732075635740312,0,0,98.10408210917386
2023-06-25,DMA_134,22.599579651072247,0,0,101.09104886250279
2023-06-25,DMA_135,28.898056288503565,0,0,103.1183229606726
2023-06-25,DMA_136,24.26719639567671,0,0,98.07656561429803
2023-06-25,DMA_137,18.94540310462463,0,1,97.62193939602575
2023-06-25,DMA_138,30.031862390450296,0,0,97.9557158922572
2023-06-25,DMA_139,26.581981926618603,0,0,101.35097140464292
2023-06-25,DMA_140,23.444065508201376,0,0,99.10097314693307
2023-06-25,DMA_141,30.410088253951265,0,0,98.71684999841852
2023-06-25,DMA_142,30.338047984623014,0,0,100.78066273967251
2023-06-25,DMA_143,27.818397699866036,0,1,95.03545624673117
2023-06-25,DMA_144,23.450373915749488,0,1,101.10223139325839
2023-06-25,DMA_145,44.38844383918604,0,0,104.69614029120424
2023-06-25,DMA_146,32.43062705797605,0,0,100.00440637517276
2023-06-25,DMA_147,35.5016118706498,0,0,102.57639731034617
2023-06-25,DMA_148,31.524488843050968,0,0,98.9159434257883
2023-06-25,DMA_149,38.26991103269866,0,1,100.67338390180093
2023-06-25,DMA_150,35.117307960090486,0,0,99.51600175757414
2023-07-02,DMA_001,33.77816283470898,0,0,99.65471271521209
2023-07-02,DMA_002,38.30433163556478,0,0,97.48274350475148
2023-07-02,DMA_003,31.54373691802379,0,1,97.71833161275822
2023-07-02,DMA_004,25.89786063256624,0,0,97.44340819468152
2023-07-02,DMA_005,25.89891733123866,0,1,102.3834678457295
2023-07-02,DMA_006,28.949037705892184,0,0,100.83807870748268
2023-07-02,DMA_007,29.22895144221934,0,1,98.74191186599094
2023-07-02,DMA_008,32.241443644414716,0,0,101.43499791677444
2023-07-02,DMA_009,25.90206293979663,0,0,100.25499747093549
2023-07-02,DMA_010,32.06104365371532,0,0,99.1442958584546
2023-07-02,DMA_011,28.561624504678395,0,0,100.02094177374093
2023-07-02,DMA_012,36.704980338258615,0,0,99.59298754003159
2023-07-02,DMA_013,26.98537317264382,0,0,100.01521394121978
2023-07-02,DMA_014,27.990687159088083,0,0,97.76070147848878
2023-07-02,DMA_015,46.49425593271923,0,0,101.02108762455538
2023-07-02,DMA_016,27.248729267642386,0,0,100.44202377754796
2023-07-02,DMA_017,21.42469993131823,0,0,102.86591366730224
2023-07-02,DMA_018,31.881765154160604,0,0,106.02136491941076
2023-07-02,DMA_019,35.728411876222005,0,0,101.82272770597638
2023-07-02,DMA_020,27.916574604381886,0,0,100.61181574434679
2023-07-02,DMA_021,30.546159675448777,0,1,101.01373938779837
2023-07-02,DMA_022,34.30832618267574,0,0,96.65543644907486
2023-07-02,DMA_023,28.346224233578788,0,0,99.28158269239701
2023-07-02,DMA_024,31.797082911956633,0,1,97.9742483088957
2023-07-02,DMA_025,37.0112800799818,0,0,99.79706237145369
2023-07-02,DMA_026,32.26987084447364,0,0,97.85536627261273
2023-07-02,DMA_027,30.923529422921256,0,0,98.08131778301616
2023-07-02,DMA_028,29.017989010243184,0,0,100.01820222795746
2023-07-02,DMA_029,32.01484943759452,0,0,101.27423174434219
2023-07-02,DMA_030,29.572476469359852,0,0,102.5491734712604
2023-07-02,DMA_031,53.13222717707511,0,0,105.42343473635067
2023-07-02,DMA_032,25.613379105625064,0,0,101.27041401960739
2023-07-02,DMA_033,23.819209080909573,0,0,102.88900152790981
2023-07-02,DMA_034,33.00239649561742,0,0,97.32801641985655
2023-07-02,DMA_035,34.7549778165142,0,0,100.17424012261708
2023-07-02,DMA_036,29.849787648473463,0,0,102.07667274974472
2023-07-02,DMA_037,25.520866708682252,0,0,101.05844599537149
2023-07-02,DMA_038,26.110503912817244,0,0,99.16039717148217
2023-07-02,DMA_039,17.51776421288669,0,0,100.02409364798625
2023-07-02,DMA_040,17.89591131795065,0,0,101.56443451480943
2023-07-02,DMA_041,24.477808753706924,0,0,97.30739016264002
2023-07-02,DMA_042,34.561105351235256,0,0,102.43862015433287
2023-07-02,DMA_043,25.423239755578642,0,0,99.87039074836844
2023-07-02,DMA_044,38.15404458707047,0,0,100.77192708853853
2023-07-02,DMA_045,27.94441720907857,0,0,101.00031072316078
2023-07-02,DMA_046,34.560010250124385,0,0,100.98112706306794
2023-07-02,DMA_047,38.6807403026213,0,1,99.63868290020592
2023-07-02,DMA_048,32.59682129523148,0,0,102.0730383085206
2023-07-02,DMA_049,17.541238427516696,0,0,100.68586210180781
2023-07-02,DMA_050,25.441158446267657,0,0,101.95825808504411
2023-07-02,DMA_051,31.672106025082627,0,0,97.6448111817331
2023-07-02,DMA_052,25.593331827479467,0,0,99.70812785632594
2023-07-02,DMA_053,26.288379218188158,0,0,101.69497648019603
2023-07-02,DMA_054,35.08782301650127,0,0,102.51620269986579
2023-07-02,DMA_055,34.234842984816744,0,0,100.89045886041224
2023-07-02,DMA_056,43.919837397854536,0,1,95.5729363300344
2023-07-02,DMA_057,22.017514748660084,0,0,99.42657800796428
2023-07-02,DMA_058,28.74399869124391,0,1,100.33800045381851
2023-07-02,DMA_059,34.239028337218585,0,0,98.0089770688469
2023-07-02,DMA_060,29.97738114543255,0,0,100.59296165506615
2023-07-02,DMA_061,36.39178147512139,0,0,103.268066165321
2023-07-02,DMA_062,23.607144304936142,0,0,101.73032485848817
2023-07-02,DMA_063,26.66181163892408,0,0,99.50575737695088
2023-07-02,DMA_064,30.416166163722266,0,0,101.70613420422019
2023-07-02,DMA_065,40.73312107675528,0,1,100.19884958061948
2023-07-02,DMA_066,34.76309418726865,0,0,97.18570728651764
2023-07-02,DMA_067,25.875144127163253,0,1,100.9687975831387
2023-07-02,DMA_068,35.62986917468142,0,0,98.70514842501353
2023-07-02,DMA_069,24.20744382227965,0,0,99.5525502255299
2023-07-02,DMA_070,34.71237586360709,0,0,97.2253494088392
2023-07-02,DMA_071,37.01897460516219,0,0,100.91696133239354
2023-07-02,DMA_072,30.232607844227566,0,1,99.8829632579624
2023-07-02,DMA_073,25.369349764300672,0,0,101.52724278575774
2023-07-02,DMA_074,31.748973843998847,0,0,101.4757129857667
2023-07-02,DMA_075,24.54945779647459,0,0,99.61781639784245
2023-07-02,DMA_076,20.423171365076477,0,0,100.96279927010158
2023-07-02,DMA_077,32.06888615308394,0,0,101.41653552458462
2023-07-02,DMA_078,31.87835349138859,0,0,96.16058380632775
2023-07-02,DMA_079,36.99245912841314,0,0,102.05670730977984
2023-07-02,DMA_080,23.51930367322351,0,0,102.7891248277747
2023-07-02,DMA_081,32.161911302924565,0,0,101.16842055906947
2023-07-02,DMA_082,34.52980860932363,0,0,98.86620956725945
2023-07-02,DMA_083,28.277921632227162,0,0,98.8308997360105
2023-07-02,DMA_084,36.001742979277225,0,0,101.43735809344867
2023-07-02,DMA_085,23.078728481158763,0,0,101.80019319036215
2023-07-02,DMA_086,26.14847810823385,0,0,104.29185235066461
2023-07-02,DMA_087,32.23108992379314,0,0,101.94772810069792
2023-07-02,DMA_088,26.760323218573426,0,0,103.47815194383834
2023-07-02,DMA_089,25.595297425542064,0,0,101.16584960698749
2023-07-02,DMA_090,31.381101587680917,0,1,97.69200733426113
2023-07-02,DMA_091,30.64926701130015,0,0,96.23067759296
2023-07-02,DMA_092,19.97212268883931,0,0,100.59442875048798
2023-07-02,DMA_093,33.62848608194928,0,0,100.75004608499086
2023-07-02,DMA_094,29.065640792647837,0,1,100.44730387238117
2023-07-02,DMA_095,26.43250713510627,0,0,100.56655704207392
2023-07-02,DMA_096,29.015137437736513,0,0,99.4534342043783
2023-07-02,DMA_097,21.41705382011606,0,0,98.39328541230176
2023-07-02,DMA_098,24.415536408341033,0,0,100.07404270066344
2023-07-02,DMA_099,39.753458743048114,0,0,101.07707590514092
2023-07-02,DMA_100,37.3727071115585,0,0,102.4747265639817
2023-07-02,DMA_101,26.097770824008094,0,0,101.25723374948454
2023-07-02,DMA_102,28.54220199242152,0,0,101.75465803544756
2023-07-02,DMA_103,40.677084304299264,0,0,102.65192475623122
2023-07-02,DMA_104,31.24310333495927,0,0,99.83396401742522
2023-07-02,DMA_105,38.20481112764699,0,0,101.26431668286736
2023-07-02,DMA_106,33.5218625445366,0,0,100.05401766074692
2023-07-02,DMA_107,29.520615749402854,0,0,105.0834951390814
2023-07-02,DMA_108,25.694296674053714,0,0,99.18443711932274
2023-07-02,DMA_109,24.676594487504076,0,1,100.08447813067191
2023-07-02,DMA_110,31.0050944563949,0,1,99.37970120142754
2023-07-02,DMA_111,28.408076381991748,0,0,101.18381908950117
2023-07-02,DMA_112,19.68925711321193,0,0,99.9196134678974
2023-07-02,DMA_113,33.901114599609244,0,0,101.90619677851366
2023-07-02,DMA_114,35.882204896277656,0,0,100.42643800078748
2023-07-02,DMA_115,23.980608729010292,0,0,97.74001641491805
2023-07-02,DMA_116,29.251922545179344,0,0,101.2309950047505
2023-07-02,DMA_117,31.884573135977853,0,0,100.48136637244892
2023-07-02,DMA_118,23.228620833063445,0,0,101.27069222833717
2023-07-02,DMA_119,31.323158655279517,0,0,99.94920055216109
2023-07-02,DMA_120,28.225969456887434,0,0,99.944748931395
2023-07-02,DMA_121,30.211267035113885,0,0,100.93883557238162
2023-07-02,DMA_122,39.43126060288774,0,0,97.90802248715133
2023-07-02,DMA_123,28.253724676181378,0,0,99.73161084801859
2023-07-02,DMA_124,31.982066534572834,0,0,102.1237379357604
2023-07-02,DMA_125,36.735860299935716,0,0,100.44192168224913
2023-07-02,DMA_126,38.996591968881766,0,0,102.85798223445885
2023-07-02,DMA_127,34.401574758642376,0,0,99.97650226455879
2023-07-02,DMA_128,30.00179566665678,0,0,102.47156036405566
2023-07-02,DMA_129,21.4986484741831,0,0,100.5396934447508
2023-07-02,DMA_130,44.1392965361097,0,0,102.34923230180345
2023-07-02,DMA_131,25.579294498358305,0,0,99.48980164941017
2023-07-02,DMA_132,19.40487779054451,0,0,99.27418104533244
2023-07-02,DMA_133,27.542921760628204,0,0,97.2934792604338
2023-07-02,DMA_134,22.118712565081996,0,0,98.57842677618243
2023-07-02,DMA_135,30.524328987500162,0,0,96.9639820411561
2023-07-02,DMA_136,30.023111259791303,0,0,97.22923694216995
2023-07-02,DMA_137,31.004445637392063,0,0,98.94528573808702
2023-07-02,DMA_138,18.07497624959811,0,0,101.99596705512056
2023-07-02,DMA_139,31.718981369647473,0,0,97.87830466936198
2023-07-02,DMA_140,34.75823797861807,0,0,102.13835617989567
2023-07-02,DMA_141,25.066361254422052,0,0,97.50724010762147
2023-07-02,DMA_142,34.84852225349971,0,0,98.2608714210852
2023-07-02,DMA_143,36.50692524143095,0,0,99.48400476178725
2023-07-02,DMA_144,29.20498418676174,0,1,103.71028708559074
2023-07-02,DMA_145,30.366763245195024,0,0,100.85505789795795
2023-07-02,DMA_146,35.97369044151333,0,0,104.93433536531204
2023-07-02,DMA_147,33.01390617818399,0,0,101.12354817735554
2023-07-02,DMA_148,25.2684083294566,0,0,100.25615681330451
2023-07-02,DMA_149,35.38341303232124,0,0,104.71403722034634
2023-07-02,DMA_150,25.6846484956543,0,0,100.47900737919825
2023-07-09,DMA_001,33.306801548839076,0,0,100.20025639120867
2023-07-09,DMA_002,27.47657894027819,0,1,98.62043335891373
2023-07-09,DMA_003,27.166198962309828,0,0,102.05020645469524
2023-07-09,DMA_004,16.60984860249627,0,0,103.66822835344871
2023-07-09,DMA_005,26.4181095557717,0,0,100.377233753662
2023-07-09,DMA_006,22.97264443130376,0,0,100.04888506853109
2023-07-09,DMA_007,33.44546089522141,0,1,97.69188629298746
2023-07-09,DMA_008,28.234367833638444,0,0,101.89139730943121
2023-07-09,DMA_009,34.47649277952883,0,0,100.32473822484899
2023-07-09,DMA_010,27.900249453362925,0,0,97.27915222228584
2023-07-09,DMA_011,32.54552265143317,0,0,96.9024740657005
2023-07-09,DMA_012,28.229666330059835,0,0,100.07907873959431
2023-07-09,DMA_013,28.929211955709384,0,0,103.60501490949078
2023-07-09,DMA_014,29.62183894187476,0,0,101.57749908316438
2023-07-09,DMA_015,23.070615217871065,0,0,99.5344629601352
2023-07-09,DMA_016,32.16286054504614,0,0,105.6129258152896
2023-07-09,DMA_017,23.53692847738826,0,1,99.25052043036968
2023-07-09,DMA_018,35.57906999819827,0,0,97.44922360119486
2023-07-09,DMA_019,24.30409356798911,0,0,96.77756968201484
2023-07-09,DMA_020,28.870863568879177,0,0,102.84121583217186
2023-07-09,DMA_021,29.505860492842636,0,0,101.95953995218416
2023-07-09,DMA_022,27.935245212846507,0,0,100.5317571236025
2023-07-09,DMA_023,33.25144286026098,0,0,95.11492153536064
2023-07-09,DMA_024,30.27660125231563,0,0,95.7628343871333
2023-07-09,DMA_025,26.331386223732686,0,0,100.6805122278744
2023-07-09,DMA_026,27.206964788438494,0,0,99.28126967584376
2023-07-09,DMA_027,37.83709164943205,0,0,100.30638926120652
2023-07-09,DMA_028,30.154376452629343,0,0,97.71067845132724
2023-07-09,DMA_029,25.06371202065913,0,0,100.10986433361867
2023-07-09,DMA_030,24.206730240399,0,0,98.00997328282622
2023-07-09,DMA_031,39.13364401294727,0,0,98.92617368653433
2023-07-09,DMA_032,35.765510981006855,0,0,101.67273040392409
2023-07-09,DMA_033,27.189604246299844,0,0,98.06336044333177
2023-07-09,DMA_034,30.104651535421347,0,0,100.29021941049936
2023-07-09,DMA_035,30.74604390275083,0,0,101.14985184509636
2023-07-09,DMA_036,36.39881260702183,0,0,99.55544418327057
2023-07-09,DMA_037,22.492983495736958,0,0,97.24869053695028
2023-07-09,DMA_038,33.57199725747065,0,0,96.55224884002698
2023-07-09,DMA_039,37.01999704079995,0,1,101.61040815454176
2023-07-09,DMA_040,24.467023051805043,0,0,98.68004238321934
2023-07-09,DMA_041,24.010712189694537,0,0,98.98242627970613
2023-07-09,DMA_042,22.04267319960551,0,1,98.6826165305256
2023-07-09,DMA_043,33.35166679411305,0,0,102.00284284043812
2023-07-09,DMA_044,36.010270940098195,0,0,97.84779310685077
2023-07-09,DMA_045,25.821795047827603,0,0,97.76371570279736
2023-07-09,DMA_046,20.06169609739515,0,0,100.46908167213145
2023-07-09,DMA_047,35.64125790072233,0,1,100.84139395248468
2023-07-09,DMA_048,28.9851775345523,0,0,100.01770623479746
2023-07-09,DMA_049,33.884186290575755,0,0,99.06809821065077
2023-07-09,DMA_050,27.493122394756046,0,0,100.3708429724689
2023-07-09,DMA_051,25.528769928683424,0,0,101.2115831396462
2023-07-09,DMA_052,30.56647093529698,0,0,97.53411168180536
2023-07-09,DMA_053,26.758865968155817,0,0,99.8911815821626
2023-07-09,DMA_054,25.412041783110208,0,0,97.99976026589718
2023-07-09,DMA_055,40.08244777923575,0,1,100.81111326045585
2023-07-09,DMA_056,32.10936307890647,0,1,98.28808928147404
2023-07-09,DMA_057,29.356564629776976,0,0,97.57523403904085
2023-07-09,DMA_058,38.896552977133865,0,1,100.08587594236636
2023-07-09,DMA_059,22.67202400941045,0,0,99.66550921859539
2023-07-09,DMA_060,26.745587816355002,0,0,95.11171712779384
2023-07-09,DMA_061,36.82753920515909,0,0,103.4343665160962
2023-07-09,DMA_062,31.006995314453125,0,0,96.10328230628066
2023-07-09,DMA_063,31.831278675745796,0,0,100.35465034065446
2023-07-09,DMA_064,39.77665202502388,0,0,95.65771152032842
2023-07-09,DMA_065,22.767976623844866,0,0,100.95769381323781
2023-07-09,DMA_066,32.967345061399584,0,0,98.34011739781468
2023-07-09,DMA_067,31.18796699513926,0,0,97.1234004780724
2023-07-09,DMA_068,37.94118562730112,0,0,99.5367362523753
2023-07-09,DMA_069,35.23131349848795,0,0,99.23996544163222
2023-07-09,DMA_070,21.552471017228317,0,0,100.9192087444415
2023-07-09,DMA_071,23.493345926319904,0,0,100.57370366888428
2023-07-09,DMA_072,37.467010976368336,0,0,98.23324923209505
2023-07-09,DMA_073,32.363350094629546,0,0,97.86898918771561
2023-07-09,DMA_074,25.434739985389115,0,0,100.90395306990771
2023-07-09,DMA_075,21.853959632729175,0,0,95.71527900602068
2023-07-09,DMA_076,34.85815626099794,0,0,101.58324180717172
2023-07-09,DMA_077,26.790000401432223,0,0,100.26563059989249
2023-07-09,DMA_078,28.47984505436919,0,0,98.63733964459963
2023-07-09,DMA_079,29.816341448113633,0,1,97.35995270531005
2023-07-09,DMA_080,17.818897780334094,0,0,100.16613504993477
2023-07-09,DMA_081,30.90612339919831,0,0,97.2320047947475
2023-07-09,DMA_082,26.451574075989875,0,0,101.8915077921704
2023-07-09,DMA_083,32.347126102412034,0,0,100.32912077267356
2023-07-09,DMA_084,30.832332903980337,0,0,98.17272162116889
2023-07-09,DMA_085,29.536943317839167,0,0,99.49939685982179
2023-07-09,DMA_086,31.776398245015294,0,0,95.40306521721324
2023-07-09,DMA_087,25.467783505941075,0,0,99.60350920845488
2023-07-09,DMA_088,17.962656269049496,0,0,99.3804368248158
2023-07-09,DMA_089,32.50625790857321,0,0,101.13359062619055
2023-07-09,DMA_090,23.596778719011827,0,0,97.27370344379382
2023-07-09,DMA_091,40.905377044560865,0,1,96.37731535328868
2023-07-09,DMA_092,32.917790699433944,0,1,97.12713668041071
2023-07-09,DMA_093,22.476749459018517,0,0,100.35188245295025
2023-07-09,DMA_094,33.838897848118194,0,0,96.87632599214176
2023-07-09,DMA_095,42.26917033972008,0,1,100.52518268299602
2023-07-09,DMA_096,35.73241251795846,0,0,100.67275406803944
2023-07-09,DMA_097,33.46081469581993,0,0,100.49871210422633
2023-07-09,DMA_098,25.60314215525367,0,0,97.6040541941398
2023-07-09,DMA_099,32.449660986526126,0,0,99.16376515034915
2023-07-09,DMA_100,24.19927267747448,0,0,100.54927354463074
2023-07-09,DMA_101,25.501613067508906,0,1,96.69443211266758
2023-07-09,DMA_102,29.665022339323997,0,0,101.45956035016604
2023-07-09,DMA_103,29.576994590611992,0,0,99.50105498238615
2023-07-09,DMA_104,32.27946779428483,0,0,99.70942037782106
2023-07-09,DMA_105,32.18888794251277,0,0,100.44562675286528
2023-07-09,DMA_106,25.198340652924646,0,0,95.60904332456379
2023-07-09,DMA_107,25.72221634200266,0,0,100.32510389002216
2023-07-09,DMA_108,25.942261940328276,0,0,99.83279437422271
2023-07-09,DMA_109,29.66632110827045,0,0,100.8749015340086
2023-07-09,DMA_110,33.88236035553437,0,1,95.14715903102262
2023-07-09,DMA_111,41.577811910196786,0,0,99.58702026138903
2023-07-09,DMA_112,28.100526003964806,0,0,103.4449035694874
2023-07-09,DMA_113,36.765836190843075,0,0,97.89655161096701
2023-07-09,DMA_114,24.27986971074875,0,0,97.81408496735327
2023-07-09,DMA_115,12.246477780188116,0,0,98.68944987170788
2023-07-09,DMA_116,36.160133066935465,0,0,99.97465384441294
2023-07-09,DMA_117,28.215491223166396,0,0,100.0417290821687
2023-07-09,DMA_118,30.10716015700386,0,0,100.27023665604308
2023-07-09,DMA_119,34.76335699656001,0,0,100.42595334016079
2023-07-09,DMA_120,28.991078654711536,0,0,103.67039054978629
2023-07-09,DMA_121,31.623550646202794,0,0,99.31001084930084
2023-07-09,DMA_122,23.417936053830907,0,0,99.07436469363061
2023-07-09,DMA_123,32.90409701570493,0,0,98.08815140200309
2023-07-09,DMA_124,34.78584503040437,0,0,98.01598935402357
2023-07-09,DMA_125,43.404823013068544,0,0,100.81863547768332
2023-07-09,DMA_126,21.47454587545964,0,0,101.12173575371747
2023-07-09,DMA_127,28.901779898195112,0,0,98.39797717669052
2023-07-09,DMA_128,41.0031758935577,0,0,100.58811156812506
2023-07-09,DMA_129,35.18495848875596,0,0,98.24028981656492
2023-07-09,DMA_130,24.109995536042206,0,0,98.56963388754518
2023-07-09,DMA_131,29.874157686103818,0,0,101.55875144268614
2023-07-09,DMA_132,38.82550686524795,0,0,97.6741438022189
2023-07-09,DMA_133,35.32826541093421,0,0,99.88034518119036
2023-07-09,DMA_134,21.342687150804288,0,0,102.37104970044214
2023-07-09,DMA_135,24.316072246787,0,0,98.74563945061986
2023-07-09,DMA_136,42.352478698256746,0,0,100.68266965625253
2023-07-09,DMA_137,24.88984597107671,0,1,100.46779384958619
2023-07-09,DMA_138,29.291405367625632,0,1,97.13081718680455
2023-07-09,DMA_139,32.78797614814726,0,0,103.48667714839155
2023-07-09,DMA_140,26.48641593920285,0,0,100.86725815584515
2023-07-09,DMA_141,33.03737545564246,0,0,100.43640795181969
2023-07-09,DMA_142,22.567626484375857,0,0,99.3496712778654
2023-07-09,DMA_143,32.24156351474148,0,0,101.78210953812476
2023-07-09,DMA_144,29.220591334718318,0,0,98.22175043484276
2023-07-09,DMA_145,43.914958678473276,0,1,102.92373400032933
2023-07-09,DMA_146,25.9832847437815,0,0,101.88729908793066
2023-07-09,DMA_147,23.426662946524942,0,0,102.7628186636868
2023-07-09,DMA_148,36.88975500893349,0,0,97.52487390387124
2023-07-09,DMA_149,28.119142668075703,0,0,100.08188392337235
2023-07-09,DMA_150,31.157118897109363,0,0,101.79432807770222
2023-07-16,DMA_001,23.152161526336748,0,0,100.08418029978064
2023-07-16,DMA_002,32.00456671385216,0,0,99.7818864545465
2023-07-16,DMA_003,35.53329768840088,0,1,100.9152931064978
2023-07-16,DMA_004,25.34643665895325,0,0,100.57982532500453
2023-07-16,DMA_005,27.18737041119674,0,0,100.92002829676225
2023-07-16,DMA_006,26.970571540261915,0,0,98.95599790783065
2023-07-16,DMA_007,25.098127167682904,0,0,99.34460710652034
2023-07-16,DMA_008,31.886821503003116,0,0,98.10594706856816
2023-07-16,DMA_009,35.326630323743586,0,0,96.4890935706744
2023-07-16,DMA_010,17.62693146537351,0,1,97.60834367879589
2023-07-16,DMA_011,27.15273945954137,0,0,98.47276593582207
2023-07-16,DMA_012,27.291391798320127,0,0,101.23232157767453
2023-07-16,DMA_013,28.325767270084814,0,0,97.97125721194756
2023-07-16,DMA_014,32.95235152754559,0,0,98.15317752797131
2023-07-16,DMA_015,28.53757839491546,0,0,96.76010146704911
2023-07-16,DMA_016,26.97517239256868,0,1,97.20168948297781
2023-07-16,DMA_017,27.468850777224286,0,1,94.3728288700758
2023-07-16,DMA_018,32.07858639099869,0,0,94.68254762664017
2023-07-16,DMA_019,40.492252532418306,0,0,95.3967986559663
2023-07-16,DMA_020,32.834136051799206,0,0,96.94427268869312
2023-07-16,DMA_021,34.52831978143139,0,0,99.4520061394013
2023-07-16,DMA_022,37.45910618702486,0,0,97.19502987355328
2023-07-16,DMA_023,38.85724286714087,0,0,99.35352165815793
2023-07-16,DMA_024,33.01959960521697,0,0,99.3809873270073
2023-07-16,DMA_025,23.98334738512866,0,0,95.07047672725453
2023-07-16,DMA_026,18.8331319825983,0,0,100.96723850539898
2023-07-16,DMA_027,38.90807623656759,0,0,95.57140662861686
2023-07-16,DMA_028,32.43499779444465,0,0,97.91198689807023
2023-07-16,DMA_029,33.76186662831479,0,0,96.53149853101317
2023-07-16,DMA_030,34.7199502568787,0,0,98.49895142281719
2023-07-16,DMA_031,29.503895285972234,0,1,100.22596650483666
2023-07-16,DMA_032,26.145797268279257,0,0,98.44288432613254
2023-07-16,DMA_033,27.61935003378312,0,0,99.32944083953458
2023-07-16,DMA_034,24.28608353684472,0,0,98.38588816575043
2023-07-16,DMA_035,21.587615752019204,0,0,98.78260834794168
2023-07-16,DMA_036,35.87203768828154,0,0,99.65935173650753
2023-07-16,DMA_037,32.33007550456093,0,0,101.6800817903779
2023-07-16,DMA_038,21.207167601581133,0,0,97.90595990564181
2023-07-16,DMA_039,33.6179518371256,0,0,95.0767788587866
2023-07-16,DMA_040,32.38966882892306,0,0,97.47911817449013
2023-07-16,DMA_041,34.58436760529851,0,0,98.8191417604645
2023-07-16,DMA_042,21.481377607829998,0,0,101.95962036540438
2023-07-16,DMA_043,27.414014160297945,0,0,101.10074937432289
2023-07-16,DMA_044,24.37496028786476,0,0,102.22402275376965
2023-07-16,DMA_045,25.436102870525307,0,0,96.32737746181371
2023-07-16,DMA_046,31.21066517583291,0,0,96.75118596044504
2023-07-16,DMA_047,31.079641811483253,0,0,98.6011942878603
2023-07-16,DMA_048,34.530013416891556,0,0,98.55375233498603
2023-07-16,DMA_049,36.416822194219925,0,0,101.92111325541553
2023-07-16,DMA_050,28.675064610310766,0,0,97.21925250129539
2023-07-16,DMA_051,37.68275275659505,0,0,98.35665810000896
2023-07-16,DMA_052,29.293814462602793,0,0,100.85255495513397
2023-07-16,DMA_053,48.89630767204187,0,0,97.89955896942577
2023-07-16,DMA_054,15.398532494950931,0,1,99.59361420315281
2023-07-16,DMA_055,34.12021161596189,0,1,98.33386456435727
2023-07-16,DMA_056,37.89616341318807,0,1,98.02417420678756
2023-07-16,DMA_057,43.724419280067565,0,0,96.0863493063041
2023-07-16,DMA_058,28.871083964218798,0,0,99.1996771707979
2023-07-16,DMA_059,28.38593958953825,0,0,98.79628952194466
2023-07-16,DMA_060,19.49549568857116,0,0,101.33180687906629
2023-07-16,DMA_061,29.006600406551755,0,0,98.70955593738398
2023-07-16,DMA_062,20.730433617374118,0,0,98.1246291333736
2023-07-16,DMA_063,27.745077579956998,0,0,94.60768472673038
2023-07-16,DMA_064,25.03634489487102,0,0,98.62375105515183
2023-07-16,DMA_065,20.896465372365554,0,0,103.60438639459906
2023-07-16,DMA_066,28.32994019568044,0,0,99.37654429485069
2023-07-16,DMA_067,26.924090262183274,0,0,97.51757609662184
2023-07-16,DMA_068,33.49641945377566,0,1,100.42940897114997
2023-07-16,DMA_069,16.922132212731352,0,0,99.21367475736898
2023-07-16,DMA_070,32.74648550219431,0,0,94.8849915065723
2023-07-16,DMA_071,25.461866417600476,0,0,103.17629772353436
2023-07-16,DMA_072,34.319755491302374,0,0,97.56165280508206
2023-07-16,DMA_073,24.890265882405615,0,0,97.53701177642255
2023-07-16,DMA_074,30.053850048395866,0,0,97.04297331496304
2023-07-16,DMA_075,25.9051906534241,0,0,103.12963259765645
2023-07-16,DMA_076,23.34887119857112,0,0,97.85554537393337
2023-07-16,DMA_077,23.82221660646868,0,1,99.1365831692709
2023-07-16,DMA_078,37.189481440946125,0,0,94.63983870633518
2023-07-16,DMA_079,27.186399813930215,0,0,94.53182268185344
2023-07-16,DMA_080,32.56913417001872,0,0,96.60934477834857
2023-07-16,DMA_081,31.79894206972113,0,0,99.48743348951957
2023-07-16,DMA_082,34.266694815788085,0,0,99.93316262877575
2023-07-16,DMA_083,22.76165591741698,0,0,98.98974165780977
2023-07-16,DMA_084,32.76044291996687,0,0,98.69218153451433
2023-07-16,DMA_085,29.68416613673392,0,0,97.53407403721118
2023-07-16,DMA_086,17.99516605866337,0,0,102.13007365579755
2023-07-16,DMA_087,20.6088840139044,0,0,101.51093088786486
2023-07-16,DMA_088,37.058116455761855,0,1,101.37320681781061
2023-07-16,DMA_089,28.757403342847567,0,0,94.08596648394706
2023-07-16,DMA_090,34.37160220224288,0,0,99.14152647783179
2023-07-16,DMA_091,28.99331886311507,0,0,98.02454889560624
2023-07-16,DMA_092,23.392537647176585,0,0,98.62150087092652
2023-07-16,DMA_093,24.521740838102602,0,1,99.64228360846488
2023-07-16,DMA_094,33.75828162079394,0,0,101.216373788355
2023-07-16,DMA_095,23.479295872807995,0,0,98.39235207195483
2023-07-16,DMA_096,22.69397661637468,0,1,101.04762713131231
2023-07-16,DMA_097,22.315419940887185,0,1,98.92333556548526
2023-07-16,DMA_098,25.316748201317154,0,0,98.83622028379787
2023-07-16,DMA_099,30.972600209928547,0,0,96.2694677403147
2023-07-16,DMA_100,36.97047833109928,0,0,99.64182466769144
2023-07-16,DMA_101,18.44118903451445,0,0,100.10241256573492
2023-07-16,DMA_102,20.273714118347506,0,0,98.23334425809632
2023-07-16,DMA_103,20.585598514057885,0,0,97.6471065446142
2023-07-16,DMA_104,38.10415026713346,0,0,97.42314503925071
2023-07-16,DMA_105,23.363836372010496,0,0,100.90712610340688
2023-07-16,DMA_106,28.63774561699713,0,1,102.37662764210128
2023-07-16,DMA_107,31.554173844578685,0,0,101.73897655975314
2023-07-16,DMA_108,30.24336515367675,0,0,100.810420177931
2023-07-16,DMA_109,25.880546973849615,0,0,101.23601840332245
2023-07-16,DMA_110,30.218923218383097,0,0,100.08908500121274
2023-07-16,DMA_111,42.60425736525201,0,0,100.18414964227442
2023-07-16,DMA_112,33.42507946340858,0,0,98.50628628497972
2023-07-16,DMA_113,22.231342357585554,0,1,99.44960084227947
2023-07-16,DMA_114,29.218247623019884,0,0,97.36698486773615
2023-07-16,DMA_115,29.822771442192305,0,0,101.03265656802387
2023-07-16,DMA_116,34.37881091722064,0,1,99.66450509814418
2023-07-16,DMA_117,28.579811663604985,0,0,94.9091334600304
2023-07-16,DMA_118,32.69450889051926,0,0,99.28486971750335
2023-07-16,DMA_119,33.18189741623577,0,1,98.81716920179056
2023-07-16,DMA_120,28.671688270942326,0,0,101.48412605284291
2023-07-16,DMA_121,36.684778079215505,0,1,97.1188088276944
2023-07-16,DMA_122,27.696518102443697,0,0,98.5576076308065
2023-07-16,DMA_123,27.110212304451203,0,0,97.76951577488185
2023-07-16,DMA_124,30.44174664744176,0,0,97.60441884788843
2023-07-16,DMA_125,28.802467367134206,0,1,97.40251547722325
2023-07-16,DMA_126,25.836318682437046,0,0,101.46494713975808
2023-07-16,DMA_127,13.054502094004356,0,1,97.44870129523945
2023-07-16,DMA_128,32.420561154087906,0,0,102.59312477783493
2023-07-16,DMA_129,25.512894001589412,0,0,98.27066389091797
2023-07-16,DMA_130,18.80059978780775,0,1,99.15240915375001
2023-07-16,DMA_131,27.80431680839539,0,0,99.67841957995515
2023-07-16,DMA_132,41.603625283997545,0,0,96.69398136922295
2023-07-16,DMA_133,30.717771986266207,0,0,98.90884273300499
2023-07-16,DMA_134,36.66708556180713,0,0,98.90609286871043
2023-07-16,DMA_135,30.13084386573211,0,0,99.01013023219441
2023-07-16,DMA_136,37.908038215638,0,0,99.48285733980285
2023-07-16,DMA_137,33.30882308258622,0,0,96.36075716330286
2023-07-16,DMA_138,25.00400182094547,0,0,98.90160917661376
2023-07-16,DMA_139,31.952728257054236,0,0,98.68103781900376
2023-07-16,DMA_140,34.450967363863526,0,0,101.30873419079691
2023-07-16,DMA_141,34.97503083965436,0,0,95.18127051840995
2023-07-16,DMA_142,19.644003352912122,0,1,96.80341158695725
2023-07-16,DMA_143,22.80658863264273,0,0,94.55628542415155
2023-07-16,DMA_144,24.9080079724924,0,0,95.68776564389954
2023-07-16,DMA_145,36.75829655330339,0,0,100.95130926606858
2023-07-16,DMA_146,31.89278245283147,0,0,98.50897700400432
2023-07-16,DMA_147,28.295995975700446,0,0,100.34234382823388
2023-07-16,DMA_148,24.092647133453838,0,0,99.89281070095703
2023-07-16,DMA_149,33.697981525218935,0,0,98.14652143309947
2023-07-16,DMA_150,22.673889338979905,0,0,98.34537715801737
2023-07-23,DMA_001,36.1079383897366,0,0,99.79678705339603
2023-07-23,DMA_002,34.59412136601173,0,0,100.73736987730038
2023-07-23,DMA_003,30.217459656288806,0,1,97.82276864228346
2023-07-23,DMA_004,39.16411263942216,0,0,104.31669567344981
2023-07-23,DMA_005,21.13208987954424,0,0,96.92410724672473
2023-07-23,DMA_006,28.275328976288776,0,0,98.00055442439147
2023-07-23,DMA_007,31.9072653443946,0,0,101.92906616029822
2023-07-23,DMA_008,25.875660486337708,0,0,99.19275196830051
2023-07-23,DMA_009,39.16175643862246,0,0,98.09330161288115
2023-07-23,DMA_010,41.46016026963288,0,0,94.01137330972242
2023-07-23,DMA_011,29.61870511061382,0,0,95.83380044999693
2023-07-23,DMA_012,43.13916396430958,0,0,99.21054645189709
2023-07-23,DMA_013,24.239759643941877,0,0,99.35950325375653
2023-07-23,DMA_014,32.75704627031519,0,0,100.90702554046455
2023-07-23,DMA_015,24.21162120542144,0,0,97.71496548837071
2023-07-23,DMA_016,34.956038911537156,0,0,99.86905606467924
2023-07-23,DMA_017,33.80509462245265,0,0,96.89834896985361
2023-07-23,DMA_018,29.8747978385484,0,0,93.74506736075807
2023-07-23,DMA_019,41.89531920163862,0,0,97.93191264111981
2023-07-23,DMA_020,31.113266932044066,0,0,100.07485880983204
2023-07-23,DMA_021,30.367005468065212,0,1,101.12579869170185
2023-07-23,DMA_022,18.81920823693681,0,0,100.29276114666025
2023-07-23,DMA_023,33.252542557042766,0,0,95.76449021004397
2023-07-23,DMA_024,23.985844217314188,0,0,101.36371374667115
2023-07-23,DMA_025,39.285134740605486,0,0,100.92667653948936
2023-07-23,DMA_026,35.810270425076986,0,0,101.88491479726675
2023-07-23,DMA_027,30.048348043604214,0,1,101.81743446238157
2023-07-23,DMA_028,24.947318389170455,0,0,98.76690690391973
2023-07-23,DMA_029,34.26421830468156,0,0,99.55640457192165
2023-07-23,DMA_030,30.25744784795426,0,0,99.36968732373556
2023-07-23,DMA_031,25.964206246327343,0,0,98.19312729168266
2023-07-23,DMA_032,35.65585062314681,0,0,94.1388604966966
2023-07-23,DMA_033,20.753612858785075,0,0,97.7359273341465
2023-07-23,DMA_034,38.81843015391321,0,0,96.3687866756228
2023-07-23,DMA_035,28.983776696167503,0,0,96.34464864060325
2023-07-23,DMA_036,31.130326833748306,0,0,100.16935534073492
2023-07-23,DMA_037,31.4229006097221,0,0,98.10300462560193
2023-07-23,DMA_038,31.118604347074978,0,1,96.7420749177378
2023-07-23,DMA_039,26.09587268444458,0,0,96.73253815855263
2023-07-23,DMA_040,28.362363610458537,0,0,99.06240980646284
2023-07-23,DMA_041,28.893375755629734,0,0,98.20710229889357
2023-07-23,DMA_042,20.026007864032533,0,0,103.4600502562604
2023-07-23,DMA_043,24.22801789224225,0,0,100.39111719057314
2023-07-23,DMA_044,29.37517328782659,0,0,99.26863132905146
2023-07-23,DMA_045,35.04077543876446,0,0,99.62842005539966
2023-07-23,DMA_046,27.758067294548084,0,0,98.21027373120815
2023-07-23,DMA_047,18.61436603268892,0,0,95.97945222025962
2023-07-23,DMA_048,42.535847516622766,0,0,98.9745789339645
2023-07-23,DMA_049,33.36864102726778,0,0,96.27588197756906
2023-07-23,DMA_050,20.76077771350693,0,0,97.71896985586623
2023-07-23,DMA_051,32.74215981934067,0,0,99.82331822889314
2023-07-23,DMA_052,30.317888046477286,0,1,100.43566410869646
2023-07-23,DMA_053,36.65869195128175,0,0,97.47613901120863
2023-07-23,DMA_054,22.926030574708555,0,0,95.98381821953276
2023-07-23,DMA_055,26.38449652732463,0,0,96.54231543208958
2023-07-23,DMA_056,23.740139184860837,0,0,99.3028217075747
2023-07-23,DMA_057,28.483713679650247,0,0,99.27498770428643
2023-07-23,DMA_058,29.68513689547614,0,0,98.2172520491124
2023-07-23,DMA_059,22.514981855369626,0,0,97.38466156249409
2023-07-23,DMA_060,32.16140858588386,0,0,94.80041061129559
2023-07-23,DMA_061,32.08017441566542,0,0,96.1715742539368
2023-07-23,DMA_062,34.17605492719988,0,0,94.81861963380878
2023-07-23,DMA_063,46.05325862667572,0,0,101.0837413963373
2023-07-23,DMA_064,29.437648149589492,0,0,96.91265436602508
2023-07-23,DMA_065,34.14558342696243,0,0,96.01692676254214
2023-07-23,DMA_066,24.450236586856334,0,0,99.59980144792725
2023-07-23,DMA_067,31.182105850480806,0,1,97.82028753040625
2023-07-23,DMA_068,38.599383814785895,0,0,97.46244102171343
2023-07-23,DMA_069,22.55697365934769,0,0,94.44858134291226
2023-07-23,DMA_070,35.88869342583004,0,0,98.79885471666813
2023-07-23,DMA_071,24.441168794343273,0,0,99.05143854034398
2023-07-23,DMA_072,26.22991868623199,0,0,97.10551396674933
2023-07-23,DMA_073,35.747025067445335,0,0,98.18454624952483
2023-07-23,DMA_074,35.328391416561466,0,0,93.02515238550892
2023-07-23,DMA_075,32.64002309344434,0,0,96.39133657389046
2023-07-23,DMA_076,29.670634977460196,0,1,99.58309534628594
2023-07-23,DMA_077,22.334007890428254,0,0,96.67715555607718
2023-07-23,DMA_078,29.17982901847618,0,1,94.0264395704554
2023-07-23,DMA_079,27.835048133094425,0,0,97.5544498253584
2023-07-23,DMA_080,34.69188129293176,0,0,98.35865405037043
2023-07-23,DMA_081,33.14836005450058,0,0,97.41217471335139
2023-07-23,DMA_082,29.07505904679752,0,0,95.70393373288886
2023-07-23,DMA_083,33.32082217577788,0,1,96.63103755150544
2023-07-23,DMA_084,31.30672667474095,0,0,100.10337129599985
2023-07-23,DMA_085,26.90931012583936,0,0,97.97617990860887
2023-07-23,DMA_086,20.533507121910148,0,0,94.40680662681035
2023-07-23,DMA_087,21.706570166228182,0,0,98.26313871422032
2023-07-23,DMA_088,29.928899923383696,0,1,96.01931596939343
2023-07-23,DMA_089,27.094041757363406,0,1,97.52134788617552
2023-07-23,DMA_090,38.44429584752297,0,0,96.07206258338185
2023-07-23,DMA_091,31.37924700883202,0,0,98.34714234142008
2023-07-23,DMA_092,33.67701301719246,0,0,98.27432914535503
2023-07-23,DMA_093,22.890500427068762,0,0,99.08252415764974
2023-07-23,DMA_094,29.625792560765962,0,0,100.02232002141899
2023-07-23,DMA_095,34.677731045715014,0,0,98.74541648620887
2023-07-23,DMA_096,23.952788384017445,0,0,100.33659457766765
2023-07-23,DMA_097,31.531496230770887,0,0,98.50854509651258
2023-07-23,DMA_098,25.882007092687893,0,0,95.41267915969752
2023-07-23,DMA_099,25.22097466613931,0,0,102.15903931183995
2023-07-23,DMA_100,35.970017639998645,0,1,96.86928323625352
2023-07-23,DMA_101,28.374634297831527,0,0,99.553224167712
2023-07-23,DMA_102,29.37210915637321,0,0,98.45382966573128
2023-07-23,DMA_103,25.947788917888214,0,0,96.55320611841744
2023-07-23,DMA_104,34.42346654909681,0,0,98.63431220551143
2023-07-23,DMA_105,24.168312599742027,0,0,96.00287392504393
2023-07-23,DMA_106,28.59622038946217,0,0,95.66670595005212
2023-07-23,DMA_107,30.283705438494696,0,0,96.59444477758187
2023-07-23,DMA_108,25.40743838130472,0,0,97.6618199282306
2023-07-23,DMA_109,31.77560691766476,0,1,98.46254882066704
2023-07-23,DMA_110,33.61224615429117,0,0,97.1663083721545
2023-07-23,DMA_111,32.693051364716005,0,0,99.98466614502202
2023-07-23,DMA_112,30.367699973652165,0,0,100.96308036437779
2023-07-23,DMA_113,39.30564777605638,0,0,98.35571327944326
2023-07-23,DMA_114,36.203625018998835,0,0,99.10011456906498
2023-07-23,DMA_115,28.009472511700984,0,0,101.08821989966812
2023-07-23,DMA_116,26.728219753569736,0,0,99.40143677154883
2023-07-23,DMA_117,28.681001060947434,0,0,95.00948645272031
2023-07-23,DMA_118,27.435911966324213,0,0,101.01078666232
2023-07-23,DMA_119,30.626661070027836,0,0,98.88927137008314
2023-07-23,DMA_120,38.992223042365474,0,0,99.314864147307
2023-07-23,DMA_121,32.28997221111834,0,0,102.79600009761194
2023-07-23,DMA_122,29.67236457783697,0,0,99.24648767859497
2023-07-23,DMA_123,39.76362723696702,0,1,97.63600222215898
2023-07-23,DMA_124,23.72726566019903,0,0,98.68572313758511
2023-07-23,DMA_125,36.91304154239991,0,1,99.21315709190881
2023-07-23,DMA_126,31.910234035009218,0,0,98.38581569843407
2023-07-23,DMA_127,30.15140785759217,0,0,98.77456100577251
2023-07-23,DMA_128,31.849080441637476,0,0,98.13676881482829
2023-07-23,DMA_129,32.976887792811524,0,0,99.86383894656036
2023-07-23,DMA_130,26.777125253307805,0,0,95.95506459207022
2023-07-23,DMA_131,34.44233251925002,0,0,100.11608410227214
2023-07-23,DMA_132,29.72207743668638,0,0,98.36692020985211
2023-07-23,DMA_133,29.77190987126931,0,1,98.22239086482884
2023-07-23,DMA_134,38.903573417578585,0,0,98.2783875379814
2023-07-23,DMA_135,32.32684763573408,0,0,99.36392408432775
2023-07-23,DMA_136,24.185045402295998,0,0,96.43732728768174
2023-07-23,DMA_137,30.90917158562602,0,0,96.03445403008162
2023-07-23,DMA_138,47.2176842090145,0,0,94.75871631389529
2023-07-23,DMA_139,25.957686580873023,0,0,97.51943976729005
2023-07-23,DMA_140,39.86804617420475,0,0,97.33720431670017
2023-07-23,DMA_141,31.96145081654007,0,1,97.37984815325217
2023-07-23,DMA_142,34.74308861993688,0,0,98.1408218632327
2023-07-23,DMA_143,28.62274637049788,0,0,98.14659533846523
2023-07-23,DMA_144,33.5464644693681,0,0,94.78229537871837
2023-07-23,DMA_145,14.999641701357852,0,0,98.27394705953544
2023-07-23,DMA_146,20.983089417737066,0,1,99.09709742074645
2023-07-23,DMA_147,27.384513418871396,0,0,98.01439600161198
2023-07-23,DMA_148,29.271066036583907,0,0,101.98573388132304
2023-07-23,DMA_149,27.836898641988384,0,0,99.59805198818285
2023-07-23,DMA_150,30.065569789599603,0,0,96.70197694962974
2023-07-30,DMA_001,36.09629850765059,0,0,96.12806781570816
2023-07-30,DMA_002,39.69836099850936,0,0,96.84781714959927
2023-07-30,DMA_003,29.311994359998035,0,0,96.49881048875771
2023-07-30,DMA_004,44.99767917367413,0,0,96.99734270086734
2023-07-30,DMA_005,22.99132922654279,0,0,96.94190015549037
2023-07-30,DMA_006,23.58583631208023,0,0,98.83288344923592
2023-07-30,DMA_007,27.108133465905837,0,0,98.81020238931775
2023-07-30,DMA_008,28.627469580324963,0,0,97.82227361695153
2023-07-30,DMA_009,34.652581865625656,0,1,93.72160453294327
2023-07-30,DMA_010,35.27490021940689,0,0,93.82815436845803
2023-07-30,DMA_011,38.184876271531635,0,0,95.91028977146799
2023-07-30,DMA_012,31.64009444160695,0,0,98.49817457870634
2023-07-30,DMA_013,23.641566388998484,0,1,98.6672985133396
2023-07-30,DMA_014,36.57644495580183,0,0,96.03210076322935
2023-07-30,DMA_015,30.252812349393437,0,0,97.7047169030177
2023-07-30,DMA_016,27.07835231507781,0,0,98.1718510532742
2023-07-30,DMA_017,42.50377056786728,0,0,95.89048310517138
2023-07-30,DMA_018,43.17289446082016,0,1,98.31455591314395
2023-07-30,DMA_019,36.53238800302949,0,0,100.53175419949841
2023-07-30,DMA_020,15.464016062082639,0,1,100.34937871007233
2023-07-30,DMA_021,19.2667680251134,0,1,98.96828337955955
2023-07-30,DMA_022,37.08582916272713,0,0,96.11364698944112
2023-07-30,DMA_023,27.212038560322853,0,0,96.59351620220744
2023-07-30,DMA_024,42.951340329880814,0,0,98.4193312754527
2023-07-30,DMA_025,39.935050743845345,0,1,99.72658625209168
2023-07-30,DMA_026,27.92846550947596,0,0,98.02318856411014
2023-07-30,DMA_027,32.17728101478036,0,0,100.8610890903208
2023-07-30,DMA_028,35.505712652212054,0,0,100.83497995905803
2023-07-30,DMA_029,26.137783608459408,0,0,97.79953119361228
2023-07-30,DMA_030,36.70385466624799,0,0,98.26344577983035
2023-07-30,DMA_031,25.78885074404053,0,0,97.14441899196997
2023-07-30,DMA_032,24.62461591298218,0,1,95.09702928372799
2023-07-30,DMA_033,40.55154159256294,0,0,97.68654929025578
2023-07-30,DMA_034,30.37459113562969,0,0,98.52030873135023
2023-07-30,DMA_035,37.28478438273112,0,0,97.79010365136517
2023-07-30,DMA_036,23.22760489306468,0,1,96.99177478184205
2023-07-30,DMA_037,49.554424429436516,0,0,97.73403686242861
2023-07-30,DMA_038,40.281329125685154,0,0,100.30198296148248
2023-07-30,DMA_039,35.26026120829548,0,0,101.10102740817757
2023-07-30,DMA_040,26.86604369745386,0,1,95.12635505348624
2023-07-30,DMA_041,36.366140837913875,0,0,96.00997100412873
2023-07-30,DMA_042,13.356942304865214,0,0,99.8741385319467
2023-07-30,DMA_043,31.743919160418486,0,0,97.65758346057329
2023-07-30,DMA_044,33.294327872777046,0,0,97.33103119273136
2023-07-30,DMA_045,30.58492305220511,0,0,98.6762521357329
2023-07-30,DMA_046,27.425262840334298,0,0,99.0510885347718
2023-07-30,DMA_047,26.383370497752367,0,0,99.4409140280827
2023-07-30,DMA_048,28.289514746491957,0,0,98.00620441630339
2023-07-30,DMA_049,28.21647598262861,0,0,99.21394324967143
2023-07-30,DMA_050,29.39472113133849,0,0,96.63690171375882
2023-07-30,DMA_051,38.653219285345045,0,0,100.11274837617643
2023-07-30,DMA_052,41.258077413147134,0,0,100.74372882831481
2023-07-30,DMA_053,34.99897715107119,0,0,97.87065787974646
2023-07-30,DMA_054,32.637185718778376,0,0,95.62949142937877
2023-07-30,DMA_055,33.33306829772067,0,0,99.6457687858127
2023-07-30,DMA_056,27.7527459468766,0,0,98.65381359355564
2023-07-30,DMA_057,34.09809124638522,0,1,98.49004808983513
2023-07-30,DMA_058,27.964797290717996,0,0,99.71435372318972
2023-07-30,DMA_059,15.746081140754969,0,0,99.46236718422406
2023-07-30,DMA_060,40.0677805378417,0,0,98.8838691391558
2023-07-30,DMA_061,32.4005958532501,0,0,99.42455459713096
2023-07-30,DMA_062,31.97462381827801,0,1,99.98747275320304
2023-07-30,DMA_063,33.697849474667834,0,1,97.12079096669513
2023-07-30,DMA_064,34.81206968180175,0,0,96.38015137867613
2023-07-30,DMA_065,32.80040620919114,0,0,97.31252207594912
2023-07-30,DMA_066,32.726810643847074,0,0,99.67230175125414
2023-07-30,DMA_067,33.91510820803279,0,0,97.84960167524088
2023-07-30,DMA_068,30.546343790884453,0,0,100.38487472550737
2023-07-30,DMA_069,29.217544628809637,0,0,97.50300254703845
2023-07-30,DMA_070,27.939419477489718,0,0,95.54531681752415
2023-07-30,DMA_071,24.587738202953382,0,0,98.56418721489851
2023-07-30,DMA_072,38.09856386231061,0,0,100.01950924222517
2023-07-30,DMA_073,34.154570004097245,0,1,101.4022184852179
2023-07-30,DMA_074,25.65589976237293,0,0,97.41244283541701
2023-07-30,DMA_075,27.917335680772347,0,0,97.57839393404319
2023-07-30,DMA_076,31.1887845134086,0,0,96.06334830698282
2023-07-30,DMA_077,29.812959301160937,0,0,95.90152708727872
2023-07-30,DMA_078,28.51461739755206,0,0,96.16058164900882
2023-07-30,DMA_079,30.953065801955038,0,0,99.47205277242107
2023-07-30,DMA_080,27.807298340642525,0,0,97.75907517414545
2023-07-30,DMA_081,40.34129813558455,0,0,99.62607520957282
2023-07-30,DMA_082,29.568290116235044,0,0,100.57944649451001
2023-07-30,DMA_083,38.31294923450802,0,0,97.13649062802149
2023-07-30,DMA_084,27.74798998082826,0,0,98.91158707093598
2023-07-30,DMA_085,27.111641152091813,0,0,100.85882828036821
2023-07-30,DMA_086,34.19462679748115,0,0,99.97119644884823
2023-07-30,DMA_087,44.771440901726805,0,1,95.37712616107999
2023-07-30,DMA_088,32.26214241209945,0,1,95.18605195623498
2023-07-30,DMA_089,34.836576257834835,0,0,99.26742848960315
2023-07-30,DMA_090,32.41250451487763,0,0,96.01082602596726
2023-07-30,DMA_091,32.70196557478773,0,0,99.89423328944042
2023-07-30,DMA_092,32.933872621407225,0,0,95.64116242054786
2023-07-30,DMA_093,26.699740778256363,0,0,97.50063586622367
2023-07-30,DMA_094,33.5740029834701,0,0,98.53286736448176
2023-07-30,DMA_095,35.64223424033831,0,0,96.35687719217216
2023-07-30,DMA_096,33.63214506353989,0,0,96.01003359441248
2023-07-30,DMA_097,34.360062904968686,0,0,97.88845930971097
2023-07-30,DMA_098,36.96735708156955,0,0,96.19609308962377
2023-07-30,DMA_099,32.18265434823942,0,0,98.58989222867768
2023-07-30,DMA_100,32.08377897886179,0,0,97.60386542645792
2023-07-30,DMA_101,39.30706919318452,0,1,97.93166346496211
2023-07-30,DMA_102,25.048252554696234,0,0,100.99316001567065
2023-07-30,DMA_103,33.39882207844459,0,0,90.2385781591128
2023-07-30,DMA_104,24.022335126825375,0,0,98.42606727054988
2023-07-30,DMA_105,39.632738509344684,0,0,98.38032962088795
2023-07-30,DMA_106,38.34447831864595,0,0,99.40394893617331
2023-07-30,DMA_107,31.64689295988056,0,0,98.08653541343946
2023-07-30,DMA_108,25.113325112932333,0,0,101.24088843898988
2023-07-30,DMA_109,31.063322027156858,0,0,99.95021570929023
2023-07-30,DMA_110,19.994792910031187,0,0,96.76986838172606
2023-07-30,DMA_111,33.620096072584474,0,0,98.91604854298181
2023-07-30,DMA_112,35.85428882554714,0,0,95.50378833054585
2023-07-30,DMA_113,29.38875712796506,0,0,99.44905207381271
2023-07-30,DMA_114,34.38733364158911,0,0,98.36523514832285
2023-07-30,DMA_115,35.96605237818119,0,0,98.26209748518959
2023-07-30,DMA_116,33.277031284799534,0,0,100.43843677227902
2023-07-30,DMA_117,29.734853383190384,0,0,96.16596489641066
2023-07-30,DMA_118,32.71413933615956,0,0,96.46368294090917
2023-07-30,DMA_119,32.28480587086792,0,0,98.64072765958113
2023-07-30,DMA_120,34.95719419355341,0,0,100.85504650136211
2023-07-30,DMA_121,25.130590359770785,0,0,100.76450776298499
2023-07-30,DMA_122,46.303375833881574,0,1,99.19941073922443
2023-07-30,DMA_123,40.056201791732235,0,0,99.92975107476445
2023-07-30,DMA_124,39.18915900229477,0,0,94.96037752560909
2023-07-30,DMA_125,25.928767138820024,0,1,95.79846777256245
2023-07-30,DMA_126,33.890218880358276,0,0,97.75771306235413
2023-07-30,DMA_127,44.32193357022473,0,1,96.65292461893382
2023-07-30,DMA_128,37.22122595994202,0,0,97.8863768201326
2023-07-30,DMA_129,15.043571351780713,0,0,97.07158860875974
2023-07-30,DMA_130,43.76492861151212,0,0,99.23937095736619
2023-07-30,DMA_131,33.72910269760709,0,0,98.40305358028661
2023-07-30,DMA_132,28.43060039408181,0,1,98.56953273824801
2023-07-30,DMA_133,37.40196245963409,0,0,94.24823609404083
2023-07-30,DMA_134,29.10054582350607,0,0,94.83914146490277
2023-07-30,DMA_135,22.79933348198273,0,0,98.06219776092505
2023-07-30,DMA_136,45.407427288740095,0,0,96.27556700308673
2023-07-30,DMA_137,23.92836312192412,0,1,98.21641575349909
2023-07-30,DMA_138,24.740334565292684,0,0,96.12890134876747
2023-07-30,DMA_139,32.75632506770709,0,0,98.5383536527826
2023-07-30,DMA_140,35.98338558804413,0,0,96.91854278922193
2023-07-30,DMA_141,29.23355846055837,0,0,96.96799944940645
2023-07-30,DMA_142,29.194018154412774,0,0,97.72627712376487
2023-07-30,DMA_143,30.89056615107914,0,0,98.27272299561433
2023-07-30,DMA_144,27.44529012348104,0,0,94.17910682228239
2023-07-30,DMA_145,26.5246538929219,0,1,98.92394722745972
2023-07-30,DMA_146,30.58096941683027,0,1,96.61118531070471
2023-07-30,DMA_147,39.72362306000247,0,0,97.47434352031196
2023-07-30,DMA_148,28.41253277557276,0,0,97.15989809412443
2023-07-30,DMA_149,25.456370344036777,0,0,99.541115168985
2023-07-30,DMA_150,28.713723366354976,0,0,94.83622695303588
2023-08-06,DMA_001,34.35251564968933,0,0,94.45366939216116
2023-08-06,DMA_002,23.881236005061858,0,1,96.56678253349573
2023-08-06,DMA_003,27.672097063714894,0,0,96.1867290939928
2023-08-06,DMA_004,37.28042363034792,0,1,95.3440400550917
2023-08-06,DMA_005,28.35002801340546,0,0,98.09246306048973
2023-08-06,DMA_006,35.49783018650436,0,0,96.00042031438218
2023-08-06,DMA_007,24.753378696199796,0,1,95.94272779208559
2023-08-06,DMA_008,34.67005690984176,0,0,101.97018129432895
2023-08-06,DMA_009,36.20889851564312,0,0,99.11095963246262
2023-08-06,DMA_010,34.70944537026823,0,0,98.69433260700664
2023-08-06,DMA_011,32.00594137228617,0,0,96.95840030991894
2023-08-06,DMA_012,37.80246889479129,0,1,94.77598429216617
2023-08-06,DMA_013,34.251344281325345,0,0,94.72202626166397
2023-08-06,DMA_014,33.562434023681995,0,0,100.4852555279137
2023-08-06,DMA_015,29.579459259214172,0,0,96.69781672176187
2023-08-06,DMA_016,34.33731990710788,0,0,98.70303672209994
2023-08-06,DMA_017,23.899619357008604,0,0,97.8913390267474
2023-08-06,DMA_018,29.48918290739438,0,0,95.03269711512196
2023-08-06,DMA_019,28.45754457356858,0,0,99.38045811644476
2023-08-06,DMA_020,37.965560330530586,0,1,99.67091271213657
2023-08-06,DMA_021,26.398612361671617,0,1,100.7408473417926
2023-08-06,DMA_022,36.24781576899805,0,0,97.34301186753288
2023-08-06,DMA_023,30.57529547427307,0,0,96.70747382450564
2023-08-06,DMA_024,23.328323688974645,0,0,94.70397649401254
2023-08-06,DMA_025,38.352035555102,0,0,95.18996885838583
2023-08-06,DMA_026,35.276340241901266,0,0,94.28213446163667
2023-08-06,DMA_027,34.66488437491678,0,0,96.26199515675192
2023-08-06,DMA_028,39.40271770904737,0,0,98.64287146747196
2023-08-06,DMA_029,28.89682517338492,0,0,98.2172347662669
2023-08-06,DMA_030,39.745378596789315,0,1,95.58884668319706
2023-08-06,DMA_031,40.349605557502194,0,0,96.81796303623773
2023-08-06,DMA_032,22.784297752166204,0,0,98.04423621497061
2023-08-06,DMA_033,24.883349541643597,0,0,96.6570831536123
2023-08-06,DMA_034,27.961338749471793,0,0,98.04188215811729
2023-08-06,DMA_035,37.03820650289621,0,1,97.57517062236911
2023-08-06,DMA_036,42.04170027059931,0,0,96.99683144070497
2023-08-06,DMA_037,29.067317379526404,0,0,98.50071864720583
2023-08-06,DMA_038,34.34824053997521,0,0,102.01597355230005
2023-08-06,DMA_039,37.476528853924655,0,0,99.26193408096606
2023-08-06,DMA_040,31.244240457728058,0,1,96.12978724851052
2023-08-06,DMA_041,26.1695232213696,0,0,98.83026262395815
2023-08-06,DMA_042,30.146055239005495,0,0,98.5334125558063
2023-08-06,DMA_043,35.16619151445769,0,0,99.20936520606132
2023-08-06,DMA_044,38.88031684218613,0,0,95.51366101446978
2023-08-06,DMA_045,42.95793800521837,0,0,97.76462684287075
2023-08-06,DMA_046,26.022268552309274,0,0,98.56438415825973
2023-08-06,DMA_047,34.24021356379571,0,0,93.76865634477151
2023-08-06,DMA_048,38.76696121616585,0,0,98.02779071676812
2023-08-06,DMA_049,29.78545223085018,0,1,95.73300195976238
2023-08-06,DMA_050,41.933854936866425,0,0,96.24747826930368
2023-08-06,DMA_051,34.31398078398826,0,0,96.05335040188578
2023-08-06,DMA_052,36.45628417329758,0,0,95.92351654923074
2023-08-06,DMA_053,29.178803166828967,0,0,95.31716328987822
2023-08-06,DMA_054,32.09564391306673,0,0,95.4382687983622
2023-08-06,DMA_055,26.6105924251194,0,0,97.43934188057189
2023-08-06,DMA_056,35.90595106955086,0,0,92.87274269405843
2023-08-06,DMA_057,30.35763221726679,0,0,97.8973830913259
2023-08-06,DMA_058,34.16751412555616,0,1,100.04165472719096
2023-08-06,DMA_059,31.709849999650828,0,0,100.01662637810284
2023-08-06,DMA_060,36.77275643727758,0,1,96.19374278116527
2023-08-06,DMA_061,31.57976679454923,0,0,95.12480603327032
2023-08-06,DMA_062,34.09060585404361,0,0,97.00396458589846
2023-08-06,DMA_063,29.81693142078244,0,0,95.8384746720548
2023-08-06,DMA_064,30.465926658292133,0,0,98.45411896704739
2023-08-06,DMA_065,28.486088469146118,0,0,98.18835857687694
2023-08-06,DMA_066,38.81175001397408,0,1,100.21980008653546
2023-08-06,DMA_067,30.920929217717585,0,0,97.49856250298765
2023-08-06,DMA_068,41.308508550327296,0,0,96.3376969803267
2023-08-06,DMA_069,34.454033730288984,0,0,98.67463482899882
2023-08-06,DMA_070,30.387567275077554,0,0,100.30140698156458
2023-08-06,DMA_071,31.675987217219788,0,0,97.11876206467068
2023-08-06,DMA_072,42.470892710639276,0,0,98.99667152447671
2023-08-06,DMA_073,37.42378614573961,0,0,95.99653443119367
2023-08-06,DMA_074,28.85297625507694,0,1,96.19908250974248
2023-08-06,DMA_075,19.632202366516964,0,0,97.32462286216858
2023-08-06,DMA_076,44.94001351294237,0,0,96.89657101015717
2023-08-06,DMA_077,16.27939858818889,0,0,96.8868701821532
2023-08-06,DMA_078,35.87802750234811,0,0,95.02865516677566
2023-08-06,DMA_079,44.64432866518101,0,0,97.29679371073584
2023-08-06,DMA_080,47.608662560766724,0,0,97.17425053966483
2023-08-06,DMA_081,35.37364428997046,0,0,93.33252423044931
2023-08-06,DMA_082,33.56887086279767,0,0,94.20176918237651
2023-08-06,DMA_083,33.20652537834776,0,0,98.2226026312862
2023-08-06,DMA_084,31.07896176745492,0,0,98.74443352313948
2023-08-06,DMA_085,25.358577692233293,0,0,95.57650041313339
2023-08-06,DMA_086,27.52628563529824,0,0,97.66377763377822
2023-08-06,DMA_087,27.729884775451612,0,0,94.2955243797954
2023-08-06,DMA_088,42.92963122307376,0,1,98.1086535882671
2023-08-06,DMA_089,39.88617735745673,0,0,97.77339750234329
2023-08-06,DMA_090,49.94685239674092,0,0,98.94751005313877
2023-08-06,DMA_091,38.05828850926027,0,0,97.12195460508049
2023-08-06,DMA_092,36.30864897771464,0,1,99.72580781045153
2023-08-06,DMA_093,29.976890330918376,0,0,96.79846035413395
2023-08-06,DMA_094,34.18793495581825,0,0,95.32211087275859
2023-08-06,DMA_095,31.5021082067139,0,0,98.23431528517068
2023-08-06,DMA_096,29.182407042086044,0,0,95.53163916548776
2023-08-06,DMA_097,32.83823386223905,0,0,97.7419956143281
2023-08-06,DMA_098,39.570901626186945,0,0,95.94118570344214
2023-08-06,DMA_099,32.52799204899732,0,0,93.73170188349492
2023-08-06,DMA_100,43.58618555890377,0,0,98.19652339548058
2023-08-06,DMA_101,37.06203359178063,0,0,92.92405787112372
2023-08-06,DMA_102,35.55684309551557,0,0,97.52136650189158
2023-08-06,DMA_103,31.35002805514013,0,0,96.73334421593576
2023-08-06,DMA_104,34.164927986729566,0,1,99.08393311745094
2023-08-06,DMA_105,37.08893004456323,0,0,95.59570069195185
2023-08-06,DMA_106,40.23023225804986,0,0,96.47521295369941
2023-08-06,DMA_107,20.501325306568464,0,0,97.68541741225526
2023-08-06,DMA_108,43.71207179478852,0,1,97.35947560519617
2023-08-06,DMA_109,30.781162227659017,0,0,102.37090351152119
2023-08-06,DMA_110,32.724589709760664,0,0,93.98357400686443
2023-08-06,DMA_111,40.83866560626375,0,0,101.25248115506663
2023-08-06,DMA_112,40.9279875146664,0,0,95.8990502648732
2023-08-06,DMA_113,32.30377842263609,0,0,98.25202292606237
2023-08-06,DMA_114,30.226751992024255,0,0,100.64516498101632
2023-08-06,DMA_115,31.248196387202196,0,0,94.61798115026419
2023-08-06,DMA_116,36.27237396309347,0,0,99.12621696877909
2023-08-06,DMA_117,34.92178694292401,0,0,94.90334337466099
2023-08-06,DMA_118,30.499430408371545,0,0,97.36694838534734
2023-08-06,DMA_119,31.543778065890677,0,0,96.66111714143561
2023-08-06,DMA_120,37.6740836418304,0,0,93.80824815009589
2023-08-06,DMA_121,32.308097427442924,0,1,94.28218428570574
2023-08-06,DMA_122,29.274656876493786,0,0,95.56611767190313
2023-08-06,DMA_123,32.075439377150786,0,0,96.10504377347948
2023-08-06,DMA_124,42.027478943830005,0,0,99.93553987646541
2023-08-06,DMA_125,29.300975252592803,0,0,93.83011285320592
2023-08-06,DMA_126,28.424163836612987,0,0,99.6928719343381
2023-08-06,DMA_127,38.74677616130665,0,0,94.21500425905603
2023-08-06,DMA_128,29.37581538297119,0,0,94.76917934584964
2023-08-06,DMA_129,33.14541976085684,0,0,95.10167638337707
2023-08-06,DMA_130,34.18088348434779,0,0,98.86400695813244
2023-08-06,DMA_131,37.21135040899441,0,0,98.80079534533037
2023-08-06,DMA_132,35.59881413740838,0,0,98.48915965282572
2023-08-06,DMA_133,36.162445784978416,0,0,92.27976240102672
2023-08-06,DMA_134,24.91337301102893,0,0,99.20429885868228
2023-08-06,DMA_135,25.15484027352123,0,0,99.27951818988241
2023-08-06,DMA_136,31.95652097689841,0,0,94.51531863621327
2023-08-06,DMA_137,34.07252859450487,0,0,93.01719650694358
2023-08-06,DMA_138,36.90108639366064,0,1,95.65239955579499
2023-08-06,DMA_139,38.48042571840606,0,0,101.74122012572519
2023-08-06,DMA_140,33.44986624643038,0,0,98.62312673793015
2023-08-06,DMA_141,36.89859108497036,0,0,95.05387838599104
2023-08-06,DMA_142,36.37809956485239,0,0,95.12367315030453
2023-08-06,DMA_143,18.929465208714916,0,1,95.08741035194585
2023-08-06,DMA_144,28.902383491578895,0,0,96.34502402096871
2023-08-06,DMA_145,39.56595489271435,0,0,97.54784325083304
2023-08-06,DMA_146,21.427173058351663,0,0,96.39205611975484
2023-08-06,DMA_147,31.641198914689742,0,0,97.20718380462817
2023-08-06,DMA_148,34.89812793108029,0,0,93.14331892822317
2023-08-06,DMA_149,28.397594870265472,0,0,97.3495141840414
2023-08-06,DMA_150,24.88400673311657,0,0,97.93262393617442
2023-08-13,DMA_001,27.642406061042628,0,0,97.98345833570554
2023-08-13,DMA_002,25.354758026401633,0,0,93.99048994596258
2023-08-13,DMA_003,29.160475744059884,0,0,95.68727523246015
2023-08-13,DMA_004,49.080077739430614,0,1,96.14474967491762
2023-08-13,DMA_005,33.67554968193072,0,0,96.57088040435396
2023-08-13,DMA_006,18.143732158026836,0,0,97.39878979793478
2023-08-13,DMA_007,35.38732743362295,0,0,98.38683198234185
2023-08-13,DMA_008,34.47456781451969,0,0,96.0301869115348
2023-08-13,DMA_009,34.452934219583284,0,0,95.60693934152685
2023-08-13,DMA_010,32.85053818515192,0,0,99.28914158365339
2023-08-13,DMA_011,32.51103687795512,0,1,102.2323040127103
2023-08-13,DMA_012,41.88261972559315,0,0,96.8707281684711
2023-08-13,DMA_013,37.23385075231324,0,0,95.14656751669985
2023-08-13,DMA_014,42.23485102260423,0,0,100.4652586444866
2023-08-13,DMA_015,49.168915811594815,0,0,95.08205115746003
2023-08-13,DMA_016,37.34898051292703,0,0,99.01555690100616
2023-08-13,DMA_017,29.51911614371721,0,1,96.35256836477936
2023-08-13,DMA_018,39.63937357155716,0,0,97.2850346478038
2023-08-13,DMA_019,41.38842487775728,0,0,98.64124697182858
2023-08-13,DMA_020,30.18066722134183,0,0,101.14411105555226
2023-08-13,DMA_021,31.94631689728089,0,0,93.51834244079254
2023-08-13,DMA_022,40.38322106304211,0,0,97.1200140355817
2023-08-13,DMA_023,25.987290082623268,0,0,95.80242604840466
2023-08-13,DMA_024,38.596445835156175,0,0,96.61974442658467
2023-08-13,DMA_025,33.817221230552626,0,0,97.92419659354512
2023-08-13,DMA_026,28.35523696168333,0,0,97.64501248796148
2023-08-13,DMA_027,39.86067582664516,0,0,94.54806039611424
2023-08-13,DMA_028,20.509829935813794,0,0,98.03223457083149
2023-08-13,DMA_029,35.07872737204719,0,0,98.64205294068228
2023-08-13,DMA_030,38.75784270087242,0,0,94.11912511955998
2023-08-13,DMA_031,42.648225146879945,0,1,100.38974410437832
2023-08-13,DMA_032,32.39423073244168,0,0,97.56518479342267
2023-08-13,DMA_033,21.3984936321295,0,0,97.58287827966893
2023-08-13,DMA_034,27.718711870503462,0,0,93.83397814352027
2023-08-13,DMA_035,33.760054253005165,0,0,97.48075588349754
2023-08-13,DMA_036,33.95012126802914,0,0,96.55615742043676
2023-08-13,DMA_037,45.47592698301244,0,1,96.73229805328852
2023-08-13,DMA_038,35.89992532234233,0,0,94.22218707814075
2023-08-13,DMA_039,36.949497729931046,0,0,94.95903605562725
2023-08-13,DMA_040,28.16377707748058,0,0,94.58230048638679
2023-08-13,DMA_041,35.106679153461336,0,0,95.14461939261176
2023-08-13,DMA_042,32.93814782253822,0,0,95.41000039052452
2023-08-13,DMA_043,32.84967734139608,0,0,98.5413709939487
2023-08-13,DMA_044,28.387180033375067,0,0,96.99987431836354
2023-08-13,DMA_045,31.169641023437244,0,0,95.12794986239007
2023-08-13,DMA_046,25.957582753361315,0,0,100.72650688591634
2023-08-13,DMA_047,26.412447512007727,0,0,99.30239256193379
2023-08-13,DMA_048,37.27682531122721,0,0,93.89226252858349
2023-08-13,DMA_049,28.73771597655634,0,0,95.5611805353593
2023-08-13,DMA_050,42.37253840745002,0,1,97.0176678040583
2023-08-13,DMA_051,35.171235136779565,0,0,96.93238285582547
2023-08-13,DMA_052,48.68780823647164,0,0,94.41051980077661
2023-08-13,DMA_053,36.56385483321493,0,0,94.43871991170504
2023-08-13,DMA_054,27.974663939056672,0,0,97.24828760274319
2023-08-13,DMA_055,27.35457091202376,0,0,92.35227667802081
2023-08-13,DMA_056,24.117458856330828,0,0,100.12722185956187
2023-08-13,DMA_057,36.689480301210786,0,0,96.83078742974115
2023-08-13,DMA_058,37.92557459599651,0,0,98.7823877593412
2023-08-13,DMA_059,26.88585262260225,0,0,96.35238492709
2023-08-13,DMA_060,44.96707132532177,0,0,96.05955959293095
2023-08-13,DMA_061,43.50903788142887,0,0,94.75388762897954
2023-08-13,DMA_062,42.78457379327842,0,0,98.32209340488195
2023-08-13,DMA_063,39.17636041892244,0,0,97.02124590852283
2023-08-13,DMA_064,32.81508718283833,0,0,95.21017353031587
2023-08-13,DMA_065,35.01435358717671,0,0,94.7811181415046
2023-08-13,DMA_066,23.67027855344459,0,0,98.91426035235556
2023-08-13,DMA_067,41.65085040824096,0,1,95.54382793075591
2023-08-13,DMA_068,33.69808921890113,0,1,97.27257011437351
2023-08-13,DMA_069,37.29301145447055,0,0,94.58114684897134
2023-08-13,DMA_070,38.361449599536215,0,0,94.73330880840722
2023-08-13,DMA_071,30.765480532488436,0,0,98.52627446215385
2023-08-13,DMA_072,41.63049089305125,0,0,96.6816357588292
2023-08-13,DMA_073,40.51547423645478,0,0,97.42249061315218
2023-08-13,DMA_074,30.331785343609894,0,0,97.65394727503704
2023-08-13,DMA_075,36.46904102492809,0,0,96.13681464299657
2023-08-13,DMA_076,30.557957843056492,0,0,96.0369544587441
2023-08-13,DMA_077,32.62826948068528,0,0,97.83450288680265
2023-08-13,DMA_078,33.900843201520345,0,0,98.63425897175442
2023-08-13,DMA_079,35.08890876308321,0,0,95.84465174310283
2023-08-13,DMA_080,26.56602053349372,0,0,97.38839307982967
2023-08-13,DMA_081,30.52829818907582,0,0,99.2326825412304
2023-08-13,DMA_082,42.65002150487717,0,0,99.43979508324334
2023-08-13,DMA_083,29.33374577333323,0,0,98.5635544476629
2023-08-13,DMA_084,29.82481303440114,0,0,94.8678778880545
2023-08-13,DMA_085,41.698233326072945,0,0,96.11324284393933
2023-08-13,DMA_086,31.758839685923398,0,0,101.69211995445464
2023-08-13,DMA_087,37.915084691061075,0,0,95.63960002745918
2023-08-13,DMA_088,36.17728672158081,0,0,96.08496437917347
2023-08-13,DMA_089,33.2507583182938,0,0,95.49505091319644
2023-08-13,DMA_090,39.14274012642425,0,0,99.43805547298554
2023-08-13,DMA_091,41.82887302186888,0,0,100.97086510973455
2023-08-13,DMA_092,36.9421848252396,0,1,97.1688155780082
2023-08-13,DMA_093,29.825989698511307,0,0,95.97970059201644
2023-08-13,DMA_094,31.494577520733475,0,0,95.07029976838038
2023-08-13,DMA_095,45.7531997940457,0,0,95.16875878102617
2023-08-13,DMA_096,36.128571842956205,0,0,96.94139780952176
2023-08-13,DMA_097,31.72514193026658,0,0,97.51192677716122
2023-08-13,DMA_098,32.49515381835026,0,0,95.03977322631019
2023-08-13,DMA_099,33.454699421351116,0,0,94.73493916208956
2023-08-13,DMA_100,33.54972916366277,0,0,95.02708809738547
2023-08-13,DMA_101,27.189651632988124,0,0,100.55164141233442
2023-08-13,DMA_102,36.01389644800209,0,0,96.56849807242487
2023-08-13,DMA_103,42.66592981834157,0,0,98.18904682467581
2023-08-13,DMA_104,38.09595542253187,0,0,97.48294982568042
2023-08-13,DMA_105,31.529684528660667,0,0,93.79849360101508
2023-08-13,DMA_106,40.48651632587526,0,0,95.31770094259004
2023-08-13,DMA_107,33.62592497788123,0,0,98.62282540876194
2023-08-13,DMA_108,30.06348038683096,0,0,99.80336116106142
2023-08-13,DMA_109,30.75616024005038,0,1,99.18435224623305
2023-08-13,DMA_110,31.576895644082732,0,0,96.0762191597543
2023-08-13,DMA_111,20.078020994031,0,0,95.98339572203386
2023-08-13,DMA_112,31.47631387294735,0,0,94.46339032627765
2023-08-13,DMA_113,25.043488169637527,0,0,96.92113096186802
2023-08-13,DMA_114,24.7520068451119,0,1,93.78607912256446
2023-08-13,DMA_115,41.66947390939794,0,0,99.71076284862042
2023-08-13,DMA_116,29.772916845469247,0,0,95.50706502601872
2023-08-13,DMA_117,37.68831398573742,0,0,94.47857733840569
2023-08-13,DMA_118,35.22907293332893,0,0,99.64890132266466
2023-08-13,DMA_119,43.134051354040224,0,0,96.21042835536313
2023-08-13,DMA_120,30.472044722074386,0,0,100.46395565164828
2023-08-13,DMA_121,35.0520323484487,0,0,96.73590764592242
2023-08-13,DMA_122,39.20635528906686,0,0,98.03079581983278
2023-08-13,DMA_123,31.079518792710434,0,1,96.1515123358576
2023-08-13,DMA_124,43.62486062540707,0,0,97.39155532926297
2023-08-13,DMA_125,22.11050006760098,0,0,98.00004686930544
2023-08-13,DMA_126,33.71584161182112,0,0,93.53419958926776
2023-08-13,DMA_127,28.284988190833197,0,0,97.4707617890541
2023-08-13,DMA_128,43.9547534303568,0,1,99.27381880680959
2023-08-13,DMA_129,45.4138374840424,0,0,98.36886991708975
2023-08-13,DMA_130,35.84030025549513,0,0,96.62542918031009
2023-08-13,DMA_131,26.05462585462559,0,1,96.87676774266556
2023-08-13,DMA_132,26.410077580565396,0,0,98.25963527208862
2023-08-13,DMA_133,39.65977107683964,0,0,97.06685445685558
2023-08-13,DMA_134,41.30963622778267,0,1,100.270897155603
2023-08-13,DMA_135,31.79246819525876,0,0,96.31940253972644
2023-08-13,DMA_136,42.819185751458576,0,0,96.07798557970058
2023-08-13,DMA_137,38.90716170830786,0,0,96.27335532803015
2023-08-13,DMA_138,44.770246115130064,0,0,97.76511771803523
2023-08-13,DMA_139,38.706589054199064,0,0,95.56052242657952
2023-08-13,DMA_140,30.374411294474275,0,0,98.2712994663991
2023-08-13,DMA_141,34.19793268332396,0,1,96.26727083344787
2023-08-13,DMA_142,38.23556489676707,0,0,97.7033702735784
2023-08-13,DMA_143,33.179227107443424,0,1,96.76835975462036
2023-08-13,DMA_144,31.891665351329344,0,0,99.81304830428142
2023-08-13,DMA_145,34.2680252410393,0,0,97.02851716421623
2023-08-13,DMA_146,26.206545413368854,0,0,98.0744779564977
2023-08-13,DMA_147,34.947417516981325,0,0,94.65927838075628
2023-08-13,DMA_148,34.35220175101658,0,0,98.93921711592864
2023-08-13,DMA_149,33.60907415694134,0,0,95.20654437966661
2023-08-13,DMA_150,35.728093930267896,0,0,98.19281997552152
2023-08-20,DMA_001,35.67027392832726,0,0,98.99827534740352
2023-08-20,DMA_002,38.55313640639716,0,0,96.62846196196617
2023-08-20,DMA_003,25.21984635555829,0,1,92.7182937012972
2023-08-20,DMA_004,33.01033423502896,0,0,93.37175377845034
2023-08-20,DMA_005,32.452903412935505,0,0,98.01077755136858
2023-08-20,DMA_006,50.62693238225128,0,0,94.18222963697787
2023-08-20,DMA_007,39.59937518111646,0,0,95.13289234294525
2023-08-20,DMA_008,30.34685255919942,0,0,95.47741339099885
2023-08-20,DMA_009,32.17019225285716,0,0,93.1844918352313
2023-08-20,DMA_010,47.71980496043586,0,0,97.5983369187322
2023-08-20,DMA_011,30.78618151119878,0,1,95.38916760610716
2023-08-20,DMA_012,34.019796986562625,0,0,96.19036938483879
2023-08-20,DMA_013,41.67367569629267,0,0,96.32638017997954
2023-08-20,DMA_014,40.85423097675536,0,0,96.75372238053639
2023-08-20,DMA_015,30.424858615803576,0,0,95.0804272838467
2023-08-20,DMA_016,36.823040679765604,0,0,97.49329011700706
2023-08-20,DMA_017,36.486373334008725,0,0,99.94420681514816
2023-08-20,DMA_018,32.820436105677736,0,0,95.36544240217395
2023-08-20,DMA_019,25.53604149605215,0,0,92.03627456942829
2023-08-20,DMA_020,28.107378271760027,0,0,97.21223648993399
2023-08-20,DMA_021,41.24700476647727,0,0,97.63794676870756
2023-08-20,DMA_022,27.918347351032104,0,0,89.11376552655327
2023-08-20,DMA_023,43.11010925256605,0,0,94.26001253164037
2023-08-20,DMA_024,24.969186986790344,0,0,96.57980908325115
2023-08-20,DMA_025,32.513409617550494,0,1,95.76977261805725
2023-08-20,DMA_026,45.485996648763155,0,1,94.74050258858841
2023-08-20,DMA_027,36.94414317325753,0,0,94.43714628448359
2023-08-20,DMA_028,39.404326055043846,0,1,99.01065817264367
2023-08-20,DMA_029,40.60903387744907,0,0,98.33693505522369
2023-08-20,DMA_030,42.441317050472676,0,0,94.65310142556112
2023-08-20,DMA_031,23.446103782773392,0,0,97.30998387083734
2023-08-20,DMA_032,28.446067694755047,0,0,94.76155131438824
2023-08-20,DMA_033,32.391025263107224,0,0,97.0883187692082
2023-08-20,DMA_034,40.30703463596805,0,1,95.94172785647127
2023-08-20,DMA_035,42.19020077886413,0,0,96.75775837044777
2023-08-20,DMA_036,36.20143053736559,0,0,94.84389852887568
2023-08-20,DMA_037,31.570955974823427,0,0,95.75608640176476
2023-08-20,DMA_038,40.998479907231975,0,0,98.58778191431453
2023-08-20,DMA_039,30.186889626579358,0,0,101.35973730071125
2023-08-20,DMA_040,29.202227147446283,0,1,96.83911043265076
2023-08-20,DMA_041,41.105889699981994,0,0,94.98021714476747
2023-08-20,DMA_042,35.58086832501284,0,1,95.92245488481136
2023-08-20,DMA_043,37.04140746567673,0,0,97.61505231342372
2023-08-20,DMA_044,36.11584501752835,0,0,99.37395744374396
2023-08-20,DMA_045,43.288439013969175,0,0,98.35436021456593
2023-08-20,DMA_046,35.28305980041629,0,0,97.2182441534683
2023-08-20,DMA_047,30.77808584476338,0,0,97.58952316012287
2023-08-20,DMA_048,34.2118220196113,0,1,98.69308876155888
2023-08-20,DMA_049,43.04749953897053,0,0,96.34252158507083
2023-08-20,DMA_050,35.670215351045265,0,0,98.59376037116022
2023-08-20,DMA_051,46.47330058866571,0,0,96.78951169510104
2023-08-20,DMA_052,30.591780998334208,0,0,98.71517431590195
2023-08-20,DMA_053,25.120243604996887,0,0,94.75086233951981
2023-08-20,DMA_054,40.83839376881817,0,0,94.51816319459724
2023-08-20,DMA_055,29.34686178632642,0,0,97.56362425644294
2023-08-20,DMA_056,39.43472011486284,0,0,96.7092708360468
2023-08-20,DMA_057,40.040075973427335,0,0,97.83161140699072
2023-08-20,DMA_058,31.678631660046264,0,1,97.07654683354339
2023-08-20,DMA_059,34.36934217370746,0,0,102.74276259346841
2023-08-20,DMA_060,40.65549092226055,0,0,98.09608831973773
2023-08-20,DMA_061,31.199778660355182,0,0,95.99955382697405
2023-08-20,DMA_062,29.825027248997415,0,0,96.27963986796476
2023-08-20,DMA_063,49.80836874671513,0,0,95.60336269353745
2023-08-20,DMA_064,26.709262859410643,0,1,96.90124071964605
2023-08-20,DMA_065,32.160107720044074,0,0,98.04286567808046
2023-08-20,DMA_066,35.31961002641052,0,0,97.21226819263481
2023-08-20,DMA_067,34.584199228762955,0,1,93.66336055001445
2023-08-20,DMA_068,25.035900526689538,0,0,99.45231120592962
2023-08-20,DMA_069,36.5114661780168,0,0,94.65676021626732
2023-08-20,DMA_070,26.945812604269452,0,0,93.31232898633695
2023-08-20,DMA_071,37.094241275962275,0,0,97.5331585426032
2023-08-20,DMA_072,36.66607268754525,0,0,96.46490388944535
2023-08-20,DMA_073,31.363936545506014,0,0,99.10180413133459
2023-08-20,DMA_074,36.79064922357054,0,0,93.7677686421977
2023-08-20,DMA_075,47.57113805550396,0,0,98.42909461637373
2023-08-20,DMA_076,41.76650756496757,0,0,91.18570157123412
2023-08-20,DMA_077,34.692547896529156,0,1,95.60482637332066
2023-08-20,DMA_078,39.6344185340472,0,0,95.67243995127191
2023-08-20,DMA_079,30.96115847412296,0,0,101.0339264263046
2023-08-20,DMA_080,39.49806691587712,0,0,96.17634954234198
2023-08-20,DMA_081,33.28449811295403,0,0,97.06758685026817
2023-08-20,DMA_082,41.80446931290699,0,0,94.33195342056958
2023-08-20,DMA_083,35.459636146154836,0,0,100.81717199393604
2023-08-20,DMA_084,38.4533610522345,0,0,95.63096717897261
2023-08-20,DMA_085,30.23820731647625,0,1,93.81027213443123
2023-08-20,DMA_086,39.58373630317937,0,0,94.75833397400717
2023-08-20,DMA_087,32.03144402269064,0,1,95.67549948425466
2023-08-20,DMA_088,40.099370125742496,0,0,98.51887334014765
2023-08-20,DMA_089,36.38280324865606,0,1,94.82128967522075
2023-08-20,DMA_090,44.40066897536117,0,0,98.94242052967614
2023-08-20,DMA_091,31.085441775431512,0,0,96.4935455951627
2023-08-20,DMA_092,33.89788705102856,0,0,99.04407466702959
2023-08-20,DMA_093,44.327747025450776,0,0,94.67669825775484
2023-08-20,DMA_094,20.768789713306077,0,0,96.7587946531437
2023-08-20,DMA_095,34.0955990178328,0,0,97.02721825330349
2023-08-20,DMA_096,20.296299603444808,0,0,93.82465914253774
2023-08-20,DMA_097,22.307979143824568,0,0,98.81846596675183
2023-08-20,DMA_098,33.080490130858244,0,0,93.4692296281279
2023-08-20,DMA_099,38.29436856388939,0,0,94.61078690819403
2023-08-20,DMA_100,40.5580670436034,0,1,94.25401825043383
2023-08-20,DMA_101,36.689776382637874,0,0,96.37309476835225
2023-08-20,DMA_102,43.5119383734146,0,0,98.02482160683552
2023-08-20,DMA_103,35.56217297576983,0,1,95.93496047406632
2023-08-20,DMA_104,35.73938828520225,0,0,93.10776239241368
2023-08-20,DMA_105,30.907767190191137,0,0,98.89230532363749
2023-08-20,DMA_106,37.612026371366284,0,0,97.9285812699363
2023-08-20,DMA_107,24.872504666072103,0,0,94.68171291316118
2023-08-20,DMA_108,34.67295281338161,0,0,97.80747370838006
2023-08-20,DMA_109,35.423421672370914,0,0,94.19050196783215
2023-08-20,DMA_110,46.10348849536225,0,0,94.07934144775633
2023-08-20,DMA_111,34.23205039533248,0,0,97.07208063056872
2023-08-20,DMA_112,27.570237647159907,0,0,95.5290467235598
2023-08-20,DMA_113,40.301741792557124,0,0,94.49918475743065
2023-08-20,DMA_114,30.504196575867947,0,0,96.8187184182088
2023-08-20,DMA_115,39.427206005327946,0,0,96.5949537173565
2023-08-20,DMA_116,37.51491132926238,0,1,94.78371311998767
2023-08-20,DMA_117,33.94270289903775,0,0,95.84481489506531
2023-08-20,DMA_118,42.200206949266,0,0,94.21691784045078
2023-08-20,DMA_119,35.28267526462958,0,0,94.55616477931471
2023-08-20,DMA_120,38.14694092826623,0,0,96.77399839989488
2023-08-20,DMA_121,33.898716834989585,0,0,96.72117787294947
2023-08-20,DMA_122,35.707749440622,0,0,98.29140935682086
2023-08-20,DMA_123,31.622188652872993,0,0,96.43536139229985
2023-08-20,DMA_124,29.41315830521438,0,0,96.49125483034119
2023-08-20,DMA_125,35.81586275772962,0,0,96.5906949832334
2023-08-20,DMA_126,34.52642880864622,0,0,93.1085951815422
2023-08-20,DMA_127,42.17942452399522,0,0,95.91836099189815
2023-08-20,DMA_128,33.26300307040461,0,0,94.08062077616292
2023-08-20,DMA_129,29.358965184791067,0,0,97.81029881486168
2023-08-20,DMA_130,35.0486384962317,0,0,93.92211378590767
2023-08-20,DMA_131,34.583989680923054,0,1,96.29122825258057
2023-08-20,DMA_132,43.1272063863943,0,0,93.98301278634389
2023-08-20,DMA_133,30.828924023257734,0,0,94.43894865608695
2023-08-20,DMA_134,37.48054607392068,0,0,97.12150307001308
2023-08-20,DMA_135,35.04155108546791,0,0,94.3266881359539
2023-08-20,DMA_136,32.34027606738501,0,0,99.28181168612954
2023-08-20,DMA_137,37.78360149169095,0,0,97.3866122266595
2023-08-20,DMA_138,39.01103583630895,0,0,98.05341863312371
2023-08-20,DMA_139,31.326682248114743,0,0,95.05373837980798
2023-08-20,DMA_140,29.893400485669094,0,1,94.10362266216757
2023-08-20,DMA_141,40.516761587834,0,1,95.08661787003838
2023-08-20,DMA_142,38.15899019500805,0,0,97.6709323124553
2023-08-20,DMA_143,40.49234082186847,0,0,93.39403122415715
2023-08-20,DMA_144,36.30949760619427,0,0,95.15701653792163
2023-08-20,DMA_145,33.33852849077873,0,0,93.50858269692884
2023-08-20,DMA_146,47.24982127044877,0,1,92.87244992972887
2023-08-20,DMA_147,35.937986437716226,0,0,94.15970263395764
2023-08-20,DMA_148,27.304193187580534,0,0,96.03186515365165
2023-08-20,DMA_149,29.928216933090383,0,0,96.69942254201482
2023-08-20,DMA_150,35.68987917300023,0,1,95.1873992865681
2023-08-27,DMA_001,36.910196287021584,0,0,95.59420904420482
2023-08-27,DMA_002,27.078407257124837,0,1,95.80619624084937
2023-08-27,DMA_003,33.37230125244627,0,0,94.17518843319363
2023-08-27,DMA_004,45.05064600615827,0,0,96.6553356862342
2023-08-27,DMA_005,40.584352395380726,0,0,99.05730720291182
2023-08-27,DMA_006,36.11003265223447,0,1,97.4206280345115
2023-08-27,DMA_007,36.96563843340644,0,1,89.92084952491467
2023-08-27,DMA_008,26.001475423448202,0,0,95.26786823219783
2023-08-27,DMA_009,39.794381530650575,0,0,94.33948351633114
2023-08-27,DMA_010,44.40539669714722,0,0,95.72638872482281
2023-08-27,DMA_011,41.17685984613335,0,0,97.51350064670906
2023-08-27,DMA_012,44.807063445267,0,0,96.3562500773792
2023-08-27,DMA_013,37.547051527607934,0,0,94.80225061528428
2023-08-27,DMA_014,49.78093144765659,0,0,92.732755232368
2023-08-27,DMA_015,41.14353916761699,0,0,99.41360630298688
2023-08-27,DMA_016,36.407477752714684,0,1,96.15721697087646
2023-08-27,DMA_017,32.08727925480791,0,1,100.0586006823637
2023-08-27,DMA_018,41.63858903491961,0,0,97.72468430753983
2023-08-27,DMA_019,45.15941415248059,0,0,97.52647576418357
2023-08-27,DMA_020,34.11953269871384,0,0,99.5085433663148
2023-08-27,DMA_021,50.16300396511737,0,0,92.65239298462328
2023-08-27,DMA_022,37.690011864952226,0,0,93.33582898633159
2023-08-27,DMA_023,37.97690745079845,0,0,94.8592080972797
2023-08-27,DMA_024,39.25878245651463,0,1,93.31936127600844
2023-08-27,DMA_025,44.969001806579996,0,0,93.42967682864992
2023-08-27,DMA_026,41.198846550353494,0,0,98.71202383734249
2023-08-27,DMA_027,33.45130164969637,0,0,95.3833979094964
2023-08-27,DMA_028,35.415830716786886,0,0,97.01207867898437
2023-08-27,DMA_029,39.97836000740717,0,0,92.95394345126184
2023-08-27,DMA_030,36.522927085050995,0,0,95.32163292495532
2023-08-27,DMA_031,44.47331623948679,0,0,97.52173956554887
2023-08-27,DMA_032,38.34576201108348,0,0,94.95420184787676
2023-08-27,DMA_033,43.10198864328551,0,0,96.18011064007601
2023-08-27,DMA_034,34.278595840459154,0,0,97.11104787119278
2023-08-27,DMA_035,31.079491719956682,0,0,95.57507252991597
2023-08-27,DMA_036,43.259596958963584,0,1,95.55808159716442
2023-08-27,DMA_037,51.09055782764348,0,0,94.63220557376678
2023-08-27,DMA_038,36.099933793660846,0,0,94.18136564342281
2023-08-27,DMA_039,31.47497901735089,0,0,93.38540183103419
2023-08-27,DMA_040,33.50807986742732,0,1,97.21743052816049
2023-08-27,DMA_041,45.057118845099524,0,0,97.73245334502178
2023-08-27,DMA_042,39.97865370049474,0,1,97.66504833068896
2023-08-27,DMA_043,35.67710966281236,0,0,98.5214954390351
2023-08-27,DMA_044,43.8404642241109,0,0,96.35105838612422
2023-08-27,DMA_045,46.742205718391716,0,0,97.40798585533265
2023-08-27,DMA_046,39.369519383804956,0,0,99.06389670596974
2023-08-27,DMA_047,42.52045782736478,0,0,93.83777950642316
2023-08-27,DMA_048,40.69932883255242,0,0,97.623371805142
2023-08-27,DMA_049,32.61728179923605,0,0,95.66839166161084
2023-08-27,DMA_050,43.60797803973302,0,0,93.82347965438328
2023-08-27,DMA_051,47.464994747519725,0,1,99.90805144341762
2023-08-27,DMA_052,38.943664709239364,0,0,96.24751774014894
2023-08-27,DMA_053,42.624687571664595,0,0,100.33806087051687
2023-08-27,DMA_054,36.89480983951984,0,0,99.5160258698709
2023-08-27,DMA_055,41.02379006834065,0,0,97.68781802375541
2023-08-27,DMA_056,25.37182853324204,0,1,95.0554926257377
2023-08-27,DMA_057,41.984664202223485,0,0,94.40253116801675
2023-08-27,DMA_058,29.18999555472872,0,0,96.78409194255794
2023-08-27,DMA_059,28.99174646276409,0,0,97.94416494406259
2023-08-27,DMA_060,31.33620223487427,0,0,93.42146526806876
2023-08-27,DMA_061,45.22257850369266,0,0,94.28449824287733
2023-08-27,DMA_062,32.65612378562759,0,0,98.81744182775711
2023-08-27,DMA_063,34.8803712373521,0,1,93.17711800394918
2023-08-27,DMA_064,34.60438339933976,0,0,98.55968536911632
2023-08-27,DMA_065,46.27346130890125,0,0,96.06899235453474
2023-08-27,DMA_066,33.04087720832029,0,0,97.19443530388577
2023-08-27,DMA_067,34.94102357169415,0,0,93.53297736078679
2023-08-27,DMA_068,38.301095100850574,0,0,95.65625251484317
2023-08-27,DMA_069,36.408474283913414,0,0,98.79062628398623
2023-08-27,DMA_070,39.73632852990833,0,0,96.58364427096214
2023-08-27,DMA_071,29.17805165841542,0,0,94.38118861484742
2023-08-27,DMA_072,38.14770031966658,0,0,100.0633522156506
2023-08-27,DMA_073,43.18100065440049,0,0,93.65238952822654
2023-08-27,DMA_074,45.691653608809375,0,1,96.31250533801911
2023-08-27,DMA_075,39.920445076155524,0,0,95.8327027053433
2023-08-27,DMA_076,39.38984139577505,0,0,97.58695658024985
2023-08-27,DMA_077,33.7167116137731,0,0,95.20358135466512
2023-08-27,DMA_078,28.936689762727845,0,0,94.42919652790209
2023-08-27,DMA_079,44.146335902913215,0,0,98.7381491903921
2023-08-27,DMA_080,34.34548904073694,0,1,97.8421818514484
2023-08-27,DMA_081,45.09805987827308,0,0,90.868376963634
2023-08-27,DMA_082,28.739044898249002,0,0,94.29850421529196
2023-08-27,DMA_083,41.90491672693113,0,0,96.3582126224904
2023-08-27,DMA_084,39.340182408481574,0,0,97.86844843921314
2023-08-27,DMA_085,47.37625521360246,0,0,93.26642408204012
2023-08-27,DMA_086,39.289070315448896,0,0,98.00518571673803
2023-08-27,DMA_087,47.04319031666008,0,0,93.48707194637313
2023-08-27,DMA_088,41.46437912041063,0,0,98.00310273028765
2023-08-27,DMA_089,42.39405511281802,0,0,98.60754558090497
2023-08-27,DMA_090,44.16162378503938,0,0,96.67594789479853
2023-08-27,DMA_091,43.921369388469174,0,0,93.01550749978733
2023-08-27,DMA_092,38.378951796728465,0,0,96.65489634042673
2023-08-27,DMA_093,45.74591191102711,0,1,97.05966053596245
2023-08-27,DMA_094,32.38954973016822,0,0,95.05431462504164
2023-08-27,DMA_095,43.30789716041962,0,0,96.62164600057098
2023-08-27,DMA_096,36.03574419133395,0,0,95.72088474716672
2023-08-27,DMA_097,20.07165640967068,0,0,94.70031477460873
2023-08-27,DMA_098,45.495206986479765,0,0,92.67020050855288
2023-08-27,DMA_099,33.43268062166622,0,0,92.03992915535541
2023-08-27,DMA_100,41.45497825605517,0,0,96.60911462683283
2023-08-27,DMA_101,30.698984593611716,0,0,94.93972364608796
2023-08-27,DMA_102,36.34491274523502,0,1,94.46481141879813
2023-08-27,DMA_103,37.22132071222054,0,0,96.66242079845303
2023-08-27,DMA_104,37.537475450406205,0,1,96.97786024761118
2023-08-27,DMA_105,36.75414695258631,0,1,97.52920438923016
2023-08-27,DMA_106,41.85906495698458,0,0,96.46565159366271
2023-08-27,DMA_107,21.032249692399173,0,0,94.33654704106658
2023-08-27,DMA_108,36.29693816271888,0,1,97.76652535491183
2023-08-27,DMA_109,39.74794785652974,0,0,94.7769064931976
2023-08-27,DMA_110,40.82745906824021,0,0,98.86970321913607
2023-08-27,DMA_111,27.01282434682973,0,1,91.16130301675773
2023-08-27,DMA_112,30.190671875871836,0,0,92.96080147032984
2023-08-27,DMA_113,39.44702804045897,0,0,95.33175398058873
2023-08-27,DMA_114,27.529295476626256,0,1,94.75639029259867
2023-08-27,DMA_115,46.756045772056,0,0,95.65693591165429
2023-08-27,DMA_116,33.78518079918582,0,0,93.28811203721862
2023-08-27,DMA_117,36.12694815609864,0,0,96.4381391537723
2023-08-27,DMA_118,48.981481628901605,0,0,96.5525652797186
2023-08-27,DMA_119,35.319914835051655,0,0,96.00587347224362
2023-08-27,DMA_120,30.633984889654762,0,0,94.76360143047549
2023-08-27,DMA_121,43.31705165923458,0,0,96.3665088871414
2023-08-27,DMA_122,35.75664446622948,0,0,97.08530578052151
2023-08-27,DMA_123,39.86928234913558,0,0,95.32295190043838
2023-08-27,DMA_124,39.9179312389844,0,0,97.522236339559
2023-08-27,DMA_125,47.42484426473567,0,0,99.71545812541089
2023-08-27,DMA_126,35.618437983410644,0,1,97.93523164458291
2023-08-27,DMA_127,35.78269631251655,0,0,95.34090327102973
2023-08-27,DMA_128,43.62659327415438,0,0,97.97323784060077
2023-08-27,DMA_129,42.1489089457468,0,0,96.7885287897947
2023-08-27,DMA_130,48.363175373493036,0,0,96.57463052948812
2023-08-27,DMA_131,43.58122899948012,0,0,94.92634399215203
2023-08-27,DMA_132,40.846912630387834,0,0,94.52027627185714
2023-08-27,DMA_133,25.416024419390734,0,1,95.71364738190444
2023-08-27,DMA_134,30.786968180942704,0,0,96.58833429053335
2023-08-27,DMA_135,37.983875385207185,0,0,95.70255363755193
2023-08-27,DMA_136,41.356329503580376,0,0,96.70583803366381
2023-08-27,DMA_137,40.05774505520714,0,1,98.64643224794017
2023-08-27,DMA_138,35.54103618030641,0,1,95.35654468832084
2023-08-27,DMA_139,30.064053864130244,0,0,94.27141550191845
2023-08-27,DMA_140,48.54310523535211,0,0,96.50468433433346
2023-08-27,DMA_141,37.20216394777727,0,0,96.73429415634067
2023-08-27,DMA_142,42.982991450495255,0,0,98.40897385213874
2023-08-27,DMA_143,30.199599815472475,0,0,97.18289636402292
2023-08-27,DMA_144,51.03514228897471,0,0,98.93093858674996
2023-08-27,DMA_145,53.713627068336045,0,0,95.52224609657362
2023-08-27,DMA_146,36.145714059892164,0,1,92.5353085406658
2023-08-27,DMA_147,33.33133783842307,0,1,92.99619003589494
2023-08-27,DMA_148,40.58425221836179,0,0,97.63106546224644
2023-08-27,DMA_149,47.24410018442692,0,0,95.88644842959475
2023-08-27,DMA_150,40.98877552070053,0,0,94.12312093094489
2023-09-03,DMA_001,37.089860856431216,0,0,95.52922626233133
2023-09-03,DMA_002,33.28960291669817,0,0,97.21630310678951
2023-09-03,DMA_003,35.410451349169676,0,1,93.54628430370889
2023-09-03,DMA_004,38.552241351675896,0,0,94.43455284812225
2023-09-03,DMA_005,26.383625972542127,0,0,98.04772553524019
2023-09-03,DMA_006,34.362295006607226,0,0,97.81993422925612
2023-09-03,DMA_007,51.91744277887617,0,0,96.4102013461881
2023-09-03,DMA_008,46.296997694854596,0,0,96.5002080188998
2023-09-03,DMA_009,43.58284098801721,0,0,94.55137035030852
2023-09-03,DMA_010,45.176257630253296,0,0,92.42984221633158
2023-09-03,DMA_011,50.320907183882724,0,0,98.42561961322079
2023-09-03,DMA_012,46.07197925404731,0,0,97.70451445945481
2023-09-03,DMA_013,47.518222197071,0,0,95.72790003224355
2023-09-03,DMA_014,40.74853877448294,0,0,96.01157977064355
2023-09-03,DMA_015,31.53912402411451,0,0,93.56470769327893
2023-09-03,DMA_016,35.29992273429731,0,0,95.30178765101162
2023-09-03,DMA_017,47.36956192489268,0,0,92.36040452326442
2023-09-03,DMA_018,41.524593981525975,0,0,100.10253842587832
2023-09-03,DMA_019,37.76179700583503,0,0,97.79015924111602
2023-09-03,DMA_020,30.90155435553566,0,0,95.48883444643859
2023-09-03,DMA_021,47.04711501359605,0,0,98.05941529331373
2023-09-03,DMA_022,47.63186016891328,0,0,93.3134162811524
2023-09-03,DMA_023,42.01322343891767,0,0,95.55602352053751
2023-09-03,DMA_024,37.705385399174496,0,1,98.55648125061306
2023-09-03,DMA_025,35.74475026392679,0,0,93.29151893137633
2023-09-03,DMA_026,43.402154266047845,0,0,94.77584400105147
2023-09-03,DMA_027,34.66083500696952,0,0,95.36309507758887
2023-09-03,DMA_028,43.83301693299093,0,0,100.22001500766861
2023-09-03,DMA_029,45.048171154619084,0,0,94.14051973054573
2023-09-03,DMA_030,38.308116890766065,0,0,92.55655183723879
2023-09-03,DMA_031,36.76653321913074,0,0,94.94333219786299
2023-09-03,DMA_032,47.239967498358524,0,1,97.98018394771347
2023-09-03,DMA_033,38.58069200882081,0,0,98.11219321857587
2023-09-03,DMA_034,39.14013413141146,0,1,98.14249580662023
2023-09-03,DMA_035,37.543591852171936,0,1,93.66134033149548
2023-09-03,DMA_036,40.53392366549709,0,0,95.26644260574461
2023-09-03,DMA_037,43.433523050867336,0,1,94.46593777603044
2023-09-03,DMA_038,44.9842668355501,0,0,96.15883783277582
2023-09-03,DMA_039,41.33687737302105,0,0,93.78184407092834
2023-09-03,DMA_040,37.06007585432231,0,0,95.2601548645926
2023-09-03,DMA_041,35.67064523866504,0,0,95.78338720442382
2023-09-03,DMA_042,34.03761180665128,0,0,96.62137995324971
2023-09-03,DMA_043,42.546790670067274,0,0,95.58950745628087
2023-09-03,DMA_044,54.15652013358617,0,0,94.93404767340697
2023-09-03,DMA_045,42.55223424550732,0,1,93.38726827135339
2023-09-03,DMA_046,36.51055885368653,0,0,95.19468620720087
2023-09-03,DMA_047,33.94892801415072,0,0,98.94462241075232
2023-09-03,DMA_048,44.861244074344846,0,0,94.66149886393917
2023-09-03,DMA_049,33.87491681028662,0,1,96.94642690544639
2023-09-03,DMA_050,44.267854686277914,0,0,95.1020135627455
2023-09-03,DMA_051,36.964390107345665,0,1,93.2441664134633
2023-09-03,DMA_052,33.562910585617864,0,0,95.1094970639421
2023-09-03,DMA_053,39.46338469552954,0,0,95.29215414176183
2023-09-03,DMA_054,32.8861173894589,0,1,91.85208349869163
2023-09-03,DMA_055,41.609615270464715,0,0,91.88759565589517
2023-09-03,DMA_056,44.94592313086918,0,1,96.39367936889856
2023-09-03,DMA_057,42.53065355840209,0,1,95.50442964384348
2023-09-03,DMA_058,45.53641669830529,0,0,94.40216466286475
2023-09-03,DMA_059,37.40894540838599,0,0,91.41623828725166
2023-09-03,DMA_060,39.61016675437453,0,0,96.70556749822352
2023-09-03,DMA_061,42.070150779372675,0,0,95.16972567309438
2023-09-03,DMA_062,30.76805641852261,0,0,98.19467063846297
2023-09-03,DMA_063,42.93558419887465,0,0,95.30312903246906
2023-09-03,DMA_064,45.50465253961245,0,0,95.91416009166178
2023-09-03,DMA_065,43.017303550089906,0,0,94.18657293643065
2023-09-03,DMA_066,47.21225349352912,0,0,96.75844169616315
2023-09-03,DMA_067,44.17619728650939,0,0,91.62305270599619
2023-09-03,DMA_068,43.57141268794642,0,1,94.62778835951156
2023-09-03,DMA_069,35.35240204351666,0,0,100.78316805732507
2023-09-03,DMA_070,26.15571277099368,0,0,99.19594763277837
2023-09-03,DMA_071,38.344394618572004,0,0,98.22084052265444
2023-09-03,DMA_072,54.96231779109421,0,1,94.48877846959792
2023-09-03,DMA_073,36.83600791144596,0,0,101.02560794859764
2023-09-03,DMA_074,45.122006406346046,0,0,95.30330471818148
2023-09-03,DMA_075,44.02543087246407,0,0,100.41224098235155
2023-09-03,DMA_076,38.42903166999269,0,0,98.2316687689461
2023-09-03,DMA_077,44.40829930792492,0,0,98.60549638858328
2023-09-03,DMA_078,51.65312571515585,0,0,95.38355692749371
2023-09-03,DMA_079,39.19253305478164,0,0,97.53039154993444
2023-09-03,DMA_080,38.375224563303256,0,0,93.94766427830615
2023-09-03,DMA_081,33.58736507027448,0,1,94.98785998114754
2023-09-03,DMA_082,49.06295814900312,0,0,97.75286507053951
2023-09-03,DMA_083,39.60353417681478,0,0,92.09254934514465
2023-09-03,DMA_084,43.88865223598427,0,0,94.78537964042788
2023-09-03,DMA_085,44.046815295800165,0,0,94.49857128202044
2023-09-03,DMA_086,38.58406833198284,0,0,98.35200925359338
2023-09-03,DMA_087,43.360291455524724,0,0,94.66490034670677
2023-09-03,DMA_088,35.25393029246977,0,0,94.56225833458329
2023-09-03,DMA_089,34.46119860900933,0,0,96.10521740043531
2023-09-03,DMA_090,45.59023288395497,0,0,95.36634319592237
2023-09-03,DMA_091,44.76235739258507,0,0,95.2389453091981
2023-09-03,DMA_092,22.366625690172707,0,0,95.75308287689079
2023-09-03,DMA_093,37.793593214638065,0,0,98.68367166714802
2023-09-03,DMA_094,39.83973987316639,0,1,96.55079447309404
2023-09-03,DMA_095,47.85260833343898,0,0,94.34066370750195
2023-09-03,DMA_096,40.84885513878474,0,0,96.46709119182752
2023-09-03,DMA_097,48.363226623586144,0,0,95.61675598479214
2023-09-03,DMA_098,36.6628518032708,0,0,96.82790538804856
2023-09-03,DMA_099,42.666906108438795,0,0,95.02304756761698
2023-09-03,DMA_100,49.63184402604071,0,0,97.86177016772537
2023-09-03,DMA_101,54.900500081283106,0,0,98.70297189301995
2023-09-03,DMA_102,30.137596026082452,0,0,97.5670676132334
2023-09-03,DMA_103,35.843722674972064,0,0,98.11496617711373
2023-09-03,DMA_104,41.23607327296744,0,0,96.91005108982041
2023-09-03,DMA_105,46.20174769342937,0,0,96.36760347657635
2023-09-03,DMA_106,42.41406326748993,0,0,94.18190653909213
2023-09-03,DMA_107,33.57790929778774,0,0,92.82785709224568
2023-09-03,DMA_108,27.372785263783875,0,0,99.04568675727745
2023-09-03,DMA_109,36.80210492064335,0,0,97.34977155942893
2023-09-03,DMA_110,47.78329287874561,0,1,95.77845862298261
2023-09-03,DMA_111,45.61015462518931,0,0,94.51852635900799
2023-09-03,DMA_112,39.0587763315252,0,0,98.13125376671977
2023-09-03,DMA_113,43.11592669271754,0,0,93.8787638241911
2023-09-03,DMA_114,40.74557703029591,0,0,97.2617651791132
2023-09-03,DMA_115,43.1098185169506,0,0,96.80079481717024
2023-09-03,DMA_116,43.078509811363034,0,0,96.85034670394836
2023-09-03,DMA_117,41.17995186049552,0,0,96.53958063969384
2023-09-03,DMA_118,33.64564044424444,0,0,99.78855526977796
2023-09-03,DMA_119,38.7092701466293,0,0,98.1821370485655
2023-09-03,DMA_120,38.57505414919101,0,0,97.23905667829763
2023-09-03,DMA_121,36.1781126662234,0,0,96.3294180220946
2023-09-03,DMA_122,52.64250413427588,0,0,95.73232784722909
2023-09-03,DMA_123,38.63734773340455,0,0,95.46719849982144
2023-09-03,DMA_124,34.546521983507525,0,0,91.36995600632919
2023-09-03,DMA_125,31.24787455792584,0,0,92.91477947037122
2023-09-03,DMA_126,45.379754422031574,0,0,97.35177587219017
2023-09-03,DMA_127,39.30992400570967,0,0,95.05707662730686
2023-09-03,DMA_128,37.648606507395414,0,0,96.7175710801932
2023-09-03,DMA_129,39.41163115859307,0,0,97.1741442312277
2023-09-03,DMA_130,39.14888875878514,0,0,92.85412130162064
2023-09-03,DMA_131,37.19186169872111,0,1,98.5796041442379
2023-09-03,DMA_132,43.13465991322919,0,0,98.22123052866009
2023-09-03,DMA_133,36.88812646585783,0,0,96.89266590777868
2023-09-03,DMA_134,44.45123646419877,0,1,98.2561258354438
2023-09-03,DMA_135,37.57518597006199,0,0,95.78823434600477
2023-09-03,DMA_136,41.44271341170541,0,0,95.64491998703465
2023-09-03,DMA_137,50.06815976545305,0,1,97.00444541599373
2023-09-03,DMA_138,47.825669981662756,0,0,92.23373486503341
2023-09-03,DMA_139,51.99268110073824,0,0,95.7351713607323
2023-09-03,DMA_140,40.8546681109992,0,1,98.97195278601204
2023-09-03,DMA_141,36.826352895230436,0,0,94.74525508673024
2023-09-03,DMA_142,44.330645181849135,0,0,97.464940652863
2023-09-03,DMA_143,39.75974878847997,0,0,94.60249646830867
2023-09-03,DMA_144,38.55380732908963,0,0,94.37555166832638
2023-09-03,DMA_145,34.115633640352186,0,0,98.3727383377707
2023-09-03,DMA_146,35.982152865118834,0,0,94.75193462924994
2023-09-03,DMA_147,42.79643752968574,0,0,97.76071679091636
2023-09-03,DMA_148,46.17296365962345,0,0,97.36597398073528
2023-09-03,DMA_149,37.598019481421325,0,0,100.80478541666083
2023-09-03,DMA_150,32.93252909336688,0,0,93.7633751760371
2023-09-10,DMA_001,40.575910131177345,0,1,92.95865698115814
2023-09-10,DMA_002,43.9783267933089,0,0,94.43315603936333
2023-09-10,DMA_003,49.63220129976692,0,1,97.5521659009996
2023-09-10,DMA_004,39.60018416970107,0,0,94.62547846227534
2023-09-10,DMA_005,41.34971424198485,0,1,94.07376479483912
2023-09-10,DMA_006,39.49516320006619,0,1,95.32025806578848
2023-09-10,DMA_007,40.5328536517108,0,0,98.27746437788572
2023-09-10,DMA_008,42.94914755924896,0,0,93.09588332659334
2023-09-10,DMA_009,44.0892744855362,0,0,92.0104131952597
2023-09-10,DMA_010,43.45822724119639,0,0,95.10666486280897
2023-09-10,DMA_011,47.34073560905423,0,0,96.99902456296856
2023-09-10,DMA_012,45.712709149996115,0,0,100.40735844557989
2023-09-10,DMA_013,43.92196075084543,0,0,96.60102776074129
2023-09-10,DMA_014,50.52185157017227,0,0,95.81389367333598
2023-09-10,DMA_015,38.995210159103415,0,0,94.93552595423836
2023-09-10,DMA_016,37.752945366825756,0,0,98.04941907866728
2023-09-10,DMA_017,50.95668478904094,0,0,98.91003144854706
2023-09-10,DMA_018,42.13534802066437,0,0,94.9237972468115
2023-09-10,DMA_019,39.28144302801858,0,0,95.11798799242024
2023-09-10,DMA_020,37.60892430688266,0,0,95.5257507388639
2023-09-10,DMA_021,43.891074222512785,0,0,97.07797374324215
2023-09-10,DMA_022,41.782507158602726,0,0,92.99803082868625
2023-09-10,DMA_023,50.49282423978078,0,0,95.22976863415705
2023-09-10,DMA_024,33.967782273472274,0,0,98.4654107907951
2023-09-10,DMA_025,38.798587122993894,0,0,96.60423720306505
2023-09-10,DMA_026,57.31505937418665,0,1,94.43033591610916
2023-09-10,DMA_027,48.19440445854332,0,0,97.15833930408019
2023-09-10,DMA_028,49.0470215991559,0,1,96.86960313598742
2023-09-10,DMA_029,41.009812113148485,0,0,93.79385437317416
2023-09-10,DMA_030,48.00197233067425,0,0,93.55433416343035
2023-09-10,DMA_031,49.500217415871944,0,0,95.3146111153068
2023-09-10,DMA_032,49.33345055002539,0,0,98.36612926698713
2023-09-10,DMA_033,48.98521335734986,0,0,93.81972049510962
2023-09-10,DMA_034,41.73898468203691,0,0,93.18764744826082
2023-09-10,DMA_035,33.485527884145284,0,1,94.63938030054082
2023-09-10,DMA_036,52.570533308905,0,1,95.1487739604792
2023-09-10,DMA_037,39.95146312216226,0,0,94.85312763934772
2023-09-10,DMA_038,42.1607961846889,0,0,93.05375112989191
2023-09-10,DMA_039,39.16228124575731,0,0,93.55762135136705
2023-09-10,DMA_040,43.272588519065074,0,0,97.34746437731943
2023-09-10,DMA_041,33.15659784477589,0,1,97.99728810146851
2023-09-10,DMA_042,37.89084476518879,0,0,92.88075330610019
2023-09-10,DMA_043,48.37833114176733,0,0,93.06847658931054
2023-09-10,DMA_044,43.663286064291164,0,1,96.78222707310952
2023-09-10,DMA_045,40.751349536210704,0,0,97.34282734616431
2023-09-10,DMA_046,36.3544906910232,0,0,95.80263021309459
2023-09-10,DMA_047,32.71393901502262,0,0,96.78646443165718
2023-09-10,DMA_048,40.409319699889224,0,0,93.07485148610401
2023-09-10,DMA_049,42.33263376739463,0,0,95.49926311315802
2023-09-10,DMA_050,42.342268599451685,0,0,97.89196080657491
2023-09-10,DMA_051,46.1441008553412,0,0,95.1861689652496
2023-09-10,DMA_052,39.308144131706996,0,0,95.8606253903339
2023-09-10,DMA_053,33.98512653078834,0,0,94.50786716732489
2023-09-10,DMA_054,42.558998831990436,0,0,94.81910238748125
2023-09-10,DMA_055,36.83417230131655,0,0,93.43083393491926
2023-09-10,DMA_056,39.68141155477802,0,0,93.55736977642903
2023-09-10,DMA_057,44.54945574112454,0,0,94.34856503323988
2023-09-10,DMA_058,43.893031874598464,0,0,94.23780938434284
2023-09-10,DMA_059,39.704775919223266,0,0,96.08819642244585
2023-09-10,DMA_060,45.92762696499529,0,0,94.50891531074193
2023-09-10,DMA_061,51.295988754464744,0,0,96.41172719910824
2023-09-10,DMA_062,46.76062259806318,0,0,97.15319157449575
2023-09-10,DMA_063,42.277083790878606,0,1,94.98338164750754
2023-09-10,DMA_064,52.705246407291675,0,0,95.32845025132094
2023-09-10,DMA_065,54.49533469674018,0,1,96.12043496524592
2023-09-10,DMA_066,41.229226291910365,0,0,95.13911368031864
2023-09-10,DMA_067,38.15633693791281,0,0,93.53427944500064
2023-09-10,DMA_068,51.71456630986024,0,0,95.64687713775976
2023-09-10,DMA_069,53.25325416881055,0,0,96.85444624785285
2023-09-10,DMA_070,41.026172295806134,0,0,97.3926540121872
2023-09-10,DMA_071,35.30471954650177,0,0,91.9264357169356
2023-09-10,DMA_072,41.21766243898632,0,0,95.81829612701846
2023-09-10,DMA_073,53.699584139427344,0,0,94.80193312003541
2023-09-10,DMA_074,34.84417496091943,0,1,91.67582597776278
2023-09-10,DMA_075,39.1692656555946,0,0,95.12787461589772
2023-09-10,DMA_076,39.8106696033158,0,0,96.65667978759753
2023-09-10,DMA_077,39.40316455714564,0,0,94.42819414878439
2023-09-10,DMA_078,38.90772974768155,0,0,95.56411989205748
2023-09-10,DMA_079,52.3245173517038,0,0,94.5454845434077
2023-09-10,DMA_080,55.18603463501806,0,1,95.76804258794535
2023-09-10,DMA_081,42.03296427041138,0,0,94.043244149391
2023-09-10,DMA_082,45.699175675051315,0,0,96.60046314329765
2023-09-10,DMA_083,43.722156409432664,0,0,97.53322392374534
2023-09-10,DMA_084,46.99074899153153,0,0,94.83034027874625
2023-09-10,DMA_085,45.26437949506608,0,0,96.47605597458738
2023-09-10,DMA_086,47.43191805629469,0,1,96.56304508952373
2023-09-10,DMA_087,45.03558508772391,0,0,96.7862306883316
2023-09-10,DMA_088,41.031191709353266,0,1,92.90079004734793
2023-09-10,DMA_089,50.79288857314035,0,0,99.38050949968496
2023-09-10,DMA_090,44.73975050190394,0,0,93.70150150290412
2023-09-10,DMA_091,49.088029968074544,0,0,100.68710806395642
2023-09-10,DMA_092,51.91516547727211,0,0,98.11915064785038
2023-09-10,DMA_093,45.632606227666116,0,0,99.30011921055019
2023-09-10,DMA_094,50.62010820673245,0,1,99.08848682487883
2023-09-10,DMA_095,51.47179427498351,0,0,96.00877599534138
2023-09-10,DMA_096,42.60159637163343,0,0,97.81711167422463
2023-09-10,DMA_097,40.12991994775676,0,0,96.94077182703874
2023-09-10,DMA_098,47.836967577789125,0,0,93.11746693979599
2023-09-10,DMA_099,41.34417108916991,0,0,96.6469908106392
2023-09-10,DMA_100,35.088295126561995,0,0,94.2204254619428
2023-09-10,DMA_101,40.133865603677236,0,0,97.90565569762909
2023-09-10,DMA_102,41.353213201703966,0,0,93.81725385332837
2023-09-10,DMA_103,40.63108615196674,0,1,94.50237783944088
2023-09-10,DMA_104,46.31106542683264,0,0,97.95975246878075
2023-09-10,DMA_105,42.36353526868263,0,0,96.07360134650021
2023-09-10,DMA_106,45.98126251508602,0,1,93.96820779614511
2023-09-10,DMA_107,35.16667826302418,0,0,96.52553088182181
2023-09-10,DMA_108,36.127816002619625,0,0,93.60881739880607
2023-09-10,DMA_109,41.98417583751026,0,0,96.1255054494611
2023-09-10,DMA_110,42.40886704200818,0,0,94.23695413643225
2023-09-10,DMA_111,41.007940045911496,0,0,96.92206808713293
2023-09-10,DMA_112,44.73323889128362,0,0,94.0184858850275
2023-09-10,DMA_113,49.69944432534274,0,1,91.93252466405455
2023-09-10,DMA_114,50.19244557824102,0,0,95.31106721118257
2023-09-10,DMA_115,41.94836579129641,0,0,97.24646133995145
2023-09-10,DMA_116,36.706845816433884,0,0,91.49968210818787
2023-09-10,DMA_117,38.137943706691466,0,0,92.67140188751328
2023-09-10,DMA_118,47.776794609689794,0,0,94.89422185811935
2023-09-10,DMA_119,38.33010588434673,0,0,97.49232108151836
2023-09-10,DMA_120,31.32106143396919,0,0,97.34107830853966
2023-09-10,DMA_121,40.24057535247417,0,0,94.51369438587227
2023-09-10,DMA_122,46.30004440479806,0,0,98.18964017826003
2023-09-10,DMA_123,37.21287964940262,0,0,95.60356961988863
2023-09-10,DMA_124,29.9760119713566,0,0,98.49847526924891
2023-09-10,DMA_125,49.94043088081693,0,0,92.7156417494941
2023-09-10,DMA_126,50.605971531806745,0,0,95.83787521893106
2023-09-10,DMA_127,46.47083862604005,0,0,95.14644078340294
2023-09-10,DMA_128,47.77142562027311,0,0,96.01434700655514
2023-09-10,DMA_129,38.77176227825055,0,0,96.97588306602307
2023-09-10,DMA_130,44.02188905063933,0,0,96.62860431625677
2023-09-10,DMA_131,42.171752092650124,0,0,97.41203902653119
2023-09-10,DMA_132,44.76668508549669,0,1,95.18503872558394
2023-09-10,DMA_133,32.75401352099979,0,0,96.58456403424343
2023-09-10,DMA_134,47.99243253223758,0,0,95.14142244315174
2023-09-10,DMA_135,44.27118740280566,0,0,96.8700091065653
2023-09-10,DMA_136,31.831735862823933,0,0,95.88719337050593
2023-09-10,DMA_137,53.310606331952755,0,0,91.42332471842
2023-09-10,DMA_138,44.923684568151266,0,1,97.32946195466485
2023-09-10,DMA_139,48.732198942715414,0,0,95.26730894750028
2023-09-10,DMA_140,44.21105080303587,0,0,93.43816190372868
2023-09-10,DMA_141,36.77093953725009,0,0,97.07451598770969
2023-09-10,DMA_142,43.88441044754523,0,0,91.80191850995587
2023-09-10,DMA_143,37.17800433605267,0,0,95.91900025519635
2023-09-10,DMA_144,46.6722696983722,0,0,95.87290166335671
2023-09-10,DMA_145,33.842056594398855,0,0,98.36727484442693
2023-09-10,DMA_146,44.45794046805545,0,0,93.46174070700202
2023-09-10,DMA_147,43.85898985719047,0,0,94.3649221679031
2023-09-10,DMA_148,47.201697084242,0,0,97.42421113980126
2023-09-10,DMA_149,30.64582113284327,0,0,96.44303542246914
2023-09-10,DMA_150,46.140023648047695,0,0,97.55402010495611
2023-09-17,DMA_001,40.52911300318552,0,0,95.56387463484195
2023-09-17,DMA_002,39.09976643125719,0,0,93.10239365216107
2023-09-17,DMA_003,37.196604553413614,0,0,99.17184812320708
2023-09-17,DMA_004,39.78539506868255,0,0,95.31456540951582
2023-09-17,DMA_005,38.229080671011985,0,0,92.09837459136277
2023-09-17,DMA_006,48.25400366243192,0,0,92.48489014170238
2023-09-17,DMA_007,46.84305185843359,0,0,94.03885008912812
2023-09-17,DMA_008,35.69029564745961,0,0,95.39288966410258
2023-09-17,DMA_009,43.2858520672621,0,0,95.16053055541134
2023-09-17,DMA_010,45.51131427862461,0,0,96.1196962008556
2023-09-17,DMA_011,52.55985353629109,0,0,98.08330305474423
2023-09-17,DMA_012,42.78915631365169,0,0,94.17614026301149
2023-09-17,DMA_013,42.181936402088255,0,0,95.66247694328301
2023-09-17,DMA_014,47.14529298003732,0,0,99.28700705601236
2023-09-17,DMA_015,47.504073252961156,0,0,94.65492731660186
2023-09-17,DMA_016,47.90442131864119,0,0,95.34256242606641
2023-09-17,DMA_017,48.76668794896022,0,1,94.58024855528103
2023-09-17,DMA_018,41.90353043119292,0,0,98.23823796482758
2023-09-17,DMA_019,38.14073823201195,0,0,93.96668429326392
2023-09-17,DMA_020,42.0615471283528,0,0,94.38724045677782
2023-09-17,DMA_021,52.31152635873312,0,1,93.25551773968397
2023-09-17,DMA_022,44.39500555577681,0,0,94.53530895031007
2023-09-17,DMA_023,53.45605873391498,0,0,94.30163830030403
2023-09-17,DMA_024,42.378354455525866,0,0,96.3914107199899
2023-09-17,DMA_025,46.564648211315074,0,1,93.75946170931702
2023-09-17,DMA_026,53.68120804369549,0,0,100.28486000818384
2023-09-17,DMA_027,43.96949088615531,0,0,91.72065970984902
2023-09-17,DMA_028,43.03504283215371,0,1,93.10454163292805
2023-09-17,DMA_029,48.6566383760153,0,0,97.36725239261185
2023-09-17,DMA_030,44.79028076120363,0,0,95.69345991333591
2023-09-17,DMA_031,46.07674785472679,0,0,97.72472306052491
2023-09-17,DMA_032,52.78035428140582,0,0,93.26665322639688
2023-09-17,DMA_033,52.877085511190224,0,0,93.96446042975677
2023-09-17,DMA_034,39.80435129699113,0,1,95.92525940668946
2023-09-17,DMA_035,43.49920291062673,0,1,94.46620162642145
2023-09-17,DMA_036,49.57210635174381,0,1,97.02888544781732
2023-09-17,DMA_037,40.03091179061632,0,0,93.78467774688538
2023-09-17,DMA_038,48.007498696440784,0,0,96.59342939708104
2023-09-17,DMA_039,50.376104121657605,0,0,94.3500644580966
2023-09-17,DMA_040,40.75252951897601,0,0,91.6334602362101
2023-09-17,DMA_041,45.689550620495844,0,0,96.53464609120645
2023-09-17,DMA_042,54.083083808913706,0,0,95.23415179527728
2023-09-17,DMA_043,51.02903174148553,0,0,95.6744181089154
2023-09-17,DMA_044,45.118374783266056,0,0,95.88320088384474
2023-09-17,DMA_045,55.62392365832013,0,0,93.24878313231754
2023-09-17,DMA_046,56.612878460976304,0,0,97.38007684472895
2023-09-17,DMA_047,54.206109628253394,0,0,97.8120224238709
2023-09-17,DMA_048,51.569207647337635,0,0,95.43598787817072
2023-09-17,DMA_049,53.466676099604214,0,0,93.84628548598222
2023-09-17,DMA_050,42.62732844239247,0,0,97.88418829673685
2023-09-17,DMA_051,44.51870839437455,0,0,96.69668005756878
2023-09-17,DMA_052,35.75086096952245,0,0,97.13042842797142
2023-09-17,DMA_053,48.06198250977128,0,0,94.82271012050792
2023-09-17,DMA_054,29.23869111812428,0,0,93.43109623765922
2023-09-17,DMA_055,52.18307460668594,0,0,97.0194136793431
2023-09-17,DMA_056,45.77701154894861,0,0,96.23753711215699
2023-09-17,DMA_057,51.71683750786111,0,1,91.85715426180366
2023-09-17,DMA_058,44.421072190468,0,0,94.1708531207172
2023-09-17,DMA_059,45.99047642606767,0,0,97.09359946514627
2023-09-17,DMA_060,50.027327311477805,0,0,91.14432921111838
2023-09-17,DMA_061,46.64945007094015,0,0,95.93390177234093
2023-09-17,DMA_062,42.326882589606235,0,0,96.03241580517677
2023-09-17,DMA_063,41.700059154417524,0,0,94.86770257369875
2023-09-17,DMA_064,49.86245975775217,0,0,92.50600047916929
2023-09-17,DMA_065,53.01657505060745,0,1,94.01435357913324
2023-09-17,DMA_066,37.7001909695076,0,0,92.54042117720732
2023-09-17,DMA_067,43.80629218920333,0,0,93.50275619170947
2023-09-17,DMA_068,51.83942936037291,0,0,96.16285761441087
2023-09-17,DMA_069,45.20107427142769,0,0,96.23412554984489
2023-09-17,DMA_070,49.13334372495488,0,0,93.2705085346441
2023-09-17,DMA_071,53.524594626231135,0,0,97.68102055425734
2023-09-17,DMA_072,49.68643069141723,0,0,93.42706081792946
2023-09-17,DMA_073,42.560131126910655,0,0,97.84860015862411
2023-09-17,DMA_074,48.43644652104991,0,0,96.46402654536301
2023-09-17,DMA_075,57.51440821247728,0,1,94.4882328653128
2023-09-17,DMA_076,41.92104359564049,0,0,93.5541636894857
2023-09-17,DMA_077,37.305528451544674,0,0,97.20297475512221
2023-09-17,DMA_078,52.65668683757872,0,0,96.00698269401404
2023-09-17,DMA_079,46.70589667700974,0,0,92.4369461144855
2023-09-17,DMA_080,37.71603876645036,0,0,92.80125561397787
2023-09-17,DMA_081,49.119197097014165,0,0,96.4457784851841
2023-09-17,DMA_082,54.4849967469618,0,0,96.44691886000211
2023-09-17,DMA_083,48.52648820281021,0,0,94.38217857787357
2023-09-17,DMA_084,44.54782024188223,0,0,93.64895233184235
2023-09-17,DMA_085,41.18553080058487,0,0,95.2315846552117
2023-09-17,DMA_086,48.8057685800273,0,0,97.28542870844181
2023-09-17,DMA_087,47.453253789365434,0,0,93.53796101340244
2023-09-17,DMA_088,44.420757794600256,0,1,94.77842142652283
2023-09-17,DMA_089,52.55769616222752,0,0,97.54195313500416
2023-09-17,DMA_090,44.149249021369954,0,0,96.44202471129702
2023-09-17,DMA_091,49.656846353069625,0,0,93.05194355738466
2023-09-17,DMA_092,46.34419048321042,0,1,95.01693395554385
2023-09-17,DMA_093,39.52580888357746,0,0,93.97815939969153
2023-09-17,DMA_094,47.050245249296495,0,0,94.8258084284505
2023-09-17,DMA_095,51.51823845691692,0,0,100.10243980873149
2023-09-17,DMA_096,45.42222435606596,0,0,96.1724864502449
2023-09-17,DMA_097,47.097546666394315,0,0,100.07716573374455
2023-09-17,DMA_098,51.59241656316867,0,0,97.62347500522596
2023-09-17,DMA_099,41.67164984782657,0,0,95.02802118669571
2023-09-17,DMA_100,31.538763654084157,0,0,93.84658442243092
2023-09-17,DMA_101,48.30670310846027,0,0,98.04322573907385
2023-09-17,DMA_102,42.74040272418267,0,1,91.4647238453185
2023-09-17,DMA_103,52.04499879987259,0,0,93.90735345733329
2023-09-17,DMA_104,47.1059346231324,0,0,95.10835635623944
2023-09-17,DMA_105,45.38050752574443,0,0,97.42283501172184
2023-09-17,DMA_106,49.33668091937803,0,0,95.99569680429317
2023-09-17,DMA_107,37.707087761644544,0,0,98.18142607459511
2023-09-17,DMA_108,54.17577591314276,0,0,94.91416184612207
2023-09-17,DMA_109,50.92052440881778,0,1,94.96702121417269
2023-09-17,DMA_110,51.2855396905713,0,0,96.81649408454082
2023-09-17,DMA_111,47.3214830186347,0,0,97.59033280459538
2023-09-17,DMA_112,44.81579723878275,0,0,95.12929213362783
2023-09-17,DMA_113,49.120138211399635,0,0,95.20460477082419
2023-09-17,DMA_114,45.15006642275028,0,0,94.43496051825915
2023-09-17,DMA_115,44.83216441496188,0,0,95.09396294577606
2023-09-17,DMA_116,53.01798615707283,0,0,91.92921501420929
2023-09-17,DMA_117,43.87566476537318,0,0,92.87328020622567
2023-09-17,DMA_118,46.88650226792146,0,0,93.32748778170192
2023-09-17,DMA_119,42.6746964291856,0,1,92.84240832405314
2023-09-17,DMA_120,48.53991242571457,0,1,93.76788825932985
2023-09-17,DMA_121,49.03485633748052,0,0,97.9193725597513
2023-09-17,DMA_122,42.699477674737395,0,0,93.79301598718546
2023-09-17,DMA_123,43.36891593922782,0,0,94.9071927722511
2023-09-17,DMA_124,43.231334854243684,0,0,92.45436520698391
2023-09-17,DMA_125,48.109279408201076,0,0,96.80484990260787
2023-09-17,DMA_126,47.10608590142445,0,1,94.26314334096766
2023-09-17,DMA_127,37.175039609461095,0,0,94.904550858172
2023-09-17,DMA_128,40.21463265926724,0,0,97.65962959301605
2023-09-17,DMA_129,41.74878015737285,0,0,94.50722970987945
2023-09-17,DMA_130,43.82917989314041,0,0,99.10265730495259
2023-09-17,DMA_131,43.95258199073696,0,0,97.29269950251246
2023-09-17,DMA_132,51.013249894591745,0,0,91.87521869252036
2023-09-17,DMA_133,47.98968100796904,0,0,96.1577083510663
2023-09-17,DMA_134,30.949262892760828,0,0,95.42108552298659
2023-09-17,DMA_135,39.540170061491395,0,0,98.39743035680955
2023-09-17,DMA_136,40.37616172009691,0,0,94.88007797568267
2023-09-17,DMA_137,36.514318666786856,0,1,96.5629969539153
2023-09-17,DMA_138,37.03736781201717,0,0,99.7279465738461
2023-09-17,DMA_139,58.9827051065912,0,1,96.70658568060699
2023-09-17,DMA_140,51.68226250404038,0,1,94.24465338680392
2023-09-17,DMA_141,48.168749344840805,0,0,93.86052257308394
2023-09-17,DMA_142,44.46732504753551,0,0,94.489175252748
2023-09-17,DMA_143,37.87756283847762,0,0,97.03403408836022
2023-09-17,DMA_144,45.46443901076668,0,0,93.2096572826614
2023-09-17,DMA_145,41.145933207211385,0,1,95.86280912328417
2023-09-17,DMA_146,38.71538313181928,0,0,96.16846950412616
2023-09-17,DMA_147,38.13803822621873,0,0,95.69875697696476
2023-09-17,DMA_148,37.670734875778265,0,0,96.56005082012993
2023-09-17,DMA_149,34.32745714784589,0,1,95.39294916564057
2023-09-17,DMA_150,46.52778296821601,0,0,90.96989784442587
2023-09-24,DMA_001,42.64875977808333,0,0,95.29030330897015
2023-09-24,DMA_002,49.663358388032385,0,0,96.04603504997252
2023-09-24,DMA_003,50.33554535574602,0,0,94.76702057035264
2023-09-24,DMA_004,47.96816673942829,0,0,94.8694761112891
2023-09-24,DMA_005,50.50360810381794,0,0,95.29564842101927
2023-09-24,DMA_006,47.35606972894921,0,0,95.00656183310838
2023-09-24,DMA_007,57.724746562543515,0,0,96.4176115601711
2023-09-24,DMA_008,47.24369596815442,0,0,95.53484886861845
2023-09-24,DMA_009,55.702570845912625,0,0,93.90993309407978
2023-09-24,DMA_010,52.6300615995598,0,0,93.85836378450587
2023-09-24,DMA_011,55.96386472523981,0,0,95.42655662709339
2023-09-24,DMA_012,57.790866962824325,0,0,94.5714327592065
2023-09-24,DMA_013,41.57628607644253,0,0,95.7967528183712
2023-09-24,DMA_014,45.33368607880067,0,0,94.61245749037866
2023-09-24,DMA_015,46.29599468468191,0,0,93.2182440455606
2023-09-24,DMA_016,47.04601722298657,0,0,91.07136287505384
2023-09-24,DMA_017,57.65019953393001,0,1,95.43769903873866
2023-09-24,DMA_018,47.23806561976382,0,0,95.32941022341817
2023-09-24,DMA_019,47.131084988183545,0,0,93.65580058841853
2023-09-24,DMA_020,51.670076238675065,0,1,95.2464356208877
2023-09-24,DMA_021,47.42466044400196,0,0,93.54580572770955
2023-09-24,DMA_022,48.33386929686042,0,1,96.43275593965892
2023-09-24,DMA_023,49.79909682095268,0,1,93.13933476304489
2023-09-24,DMA_024,48.95858589423447,0,0,95.6635659063385
2023-09-24,DMA_025,44.063863260509066,0,0,92.17461697594037
2023-09-24,DMA_026,50.170444935354304,0,0,94.33351278936166
2023-09-24,DMA_027,48.56245989133757,0,0,93.78453101839287
2023-09-24,DMA_028,47.08724864357434,0,0,92.16166177361222
2023-09-24,DMA_029,46.035484389147506,0,0,95.53358528865111
2023-09-24,DMA_030,53.08569670182929,0,0,96.15956181345322
2023-09-24,DMA_031,42.71056213589965,0,0,92.61487996541976
2023-09-24,DMA_032,47.86429526349046,0,0,92.42124421778954
2023-09-24,DMA_033,46.24483487842789,0,0,93.63799876032387
2023-09-24,DMA_034,60.43452805627025,0,0,94.79336172270965
2023-09-24,DMA_035,54.11676597077502,0,0,95.70970281009294
2023-09-24,DMA_036,56.96366330019487,0,0,96.48418629549873
2023-09-24,DMA_037,45.61695790016165,0,0,97.70886747313868
2023-09-24,DMA_038,41.95697204376609,0,0,97.45740124608187
2023-09-24,DMA_039,50.481765315826074,0,0,93.80376303549109
2023-09-24,DMA_040,56.20677853196468,0,0,95.8112887206579
2023-09-24,DMA_041,57.04138992567297,0,0,95.14236184078352
2023-09-24,DMA_042,40.40256203061356,0,1,95.01439511095023
2023-09-24,DMA_043,44.60339773114123,0,0,95.45400836579988
2023-09-24,DMA_044,48.23654625628974,0,0,96.3054913226796
2023-09-24,DMA_045,61.79649189621573,0,0,99.55515256430306
2023-09-24,DMA_046,58.87452347690626,0,1,95.58831271324043
2023-09-24,DMA_047,33.60944842964198,0,1,94.45226448760013
2023-09-24,DMA_048,49.94737549824991,0,0,92.30541761659347
2023-09-24,DMA_049,51.14697010917801,0,0,95.49143613701392
2023-09-24,DMA_050,60.53632799428772,0,0,99.00959862282352
2023-09-24,DMA_051,53.584311115804184,0,0,94.92276776952986
2023-09-24,DMA_052,42.20709426276308,0,0,92.48801704864263
2023-09-24,DMA_053,53.15935249536634,0,0,98.56980403637203
2023-09-24,DMA_054,55.87465331892934,0,1,94.28617241701089
2023-09-24,DMA_055,49.46841703335692,0,0,96.07970734978333
2023-09-24,DMA_056,50.2443135241902,0,0,93.95342685332015
2023-09-24,DMA_057,46.71565982441257,0,0,92.90779940151594
2023-09-24,DMA_058,55.849008907049935,0,1,94.84411280935927
2023-09-24,DMA_059,37.941786985599855,0,0,95.71329133041849
2023-09-24,DMA_060,49.55407015121095,0,1,96.9455573379701
2023-09-24,DMA_061,56.860525945645946,0,0,94.86307742613688
2023-09-24,DMA_062,54.59599483535691,0,0,96.51916303120329
2023-09-24,DMA_063,43.88335619755739,0,0,95.47681778365441
2023-09-24,DMA_064,44.406956920020065,0,1,94.14764694225423
2023-09-24,DMA_065,51.41439621701677,0,0,96.90659556248191
2023-09-24,DMA_066,60.26008634520134,0,0,94.0770273833995
2023-09-24,DMA_067,42.44284631513622,0,0,97.93958764265152
2023-09-24,DMA_068,58.199291849885,0,0,93.8280796775333
2023-09-24,DMA_069,51.21813588522691,0,0,96.33518624152592
2023-09-24,DMA_070,46.749199165468,0,0,93.50230193917048
2023-09-24,DMA_071,53.24212582865958,0,0,95.57655402311383
2023-09-24,DMA_072,45.268532859630476,0,0,96.94308859110916
2023-09-24,DMA_073,55.25016589235752,0,0,96.93866535786907
2023-09-24,DMA_074,60.89585683010645,0,0,93.56065380593321
2023-09-24,DMA_075,47.9541009338683,0,0,99.48055921980804
2023-09-24,DMA_076,43.57581099548951,0,1,96.5505126882891
2023-09-24,DMA_077,53.0399648452533,0,0,93.41388807828616
2023-09-24,DMA_078,61.3811251369618,0,1,96.86034454007668
2023-09-24,DMA_079,43.85863726160007,0,0,89.83298210240221
2023-09-24,DMA_080,40.149591138134355,0,0,97.75407856211689
2023-09-24,DMA_081,56.427092713448815,0,1,94.64382205240962
2023-09-24,DMA_082,52.21348471506678,0,0,93.60189203118841
2023-09-24,DMA_083,60.910851780874125,0,0,93.70968608030103
2023-09-24,DMA_084,47.582495479423386,0,1,98.32187694608609
2023-09-24,DMA_085,56.30248200428974,0,0,91.62206065778159
2023-09-24,DMA_086,48.018298241647486,0,0,95.40080314047611
2023-09-24,DMA_087,52.3738878060912,0,0,98.07175335460121
2023-09-24,DMA_088,48.308723365178075,0,0,93.23824780485421
2023-09-24,DMA_089,57.08525995759522,0,0,96.47881551659692
2023-09-24,DMA_090,52.24784548729933,0,0,99.82230526263126
2023-09-24,DMA_091,56.63666164298451,0,0,96.86935878177454
2023-09-24,DMA_092,55.595081874658156,0,0,94.42982353889333
2023-09-24,DMA_093,59.469590564979214,0,0,93.47026737643829
2023-09-24,DMA_094,39.09460485253213,0,0,96.12740359537914
2023-09-24,DMA_095,53.67782135525695,0,1,96.85757189279208
2023-09-24,DMA_096,54.32586981691329,0,0,95.03806358554077
2023-09-24,DMA_097,51.0870649561024,0,0,92.91146340961959
2023-09-24,DMA_098,45.93952295121278,0,0,97.08591899626792
2023-09-24,DMA_099,46.60377247785376,0,0,94.52886789391783
2023-09-24,DMA_100,49.30928257883947,0,0,95.45204220969126
2023-09-24,DMA_101,50.15969503303076,0,0,97.16639761515208
2023-09-24,DMA_102,60.22407642062561,0,0,94.61037903987956
2023-09-24,DMA_103,50.37165681049601,0,0,97.30610642099498
2023-09-24,DMA_104,52.993873841989505,0,0,95.83051937495446
2023-09-24,DMA_105,46.62083907161926,0,0,95.59894991224844
2023-09-24,DMA_106,45.92806873169758,0,0,94.14677659207631
2023-09-24,DMA_107,53.14381166356868,0,0,96.51181763069476
2023-09-24,DMA_108,45.37267771482652,0,1,92.84890089675956
2023-09-24,DMA_109,45.69920454499862,0,0,93.13055385644667
2023-09-24,DMA_110,45.22654337955756,0,0,97.01608941899711
2023-09-24,DMA_111,48.55113575052311,0,0,91.13887097081218
2023-09-24,DMA_112,45.59341910128779,0,0,95.15315472208171
2023-09-24,DMA_113,41.29114900183764,0,0,91.84698092536823
2023-09-24,DMA_114,44.59688232614629,0,0,96.47347749626981
2023-09-24,DMA_115,39.76585053017831,0,0,94.49669930066754
2023-09-24,DMA_116,47.50056226792586,0,0,90.8496637328548
2023-09-24,DMA_117,42.965636029020374,0,0,97.6534271368329
2023-09-24,DMA_118,54.14748421818712,0,1,93.88779639115128
2023-09-24,DMA_119,48.03725497467623,0,0,97.14250128020387
2023-09-24,DMA_120,45.87819751296157,0,0,95.26909413165579
2023-09-24,DMA_121,56.36612325509691,0,0,94.47299050204948
2023-09-24,DMA_122,56.767975573819314,0,1,92.39542157228439
2023-09-24,DMA_123,41.41041404468069,0,0,97.15457959645003
2023-09-24,DMA_124,48.727878318486624,0,0,93.64183956771873
2023-09-24,DMA_125,45.24403598391104,0,1,98.00514054207098
2023-09-24,DMA_126,55.66460815767355,0,0,100.19954710186687
2023-09-24,DMA_127,49.83526255078024,0,0,93.68241731619601
2023-09-24,DMA_128,45.978057349471136,0,0,93.02386081175854
2023-09-24,DMA_129,50.916211173069286,0,0,95.79459556012418
2023-09-24,DMA_130,54.759563880872534,0,0,91.55150656580753
2023-09-24,DMA_131,47.26054626918767,0,0,95.95368624499281
2023-09-24,DMA_132,54.00453184282148,0,1,95.54827638883371
2023-09-24,DMA_133,49.47624373758779,0,0,94.76497263975111
2023-09-24,DMA_134,48.04374821771583,0,0,94.74718514511484
2023-09-24,DMA_135,48.89458486176063,0,0,98.15751203651806
2023-09-24,DMA_136,41.997949147623565,0,0,97.75055180428522
2023-09-24,DMA_137,44.106682720727534,0,0,89.82833185225674
2023-09-24,DMA_138,47.639813087982304,0,0,95.41047573246159
2023-09-24,DMA_139,42.14401485229042,0,1,96.24743788738115
2023-09-24,DMA_140,50.94273631441299,0,0,94.75864566596152
2023-09-24,DMA_141,53.60582685428072,0,0,92.72030658064105
2023-09-24,DMA_142,53.104569853885884,0,0,96.81244469444019
2023-09-24,DMA_143,57.55099959984827,0,1,95.06611353172808
2023-09-24,DMA_144,51.991788846413364,0,0,93.70283683309351
2023-09-24,DMA_145,48.948366279094685,0,0,95.17952437291693
2023-09-24,DMA_146,50.388098902135084,0,0,98.36613132946128
2023-09-24,DMA_147,58.42842250605448,0,0,95.75379543492112
2023-09-24,DMA_148,42.13238766156353,0,0,94.89647509784622
2023-09-24,DMA_149,54.70748480898964,0,0,96.8382838400053
2023-09-24,DMA_150,48.712988562682106,0,0,93.42702128805551
2023-10-01,DMA_001,46.510858119680776,0,1,90.51008465555711
2023-10-01,DMA_002,63.383317736821425,0,0,97.62270283046236
2023-10-01,DMA_003,48.83311627560417,0,0,96.12097023574515
2023-10-01,DMA_004,44.58569993056156,0,1,94.77938366117863
2023-10-01,DMA_005,59.85266235324024,0,1,92.51847785247911
2023-10-01,DMA_006,55.47178961243942,0,1,98.98086736360464
2023-10-01,DMA_007,50.26829445747337,0,0,96.25272501990439
2023-10-01,DMA_008,42.232031254977215,0,0,96.32790169455419
2023-10-01,DMA_009,51.955630337821866,0,0,94.39964040985042
2023-10-01,DMA_010,58.16032411291298,0,0,96.75968166946664
2023-10-01,DMA_011,55.17596371239722,0,0,95.27972996195194
2023-10-01,DMA_012,52.92487851873208,0,0,95.72550132871666
2023-10-01,DMA_013,48.63881298911034,0,1,95.07979544337209
2023-10-01,DMA_014,51.087651359001605,0,0,94.38019635944715
2023-10-01,DMA_015,50.876367100190706,0,0,92.22345913456203
2023-10-01,DMA_016,43.211007461086325,0,0,94.26504032371403
2023-10-01,DMA_017,44.83288713508001,0,0,94.09567937023208
2023-10-01,DMA_018,48.894765552671686,0,0,93.58598988580108
2023-10-01,DMA_019,57.99354495507261,0,0,94.58948421866
2023-10-01,DMA_020,40.95322776511968,0,1,94.2314522559415
2023-10-01,DMA_021,51.19407392627816,0,0,95.12035722212066
2023-10-01,DMA_022,58.80494193394195,0,0,97.09190862077396
2023-10-01,DMA_023,46.13228537242249,0,0,92.47684096147063
2023-10-01,DMA_024,44.71049328560322,0,0,96.04215661876148
2023-10-01,DMA_025,51.74754860685529,0,0,93.11503704113997
2023-10-01,DMA_026,47.8777244479728,0,0,92.3560485149036
2023-10-01,DMA_027,58.715361386855264,0,0,97.50473231235011
2023-10-01,DMA_028,36.27989226395158,0,0,92.72120214846727
2023-10-01,DMA_029,46.16248589882498,0,0,94.70253196915462
2023-10-01,DMA_030,41.693809750202114,0,1,95.74636336830007
2023-10-01,DMA_031,58.80526640600927,0,0,93.31219576353477
2023-10-01,DMA_032,55.00585486891183,0,1,94.90440228056717
2023-10-01,DMA_033,54.13116565354987,0,0,95.87170033516557
2023-10-01,DMA_034,48.521315929677996,0,0,94.7265522728416
2023-10-01,DMA_035,44.64037009575862,0,0,96.97775509891905
2023-10-01,DMA_036,63.70282849721097,0,1,93.93437429426571
2023-10-01,DMA_037,46.06840024960741,0,1,96.85489935652699
2023-10-01,DMA_038,50.76291843886269,0,0,95.92633663834698
2023-10-01,DMA_039,68.12634650144773,0,0,96.15027576774868
2023-10-01,DMA_040,44.889323593395446,0,0,97.1773735557784
2023-10-01,DMA_041,52.88262171047172,0,0,95.1293500209017
2023-10-01,DMA_042,51.009382563969474,0,0,97.89669485626794
2023-10-01,DMA_043,53.336722637042485,0,0,94.76700828429846
2023-10-01,DMA_044,44.61062639295931,0,0,95.38164774992866
2023-10-01,DMA_045,50.382123347228834,0,0,94.52554213354735
2023-10-01,DMA_046,52.88845187512559,0,0,94.14800057001862
2023-10-01,DMA_047,48.52923680796772,0,0,91.33274043506468
2023-10-01,DMA_048,44.67826627116447,0,0,94.3068611255709
2023-10-01,DMA_049,54.732645528151636,0,1,95.16993489111468
2023-10-01,DMA_050,50.46960489028263,0,0,98.2286845776468
2023-10-01,DMA_051,58.2855630090878,0,0,92.90038929599575
2023-10-01,DMA_052,56.91203436594813,0,0,95.67780291432665
2023-10-01,DMA_053,58.83287835065646,0,0,96.59638540357727
2023-10-01,DMA_054,54.936621589233845,0,0,97.66194937571433
2023-10-01,DMA_055,51.079043550130564,0,0,98.52277397082226
2023-10-01,DMA_056,57.951067692532995,0,0,97.02181690495028
2023-10-01,DMA_057,53.288617905781614,0,0,93.90515241067978
2023-10-01,DMA_058,55.34596131613411,0,1,92.74942626810699
2023-10-01,DMA_059,55.16942762751996,0,0,90.81788021716542
2023-10-01,DMA_060,48.237458562112494,0,0,95.20825360445511
2023-10-01,DMA_061,54.94272970091571,0,1,90.32576078544204
2023-10-01,DMA_062,43.97663845094346,0,0,95.997511502595
2023-10-01,DMA_063,39.49394260407914,0,0,96.98552141602954
2023-10-01,DMA_064,52.489233260624374,0,0,93.13512375856749
2023-10-01,DMA_065,51.20942308463455,0,0,92.48809729257225
2023-10-01,DMA_066,46.60005744928099,0,0,93.01271067125946
2023-10-01,DMA_067,47.33323882977786,0,1,91.36772084859972
2023-10-01,DMA_068,56.54850254352385,0,0,96.77357290842633
2023-10-01,DMA_069,52.694920690376556,0,1,91.13964284748174
2023-10-01,DMA_070,58.29400371790216,0,0,93.41463881727677
2023-10-01,DMA_071,41.471839989404856,0,0,89.97298474422588
2023-10-01,DMA_072,53.38669102397877,0,0,98.1660942462209
2023-10-01,DMA_073,52.327337032871576,0,0,92.39870666453271
2023-10-01,DMA_074,50.039691797798405,0,0,95.74134729639226
2023-10-01,DMA_075,51.88969134993924,0,0,95.39439720309086
2023-10-01,DMA_076,58.88384400968824,0,0,95.54016102494177
2023-10-01,DMA_077,41.33796953637027,0,0,93.58171839306574
2023-10-01,DMA_078,62.15405347593606,0,0,91.26203007093586
2023-10-01,DMA_079,60.40130355205822,0,0,96.77230378616964
2023-10-01,DMA_080,49.378334417569164,0,0,94.58016154037328
2023-10-01,DMA_081,54.78576160071026,0,0,95.66666649437877
2023-10-01,DMA_082,44.89422484767624,0,0,94.20661647724774
2023-10-01,DMA_083,52.365446344157625,0,0,95.75202725325231
2023-10-01,DMA_084,57.51877412311333,0,0,97.4887306603288
2023-10-01,DMA_085,47.22679229286838,0,0,96.89430170831183
2023-10-01,DMA_086,42.55120067620151,0,0,92.7878786213349
2023-10-01,DMA_087,54.58031224541827,0,1,97.44352452225624
2023-10-01,DMA_088,65.10311656491217,0,1,97.10169675732597
2023-10-01,DMA_089,53.85272645869132,0,0,94.03497907628076
2023-10-01,DMA_090,51.431718631957196,0,0,96.49378561863315
2023-10-01,DMA_091,54.601016107571354,0,0,95.3872197526805
2023-10-01,DMA_092,51.66949268845614,0,1,95.60583003270511
2023-10-01,DMA_093,58.43879530499275,0,0,94.38322221828933
2023-10-01,DMA_094,48.296018380963055,0,0,94.85273311181301
2023-10-01,DMA_095,45.6473714029188,0,0,94.31696421939643
2023-10-01,DMA_096,53.882991712932665,0,0,91.53041746668102
2023-10-01,DMA_097,56.10925957613586,0,0,92.92753162180652
2023-10-01,DMA_098,53.526589694107344,0,0,96.62042203793663
2023-10-01,DMA_099,53.30583097256989,0,1,96.01603504288296
2023-10-01,DMA_100,61.166325809143686,0,0,93.490381058964
2023-10-01,DMA_101,57.36467436576436,0,0,95.31588623980912
2023-10-01,DMA_102,59.60207132589469,0,1,95.54941542244693
2023-10-01,DMA_103,49.69558126645406,0,0,97.10726990378176
2023-10-01,DMA_104,55.888372497373176,0,0,92.56182389858805
2023-10-01,DMA_105,47.223562942846215,0,0,96.49062855463055
2023-10-01,DMA_106,42.92983253198345,0,1,97.34912583360746
2023-10-01,DMA_107,53.34828457706082,0,0,94.22044908289897
2023-10-01,DMA_108,52.58450283673786,0,0,95.24904751425352
2023-10-01,DMA_109,60.82863269994205,0,1,98.07782939828084
2023-10-01,DMA_110,48.735862938817654,0,0,94.50601073492366
2023-10-01,DMA_111,50.22758724613998,0,0,94.80562309605992
2023-10-01,DMA_112,45.81618131275585,0,0,99.26447747983806
2023-10-01,DMA_113,51.054934857048835,0,1,94.90595915952748
2023-10-01,DMA_114,50.35029131329095,0,0,94.93084960257471
2023-10-01,DMA_115,60.41527706253609,0,0,98.57244675397813
2023-10-01,DMA_116,55.38142862025252,0,0,95.72225043863584
2023-10-01,DMA_117,60.92866186745018,0,0,93.87545277869387
2023-10-01,DMA_118,52.76415050513767,0,0,96.19415512273987
2023-10-01,DMA_119,49.44113659193944,0,0,94.34809740579233
2023-10-01,DMA_120,45.424210215421134,0,0,94.22110117137794
2023-10-01,DMA_121,58.41833513857581,0,0,98.89145003076273
2023-10-01,DMA_122,32.78788848751771,0,1,93.13360085810069
2023-10-01,DMA_123,59.03128073984067,0,0,96.11673686434936
2023-10-01,DMA_124,61.0620859306357,0,1,97.41307343283145
2023-10-01,DMA_125,49.23221838609964,0,1,95.58969140925137
2023-10-01,DMA_126,55.93098210037886,0,0,92.62547409243315
2023-10-01,DMA_127,49.339439231681446,0,0,95.95835460832781
2023-10-01,DMA_128,52.63829302856206,0,1,94.00976982086131
2023-10-01,DMA_129,58.65243069388664,0,1,94.99902376653733
2023-10-01,DMA_130,46.8792260401484,0,0,92.02879596432423
2023-10-01,DMA_131,55.63566044604275,0,0,96.8599765095647
2023-10-01,DMA_132,45.989752232273716,0,0,90.46153427253182
2023-10-01,DMA_133,43.199497762656385,0,0,91.8674935744909
2023-10-01,DMA_134,37.97299648203192,0,0,95.26178963005253
2023-10-01,DMA_135,52.46863817751594,0,0,95.10110429064225
2023-10-01,DMA_136,46.72884896620349,0,0,97.15763884126297
2023-10-01,DMA_137,50.48730862272788,0,0,97.9360086792102
2023-10-01,DMA_138,48.21965785718906,0,0,95.09401795566035
2023-10-01,DMA_139,39.23639144698777,0,0,97.37912417423064
2023-10-01,DMA_140,47.98718256219273,0,0,95.14131524427212
2023-10-01,DMA_141,48.71006754771983,0,0,98.38552518234336
2023-10-01,DMA_142,49.30268419472807,0,0,89.15114300474315
2023-10-01,DMA_143,46.480356334870855,0,0,92.28343486112931
2023-10-01,DMA_144,48.597589643244035,0,0,96.05160443731802
2023-10-01,DMA_145,47.82332040232493,0,0,96.04583901864873
2023-10-01,DMA_146,40.15251736909375,0,0,94.96878576085291
2023-10-01,DMA_147,47.24543909532514,0,0,91.97732121069969
2023-10-01,DMA_148,50.92757074712694,0,0,97.68111503088873
2023-10-01,DMA_149,52.298044738754214,0,0,97.56757422755119
2023-10-01,DMA_150,37.47743744570705,0,0,93.31636385847771
2023-10-08,DMA_001,61.60918160877398,0,1,94.5601679779705
2023-10-08,DMA_002,55.90189796161292,0,0,93.59071018777286
2023-10-08,DMA_003,54.82599000918552,0,0,96.46970560917715
2023-10-08,DMA_004,64.70502638603497,0,0,96.06191981513003
2023-10-08,DMA_005,52.76322585148117,0,0,95.03419926264672
2023-10-08,DMA_006,56.38515366121589,0,0,97.36860556415407
2023-10-08,DMA_007,47.84068858223377,0,1,91.42137937709644
2023-10-08,DMA_008,51.967645035146376,0,0,93.51121872644786
2023-10-08,DMA_009,47.83123765642246,0,0,91.71399107377424
2023-10-08,DMA_010,64.8715639704119,0,0,96.00472131974693
2023-10-08,DMA_011,47.99975423255084,0,0,94.12429903585479
2023-10-08,DMA_012,54.87369866369574,0,0,93.54134802419551
2023-10-08,DMA_013,58.93668183359385,0,0,91.83246246316352
2023-10-08,DMA_014,56.20006602388947,0,0,94.54687395905955
2023-10-08,DMA_015,54.20150053716042,0,0,95.94379886494029
2023-10-08,DMA_016,70.25869244937482,0,0,96.06466293362989
2023-10-08,DMA_017,60.28735382739691,0,0,95.52730042906626
2023-10-08,DMA_018,58.6211616308248,0,0,96.72224869579023
2023-10-08,DMA_019,53.86572002830304,0,0,95.59585926202982
2023-10-08,DMA_020,57.610739525144176,0,0,92.6449865594354
2023-10-08,DMA_021,59.40735069334275,0,0,89.78583666727876
2023-10-08,DMA_022,57.70368805906369,0,0,91.23564981741177
2023-10-08,DMA_023,57.80507617225818,0,0,93.1017888472489
2023-10-08,DMA_024,56.36447822897225,0,1,95.03239200837984
2023-10-08,DMA_025,52.74856241607697,0,0,92.47972221605421
2023-10-08,DMA_026,56.26323869376094,0,0,93.0079432916263
2023-10-08,DMA_027,56.556933079997066,0,0,94.71577131410295
2023-10-08,DMA_028,45.57559842663012,0,1,97.20047132892935
2023-10-08,DMA_029,61.85042414891948,0,0,94.05018328026365
2023-10-08,DMA_030,48.0602309923859,0,0,99.69991423110272
2023-10-08,DMA_031,43.84599937482659,0,0,92.03549957324898
2023-10-08,DMA_032,60.125139026011254,0,0,93.15949436685858
2023-10-08,DMA_033,47.507908249511914,0,0,96.34910043710688
2023-10-08,DMA_034,52.25665276478908,0,0,91.64233538786902
2023-10-08,DMA_035,47.922567017904846,0,0,95.95348044712091
2023-10-08,DMA_036,64.3873343163655,0,0,93.19769244309046
2023-10-08,DMA_037,56.42415405042959,0,0,97.71024474827566
2023-10-08,DMA_038,48.84026700877848,0,0,96.5564984702064
2023-10-08,DMA_039,63.05916260706567,0,0,96.41188246763463
2023-10-08,DMA_040,57.39928782340251,0,1,92.23812903769957
2023-10-08,DMA_041,50.218121600140904,0,0,94.05404321341472
2023-10-08,DMA_042,55.12875632925626,0,0,97.55707515450422
2023-10-08,DMA_043,48.83636092763955,0,0,95.45025647619259
2023-10-08,DMA_044,52.87712302065949,0,0,96.14716162319054
2023-10-08,DMA_045,46.678404580197395,0,0,99.53876099470722
2023-10-08,DMA_046,51.523244120626735,0,0,91.89155868316548
2023-10-08,DMA_047,46.921626541034996,0,0,99.7466383856962
2023-10-08,DMA_048,51.74922779411962,0,1,94.11646588447508
2023-10-08,DMA_049,37.99282836245035,0,0,94.229337767318
2023-10-08,DMA_050,53.27700001349701,0,0,93.41083023650201
2023-10-08,DMA_051,42.730471827932796,0,0,97.80940373715329
2023-10-08,DMA_052,61.635663958793685,0,0,95.67844661490257
2023-10-08,DMA_053,53.67084044508684,0,1,96.79681725585918
2023-10-08,DMA_054,53.734512694642554,0,0,96.464179084244
2023-10-08,DMA_055,53.31605663174888,0,0,97.1905842680965
2023-10-08,DMA_056,50.885870052489075,0,0,95.63717265565086
2023-10-08,DMA_057,51.84477823646942,0,0,94.17534714501338
2023-10-08,DMA_058,64.21586924976856,0,1,95.24425286862673
2023-10-08,DMA_059,56.17489328780891,0,0,94.19832252511421
2023-10-08,DMA_060,55.028780765607095,0,0,95.8389620347625
2023-10-08,DMA_061,48.9175270326084,0,0,96.58124868303388
2023-10-08,DMA_062,50.040551875304466,0,0,97.2719399621927
2023-10-08,DMA_063,51.73815527540125,0,0,95.09434865212665
2023-10-08,DMA_064,43.32590473134295,0,0,93.86523022227453
2023-10-08,DMA_065,59.21779541179373,0,1,95.61782188741992
2023-10-08,DMA_066,64.51922156972421,0,0,92.98653936032845
2023-10-08,DMA_067,60.1670199821434,0,0,95.33076284100154
2023-10-08,DMA_068,58.972316165494384,0,1,94.33026678887893
2023-10-08,DMA_069,56.189558189106876,0,0,98.26534999206164
2023-10-08,DMA_070,62.59336457624753,0,0,93.24821058476907
2023-10-08,DMA_071,63.49636830008862,0,1,96.25616601207908
2023-10-08,DMA_072,48.96805088593236,0,1,94.91856377875135
2023-10-08,DMA_073,53.76448599309205,0,0,94.7965034484945
2023-10-08,DMA_074,56.8759228427589,0,0,97.017342336107
2023-10-08,DMA_075,67.98545871540946,0,0,92.82667701527336
2023-10-08,DMA_076,53.52168595597345,0,0,97.18233759658179
2023-10-08,DMA_077,48.37442692248931,0,0,92.50441054864935
2023-10-08,DMA_078,63.06539882977716,0,0,94.85073435057821
2023-10-08,DMA_079,58.12103601798274,0,0,93.71067965188108
2023-10-08,DMA_080,60.57435026962233,0,0,91.22387988061703
2023-10-08,DMA_081,52.448062149830385,0,1,96.21805760044272
2023-10-08,DMA_082,45.09642926283548,0,0,96.33978690944006
2023-10-08,DMA_083,36.926058570103365,0,0,93.1158369646792
2023-10-08,DMA_084,62.847537194479756,0,0,95.5235609827849
2023-10-08,DMA_085,59.426012952514924,0,0,95.16495022391994
2023-10-08,DMA_086,52.12406134481756,0,0,99.58885134766977
2023-10-08,DMA_087,47.469883877644946,0,0,90.62436115169812
2023-10-08,DMA_088,64.87614853679071,0,0,92.83343154358721
2023-10-08,DMA_089,58.991060650367,0,0,91.7792436573167
2023-10-08,DMA_090,66.00549494182212,0,0,91.50617549191826
2023-10-08,DMA_091,56.70063148378691,0,1,95.25340820693748
2023-10-08,DMA_092,52.21519377509708,0,0,97.44886431232227
2023-10-08,DMA_093,53.50282325341724,0,0,97.75201408284533
2023-10-08,DMA_094,64.84978833316097,0,0,96.57763364066993
2023-10-08,DMA_095,61.68155409019738,0,0,96.52821329322617
2023-10-08,DMA_096,50.962452041262594,0,0,96.81412890220888
2023-10-08,DMA_097,51.55537566101827,0,0,96.62102280731006
2023-10-08,DMA_098,62.92213084685743,0,0,94.33621626749633
2023-10-08,DMA_099,49.98256888960747,0,0,95.05994867699309
2023-10-08,DMA_100,52.113138417442634,0,1,92.1292192445136
2023-10-08,DMA_101,61.14599728455752,0,1,94.63967195828377
2023-10-08,DMA_102,58.333001172218594,0,1,94.26969573673246
2023-10-08,DMA_103,58.75517758062096,0,0,96.754538279773
2023-10-08,DMA_104,64.41384407836935,0,0,92.49884903021022
2023-10-08,DMA_105,49.10363335607239,0,0,93.72175188823851
2023-10-08,DMA_106,61.02215592939605,0,0,96.29817435251513
2023-10-08,DMA_107,52.24921905061065,0,1,94.723258570421
2023-10-08,DMA_108,56.93963622457206,0,0,96.95475915901324
2023-10-08,DMA_109,53.403262675610165,0,0,94.3430798509367
2023-10-08,DMA_110,53.45998035641109,0,0,95.02818989117748
2023-10-08,DMA_111,51.2225717977952,0,0,96.30363725819885
2023-10-08,DMA_112,49.92768463907513,0,0,96.57049498678738
2023-10-08,DMA_113,65.88198389284042,0,0,94.52785463528879
2023-10-08,DMA_114,53.35584599191339,0,0,94.83763233604361
2023-10-08,DMA_115,51.82179517198804,0,0,94.21070991633245
2023-10-08,DMA_116,53.4215389896936,0,0,94.48965151229383
2023-10-08,DMA_117,59.82181671595028,0,0,94.00925654315445
2023-10-08,DMA_118,49.21881630905633,0,0,94.93794864545227
2023-10-08,DMA_119,53.08042073907573,0,0,96.2285809619867
2023-10-08,DMA_120,58.51566725302349,0,0,93.92688211149024
2023-10-08,DMA_121,63.10285939521219,0,0,92.7983986574051
2023-10-08,DMA_122,52.27167940782378,0,0,94.21525640512553
2023-10-08,DMA_123,48.95849197862215,0,0,93.1948206833016
2023-10-08,DMA_124,56.82424066533821,0,0,91.85272387587139
2023-10-08,DMA_125,60.245817541507094,0,0,92.57888784415695
2023-10-08,DMA_126,59.58645715335456,0,0,95.2200091322781
2023-10-08,DMA_127,55.41895330263259,0,0,96.7003313598886
2023-10-08,DMA_128,60.43442081052877,0,0,93.52196483974711
2023-10-08,DMA_129,48.44435394544922,0,0,94.51125417998661
2023-10-08,DMA_130,52.032696694410156,0,0,96.32640598319871
2023-10-08,DMA_131,42.12530521984725,0,0,90.7757099669358
2023-10-08,DMA_132,52.64887830658718,0,0,93.04538873276073
2023-10-08,DMA_133,55.71287395144554,0,0,95.72761224229912
2023-10-08,DMA_134,40.48697770212134,0,0,99.07867763127058
2023-10-08,DMA_135,45.05312517476835,0,0,92.43401664701352
2023-10-08,DMA_136,48.09898172359278,0,0,92.42476043104527
2023-10-08,DMA_137,37.11294327735586,0,0,95.41509380459469
2023-10-08,DMA_138,51.406135996674635,0,1,92.05864043087287
2023-10-08,DMA_139,50.799395425478146,0,0,93.10428297930973
2023-10-08,DMA_140,56.47755279010441,0,0,94.72294920149712
2023-10-08,DMA_141,59.07533097905812,0,0,96.58588031014578
2023-10-08,DMA_142,53.77668723837207,0,1,94.69229013923626
2023-10-08,DMA_143,54.94355586773502,0,0,96.38671156107576
2023-10-08,DMA_144,55.80457819970746,0,0,94.63117480332095
2023-10-08,DMA_145,52.45443777473301,0,0,88.88959730877298
2023-10-08,DMA_146,49.783066061197594,0,1,93.520072083026
2023-10-08,DMA_147,55.89676717740063,0,0,96.57207293176208
2023-10-08,DMA_148,53.824544975417176,0,0,93.92828724767837
2023-10-08,DMA_149,60.307967810689334,0,0,94.38607948938717
2023-10-08,DMA_150,56.45171577543446,0,0,93.59850629303878
2023-10-15,DMA_001,58.29778436007471,0,0,95.53316513149679
2023-10-15,DMA_002,51.116829769547806,0,1,93.95643833140964
2023-10-15,DMA_003,55.35114758659728,0,0,96.22086620726499
2023-10-15,DMA_004,54.76857835486221,0,0,94.5679489812314
2023-10-15,DMA_005,53.98063676134382,0,0,92.79268571214054
2023-10-15,DMA_006,61.825890881207954,0,0,96.81433397930704
2023-10-15,DMA_007,59.48126375180392,0,0,92.63817699660683
2023-10-15,DMA_008,54.69704258393194,0,0,93.99464678132561
2023-10-15,DMA_009,57.5753078864537,0,1,98.91180887357729
2023-10-15,DMA_010,52.71381420308299,0,0,93.23138585766509
2023-10-15,DMA_011,61.40979321251522,0,0,94.41602921987506
2023-10-15,DMA_012,65.94197717343418,0,0,97.12681617790751
2023-10-15,DMA_013,53.91055632374945,0,0,94.10266785704484
2023-10-15,DMA_014,58.009140899248266,0,0,93.69088239822108
2023-10-15,DMA_015,52.66934982534718,0,0,98.46980191841698
2023-10-15,DMA_016,54.89860772763176,0,1,96.94522172313869
2023-10-15,DMA_017,61.48898508118723,0,0,96.15705545541383
2023-10-15,DMA_018,67.17250541620996,0,0,94.83270902679902
2023-10-15,DMA_019,52.97483040927846,0,0,94.36578510538394
2023-10-15,DMA_020,62.173258787376874,0,0,95.18101535169718
2023-10-15,DMA_021,51.47372916056186,0,0,95.65558522703033
2023-10-15,DMA_022,59.89253924402954,0,0,95.72710747473907
2023-10-15,DMA_023,53.45300619147069,0,1,95.60626965321761
2023-10-15,DMA_024,48.29632366499331,0,0,94.85301574142188
2023-10-15,DMA_025,54.47890551950083,0,0,94.87705180161504
2023-10-15,DMA_026,49.86203615884218,0,0,96.72198850738654
2023-10-15,DMA_027,62.89476647233199,0,0,96.34483494253955
2023-10-15,DMA_028,56.20096069760076,0,0,96.97547421441443
2023-10-15,DMA_029,62.14002712111911,0,0,93.68428815286426
2023-10-15,DMA_030,57.332411638182705,0,0,92.93205675198743
2023-10-15,DMA_031,62.375841372029086,0,0,95.70792660840179
2023-10-15,DMA_032,54.11462019623023,0,0,97.27610917041426
2023-10-15,DMA_033,56.789184953221955,0,0,92.0519594610994
2023-10-15,DMA_034,75.43308088813995,0,0,96.06720243211521
2023-10-15,DMA_035,59.301772106266014,0,0,96.07940782345752
2023-10-15,DMA_036,54.95816458064978,0,0,96.00652270883302
2023-10-15,DMA_037,50.07439455193743,0,1,95.94517034711028
2023-10-15,DMA_038,54.856936099235426,0,0,94.22350675568713
2023-10-15,DMA_039,59.641419032473905,0,0,95.59108910068053
2023-10-15,DMA_040,59.99146047694548,0,0,92.72040081937314
2023-10-15,DMA_041,58.14027806692479,0,0,94.23180468448632
2023-10-15,DMA_042,65.12814892621381,0,1,95.3467611881696
2023-10-15,DMA_043,59.40924220746835,0,0,94.15702311201811
2023-10-15,DMA_044,56.150003710842896,0,0,96.82585317254049
2023-10-15,DMA_045,64.08136503076265,0,0,93.9045081131776
2023-10-15,DMA_046,54.42033980802385,0,0,92.34079604427191
2023-10-15,DMA_047,64.7932422605107,0,0,97.25664172173
2023-10-15,DMA_048,62.937750021832464,0,0,95.54748477137957
2023-10-15,DMA_049,62.03522507280573,0,0,95.61939553663574
2023-10-15,DMA_050,55.23585428964061,0,0,91.88925436275883
2023-10-15,DMA_051,56.288565292672,0,0,93.6522228229557
2023-10-15,DMA_052,54.00949631862638,0,1,93.38329070775558
2023-10-15,DMA_053,54.30362561206907,0,0,89.1105217364145
2023-10-15,DMA_054,65.04727500174182,0,1,94.09181620746523
2023-10-15,DMA_055,62.39248874563578,0,0,95.0466348561328
2023-10-15,DMA_056,66.66533165822128,0,0,95.1106972984594
2023-10-15,DMA_057,60.80525456257972,0,0,92.82656578458517
2023-10-15,DMA_058,55.98904805781162,0,0,96.99299379193782
2023-10-15,DMA_059,60.4405519173366,0,0,94.99691735082892
2023-10-15,DMA_060,56.362862037982005,0,0,98.3541870209399
2023-10-15,DMA_061,59.70062693905201,0,0,95.35518361820309
2023-10-15,DMA_062,60.89290151477192,0,0,93.59807526085336
2023-10-15,DMA_063,55.4630774410963,0,0,97.01795433339834
2023-10-15,DMA_064,59.27911528382575,0,0,95.63150297837058
2023-10-15,DMA_065,55.3593736993094,0,1,92.09145572061755
2023-10-15,DMA_066,64.25317973114534,0,1,93.88461497413579
2023-10-15,DMA_067,56.809691557605085,0,0,98.55031085923719
2023-10-15,DMA_068,58.87638123001948,0,0,92.7503467060131
2023-10-15,DMA_069,59.4432866421014,0,0,94.84245087195572
2023-10-15,DMA_070,45.65980063690884,0,0,94.11996907505029
2023-10-15,DMA_071,61.98084868553552,0,0,94.82019554064249
2023-10-15,DMA_072,58.965717984371224,0,0,89.49344859764008
2023-10-15,DMA_073,59.245049792241566,0,0,96.8441808205142
2023-10-15,DMA_074,63.27767252246916,0,0,95.34300890812544
2023-10-15,DMA_075,52.93913473884846,0,0,93.39869319561485
2023-10-15,DMA_076,61.47980762499045,0,0,96.17127822833183
2023-10-15,DMA_077,56.47840463568663,0,0,91.51746767713928
2023-10-15,DMA_078,65.0749137043081,0,0,93.780184146996
2023-10-15,DMA_079,48.58007159443544,0,0,95.99410492680992
2023-10-15,DMA_080,58.15148534905474,0,0,94.23324975481843
2023-10-15,DMA_081,68.96815570499449,0,0,94.46270033433278
2023-10-15,DMA_082,61.74522556416035,0,1,93.45092092540239
2023-10-15,DMA_083,60.992870349123,0,0,95.6550069847184
2023-10-15,DMA_084,68.89939260717998,0,0,96.34712855960518
2023-10-15,DMA_085,53.76046201969832,0,0,89.36876994394719
2023-10-15,DMA_086,51.35803827063517,0,0,94.39624058450879
2023-10-15,DMA_087,60.22244943558269,0,0,93.41132529469084
2023-10-15,DMA_088,53.29308660953626,0,0,90.2502066296636
2023-10-15,DMA_089,52.24195101431177,0,0,99.14662472273588
2023-10-15,DMA_090,67.21076311895604,0,0,94.81887318809369
2023-10-15,DMA_091,53.929268815468134,0,0,94.99320268684811
2023-10-15,DMA_092,56.35778802394897,0,0,90.64166744397228
2023-10-15,DMA_093,54.51219944627171,0,0,95.5979056966461
2023-10-15,DMA_094,52.64259410053898,0,0,93.55610655740742
2023-10-15,DMA_095,54.55017206982672,0,1,98.66502990541237
2023-10-15,DMA_096,52.09657188490004,0,0,94.29499733408971
2023-10-15,DMA_097,62.30397335729363,0,0,95.92311168536153
2023-10-15,DMA_098,68.80306905032904,0,0,93.78111473816155
2023-10-15,DMA_099,51.81599419138535,0,0,92.78767637685519
2023-10-15,DMA_100,51.630340643434906,0,0,95.34662354969774
2023-10-15,DMA_101,57.05732323575947,0,0,95.28112505299158
2023-10-15,DMA_102,61.988940307348585,0,1,91.91309342040095
2023-10-15,DMA_103,55.65949914353496,0,0,98.41132918416059
2023-10-15,DMA_104,55.47403460658784,0,0,95.08434963250221
2023-10-15,DMA_105,69.53952909055619,0,0,98.92542862639816
2023-10-15,DMA_106,55.170188456926475,0,1,97.09391445008941
2023-10-15,DMA_107,55.898380360332276,0,0,97.20102826917199
2023-10-15,DMA_108,54.92384891519809,0,0,95.07114193555077
2023-10-15,DMA_109,51.22812531086559,0,0,92.53576042260826
2023-10-15,DMA_110,58.72654347703514,0,0,94.19981350930564
2023-10-15,DMA_111,62.60413206518213,0,0,93.12334043361474
2023-10-15,DMA_112,66.5017619888765,0,0,97.11791428999234
2023-10-15,DMA_113,64.72153031158847,0,0,95.37981599514481
2023-10-15,DMA_114,63.632791665955295,0,0,95.00755767372942
2023-10-15,DMA_115,68.06822249866637,0,0,92.5005488952818
2023-10-15,DMA_116,62.11867737371309,0,0,94.10828350989706
2023-10-15,DMA_117,65.81728900284055,0,0,94.75829669698929
2023-10-15,DMA_118,61.16733399134225,0,1,96.15190730664644
2023-10-15,DMA_119,62.2426083378115,0,0,95.43997573078792
2023-10-15,DMA_120,58.12556998786234,0,0,92.52945406488591
2023-10-15,DMA_121,56.77205745446392,0,1,95.24013243190957
2023-10-15,DMA_122,56.753506828916805,0,0,98.27000545356015
2023-10-15,DMA_123,62.5674744860898,0,0,97.22301063324383
2023-10-15,DMA_124,59.11095628900175,0,0,97.52877523324698
2023-10-15,DMA_125,50.35442282036119,0,0,95.41051728603615
2023-10-15,DMA_126,62.07221026282234,0,0,94.5022800094063
2023-10-15,DMA_127,61.739447090858526,0,0,99.4699135075397
2023-10-15,DMA_128,56.733521612387875,0,0,93.37088333888332
2023-10-15,DMA_129,64.98721822830814,0,0,94.96321076970321
2023-10-15,DMA_130,53.98993358542829,0,0,98.75669622545797
2023-10-15,DMA_131,50.98791666474083,0,0,96.08258410846128
2023-10-15,DMA_132,51.62369189103261,0,0,96.22014295019989
2023-10-15,DMA_133,61.21055301233621,0,0,96.43464003504148
2023-10-15,DMA_134,50.98706149651607,0,1,95.24519576020336
2023-10-15,DMA_135,61.542504041654354,0,0,96.20071251421648
2023-10-15,DMA_136,61.044561402904364,0,0,97.25113626568267
2023-10-15,DMA_137,53.69316899269103,0,0,94.05281176739517
2023-10-15,DMA_138,54.35572905931549,0,0,93.48881933324711
2023-10-15,DMA_139,55.49372377478812,0,0,88.36230483468556
2023-10-15,DMA_140,65.49561472758995,0,0,98.09192841972244
2023-10-15,DMA_141,47.12078673899242,0,0,93.70637526902144
2023-10-15,DMA_142,56.6316756026872,0,0,94.21545439465444
2023-10-15,DMA_143,59.32214299353594,0,0,91.18574501649658
2023-10-15,DMA_144,47.42655299490674,0,0,97.7163783597743
2023-10-15,DMA_145,57.64792691834733,0,0,97.67042477454538
2023-10-15,DMA_146,66.01326463315198,0,1,95.9145506433894
2023-10-15,DMA_147,60.34732685262953,0,0,97.96418284112818
2023-10-15,DMA_148,51.42752738090792,0,0,94.0153768532659
2023-10-15,DMA_149,56.75946979689429,0,0,95.89548176772905
2023-10-15,DMA_150,56.06162866526251,0,0,92.92386845393035
2023-10-22,DMA_001,59.988936615619245,0,0,93.40019056777562
2023-10-22,DMA_002,55.71346965151814,0,0,93.39001796740563
2023-10-22,DMA_003,63.21399197428147,0,0,95.47396252208358
2023-10-22,DMA_004,70.81112377981442,0,1,96.23028806909667
2023-10-22,DMA_005,71.87560169941943,0,1,94.24246811602562
2023-10-22,DMA_006,54.02759483823927,0,0,94.73608115657738
2023-10-22,DMA_007,74.81145578572298,0,1,94.10510718270378
2023-10-22,DMA_008,52.99743866913785,0,0,98.67700840115327
2023-10-22,DMA_009,62.90340960036262,0,0,95.8525262605079
2023-10-22,DMA_010,54.800231034744534,0,1,93.12914852897947
2023-10-22,DMA_011,66.1790829081302,0,0,93.70001273354367
2023-10-22,DMA_012,56.8740371580302,0,1,95.97156366696368
2023-10-22,DMA_013,67.44469630150384,0,0,97.421311546384
2023-10-22,DMA_014,53.53421956142735,0,0,98.12996030859196
2023-10-22,DMA_015,62.76629921698526,0,0,94.5785874096416
2023-10-22,DMA_016,74.54402001907401,0,0,95.23352181991358
2023-10-22,DMA_017,57.35507280460168,0,1,94.04792251777472
2023-10-22,DMA_018,53.92469633915128,0,0,92.34615338903468
2023-10-22,DMA_019,58.02194403381937,0,0,94.92191863533795
2023-10-22,DMA_020,63.49019560169772,0,0,95.07181971953223
2023-10-22,DMA_021,79.68443510126986,0,1,94.79161779358144
2023-10-22,DMA_022,64.66747825436475,0,0,95.20940901678071
2023-10-22,DMA_023,58.64634093391438,0,1,99.36270620286368
2023-10-22,DMA_024,55.67624122921782,0,0,94.80617731768095
2023-10-22,DMA_025,66.19405113779838,0,0,93.03997268804217
2023-10-22,DMA_026,53.889598424178395,0,0,94.3760810190105
2023-10-22,DMA_027,56.081633729462446,0,0,92.51218924720985
2023-10-22,DMA_028,64.45346212550282,0,0,96.60080893391417
2023-10-22,DMA_029,64.14556783544711,0,0,98.8961694258186
2023-10-22,DMA_030,58.930025923498846,0,0,95.27673340793089
2023-10-22,DMA_031,63.625045065130756,0,1,92.65296612414365
2023-10-22,DMA_032,55.803208460000704,0,0,97.65785994895047
2023-10-22,DMA_033,63.13833537120461,0,0,96.24982798136537
2023-10-22,DMA_034,53.30334535106286,0,1,90.39488740640992
2023-10-22,DMA_035,60.153402580344505,0,0,96.64752005487036
2023-10-22,DMA_036,52.9201728632127,0,0,96.90003732702078
2023-10-22,DMA_037,59.60417347548128,0,0,95.22985942618732
2023-10-22,DMA_038,59.79057417350072,0,0,94.65715674421782
2023-10-22,DMA_039,54.266225186513005,0,1,96.67869642143232
2023-10-22,DMA_040,69.79750378889091,0,0,94.75753000091909
2023-10-22,DMA_041,61.933475033228845,0,0,97.200804258097
2023-10-22,DMA_042,65.45446376367558,0,1,96.78113778009777
2023-10-22,DMA_043,60.958961332223346,0,0,94.62778666178612
2023-10-22,DMA_044,75.03069561951779,0,0,92.7387584198182
2023-10-22,DMA_045,60.19182565104422,0,1,93.82245342687634
2023-10-22,DMA_046,63.657670747024504,0,0,92.59286969355351
2023-10-22,DMA_047,66.15687534265636,0,0,92.4125042494237
2023-10-22,DMA_048,48.49951314274834,0,0,97.85320525373261
2023-10-22,DMA_049,62.5052332148482,0,1,96.47218534978408
2023-10-22,DMA_050,57.91930510424515,0,0,93.97844245832711
2023-10-22,DMA_051,56.96433039541953,0,1,94.4916706745922
2023-10-22,DMA_052,75.49140040391498,0,0,95.9350364826582
2023-10-22,DMA_053,60.76284064750662,0,0,98.28379857142572
2023-10-22,DMA_054,56.826581524328354,0,0,97.3686676702995
2023-10-22,DMA_055,66.79170906742036,0,0,96.33518124242367
2023-10-22,DMA_056,68.34722299767661,0,0,95.81166395467773
2023-10-22,DMA_057,62.60745844165216,0,0,93.56967654184946
2023-10-22,DMA_058,52.57009739717743,0,0,93.34552917151473
2023-10-22,DMA_059,63.14846755786532,0,0,98.52857292163428
2023-10-22,DMA_060,65.49741535667259,0,0,96.29680985194786
2023-10-22,DMA_061,59.76503787265012,0,0,92.70733263271254
2023-10-22,DMA_062,56.28757762840604,0,0,95.72142339060841
2023-10-22,DMA_063,60.8477285874488,0,0,97.35669994851857
2023-10-22,DMA_064,67.06018703866226,0,0,93.2604936191934
2023-10-22,DMA_065,67.89342212766906,0,1,98.23855448915465
2023-10-22,DMA_066,67.82352027809875,0,0,95.81340953009231
2023-10-22,DMA_067,66.8208487545051,0,0,94.11972428773616
2023-10-22,DMA_068,59.01340854853095,0,0,95.67839831959297
2023-10-22,DMA_069,63.03049239312692,0,1,98.5201769778039
2023-10-22,DMA_070,60.51736977403143,0,0,98.09996584700221
2023-10-22,DMA_071,68.69169878925639,0,0,93.4799566744215
2023-10-22,DMA_072,61.090204338315864,0,0,94.91060195680949
2023-10-22,DMA_073,66.56667768846452,0,0,93.61593225542371
2023-10-22,DMA_074,59.20682156907747,0,0,92.98731035448627
2023-10-22,DMA_075,64.06484248056337,0,0,95.29524072187789
2023-10-22,DMA_076,70.119877753773,0,0,96.95431538874524
2023-10-22,DMA_077,66.90142515228146,0,0,96.4977917562912
2023-10-22,DMA_078,55.93000105934881,0,0,93.31085836406243
2023-10-22,DMA_079,57.28715403016471,0,0,98.88063239637192
2023-10-22,DMA_080,54.54227162902052,0,0,92.2713984726103
2023-10-22,DMA_081,67.45612722469293,0,0,94.84750500097985
2023-10-22,DMA_082,52.46541506335652,0,1,92.29553184308563
2023-10-22,DMA_083,65.51391949640133,0,0,98.70333356179997
2023-10-22,DMA_084,63.34529374407404,0,0,94.70573411633585
2023-10-22,DMA_085,56.79525938993744,0,0,91.33580600736175
2023-10-22,DMA_086,60.87667496038234,0,1,96.46263261516769
2023-10-22,DMA_087,63.046077708572874,0,0,96.95372246637278
2023-10-22,DMA_088,60.01201885984366,0,0,94.06073199750718
2023-10-22,DMA_089,70.93701551379807,0,0,93.38415611227018
2023-10-22,DMA_090,57.55572773121096,0,0,94.35512942558424
2023-10-22,DMA_091,58.17052060079435,0,1,95.33044633836047
2023-10-22,DMA_092,58.03553320142896,0,1,96.02230425204785
2023-10-22,DMA_093,58.15711339963169,0,1,93.50232794948923
2023-10-22,DMA_094,60.62097471193292,0,0,95.72485211183505
2023-10-22,DMA_095,60.050936858051884,0,0,93.38372133622124
2023-10-22,DMA_096,58.25270358392084,0,1,95.04518927668762
2023-10-22,DMA_097,59.20439872514305,0,0,96.6148894648594
2023-10-22,DMA_098,65.7893136706907,0,0,95.07094591948679
2023-10-22,DMA_099,62.262033366248765,0,0,94.97075450867497
2023-10-22,DMA_100,56.469694938452655,0,0,96.89246111220996
2023-10-22,DMA_101,64.86532933194917,0,0,93.93491113573431
2023-10-22,DMA_102,55.298246942432385,0,0,96.71536515213823
2023-10-22,DMA_103,60.60443866617746,0,0,97.0023043825569
2023-10-22,DMA_104,55.916213250700956,0,0,95.28907364938938
2023-10-22,DMA_105,66.94437527821336,0,1,95.55382584284894
2023-10-22,DMA_106,56.87209522259244,0,0,95.72586892216836
2023-10-22,DMA_107,66.20921649743268,0,1,95.4493190519888
2023-10-22,DMA_108,62.86985635031065,0,0,96.09132724329447
2023-10-22,DMA_109,66.18489331357496,0,0,94.88472997145927
2023-10-22,DMA_110,65.47852334690876,0,0,97.93992058646649
2023-10-22,DMA_111,65.28995482429424,0,0,94.23942437511674
2023-10-22,DMA_112,56.99803328803976,0,0,97.13414013558784
2023-10-22,DMA_113,60.09112523265105,0,1,93.50913797712857
2023-10-22,DMA_114,63.358569333012674,0,0,92.05419989369904
2023-10-22,DMA_115,58.84298729992662,0,0,96.58417249604464
2023-10-22,DMA_116,59.107633838472196,0,1,95.08355367187487
2023-10-22,DMA_117,61.95617283214393,0,0,96.78127912227231
2023-10-22,DMA_118,54.42723709371922,0,0,97.27877912367647
2023-10-22,DMA_119,61.73927619772176,0,0,93.32881147787498
2023-10-22,DMA_120,50.76500170697129,0,0,95.24003486390767
2023-10-22,DMA_121,62.46671018707967,0,0,98.9673391086135
2023-10-22,DMA_122,53.719006877204016,0,0,95.87987372323931
2023-10-22,DMA_123,57.26452890875773,0,1,95.32365148440611
2023-10-22,DMA_124,58.88812177591441,0,1,94.34009930396832
2023-10-22,DMA_125,59.57573810393332,0,1,92.74242327635704
2023-10-22,DMA_126,74.22789377507604,0,1,92.4702839611541
2023-10-22,DMA_127,53.434418102068754,0,1,95.91432419718085
2023-10-22,DMA_128,48.13385449187051,0,0,91.57277134837939
2023-10-22,DMA_129,58.459474207926014,0,0,98.3783292984517
2023-10-22,DMA_130,62.06551515392614,0,0,101.21496024998467
2023-10-22,DMA_131,61.69266333560327,0,0,95.1549516821586
2023-10-22,DMA_132,54.01554607405788,0,0,93.12489972325871
2023-10-22,DMA_133,64.34662745758963,0,0,93.22203749518462
2023-10-22,DMA_134,56.86071418216479,0,0,94.77905531412846
2023-10-22,DMA_135,53.85301706999054,0,0,94.35855011200258
2023-10-22,DMA_136,55.04902245944687,0,0,96.61489883670285
2023-10-22,DMA_137,56.35691517296488,0,0,93.9957444354408
2023-10-22,DMA_138,62.11580871669183,0,0,94.49876609744926
2023-10-22,DMA_139,61.558604014752135,0,1,98.58005275394196
2023-10-22,DMA_140,54.268411115764366,0,0,96.4506092420105
2023-10-22,DMA_141,65.85966251796033,0,0,94.8113745420531
2023-10-22,DMA_142,62.736750603560736,0,0,99.10038846483069
2023-10-22,DMA_143,58.389255564869174,0,0,95.57998351581796
2023-10-22,DMA_144,69.80332233097026,0,1,96.2172937887651
2023-10-22,DMA_145,46.01615474328889,0,1,93.70763740613009
2023-10-22,DMA_146,60.98167389432568,0,0,96.18740634937765
2023-10-22,DMA_147,57.44326557589921,0,0,94.36314762185862
2023-10-22,DMA_148,56.30877106055108,0,0,97.45351174749216
2023-10-22,DMA_149,65.82167992380661,0,1,89.05572313942787
2023-10-22,DMA_150,57.91702370811387,0,0,94.03420687365286
2023-10-29,DMA_001,63.01248945427163,0,0,95.11397737258389
2023-10-29,DMA_002,66.87969980619462,0,1,94.86292774608707
2023-10-29,DMA_003,58.47530315263766,0,1,96.97499720833778
2023-10-29,DMA_004,61.542964446653784,0,0,95.18543918691893
2023-10-29,DMA_005,68.06507264027789,0,0,93.0590445727577
2023-10-29,DMA_006,81.53257991614512,0,0,94.0921604496988
2023-10-29,DMA_007,71.32729464292572,0,0,95.4957505704817
2023-10-29,DMA_008,65.51093069034654,0,0,90.47971585036798
2023-10-29,DMA_009,63.348672575599075,0,0,96.67363459664725
2023-10-29,DMA_010,64.96231309590013,0,0,95.38927487477636
2023-10-29,DMA_011,56.01872597935842,0,0,96.32302762639223
2023-10-29,DMA_012,61.35896806498157,0,0,97.81857344672
2023-10-29,DMA_013,65.81161044556055,0,0,97.0283047947807
2023-10-29,DMA_014,71.77471446451341,0,0,92.3113893869537
2023-10-29,DMA_015,58.85014653949993,0,0,91.20009031642064
2023-10-29,DMA_016,63.288897296344274,0,0,99.05503760248116
2023-10-29,DMA_017,64.15445926659076,0,0,90.5769306627471
2023-10-29,DMA_018,61.56855662314517,0,0,97.43992610813469
2023-10-29,DMA_019,56.26217868312047,0,0,91.92433526686551
2023-10-29,DMA_020,63.87728082397121,0,0,96.81211640527447
2023-10-29,DMA_021,67.39038017295677,0,0,97.94444022573794
2023-10-29,DMA_022,66.7530759714461,0,0,97.33638709322828
2023-10-29,DMA_023,60.76807609315737,0,0,96.62274822885666
2023-10-29,DMA_024,67.04058002383684,0,0,92.89377300235944
2023-10-29,DMA_025,62.19335904803216,0,0,97.75915043704626
2023-10-29,DMA_026,65.60230310623083,0,0,94.65187349637334
2023-10-29,DMA_027,66.91781328148143,0,0,92.85873373693218
2023-10-29,DMA_028,56.721605505006686,0,0,94.0783288203409
2023-10-29,DMA_029,70.99917150185198,0,0,95.238649659182
2023-10-29,DMA_030,61.43058935846068,0,0,92.33691505268528
2023-10-29,DMA_031,67.28746306009069,0,0,93.87720825019358
2023-10-29,DMA_032,70.70367760190544,0,0,95.37048229741455
2023-10-29,DMA_033,64.19455104315887,0,0,93.37238747676864
2023-10-29,DMA_034,58.15533451028305,0,0,96.48954179404653
2023-10-29,DMA_035,75.73901232921347,0,0,97.48235751153501
2023-10-29,DMA_036,57.422409987383006,0,1,94.74019475658515
2023-10-29,DMA_037,60.81900887086374,0,0,94.59477704027438
2023-10-29,DMA_038,54.040273822326384,0,0,97.56685347738424
2023-10-29,DMA_039,68.60459418408936,0,0,99.55467763802848
2023-10-29,DMA_040,63.568167704730854,0,0,94.49372881713307
2023-10-29,DMA_041,58.520330844478806,0,0,95.58665135719224
2023-10-29,DMA_042,67.16865493711443,0,0,97.31963848118201
2023-10-29,DMA_043,61.75257491995916,0,0,96.5955015411286
2023-10-29,DMA_044,49.46926283893654,0,0,93.07282925472558
2023-10-29,DMA_045,65.25639476255373,0,0,95.30193201482446
2023-10-29,DMA_046,70.15880469275153,0,0,95.97174428847623
2023-10-29,DMA_047,63.713074200710075,0,0,95.89922509263626
2023-10-29,DMA_048,53.593145103235344,0,0,97.48199745194451
2023-10-29,DMA_049,58.52115730044852,0,0,95.19007746478943
2023-10-29,DMA_050,67.53036515999842,0,0,98.27107392028407
2023-10-29,DMA_051,59.19120361358355,0,0,91.02214211440014
2023-10-29,DMA_052,65.11348574210109,0,1,97.23767231020305
2023-10-29,DMA_053,67.70784300118024,0,0,96.19087069352112
2023-10-29,DMA_054,67.9261791876304,0,0,97.40724465006235
2023-10-29,DMA_055,66.34851757117158,0,0,97.74857764317504
2023-10-29,DMA_056,65.12989861647239,0,1,98.32438600997959
2023-10-29,DMA_057,63.08175796312258,0,0,93.40759270847595
2023-10-29,DMA_058,52.838361886482865,0,0,97.56264193576843
2023-10-29,DMA_059,73.32765716741835,0,1,97.03707777322182
2023-10-29,DMA_060,58.28913734785364,0,0,96.56541216848024
2023-10-29,DMA_061,63.92172362920311,0,0,95.32667997982105
2023-10-29,DMA_062,62.30742915741151,0,0,92.07695395112586
2023-10-29,DMA_063,65.17992513509401,0,0,96.99799549569602
2023-10-29,DMA_064,65.78197151237283,0,0,96.6995274269754
2023-10-29,DMA_065,69.41002759588218,0,0,93.76939840510798
2023-10-29,DMA_066,64.63923459315231,0,0,95.61728236020724
2023-10-29,DMA_067,64.47883553325066,0,0,95.0385067255406
2023-10-29,DMA_068,74.95207269900341,0,1,96.2615250551821
2023-10-29,DMA_069,60.97221332059365,0,0,98.5776374812521
2023-10-29,DMA_070,64.93436392521836,0,1,94.37798565085038
2023-10-29,DMA_071,65.03706677359504,0,0,96.51192961677364
2023-10-29,DMA_072,68.41569102856315,0,0,96.40353151648839
2023-10-29,DMA_073,64.95892242781193,0,0,95.46456845396808
2023-10-29,DMA_074,66.78436500876198,0,0,93.17199392624292
2023-10-29,DMA_075,63.50038066546661,0,0,97.81349075792942
2023-10-29,DMA_076,60.86954299243219,0,1,95.65621374529907
2023-10-29,DMA_077,69.06372485995313,0,0,95.2111582226123
2023-10-29,DMA_078,71.55127588976964,0,1,95.1333266939171
2023-10-29,DMA_079,62.01199263217456,0,0,92.63794114156791
2023-10-29,DMA_080,70.52351231670876,0,0,94.68110927321119
2023-10-29,DMA_081,63.383501538483934,0,0,97.91230676347861
2023-10-29,DMA_082,66.35571826780924,0,0,94.81288406001099
2023-10-29,DMA_083,66.59255860880626,0,1,94.67437047397665
2023-10-29,DMA_084,66.44816204713375,0,0,96.06914531685352
2023-10-29,DMA_085,62.23420912658887,0,0,97.72491664782584
2023-10-29,DMA_086,68.84290496129827,0,0,96.78015639526718
2023-10-29,DMA_087,65.24382355416212,0,0,97.56110521000171
2023-10-29,DMA_088,70.14372847133639,0,0,97.70880093111745
2023-10-29,DMA_089,67.24157972559476,0,0,93.1683491904315
2023-10-29,DMA_090,56.858389501042744,0,0,95.64516622828064
2023-10-29,DMA_091,69.65417772057796,0,0,94.27883763907086
2023-10-29,DMA_092,60.67363439899289,0,0,95.21423302136536
2023-10-29,DMA_093,66.08083719976972,0,0,94.46413899878952
2023-10-29,DMA_094,61.65547451689087,0,0,91.33449752245001
2023-10-29,DMA_095,62.98774667212546,0,0,92.85079549757126
2023-10-29,DMA_096,65.03548465221955,0,0,95.17831911598535
2023-10-29,DMA_097,70.60858449907728,0,0,92.85956474615035
2023-10-29,DMA_098,72.05201212996415,0,0,92.72122243942049
2023-10-29,DMA_099,70.54888629044159,0,0,96.72580227240178
2023-10-29,DMA_100,60.11536330419689,0,0,95.44475657134332
2023-10-29,DMA_101,55.34960351207227,0,0,96.76093932260568
2023-10-29,DMA_102,60.675590658568574,0,0,97.87522304095756
2023-10-29,DMA_103,67.40524104367208,0,1,97.83766861145162
2023-10-29,DMA_104,51.43333823947762,0,0,93.00207778965776
2023-10-29,DMA_105,67.97864844276,0,0,96.9124316388583
2023-10-29,DMA_106,61.19113253650647,0,0,93.53950671127733
2023-10-29,DMA_107,67.91591219583556,0,1,92.3496036566011
2023-10-29,DMA_108,58.29150244750095,0,0,93.30749789332128
2023-10-29,DMA_109,62.620937908554325,0,0,90.61371900969417
2023-10-29,DMA_110,59.311942766190754,0,0,96.1411598641879
2023-10-29,DMA_111,60.506746834673734,0,0,96.90049677414065
2023-10-29,DMA_112,55.49651659180702,0,0,94.96779755312922
2023-10-29,DMA_113,61.565567146481555,0,0,97.8951791817227
2023-10-29,DMA_114,67.09499566684042,0,0,95.68220084338483
2023-10-29,DMA_115,64.51750403913502,0,0,93.78268125893788
2023-10-29,DMA_116,55.13244504354685,0,0,90.66149442429058
2023-10-29,DMA_117,65.01473580397648,0,0,98.42963472769264
2023-10-29,DMA_118,72.12785210249251,0,1,92.47347492066525
2023-10-29,DMA_119,67.11304617427786,0,0,95.70577188960802
2023-10-29,DMA_120,60.48680704469089,0,0,95.95682512726978
2023-10-29,DMA_121,62.040946963041776,0,0,92.40428466005238
2023-10-29,DMA_122,59.01162974836924,0,0,95.57620248249886
2023-10-29,DMA_123,63.20485010706651,0,0,97.84647341612063
2023-10-29,DMA_124,71.43684856591938,0,0,95.33568490386435
2023-10-29,DMA_125,59.204680050421274,0,0,93.36731055411843
2023-10-29,DMA_126,55.52370337363678,0,0,96.79246020008776
2023-10-29,DMA_127,44.38992145776817,0,0,96.03615089248405
2023-10-29,DMA_128,72.96865374756352,0,0,96.87396317397572
2023-10-29,DMA_129,57.87379714806761,0,0,95.12176019747463
2023-10-29,DMA_130,60.99631717503234,0,0,95.6065775883552
2023-10-29,DMA_131,70.91801029998537,0,1,95.91501821320789
2023-10-29,DMA_132,60.07838524313221,0,1,92.47936263998422
2023-10-29,DMA_133,66.00733447688117,0,0,97.70167362018704
2023-10-29,DMA_134,64.01167591524667,0,0,96.24974530636551
2023-10-29,DMA_135,56.56108114031136,0,0,96.16865778744511
2023-10-29,DMA_136,64.42384330968211,0,0,95.63598874400708
2023-10-29,DMA_137,67.65123664313387,0,1,96.8161556349963
2023-10-29,DMA_138,59.227466743968414,0,0,93.77426505296778
2023-10-29,DMA_139,55.13247678712346,0,0,93.77299571668307
2023-10-29,DMA_140,50.38246152925845,0,0,92.8426855816712
2023-10-29,DMA_141,66.60178949418123,0,1,93.06582272368487
2023-10-29,DMA_142,65.94120335702327,0,0,98.28170667545916
2023-10-29,DMA_143,64.83424076437755,0,1,97.62631536849715
2023-10-29,DMA_144,59.94032967177027,0,0,97.51000724773962
2023-10-29,DMA_145,66.99454945289476,0,0,95.74721639404294
2023-10-29,DMA_146,63.33569764418638,0,0,96.64309696077783
2023-10-29,DMA_147,63.56129716399978,0,0,97.34774346313367
2023-10-29,DMA_148,58.99614332432344,0,0,94.23229490750836
2023-10-29,DMA_149,62.63838932363063,0,0,98.35207509090043
2023-10-29,DMA_150,73.20630232464094,0,0,93.85216447262904
2023-11-05,DMA_001,60.84469198937671,0,0,94.95162996355663
2023-11-05,DMA_002,67.45983279659994,0,0,96.52245598054142
2023-11-05,DMA_003,61.68358235277759,0,0,98.22594325442464
2023-11-05,DMA_004,61.76337105366744,0,0,97.7309776490781
2023-11-05,DMA_005,64.50831639861573,0,1,95.27457310147794
2023-11-05,DMA_006,75.14160368074042,0,0,96.26502629602719
2023-11-05,DMA_007,72.78957992324906,0,0,95.96266587364825
2023-11-05,DMA_008,79.62352021967826,0,0,96.22657109722267
2023-11-05,DMA_009,61.50935751071104,0,0,96.63083067090622
2023-11-05,DMA_010,64.32760832422511,0,0,95.08276216583396
2023-11-05,DMA_011,79.06860624096403,0,0,92.73151978036857
2023-11-05,DMA_012,59.74339740634473,0,0,96.31334149528772
2023-11-05,DMA_013,64.75311923458078,0,0,94.34916446735483
2023-11-05,DMA_014,73.62329292046591,0,1,94.17511698290856
2023-11-05,DMA_015,65.51927190185101,0,0,98.54411839964321
2023-11-05,DMA_016,67.04748738617072,0,0,95.88568922968754
2023-11-05,DMA_017,74.56239334566702,0,0,96.58581038230123
2023-11-05,DMA_018,58.682704147680894,0,0,94.39455961668546
2023-11-05,DMA_019,64.30326610078289,0,0,96.2014655467402
2023-11-05,DMA_020,78.06677235399283,0,0,97.65429004825918
2023-11-05,DMA_021,65.6389884792763,0,0,94.15286438264394
2023-11-05,DMA_022,62.8996969061613,0,0,94.84285528085154
2023-11-05,DMA_023,64.02455131521776,0,0,98.72774741371383
2023-11-05,DMA_024,69.45939328120079,0,0,99.82151646387962
2023-11-05,DMA_025,65.96784586234472,0,0,95.02937640916397
2023-11-05,DMA_026,71.8752704258155,0,0,96.28096347732172
2023-11-05,DMA_027,61.93622658855838,0,0,96.20929008571724
2023-11-05,DMA_028,70.89928345627628,0,0,99.05296568465641
2023-11-05,DMA_029,65.73604555237948,0,0,96.61000066430519
2023-11-05,DMA_030,71.88343492059093,0,1,97.43241551444927
2023-11-05,DMA_031,73.03773493347663,0,0,95.23308151585505
2023-11-05,DMA_032,68.45265294740175,0,0,94.2321195003953
2023-11-05,DMA_033,69.26768070660427,0,0,98.02757108049734
2023-11-05,DMA_034,71.77384734692147,0,1,93.71020248678956
2023-11-05,DMA_035,64.14197672205025,0,0,96.12076126094072
2023-11-05,DMA_036,68.0657734853403,0,1,97.0801965653028
2023-11-05,DMA_037,61.913312055320674,0,0,95.53109023590042
2023-11-05,DMA_038,66.97259539350188,0,0,92.19029807740137
2023-11-05,DMA_039,70.03181264495572,0,0,95.14932154879176
2023-11-05,DMA_040,72.00037104370654,0,0,93.57098514874225
2023-11-05,DMA_041,73.17133954078642,0,0,93.75446518925432
2023-11-05,DMA_042,68.43064505019247,0,0,92.95395765834789
2023-11-05,DMA_043,80.35271293808651,0,0,97.19948082939288
2023-11-05,DMA_044,69.54225824179687,0,0,93.35076481275824
2023-11-05,DMA_045,63.50121325755709,0,0,96.21008989443365
2023-11-05,DMA_046,64.60184718366456,0,1,97.64179707423533
2023-11-05,DMA_047,59.462579398682024,0,0,93.9330542502783
2023-11-05,DMA_048,67.6811008016917,0,1,95.73050519847821
2023-11-05,DMA_049,60.0283554639933,0,1,97.43524482335255
2023-11-05,DMA_050,61.19977268194207,0,0,94.94334386299542
2023-11-05,DMA_051,71.28078399962814,0,0,95.23149558986509
2023-11-05,DMA_052,78.63682279284089,0,0,98.22174177260703
2023-11-05,DMA_053,61.58727872662946,0,0,93.64058136842733
2023-11-05,DMA_054,66.20408826049432,0,0,94.62268504607968
2023-11-05,DMA_055,60.58090001418461,0,0,99.72092582191041
2023-11-05,DMA_056,71.09959903184671,0,0,95.36401867554213
2023-11-05,DMA_057,63.07755269007075,0,0,97.48978717566038
2023-11-05,DMA_058,51.06367861783761,0,0,94.64235477394233
2023-11-05,DMA_059,64.29107490071084,0,0,93.16165442204205
2023-11-05,DMA_060,57.6927123684503,0,1,94.73593929246762
2023-11-05,DMA_061,66.95560432724913,0,0,95.2958022943541
2023-11-05,DMA_062,68.3380134612694,0,1,98.5345508475477
2023-11-05,DMA_063,70.74771492483765,0,0,96.8127446608704
2023-11-05,DMA_064,72.39595829072124,0,0,97.476762902863
2023-11-05,DMA_065,68.06592381548921,0,0,95.47289644286457
2023-11-05,DMA_066,63.76138031465105,0,0,93.71770625411698
2023-11-05,DMA_067,62.753764753748165,0,0,98.36948843840155
2023-11-05,DMA_068,55.9054435168872,0,0,95.07618271018238
2023-11-05,DMA_069,64.55213149128903,0,1,98.46042652194852
2023-11-05,DMA_070,66.60600355070137,0,1,95.46130992288634
2023-11-05,DMA_071,75.59066162361329,0,0,96.48886538893734
2023-11-05,DMA_072,71.95621658166421,0,0,96.6964537612195
2023-11-05,DMA_073,65.16630203437315,0,0,102.35255003573988
2023-11-05,DMA_074,75.79483685538504,0,0,94.15280865581224
2023-11-05,DMA_075,65.23138967942907,0,0,93.20979261466498
2023-11-05,DMA_076,66.7918489656793,0,0,91.67816219103425
2023-11-05,DMA_077,68.76662564883742,0,0,97.77155399356239
2023-11-05,DMA_078,68.24659189883687,0,1,96.54054303519666
2023-11-05,DMA_079,68.88436187224563,0,0,96.86491156445453
2023-11-05,DMA_080,70.49042286954952,0,0,95.99185244045533
2023-11-05,DMA_081,61.00358383119759,0,1,95.42459406231801
2023-11-05,DMA_082,64.52892773999822,0,0,94.24838958898468
2023-11-05,DMA_083,69.26867260108303,0,0,94.85732349097692
2023-11-05,DMA_084,65.67908750725877,0,0,92.81268364480476
2023-11-05,DMA_085,68.4928848694943,0,0,96.581455471989
2023-11-05,DMA_086,74.7963334541036,0,0,98.1059444812847
2023-11-05,DMA_087,63.65705448334665,0,0,96.80214123816178
2023-11-05,DMA_088,77.2055319380382,0,0,96.98291672217385
2023-11-05,DMA_089,66.13816650586415,0,0,93.67867194517613
2023-11-05,DMA_090,67.1180311683211,0,0,94.21600267236795
2023-11-05,DMA_091,67.60489463013216,0,1,94.66072039549233
2023-11-05,DMA_092,70.43032500636461,0,0,95.23605960485607
2023-11-05,DMA_093,64.60063916129373,0,0,91.84602556156585
2023-11-05,DMA_094,61.30715279900687,0,0,99.17244096744562
2023-11-05,DMA_095,63.20285532694546,0,0,96.18258996018884
2023-11-05,DMA_096,70.25829932442905,0,0,96.36358942217474
2023-11-05,DMA_097,69.15797689077233,0,0,96.10865321570462
2023-11-05,DMA_098,71.1656039382415,0,0,98.6472232915701
2023-11-05,DMA_099,65.3111865133796,0,0,95.93010016441394
2023-11-05,DMA_100,78.15500373710564,0,0,95.32778128702937
2023-11-05,DMA_101,69.27235476663368,0,0,99.2636439352692
2023-11-05,DMA_102,71.01493663965591,0,0,92.74691475962854
2023-11-05,DMA_103,60.87450367423982,0,0,96.64324597003198
2023-11-05,DMA_104,58.77124650842814,0,0,96.26543716700508
2023-11-05,DMA_105,68.45233427636882,0,0,94.03530232767102
2023-11-05,DMA_106,66.52055161388853,0,0,95.17412536490872
2023-11-05,DMA_107,72.74520570784239,0,0,94.64668364905513
2023-11-05,DMA_108,60.46210867161039,0,0,97.12130205228316
2023-11-05,DMA_109,66.83493225334229,0,1,95.21255564015041
2023-11-05,DMA_110,64.51264988393022,0,0,94.85316445363014
2023-11-05,DMA_111,69.976240878311,0,1,89.15674434184693
2023-11-05,DMA_112,58.40379213448485,0,1,96.39021427602968
2023-11-05,DMA_113,69.4416472315694,0,0,94.30425252427409
2023-11-05,DMA_114,66.3454254609032,0,0,99.1523041731637
2023-11-05,DMA_115,70.84317405209671,0,0,97.98915349249901
2023-11-05,DMA_116,60.024147150474676,0,0,97.90659602091758
2023-11-05,DMA_117,69.7168062672689,0,0,88.91908745883757
2023-11-05,DMA_118,63.876075851081595,0,0,97.10706759656696
2023-11-05,DMA_119,72.20719116337119,0,0,95.30746553023404
2023-11-05,DMA_120,80.86314332279058,0,0,96.55883107859232
2023-11-05,DMA_121,73.66991096637982,0,0,97.33704342028076
2023-11-05,DMA_122,63.945761590260076,0,1,94.49191783216565
2023-11-05,DMA_123,62.52075231341485,0,1,97.21273180017262
2023-11-05,DMA_124,73.57687447538724,0,0,96.11048226201451
2023-11-05,DMA_125,64.70952978907059,0,0,99.03811973737417
2023-11-05,DMA_126,64.10060331365186,0,0,95.9982321579854
2023-11-05,DMA_127,60.36602316051936,0,0,97.65389223643585
2023-11-05,DMA_128,58.27249418273908,0,0,95.6119254127164
2023-11-05,DMA_129,75.8569318968683,0,0,97.88414995141082
2023-11-05,DMA_130,67.40925819242804,0,0,92.83742533710308
2023-11-05,DMA_131,67.00175658644629,0,0,94.09665193042173
2023-11-05,DMA_132,67.70712509873701,0,1,93.79843700958797
2023-11-05,DMA_133,61.93530220540027,0,0,93.48639277685155
2023-11-05,DMA_134,64.53206491435202,0,0,96.5108396067792
2023-11-05,DMA_135,77.78263904724861,0,0,97.51149262300484
2023-11-05,DMA_136,66.72526373523122,0,0,93.49493556322565
2023-11-05,DMA_137,55.17048316030527,0,0,94.36718730317685
2023-11-05,DMA_138,55.85868878103116,0,0,97.97721872996465
2023-11-05,DMA_139,62.74992962090382,0,0,94.13113241379291
2023-11-05,DMA_140,69.80050158506417,0,0,96.88906928114099
2023-11-05,DMA_141,73.19037173504363,0,0,97.42938339751878
2023-11-05,DMA_142,70.20884344471126,0,0,95.56966829802776
2023-11-05,DMA_143,67.62239855061095,0,0,97.85086282491679
2023-11-05,DMA_144,70.16346053209189,0,0,98.19411663241435
2023-11-05,DMA_145,68.47688572305209,0,0,94.64302335242989
2023-11-05,DMA_146,59.38444865716069,0,0,97.42196445993176
2023-11-05,DMA_147,74.37701447845902,0,1,95.60883721594838
2023-11-05,DMA_148,60.2274590996151,0,0,98.26894126940164
2023-11-05,DMA_149,63.5108954802406,0,0,93.14007824988828
2023-11-05,DMA_150,75.59812574256875,0,0,95.63385051724731
2023-11-12,DMA_001,66.05650208999971,0,0,94.91557650587065
2023-11-12,DMA_002,61.26047705348404,0,0,97.18939209091613
2023-11-12,DMA_003,68.1989944332367,0,0,99.88157638742591
2023-11-12,DMA_004,65.65610872698717,0,1,96.79731538636466
2023-11-12,DMA_005,60.92492759381182,0,0,96.83753931392141
2023-11-12,DMA_006,72.21799655964547,0,0,93.8755297950985
2023-11-12,DMA_007,61.693747093485996,0,0,97.34314381526715
2023-11-12,DMA_008,73.65116541144828,0,0,97.62207331353166
2023-11-12,DMA_009,62.664088217955175,0,0,95.7767331719176
2023-11-12,DMA_010,72.61384851984668,0,0,94.40878644444254
2023-11-12,DMA_011,77.76633915758106,0,0,93.74394685033884
2023-11-12,DMA_012,69.36749599917053,0,0,95.112078080525
2023-11-12,DMA_013,66.06900505711963,0,0,95.34714162369966
2023-11-12,DMA_014,76.24397993185211,0,1,97.84206961326579
2023-11-12,DMA_015,64.51086269240967,0,0,100.91565635555632
2023-11-12,DMA_016,58.081276776382424,0,0,97.13031440971868
2023-11-12,DMA_017,73.04697557264615,0,0,94.04247763242539
2023-11-12,DMA_018,82.55184074648368,0,1,98.69908250343609
2023-11-12,DMA_019,74.36311636075853,0,0,96.16675474890575
2023-11-12,DMA_020,70.8134173513847,0,0,99.33850500236858
2023-11-12,DMA_021,75.48090084896032,0,0,96.28909729206477
2023-11-12,DMA_022,68.57743731091524,0,0,96.53176908330569
2023-11-12,DMA_023,62.17919258271463,0,1,99.07618719617379
2023-11-12,DMA_024,57.82561048274123,0,0,96.24338395929962
2023-11-12,DMA_025,76.37964890402384,0,0,96.25478409072316
2023-11-12,DMA_026,74.26299487593998,0,0,95.31507490413027
2023-11-12,DMA_027,76.53961180770185,0,0,94.45815103616246
2023-11-12,DMA_028,69.80605192226824,0,1,94.16307709422996
2023-11-12,DMA_029,59.91016260648108,0,0,94.67636939485362
2023-11-12,DMA_030,64.72228941207987,0,0,98.68239956797646
2023-11-12,DMA_031,66.90342877134289,0,0,96.53848873812949
2023-11-12,DMA_032,60.8953507854815,0,0,96.58607555998228
2023-11-12,DMA_033,72.63373141595633,0,0,99.644189392214
2023-11-12,DMA_034,66.30077829620139,0,0,98.51529631367856
2023-11-12,DMA_035,69.5747905969093,0,0,93.56034946236285
2023-11-12,DMA_036,73.93992881978623,0,0,96.82495212257352
2023-11-12,DMA_037,66.80620015455057,0,0,95.91658370385728
2023-11-12,DMA_038,68.83794003058429,0,0,96.07767199464706
2023-11-12,DMA_039,66.94819465763517,0,0,96.089557460785
2023-11-12,DMA_040,72.4304467080239,0,0,94.8726272534223
2023-11-12,DMA_041,74.20725121216164,0,0,97.74888636589348
2023-11-12,DMA_042,77.03049789278734,0,0,92.64926020750376
2023-11-12,DMA_043,75.54058231695733,0,0,98.07166345382
2023-11-12,DMA_044,70.29668576143625,0,1,97.78470702960969
2023-11-12,DMA_045,63.01560006822311,0,0,95.36388833451264
2023-11-12,DMA_046,72.0539641996673,0,1,92.37794302435321
2023-11-12,DMA_047,69.52535661343009,0,0,96.62089644278416
2023-11-12,DMA_048,72.43012468509674,0,1,97.04131362247607
2023-11-12,DMA_049,75.82735071644919,0,0,94.38526395464389
2023-11-12,DMA_050,74.01719819427788,0,0,96.39692335274997
2023-11-12,DMA_051,72.0788774883369,0,0,98.58415691502597
2023-11-12,DMA_052,69.23439085028711,0,1,96.15744050378237
2023-11-12,DMA_053,67.20759559630781,0,0,99.37299960900368
2023-11-12,DMA_054,65.59047204866876,0,0,95.09850389179363
2023-11-12,DMA_055,72.54733921859379,0,0,95.39345884706883
2023-11-12,DMA_056,77.0424625367966,0,0,96.2936988309905
2023-11-12,DMA_057,51.07680859867784,0,0,96.83926761109927
2023-11-12,DMA_058,67.35714679208787,0,0,95.88379760861659
2023-11-12,DMA_059,67.62036890873334,0,0,96.49721859903566
2023-11-12,DMA_060,66.71137935283372,0,0,96.65284482501505
2023-11-12,DMA_061,73.88024246845627,0,0,96.25415494740005
2023-11-12,DMA_062,70.29299699068753,0,0,96.28760368072292
2023-11-12,DMA_063,71.92912543466771,0,0,96.17364772162077
2023-11-12,DMA_064,75.7263120944941,0,0,95.30259920210271
2023-11-12,DMA_065,73.97320909344296,0,0,101.2442302163713
2023-11-12,DMA_066,56.396227807699816,0,0,93.89231640737103
2023-11-12,DMA_067,71.58261646680413,0,0,100.47386083268539
2023-11-12,DMA_068,64.79831651608617,0,1,93.30542700902632
2023-11-12,DMA_069,71.79756695578698,0,1,96.52982289451471
2023-11-12,DMA_070,62.078788373332436,0,0,96.11286463006363
2023-11-12,DMA_071,65.82124851895158,0,0,95.32213911782304
2023-11-12,DMA_072,68.69130366116606,0,0,96.17095616766464
2023-11-12,DMA_073,66.88539809285895,0,0,92.83619604244701
2023-11-12,DMA_074,50.674913023453804,0,0,96.07721910165608
2023-11-12,DMA_075,72.09129278987527,0,0,99.53809974196437
2023-11-12,DMA_076,69.47398561514319,0,0,97.75116625478141
2023-11-12,DMA_077,73.75521471553624,0,0,97.29193319786495
2023-11-12,DMA_078,62.87705723039142,0,0,95.21158740742045
2023-11-12,DMA_079,70.78000122724171,0,0,93.70453865222373
2023-11-12,DMA_080,71.04996589329039,0,0,99.00663903313428
2023-11-12,DMA_081,77.13884013444735,0,1,96.20433926068229
2023-11-12,DMA_082,74.5236843207424,0,1,93.79507738674347
2023-11-12,DMA_083,78.0422701508628,0,1,97.42108570306259
2023-11-12,DMA_084,75.59365478327699,0,0,98.34348547624575
2023-11-12,DMA_085,68.43082394698611,0,0,94.58469394672053
2023-11-12,DMA_086,61.44632025242949,0,0,95.20366038604757
2023-11-12,DMA_087,65.10260888431122,0,0,94.44023201526305
2023-11-12,DMA_088,79.73517203804504,0,0,95.54273512124729
2023-11-12,DMA_089,71.83132860547695,0,0,93.78965550745798
2023-11-12,DMA_090,78.83529500219096,0,0,97.09002806454416
2023-11-12,DMA_091,70.57245996117022,0,0,93.6262010117496
2023-11-12,DMA_092,71.34301507307904,0,0,100.27119020681866
2023-11-12,DMA_093,70.61498687125071,0,0,92.88602639736825
2023-11-12,DMA_094,65.87828338282708,0,0,91.9376119350465
2023-11-12,DMA_095,66.11934117407057,0,0,94.14488728092775
2023-11-12,DMA_096,70.29042006754416,0,1,95.90502107656258
2023-11-12,DMA_097,74.69761150731419,0,0,93.29725526766968
2023-11-12,DMA_098,78.30003957629255,0,0,97.00458998759142
2023-11-12,DMA_099,67.92890651525164,0,0,94.46221961638174
2023-11-12,DMA_100,71.11033018843912,0,0,99.56459960613242
2023-11-12,DMA_101,69.42717115221612,0,0,94.27203247328477
2023-11-12,DMA_102,85.19809929225082,0,0,97.03024527514866
2023-11-12,DMA_103,60.731669267636725,0,0,97.44756328166706
2023-11-12,DMA_104,62.30389075969027,0,0,95.0304263891267
2023-11-12,DMA_105,72.54014421566158,0,0,99.90735438225956
2023-11-12,DMA_106,66.05178156759776,0,0,98.24983148477392
2023-11-12,DMA_107,61.27164877546668,0,0,92.82880935118527
2023-11-12,DMA_108,68.12835497344739,0,0,94.42814930683011
2023-11-12,DMA_109,70.19557720700142,0,0,93.9523245367639
2023-11-12,DMA_110,79.07091372591968,0,0,99.37649312606398
2023-11-12,DMA_111,64.34528608930871,0,0,92.62915317404615
2023-11-12,DMA_112,70.6667773026235,0,0,99.15895931033687
2023-11-12,DMA_113,62.134878359321235,0,0,99.72660320871834
2023-11-12,DMA_114,67.87602308771466,0,0,91.03896843909001
2023-11-12,DMA_115,69.53397584810996,0,0,98.4978200457033
2023-11-12,DMA_116,67.2708515255604,0,0,97.73473522981324
2023-11-12,DMA_117,66.69768725804535,0,1,93.65205081544826
2023-11-12,DMA_118,67.6801751018309,0,0,97.62212758422766
2023-11-12,DMA_119,70.72252116711653,0,0,97.10269075642245
2023-11-12,DMA_120,74.54271355334043,0,1,95.92474649441448
2023-11-12,DMA_121,64.34047460703034,0,0,98.1547292026691
2023-11-12,DMA_122,69.04374278280245,0,0,96.52180868489774
2023-11-12,DMA_123,72.94152035531323,0,1,92.73676121258676
2023-11-12,DMA_124,66.1527490015255,0,1,95.86884573445984
2023-11-12,DMA_125,73.99677581407933,0,0,94.09594789402641
2023-11-12,DMA_126,75.18987641247794,0,0,98.19867749330223
2023-11-12,DMA_127,64.60577334082872,0,1,94.31168587406711
2023-11-12,DMA_128,75.34560936201763,0,0,93.49187979931054
2023-11-12,DMA_129,61.860216558998694,0,0,99.76328215683127
2023-11-12,DMA_130,72.41743365364283,0,0,94.4470336848743
2023-11-12,DMA_131,74.2713285480105,0,0,96.45031118739828
2023-11-12,DMA_132,67.49223773093946,0,0,93.79618035892551
2023-11-12,DMA_133,71.62102650536082,0,0,98.70360457134112
2023-11-12,DMA_134,72.2540176925396,0,0,99.5637183541002
2023-11-12,DMA_135,68.5974293493912,0,0,95.45502350875556
2023-11-12,DMA_136,64.47328957209197,0,0,93.97664251679065
2023-11-12,DMA_137,68.58756139757335,0,0,96.48414802000266
2023-11-12,DMA_138,70.30770548927667,0,0,93.26161801970468
2023-11-12,DMA_139,67.25181022519263,0,0,95.40953308274946
2023-11-12,DMA_140,65.99335972626426,0,1,96.34819184069835
2023-11-12,DMA_141,66.17491062629838,0,0,92.46950737535623
2023-11-12,DMA_142,63.394645621775645,0,0,96.43013711518222
2023-11-12,DMA_143,62.68792896692485,0,0,97.23782429265573
2023-11-12,DMA_144,65.36362759858915,0,0,97.97077864025077
2023-11-12,DMA_145,78.26030083125121,0,0,95.34871765550237
2023-11-12,DMA_146,78.41997082399782,0,0,95.69664975333455
2023-11-12,DMA_147,64.89111524038886,0,0,100.77004731209729
2023-11-12,DMA_148,62.59835060057959,0,0,97.72465998675194
2023-11-12,DMA_149,72.88841510654886,0,0,96.07077060707847
2023-11-12,DMA_150,68.26538859240203,0,1,96.61061565335191
2023-11-19,DMA_001,63.63487972924172,0,0,92.77003560752203
2023-11-19,DMA_002,79.17770716809481,0,0,97.80951011255242
2023-11-19,DMA_003,70.84355907302027,0,0,96.59494924876965
2023-11-19,DMA_004,79.48196421299723,0,0,98.19065684126541
2023-11-19,DMA_005,68.66369816596367,0,0,98.2773210836517
2023-11-19,DMA_006,65.13337629606147,0,0,97.19754249110535
2023-11-19,DMA_007,79.854857316871,0,0,95.54178018953465
2023-11-19,DMA_008,76.59035595912077,0,0,95.73496021403585
2023-11-19,DMA_009,79.77635872021652,0,1,98.54810690975046
2023-11-19,DMA_010,73.37685590441131,0,1,95.9017091838484
2023-11-19,DMA_011,70.60103943543831,0,0,99.41305993323573
2023-11-19,DMA_012,67.54569033850258,0,0,102.16470182016725
2023-11-19,DMA_013,67.40922923642609,0,0,95.64235041136867
2023-11-19,DMA_014,59.512726520749084,0,0,95.82686991263223
2023-11-19,DMA_015,67.19589953436406,0,0,94.66953736219105
2023-11-19,DMA_016,70.05142161052652,0,0,98.3683194272783
2023-11-19,DMA_017,71.29382851150892,0,0,99.02143004212795
2023-11-19,DMA_018,71.53287585332514,0,0,94.64140417888675
2023-11-19,DMA_019,87.2920500386629,0,0,98.82127182405895
2023-11-19,DMA_020,68.43404682179076,0,0,97.4838766356937
2023-11-19,DMA_021,76.13410184251327,0,0,99.29944011934124
2023-11-19,DMA_022,74.33927774307291,0,0,97.83633742259126
2023-11-19,DMA_023,70.5031495388163,0,0,99.08512467911858
2023-11-19,DMA_024,79.26024531044884,0,1,93.59847248360666
2023-11-19,DMA_025,75.55292139964175,0,0,100.52161394584994
2023-11-19,DMA_026,71.00157399199573,0,0,97.32150811355052
2023-11-19,DMA_027,74.67412749550819,0,1,94.19845809178283
2023-11-19,DMA_028,75.36003724703492,0,0,98.06091434758275
2023-11-19,DMA_029,72.16144891893317,0,0,95.59464376620573
2023-11-19,DMA_030,76.95123706170264,0,0,98.64567461908482
2023-11-19,DMA_031,78.87471060695668,0,1,95.20358908018602
2023-11-19,DMA_032,73.86829920921664,0,0,95.39778868497604
2023-11-19,DMA_033,70.57813884468838,0,0,95.91148435306908
2023-11-19,DMA_034,73.55641489141877,0,0,95.67492747756812
2023-11-19,DMA_035,84.71694034048858,0,0,93.79519107578211
2023-11-19,DMA_036,74.87683290102287,0,0,95.6858778078506
2023-11-19,DMA_037,78.40803810356564,0,0,97.44063493714411
2023-11-19,DMA_038,58.52974601302195,0,0,96.15817151571058
2023-11-19,DMA_039,71.16667153996217,0,1,98.20771483752024
2023-11-19,DMA_040,72.66068285877908,0,0,97.00141490431326
2023-11-19,DMA_041,71.02300737580818,0,0,95.43410905380708
2023-11-19,DMA_042,70.35012038406853,0,0,96.54561332808801
2023-11-19,DMA_043,54.89022625089043,0,0,95.45487157626138
2023-11-19,DMA_044,66.20972937404962,0,0,94.77666453313972
2023-11-19,DMA_045,65.94910347685924,0,0,97.92010414828503
2023-11-19,DMA_046,67.98011207938569,0,1,97.08548466346416
2023-11-19,DMA_047,75.26217754414375,0,0,99.03249500956639
2023-11-19,DMA_048,72.43534859068606,0,0,101.38160349276153
2023-11-19,DMA_049,71.21240288750799,0,0,97.10142854606484
2023-11-19,DMA_050,74.1917301653393,0,0,92.36028947649591
2023-11-19,DMA_051,79.03656594818783,0,0,99.55479248271669
2023-11-19,DMA_052,66.32436275839541,0,0,94.78860716422103
2023-11-19,DMA_053,67.39473889917979,0,1,99.96066626347057
2023-11-19,DMA_054,78.78480265469217,0,0,95.37725455345657
2023-11-19,DMA_055,73.91869807412829,0,0,99.95379363796538
2023-11-19,DMA_056,64.03712813609582,0,0,98.43444642129576
2023-11-19,DMA_057,68.47360981317979,0,0,96.04679587972522
2023-11-19,DMA_058,68.92564012717291,0,0,97.07048719336564
2023-11-19,DMA_059,79.70762894938197,0,0,97.24852614932968
2023-11-19,DMA_060,86.72772557888729,0,0,98.7081231185106
2023-11-19,DMA_061,71.5802878376711,0,0,96.73028412488829
2023-11-19,DMA_062,72.83783239161623,0,1,95.16333124719301
2023-11-19,DMA_063,79.72473443404013,0,0,98.07238152702395
2023-11-19,DMA_064,69.13295452987884,0,0,95.42150091114655
2023-11-19,DMA_065,89.89624254473055,0,0,97.59362249759744
2023-11-19,DMA_066,69.66601963945527,0,0,99.8630923193848
2023-11-19,DMA_067,74.38987171207162,0,0,94.84376653482322
2023-11-19,DMA_068,80.42024194680894,0,0,97.7821289931692
2023-11-19,DMA_069,70.82170302231417,0,0,95.55438178126336
2023-11-19,DMA_070,61.17135093980174,0,0,95.52716501527676
2023-11-19,DMA_071,66.62751428993,0,0,97.20527249509519
2023-11-19,DMA_072,62.67598195163872,0,1,98.05536344444567
2023-11-19,DMA_073,75.13001303833953,0,0,97.30397336158349
2023-11-19,DMA_074,63.064931133407164,0,1,93.66317563663034
2023-11-19,DMA_075,61.72270019678707,0,0,95.83608347212832
2023-11-19,DMA_076,75.33966278617153,0,0,95.79546581869256
2023-11-19,DMA_077,74.04192170108547,0,0,94.74159601900766
2023-11-19,DMA_078,76.16205452123447,0,0,97.43444177876907
2023-11-19,DMA_079,64.19610527023673,0,0,96.34440658030796
2023-11-19,DMA_080,70.395586357209,0,0,93.53468125571759
2023-11-19,DMA_081,75.65064805786244,0,0,94.81745763973908
2023-11-19,DMA_082,67.51686903115232,0,0,98.72715369561443
2023-11-19,DMA_083,71.53370912079299,0,0,97.04990331333164
2023-11-19,DMA_084,81.84316977873512,0,0,97.40427805477971
2023-11-19,DMA_085,66.49204421493515,0,0,97.06744537285422
2023-11-19,DMA_086,65.9315160370601,0,0,95.80627728422927
2023-11-19,DMA_087,69.9126480600135,0,0,95.04365371237891
2023-11-19,DMA_088,68.33713363266716,0,1,98.67395915484774
2023-11-19,DMA_089,67.14539698621962,0,0,95.77164202923723
2023-11-19,DMA_090,80.55749547418358,0,0,99.44990648594745
2023-11-19,DMA_091,71.47854208174695,0,0,98.6045572752898
2023-11-19,DMA_092,78.46987536573253,0,0,97.29331077435675
2023-11-19,DMA_093,70.32718344204815,0,0,92.82672364620635
2023-11-19,DMA_094,56.28520884251191,0,0,93.74780609134343
2023-11-19,DMA_095,73.55111426350285,0,0,99.34223010888638
2023-11-19,DMA_096,62.79492379897228,0,0,99.3744115953191
2023-11-19,DMA_097,78.79735931624099,0,0,98.62085037201788
2023-11-19,DMA_098,68.20712811789777,0,1,99.86190212955778
2023-11-19,DMA_099,68.82304618201125,0,0,97.02526559120625
2023-11-19,DMA_100,66.60675783707919,0,0,99.3751100094135
2023-11-19,DMA_101,83.33498293860032,0,0,100.29227272635508
2023-11-19,DMA_102,66.8028140463766,0,0,95.94177018311595
2023-11-19,DMA_103,72.59445567493943,0,0,95.55174591855972
2023-11-19,DMA_104,80.1811933473141,0,0,94.63448640457588
2023-11-19,DMA_105,74.07696544185404,0,0,97.71394665438824
2023-11-19,DMA_106,78.58473717224801,0,0,98.50833820100651
2023-11-19,DMA_107,61.03326964326774,0,0,99.48852422566314
2023-11-19,DMA_108,72.8726755884731,0,0,98.78475723307668
2023-11-19,DMA_109,80.00097802164723,0,0,98.74040958719353
2023-11-19,DMA_110,60.50948219381372,0,0,92.95911692553207
2023-11-19,DMA_111,72.71542392963767,0,0,95.5314134136894
2023-11-19,DMA_112,59.976096965553374,0,0,93.51534582554224
2023-11-19,DMA_113,48.27364523304877,0,0,97.67420204998253
2023-11-19,DMA_114,82.10495773298328,0,0,92.54319484166481
2023-11-19,DMA_115,73.15795313078232,0,0,95.60387058530493
2023-11-19,DMA_116,72.9820467035872,0,1,92.17611630011612
2023-11-19,DMA_117,71.8510328882421,0,0,96.77780797333098
2023-11-19,DMA_118,78.74585805980021,0,0,94.56144273364245
2023-11-19,DMA_119,79.89240043812643,0,1,98.5792404928679
2023-11-19,DMA_120,64.38544706244099,0,1,97.30204409569458
2023-11-19,DMA_121,71.21177189608095,0,0,93.83944286479401
2023-11-19,DMA_122,59.30993073482337,0,0,97.76173036452653
2023-11-19,DMA_123,70.38009447829148,0,0,98.18838852488135
2023-11-19,DMA_124,80.6836682861064,0,0,101.86307882408447
2023-11-19,DMA_125,74.23574651864097,0,0,94.96823027463432
2023-11-19,DMA_126,66.23753082111735,0,0,97.17380253528735
2023-11-19,DMA_127,73.52804728037387,0,0,96.89827091689102
2023-11-19,DMA_128,71.091035728855,0,0,94.76503674142916
2023-11-19,DMA_129,74.53256942919786,0,0,98.82225169744953
2023-11-19,DMA_130,68.2598279141448,0,0,98.93027739135647
2023-11-19,DMA_131,67.4822712983881,0,0,96.3590990657507
2023-11-19,DMA_132,85.33812180467494,0,0,99.96176430780541
2023-11-19,DMA_133,76.89182598759409,0,0,97.53675197891918
2023-11-19,DMA_134,73.82835873004652,0,0,94.12647157979086
2023-11-19,DMA_135,78.010544709365,0,0,97.1423284310736
2023-11-19,DMA_136,75.57381218047587,0,0,99.0392114819937
2023-11-19,DMA_137,70.41370054403676,0,0,99.0441510173004
2023-11-19,DMA_138,67.09101209503103,0,0,95.31320159622672
2023-11-19,DMA_139,76.10588442647455,0,0,97.70810300482196
2023-11-19,DMA_140,78.6321453002193,0,0,94.0451985774872
2023-11-19,DMA_141,83.03198231998971,0,0,96.70498579185906
2023-11-19,DMA_142,80.88909746723604,0,0,98.55044780558711
2023-11-19,DMA_143,76.52935861591595,0,0,94.96363391724626
2023-11-19,DMA_144,81.90270514859493,0,0,95.25389444756316
2023-11-19,DMA_145,78.4186777979768,0,0,96.2417958071353
2023-11-19,DMA_146,73.28146930228695,0,1,97.31172724205223
2023-11-19,DMA_147,69.70773960013295,0,0,97.55897724644286
2023-11-19,DMA_148,75.07507959283159,0,0,98.58965400718583
2023-11-19,DMA_149,76.19793317267298,0,0,94.56029208417202
2023-11-19,DMA_150,73.15792329299195,0,0,98.25234229724593
2023-11-26,DMA_001,70.95142822723083,1,0,99.84712994356468
2023-11-26,DMA_002,70.64926830188055,1,0,97.6509735565125
2023-11-26,DMA_003,67.33220275876977,1,0,96.69422154815543
2023-11-26,DMA_004,63.73024412921197,1,0,96.001484763865
2023-11-26,DMA_005,60.58012613897577,1,0,99.17426949297642
2023-11-26,DMA_006,74.38404411196714,1,0,94.23756969722332
2023-11-26,DMA_007,64.06699025253573,1,0,98.38999930603208
2023-11-26,DMA_008,78.65630578586975,1,0,99.50147922708919
2023-11-26,DMA_009,75.7764822759106,1,0,98.11262188912333
2023-11-26,DMA_010,66.57529510242293,1,0,96.46329773465214
2023-11-26,DMA_011,81.37012597817365,1,0,99.0117427780758
2023-11-26,DMA_012,71.82080095638847,1,1,98.08900617383625
2023-11-26,DMA_013,67.57198520568728,1,0,96.66104236067555
2023-11-26,DMA_014,75.03919649971212,1,0,94.94582535564179
2023-11-26,DMA_015,72.90251177442923,1,0,101.2403134500666
2023-11-26,DMA_016,74.1840881511548,1,0,95.15862554382302
2023-11-26,DMA_017,81.83118832046941,1,0,99.512705711124
2023-11-26,DMA_018,78.93732253906434,1,0,96.91955532276407
2023-11-26,DMA_019,76.12838839801722,1,0,95.12735933069274
2023-11-26,DMA_020,74.09638046936831,1,0,96.73130441528049
2023-11-26,DMA_021,76.40884187698366,1,1,100.75764273937949
2023-11-26,DMA_022,69.59039938180969,1,0,97.2959608843606
2023-11-26,DMA_023,83.8604167210451,1,0,97.24267717820815
2023-11-26,DMA_024,67.39054603419173,1,0,99.66324881492152
2023-11-26,DMA_025,79.66822611676076,1,0,94.22383520784972
2023-11-26,DMA_026,66.0984314544843,1,0,98.21149596153154
2023-11-26,DMA_027,76.06422117835028,1,0,98.56565512466081
2023-11-26,DMA_028,82.48601916356452,1,1,97.14728777468747
2023-11-26,DMA_029,84.64382784492621,1,0,100.67740883280229
2023-11-26,DMA_030,76.29287701625263,1,0,99.56492175293405
2023-11-26,DMA_031,77.50610939022108,1,0,99.99907881868593
2023-11-26,DMA_032,72.97120578678901,1,0,99.59750262931436
2023-11-26,DMA_033,67.746180719882,1,0,94.80468952488327
2023-11-26,DMA_034,69.51666014472872,1,0,98.20807983066408
2023-11-26,DMA_035,78.13476188802349,1,0,98.08153251756369
2023-11-26,DMA_036,77.77231346360651,1,1,98.59976602992855
2023-11-26,DMA_037,70.1833455441305,1,0,94.57723174159433
2023-11-26,DMA_038,69.92241142148822,1,1,97.45742132397645
2023-11-26,DMA_039,76.16963869380112,1,0,97.35083600645711
2023-11-26,DMA_040,70.75606645713042,1,0,97.72069978058553
2023-11-26,DMA_041,73.13732709030884,1,0,97.79392436450522
2023-11-26,DMA_042,75.47557804555257,1,1,96.87745889536104
2023-11-26,DMA_043,77.57509442158093,1,0,96.15318306141549
2023-11-26,DMA_044,71.02435688955111,1,0,100.64685088371158
2023-11-26,DMA_045,80.36772983994948,1,0,97.32923112991483
2023-11-26,DMA_046,75.07204000021537,1,0,101.55004865405031
2023-11-26,DMA_047,75.13387875014743,1,0,95.0399791674887
2023-11-26,DMA_048,76.3698067970108,1,0,96.73435456736652
2023-11-26,DMA_049,80.67188495672812,1,0,96.41383971059824
2023-11-26,DMA_050,76.28335518595402,1,0,96.4329808427064
2023-11-26,DMA_051,72.07942070093075,1,0,99.47266350532377
2023-11-26,DMA_052,74.70236976191299,1,0,99.86597876471224
2023-11-26,DMA_053,68.33902059725469,1,0,93.29392580023995
2023-11-26,DMA_054,74.59813955928645,1,1,99.1767949630015
2023-11-26,DMA_055,71.14911257154817,1,0,101.35375882231978
2023-11-26,DMA_056,70.23855513023591,1,1,95.17146644497606
2023-11-26,DMA_057,73.69583417033316,1,0,95.13499293934959
2023-11-26,DMA_058,81.37197920469154,1,0,97.24790227880376
2023-11-26,DMA_059,69.95247589944157,1,1,97.59636639901433
2023-11-26,DMA_060,73.35229069214543,1,0,97.77395859931018
2023-11-26,DMA_061,87.51654815809025,1,0,98.56799914954831
2023-11-26,DMA_062,74.24912854347049,1,0,95.14093751283062
2023-11-26,DMA_063,71.45532836593573,1,0,96.80842359219017
2023-11-26,DMA_064,81.78178325740369,1,0,98.77036154208214
2023-11-26,DMA_065,76.8715419861018,1,1,94.88536739703726
2023-11-26,DMA_066,66.34096180580529,1,0,98.23175780819234
2023-11-26,DMA_067,89.16286547064782,1,0,96.73081655284578
2023-11-26,DMA_068,67.92566108200832,1,0,97.91011020122484
2023-11-26,DMA_069,66.34831585661689,1,0,99.56146334085167
2023-11-26,DMA_070,74.65877768217572,1,0,96.90946581286717
2023-11-26,DMA_071,80.14478538532245,1,0,96.72197430468205
2023-11-26,DMA_072,78.37606056826819,1,0,95.18612037553474
2023-11-26,DMA_073,74.40886657395828,1,0,98.32923671605774
2023-11-26,DMA_074,66.90941178332028,1,0,96.96108137252516
2023-11-26,DMA_075,66.38603619747752,1,0,96.51742328738756
2023-11-26,DMA_076,74.86152929021961,1,0,96.54655790466347
2023-11-26,DMA_077,75.456908004146,1,0,93.15203489705694
2023-11-26,DMA_078,76.85306848475193,1,0,98.2186294540352
2023-11-26,DMA_079,70.78892174252404,1,0,97.36134309793314
2023-11-26,DMA_080,76.88274335412699,1,0,100.20095825600734
2023-11-26,DMA_081,76.99633170210203,1,1,100.01479969139997
2023-11-26,DMA_082,58.75784567170143,1,1,96.99659051513275
2023-11-26,DMA_083,77.4926766347909,1,0,97.65702536994465
2023-11-26,DMA_084,75.82162398390767,1,0,93.95939266846675
2023-11-26,DMA_085,72.870736890009,1,0,94.95008459564235
2023-11-26,DMA_086,68.91973483471506,1,0,98.45213654001
2023-11-26,DMA_087,62.16350472454835,1,0,97.2459775553616
2023-11-26,DMA_088,73.33273085635501,1,1,97.34483737238185
2023-11-26,DMA_089,70.60468068645,1,0,99.81916079401813
2023-11-26,DMA_090,68.16027748614009,1,0,97.52146847655649
2023-11-26,DMA_091,67.36777466079798,1,1,98.32584724078878
2023-11-26,DMA_092,70.010909582573,1,0,98.60789841966589
2023-11-26,DMA_093,79.82609938008352,1,0,96.01187338656385
2023-11-26,DMA_094,67.20984596232302,1,0,100.82333294179398
2023-11-26,DMA_095,75.8085466756965,1,0,99.77570419918015
2023-11-26,DMA_096,73.0331458472793,1,0,96.63974074371136
2023-11-26,DMA_097,76.36663319241349,1,0,100.49870836073254
2023-11-26,DMA_098,70.68499219608123,1,0,96.37832475018432
2023-11-26,DMA_099,63.686278889256826,1,0,98.82532510448169
2023-11-26,DMA_100,69.03882471476484,1,1,95.01890339491193
2023-11-26,DMA_101,80.93106967663317,1,0,99.47994824672013
2023-11-26,DMA_102,71.05243416186316,1,0,96.0234719305912
2023-11-26,DMA_103,68.39961440600419,1,0,95.20649740459316
2023-11-26,DMA_104,84.98954447942893,1,0,97.39017047694279
2023-11-26,DMA_105,69.4579126324579,1,0,96.23811627494923
2023-11-26,DMA_106,79.35336918840835,1,0,97.56826196411241
2023-11-26,DMA_107,68.60402819537937,1,0,95.33720688958047
2023-11-26,DMA_108,81.138579557031,1,0,95.02785630969014
2023-11-26,DMA_109,81.0893926802803,1,1,96.48349916795698
2023-11-26,DMA_110,72.16276217336735,1,0,93.86737253707763
2023-11-26,DMA_111,72.32453133109438,1,0,95.25953801049958
2023-11-26,DMA_112,74.98600707672816,1,0,98.37928617565049
2023-11-26,DMA_113,62.449677314397505,1,0,98.16771286878475
2023-11-26,DMA_114,71.24874951521646,1,1,97.2302722634016
2023-11-26,DMA_115,70.19078582957708,1,0,96.64741218530703
2023-11-26,DMA_116,76.32776154148567,1,0,97.92862955654516
2023-11-26,DMA_117,79.10125762548842,1,0,96.33558160061898
2023-11-26,DMA_118,76.96884151870383,1,0,96.24019413066861
2023-11-26,DMA_119,76.96614200189114,1,0,97.81684825580803
2023-11-26,DMA_120,65.68574594366035,1,0,98.818255717859
2023-11-26,DMA_121,69.50755107284537,1,0,93.90755167786047
2023-11-26,DMA_122,71.08439828978734,1,0,98.73666807691241
2023-11-26,DMA_123,69.08665130661277,1,0,96.09062897432719
2023-11-26,DMA_124,75.87025135098826,1,0,98.56029294929198
2023-11-26,DMA_125,76.22296060606548,1,1,98.31392270807471
2023-11-26,DMA_126,73.49439369639798,1,0,95.49126725235622
2023-11-26,DMA_127,74.66038262811881,1,0,95.8362503743976
2023-11-26,DMA_128,80.35319356301233,1,0,94.61015877799616
2023-11-26,DMA_129,75.50712159744415,1,0,94.2640701489027
2023-11-26,DMA_130,79.97672314364463,1,0,97.42682116176779
2023-11-26,DMA_131,67.92974700116298,1,0,100.76908554029701
2023-11-26,DMA_132,74.63815977747775,1,0,101.06080614250412
2023-11-26,DMA_133,73.45171157876685,1,0,96.87099293948835
2023-11-26,DMA_134,66.12611588963024,1,0,96.87137953183274
2023-11-26,DMA_135,74.44811941167985,1,0,96.58952828197538
2023-11-26,DMA_136,76.49806511480655,1,0,93.30956204494683
2023-11-26,DMA_137,72.54990215197735,1,0,96.28364277042455
2023-11-26,DMA_138,73.41092482326437,1,0,92.68814604347257
2023-11-26,DMA_139,76.90454515942406,1,0,99.43490068322907
2023-11-26,DMA_140,71.5138724361874,1,0,96.38656248502706
2023-11-26,DMA_141,72.16253304294834,1,0,96.81579380571273
2023-11-26,DMA_142,75.24777454228172,1,0,95.44230717421331
2023-11-26,DMA_143,69.33464688599551,1,0,94.96295853159758
2023-11-26,DMA_144,59.140398024470464,1,0,98.4590389856064
2023-11-26,DMA_145,76.99056813673906,1,0,95.63446565662277
2023-11-26,DMA_146,68.34743473301528,1,0,98.89354349239798
2023-11-26,DMA_147,75.89241026695375,1,0,97.71500816767414
2023-11-26,DMA_148,82.25909976243341,1,0,96.13240198747137
2023-11-26,DMA_149,67.39322716411927,1,0,96.2056196310421
2023-11-26,DMA_150,73.6645202742264,1,0,97.74745596119142
2023-12-03,DMA_001,82.91922998005093,0,0,99.5554654607475
2023-12-03,DMA_002,71.15035971470815,0,0,98.74445464392703
2023-12-03,DMA_003,80.34236762115822,0,0,94.65494472959708
2023-12-03,DMA_004,74.6635630451819,0,0,99.74405732327942
2023-12-03,DMA_005,73.81156317774338,0,0,93.66040476439902
2023-12-03,DMA_006,77.68589869682198,0,1,93.74399190530447
2023-12-03,DMA_007,80.40755318492033,0,0,98.49371182265548
2023-12-03,DMA_008,78.97150609404092,0,0,97.69959977234919
2023-12-03,DMA_009,87.97184264136465,0,0,97.41095022239183
2023-12-03,DMA_010,75.46874631413218,0,0,97.04880696884221
2023-12-03,DMA_011,79.3251318261952,0,0,97.20623440282215
2023-12-03,DMA_012,73.38392800365108,0,1,96.19016153918285
2023-12-03,DMA_013,71.3362101174018,0,0,98.44740188930436
2023-12-03,DMA_014,69.43947856636413,0,1,100.32218586706881
2023-12-03,DMA_015,84.05240028581004,0,0,98.49967870807652
2023-12-03,DMA_016,77.51522633041577,0,0,96.65356829183469
2023-12-03,DMA_017,76.5907986031829,0,0,99.80207237992366
2023-12-03,DMA_018,79.10703237846369,0,0,96.95352293204958
2023-12-03,DMA_019,70.72681707699545,0,0,96.63457697932368
2023-12-03,DMA_020,69.51442591489814,0,0,99.9609573356295
2023-12-03,DMA_021,74.99266257951469,0,0,95.26306564158936
2023-12-03,DMA_022,78.67715938313923,0,0,95.15273365687331
2023-12-03,DMA_023,77.53870842492891,0,0,100.33201901764131
2023-12-03,DMA_024,71.91999651528026,0,0,94.37532081760186
2023-12-03,DMA_025,76.12556054233194,0,0,96.59653425555254
2023-12-03,DMA_026,76.07376906305396,0,0,93.9198831841586
2023-12-03,DMA_027,78.57100750180302,0,0,97.12691216055308
2023-12-03,DMA_028,81.09985874482045,0,0,97.62368722417052
2023-12-03,DMA_029,79.55793493343644,0,0,94.3756871446775
2023-12-03,DMA_030,67.26064081277272,0,0,99.06785183827327
2023-12-03,DMA_031,76.59050918938081,0,1,95.47402330458874
2023-12-03,DMA_032,59.54589512302116,0,0,97.42242910724475
2023-12-03,DMA_033,77.81647337023203,0,0,98.90215014240411
2023-12-03,DMA_034,84.49261994539624,0,1,98.42434046959961
2023-12-03,DMA_035,76.52106950144326,0,0,99.72035488769266
2023-12-03,DMA_036,71.82414147671682,0,0,99.53207452247199
2023-12-03,DMA_037,86.46177910630537,0,0,99.28667843827445
2023-12-03,DMA_038,75.28206921583678,0,0,100.99455216552013
2023-12-03,DMA_039,79.07000238825238,0,0,97.64719715594482
2023-12-03,DMA_040,73.02550751504654,0,0,99.86117773458741
2023-12-03,DMA_041,70.1033560684437,0,0,97.2139803364377
2023-12-03,DMA_042,70.30332782238509,0,0,94.59388070146132
2023-12-03,DMA_043,72.78485418373894,0,0,93.90913193117908
2023-12-03,DMA_044,74.13432329571603,0,0,96.5038313875603
2023-12-03,DMA_045,65.92539352548626,0,0,94.49707317306473
2023-12-03,DMA_046,83.61522155766848,0,0,99.74403700814018
2023-12-03,DMA_047,67.46181363481521,0,0,98.22553426051066
2023-12-03,DMA_048,67.78100301235939,0,0,96.73190579512958
2023-12-03,DMA_049,80.60602639566513,0,0,99.43799380045607
2023-12-03,DMA_050,75.13234874519313,0,0,97.0588370502141
2023-12-03,DMA_051,69.37988201776874,0,0,96.94528086495724
2023-12-03,DMA_052,71.59365818858856,0,0,101.27105017407965
2023-12-03,DMA_053,84.68377644117025,0,0,98.37320560786323
2023-12-03,DMA_054,82.30512622243991,0,0,99.56708134410994
2023-12-03,DMA_055,73.72805659850435,0,0,96.32254501133484
2023-12-03,DMA_056,67.16114042229415,0,0,96.7494304618596
2023-12-03,DMA_057,84.62330489183637,0,0,96.10439514645878
2023-12-03,DMA_058,77.5735698875518,0,0,97.13140787917804
2023-12-03,DMA_059,74.24833136834417,0,0,100.60925797069694
2023-12-03,DMA_060,79.53763895601298,0,0,95.34805344042604
2023-12-03,DMA_061,85.66971105983485,0,0,101.45988457633939
2023-12-03,DMA_062,80.28271598840465,0,0,97.43186405212298
2023-12-03,DMA_063,78.5208466253784,0,0,99.52857786311233
2023-12-03,DMA_064,80.4203134010759,0,0,101.06756512269767
2023-12-03,DMA_065,78.48531283232381,0,0,98.02719534212015
2023-12-03,DMA_066,78.00658200799163,0,0,98.14784196800254
2023-12-03,DMA_067,60.177017374093474,0,0,95.96188955328391
2023-12-03,DMA_068,68.2928605590409,0,0,98.94041376168158
2023-12-03,DMA_069,72.73762750619971,0,0,100.93216220902146
2023-12-03,DMA_070,71.34957686846587,0,0,97.34578338358888
2023-12-03,DMA_071,81.33484719248573,0,0,97.49579334606568
2023-12-03,DMA_072,63.67944282495928,0,0,94.62300185312905
2023-12-03,DMA_073,81.40566358166575,0,0,97.81822937425667
2023-12-03,DMA_074,75.62241304708122,0,0,96.25085645192306
2023-12-03,DMA_075,76.86427059988698,0,0,94.85764052358289
2023-12-03,DMA_076,70.96470913280767,0,0,98.35497774148493
2023-12-03,DMA_077,81.29891852125137,0,1,100.44541463773963
2023-12-03,DMA_078,84.59078163963986,0,0,92.89543116092877
2023-12-03,DMA_079,82.48148017960513,0,0,98.8038696979931
2023-12-03,DMA_080,75.95793518702654,0,1,99.24593253697077
2023-12-03,DMA_081,71.86531176622924,0,0,100.78028915213577
2023-12-03,DMA_082,66.95928780610677,0,0,98.03603924386951
2023-12-03,DMA_083,79.7153106580211,0,1,99.89884754948523
2023-12-03,DMA_084,80.68787316879863,0,0,100.52379527539985
2023-12-03,DMA_085,69.08486294598784,0,1,96.12937473134467
2023-12-03,DMA_086,74.70552064965297,0,0,95.11239204264872
2023-12-03,DMA_087,80.3035010766012,0,0,96.50851414538614
2023-12-03,DMA_088,77.05417499566491,0,0,92.36777698684607
2023-12-03,DMA_089,78.7466940209674,0,0,99.97539401435968
2023-12-03,DMA_090,64.2976083114998,0,0,96.28963083820676
2023-12-03,DMA_091,70.61414950655305,0,1,95.79133457656846
2023-12-03,DMA_092,84.74214979306845,0,0,97.89452115067688
2023-12-03,DMA_093,79.02349791162577,0,0,98.65198864246373
2023-12-03,DMA_094,72.62277852137206,0,0,95.52518742852907
2023-12-03,DMA_095,81.84984748900152,0,0,95.85398094437359
2023-12-03,DMA_096,76.1888036293925,0,0,93.17685364063522
2023-12-03,DMA_097,74.20019760385539,0,0,96.46169090501934
2023-12-03,DMA_098,77.49964238087449,0,0,96.88431675142422
2023-12-03,DMA_099,77.15501459802869,0,0,99.09186922162814
2023-12-03,DMA_100,76.08420771979982,0,0,93.85507215310331
2023-12-03,DMA_101,74.50379681930963,0,0,96.80440072099874
2023-12-03,DMA_102,76.9371199455298,0,0,97.0350767487588
2023-12-03,DMA_103,65.91795198866959,0,0,98.01153285217971
2023-12-03,DMA_104,78.67917408476731,0,0,101.66657888483451
2023-12-03,DMA_105,67.67183676101273,0,0,99.04677335505973
2023-12-03,DMA_106,71.19400144066402,0,0,101.44599700908093
2023-12-03,DMA_107,79.94104108623121,0,0,101.63714685164486
2023-12-03,DMA_108,72.57243000349993,0,1,99.0291292824187
2023-12-03,DMA_109,85.31667188234817,0,1,95.10600027964888
2023-12-03,DMA_110,82.36779857879489,0,0,96.35831023460089
2023-12-03,DMA_111,77.15664398740847,0,0,95.08805568857375
2023-12-03,DMA_112,76.11769460001177,0,0,98.08004108413087
2023-12-03,DMA_113,87.23528628442457,0,0,97.1422288031378
2023-12-03,DMA_114,82.40542161538883,0,0,93.24737493270112
2023-12-03,DMA_115,65.66483731762435,0,0,98.62993116744478
2023-12-03,DMA_116,74.15736232943206,0,1,99.50651009465027
2023-12-03,DMA_117,73.4859664368683,0,0,96.01753746044143
2023-12-03,DMA_118,73.33026961590257,0,0,97.52433166568639
2023-12-03,DMA_119,77.80318219180968,0,0,99.9880339593688
2023-12-03,DMA_120,79.37746926682036,0,1,97.65506162630024
2023-12-03,DMA_121,71.92476129863677,0,0,98.2035272724902
2023-12-03,DMA_122,77.33994310461657,0,0,98.99618374954785
2023-12-03,DMA_123,79.49726110295484,0,1,97.42572513741118
2023-12-03,DMA_124,67.27232902042641,0,0,97.74787879972135
2023-12-03,DMA_125,88.8834578530988,0,0,101.86483161797243
2023-12-03,DMA_126,75.78677279588703,0,0,97.30318457730601
2023-12-03,DMA_127,79.623525543649,0,0,97.88858723934437
2023-12-03,DMA_128,75.99226931974721,0,0,95.33640342798029
2023-12-03,DMA_129,75.27919228769996,0,0,99.76122061927944
2023-12-03,DMA_130,66.75493374048406,0,0,98.17028542405933
2023-12-03,DMA_131,66.79157202161474,0,0,96.50322360251752
2023-12-03,DMA_132,79.73480669785533,0,0,98.10687373163253
2023-12-03,DMA_133,64.3021024219481,0,0,97.30793931667607
2023-12-03,DMA_134,77.32776064643711,0,0,94.90397573166562
2023-12-03,DMA_135,72.75405561568004,0,0,96.61932468075246
2023-12-03,DMA_136,79.8000163035847,0,0,96.81404868949863
2023-12-03,DMA_137,66.92801878744652,0,0,94.40199294907819
2023-12-03,DMA_138,72.83145000263208,0,0,96.45301854840466
2023-12-03,DMA_139,68.97685972245839,0,0,98.56011008081747
2023-12-03,DMA_140,71.92634163532162,0,0,96.82344038930981
2023-12-03,DMA_141,76.58873341212056,0,0,99.0186075896882
2023-12-03,DMA_142,76.9308436565093,0,0,96.34675615212952
2023-12-03,DMA_143,72.64050422709705,0,0,97.16136508696498
2023-12-03,DMA_144,75.86904414876516,0,0,98.04453630783117
2023-12-03,DMA_145,69.57472740721816,0,0,99.5125762751161
2023-12-03,DMA_146,74.64734603672022,0,0,98.12492967880598
2023-12-03,DMA_147,67.92434837331977,0,0,95.2357608282577
2023-12-03,DMA_148,71.36001155652464,0,1,97.78614825486842
2023-12-03,DMA_149,75.43378321600187,0,0,96.23771472625643
2023-12-03,DMA_150,60.09634598692841,0,1,97.87480992278621
2023-12-10,DMA_001,86.97724678943209,0,0,99.32414044964567
2023-12-10,DMA_002,78.4216683040138,0,0,99.38151180592088
2023-12-10,DMA_003,87.33729922576664,0,0,96.77351778618683
2023-12-10,DMA_004,86.93514832532391,0,0,98.84783535710925
2023-12-10,DMA_005,85.7044490897688,0,0,98.46838794097485
2023-12-10,DMA_006,85.12955567510407,0,0,96.92219698998035
2023-12-10,DMA_007,82.76377202875169,0,1,98.32616910545526
2023-12-10,DMA_008,81.42583236019426,0,0,97.17395057959739
2023-12-10,DMA_009,81.14218173644002,0,0,101.20279915870852
2023-12-10,DMA_010,75.04417513259993,0,0,98.4160680609576
2023-12-10,DMA_011,78.61371187706082,0,0,99.58093732339556
2023-12-10,DMA_012,79.41219497186023,0,1,101.31237577702163
2023-12-10,DMA_013,69.669510659499,0,0,98.80569697310754
2023-12-10,DMA_014,79.18943618334073,0,0,96.64243174033035
2023-12-10,DMA_015,75.66306376335147,0,0,97.81378725636759
2023-12-10,DMA_016,69.71137332072975,0,0,99.14663871211032
2023-12-10,DMA_017,80.18344694790163,0,0,98.97539485575443
2023-12-10,DMA_018,78.61894857178147,0,0,94.3770936352764
2023-12-10,DMA_019,81.36758888056848,0,0,99.5446534626145
2023-12-10,DMA_020,72.360895262305,0,0,100.79539590971886
2023-12-10,DMA_021,77.49370925901958,0,0,97.2837870752615
2023-12-10,DMA_022,70.30773134724173,0,0,100.18992966652317
2023-12-10,DMA_023,76.44276944637099,0,0,97.48762874640126
2023-12-10,DMA_024,81.27030444728614,0,0,96.89221004120729
2023-12-10,DMA_025,82.5972634698492,0,0,95.11251723116499
2023-12-10,DMA_026,78.19772876547454,0,0,97.57329833987491
2023-12-10,DMA_027,79.16317322512842,0,0,98.35485091083444
2023-12-10,DMA_028,86.65222186809379,0,0,99.99784212983094
2023-12-10,DMA_029,81.97173688670587,0,0,98.2061846577368
2023-12-10,DMA_030,76.3113271558942,0,0,96.70784167770779
2023-12-10,DMA_031,68.09635982983488,0,0,102.16462361838757
2023-12-10,DMA_032,73.126711424869,0,0,98.29428462600535
2023-12-10,DMA_033,78.43928855840157,0,0,97.16067472981912
2023-12-10,DMA_034,72.37437478736338,0,0,97.67348815269318
2023-12-10,DMA_035,85.54174649103996,0,0,92.83720033694595
2023-12-10,DMA_036,83.66629596456002,0,1,96.09487993300355
2023-12-10,DMA_037,68.66261493123484,0,0,100.07088453810773
2023-12-10,DMA_038,74.79310782072065,0,0,96.62342913623321
2023-12-10,DMA_039,81.28327160524368,0,0,98.19676463576974
2023-12-10,DMA_040,83.55928626073224,0,0,101.29704876910877
2023-12-10,DMA_041,83.483995737321,0,0,97.5560753585005
2023-12-10,DMA_042,83.33594308463243,0,1,99.01072564189396
2023-12-10,DMA_043,81.02537333922145,0,0,98.68320445560659
2023-12-10,DMA_044,79.95184629877214,0,1,94.43205002284671
2023-12-10,DMA_045,98.56061969803116,0,0,99.81180684268006
2023-12-10,DMA_046,77.44522412941983,0,0,96.1525040751581
2023-12-10,DMA_047,81.0344079690203,0,0,98.03270124381648
2023-12-10,DMA_048,70.35429537990656,0,0,101.27955562540569
2023-12-10,DMA_049,68.79887923346095,0,0,95.92212824732377
2023-12-10,DMA_050,78.34281326904372,0,0,95.54858339840546
2023-12-10,DMA_051,80.62161955099066,0,1,97.42304893617322
2023-12-10,DMA_052,78.69331817551873,0,0,95.8428050601295
2023-12-10,DMA_053,81.278139527761,0,0,96.12774962396641
2023-12-10,DMA_054,70.11972406521357,0,1,95.92636581968502
2023-12-10,DMA_055,65.20045640215774,0,1,100.02916667591673
2023-12-10,DMA_056,91.90019117130595,0,0,101.08207398496054
2023-12-10,DMA_057,81.97598063026567,0,1,97.21375939241598
2023-12-10,DMA_058,71.27257705640812,0,0,98.47645155049837
2023-12-10,DMA_059,90.30704769886596,0,0,98.47713152306957
2023-12-10,DMA_060,77.78558244667265,0,0,96.376395961201
2023-12-10,DMA_061,74.51131425772134,0,0,100.65206319492361
2023-12-10,DMA_062,89.50458924989363,0,0,97.3067221872905
2023-12-10,DMA_063,77.31198410331406,0,0,100.344721709673
2023-12-10,DMA_064,71.69098496566393,0,0,100.7102307360778
2023-12-10,DMA_065,84.31447907736354,0,0,98.530944373408
2023-12-10,DMA_066,72.94949946583841,0,0,98.17114161185481
2023-12-10,DMA_067,74.33279654818283,0,1,96.33393053382
2023-12-10,DMA_068,72.69137110588274,0,0,98.98523991595637
2023-12-10,DMA_069,77.44987618148693,0,0,97.87569515155086
2023-12-10,DMA_070,73.27078743259754,0,1,96.2123193666123
2023-12-10,DMA_071,76.17647627614869,0,0,97.09099186186283
2023-12-10,DMA_072,76.88308773977656,0,0,94.72965832069585
2023-12-10,DMA_073,77.58241239962659,0,0,99.60940977780842
2023-12-10,DMA_074,80.44497822414905,0,0,99.64932598171167
2023-12-10,DMA_075,77.33459722756432,0,0,96.68448874399466
2023-12-10,DMA_076,82.777762917615,0,1,97.35917304272105
2023-12-10,DMA_077,68.18049897872883,0,1,96.76137529503112
2023-12-10,DMA_078,79.95932984071933,0,0,97.31473843631147
2023-12-10,DMA_079,74.8395455981107,0,0,95.10210758204609
2023-12-10,DMA_080,81.84803920291604,0,0,100.3055528818237
2023-12-10,DMA_081,78.18540631513078,0,0,99.90019434815075
2023-12-10,DMA_082,86.86002737705829,0,0,97.64231604824154
2023-12-10,DMA_083,86.10386880286278,0,0,98.1143006365061
2023-12-10,DMA_084,68.14450366895701,0,1,98.99971870310259
2023-12-10,DMA_085,75.81300342997851,0,0,100.30081382127455
2023-12-10,DMA_086,78.34891041600795,0,0,98.3330867854317
2023-12-10,DMA_087,83.39663214854585,0,0,97.5579161307782
2023-12-10,DMA_088,77.24977163145604,0,0,96.4861858895543
2023-12-10,DMA_089,80.90250724005142,0,0,99.57444708573415
2023-12-10,DMA_090,75.93494985903078,0,0,98.90206172282727
2023-12-10,DMA_091,80.3042278694139,0,0,97.6893396415737
2023-12-10,DMA_092,73.77035836645715,0,0,95.74816830941705
2023-12-10,DMA_093,65.8184759295161,0,0,98.33034428037567
2023-12-10,DMA_094,76.56244793314717,0,0,98.86698472465548
2023-12-10,DMA_095,76.65731993180836,0,0,98.48958221580081
2023-12-10,DMA_096,72.39961504490807,0,0,100.73040688054901
2023-12-10,DMA_097,87.46059214107405,0,0,97.87098337232986
2023-12-10,DMA_098,67.9468730344647,0,0,97.32314101024933
2023-12-10,DMA_099,82.08712143325845,0,0,95.14609484570562
2023-12-10,DMA_100,84.55253819240451,0,0,97.57980026327085
2023-12-10,DMA_101,70.14959084694972,0,0,98.20956006899422
2023-12-10,DMA_102,72.87529645957015,0,0,98.36528610049048
2023-12-10,DMA_103,74.26803563297719,0,0,98.67252513078672
2023-12-10,DMA_104,78.23787980654615,0,1,96.99570158462708
2023-12-10,DMA_105,79.07119977513331,0,0,96.43543475585567
2023-12-10,DMA_106,74.43701342977917,0,0,99.15531833580737
2023-12-10,DMA_107,73.86461845129972,0,0,96.6786104739504
2023-12-10,DMA_108,75.91830952547504,0,0,95.9487508442159
2023-12-10,DMA_109,64.79805516001053,0,1,96.68019107160917
2023-12-10,DMA_110,77.34478799730626,0,0,101.58093318437105
2023-12-10,DMA_111,76.09400643387717,0,0,96.70108701662492
2023-12-10,DMA_112,74.7889277000698,0,0,98.39079650626434
2023-12-10,DMA_113,79.56480272629925,0,0,104.28617470677565
2023-12-10,DMA_114,75.67754810008766,0,0,97.11991455942156
2023-12-10,DMA_115,82.69939788593324,0,0,97.35035190212773
2023-12-10,DMA_116,70.6698116719851,0,0,99.82768902964759
2023-12-10,DMA_117,72.96635703247452,0,1,98.43727492634659
2023-12-10,DMA_118,72.61836365935571,0,0,97.60253339624148
2023-12-10,DMA_119,75.66757058356905,0,0,96.2593642068737
2023-12-10,DMA_120,69.97180565734448,0,0,101.00509597017985
2023-12-10,DMA_121,74.04319611862813,0,0,98.1423781899295
2023-12-10,DMA_122,72.0197526920206,0,0,98.22503172821284
2023-12-10,DMA_123,74.52933564542815,0,0,96.2713914359192
2023-12-10,DMA_124,71.62260159037578,0,1,98.52664055176548
2023-12-10,DMA_125,69.87562877229138,0,0,100.58765993535825
2023-12-10,DMA_126,81.13666529288159,0,0,98.94435474360435
2023-12-10,DMA_127,67.95614224000494,0,0,94.21370055938758
2023-12-10,DMA_128,67.71050873888052,0,0,102.93531153579566
2023-12-10,DMA_129,73.6641937207265,0,0,97.50318598010806
2023-12-10,DMA_130,66.04498733938303,0,1,99.61784727192035
2023-12-10,DMA_131,78.7299665643149,0,0,97.34833510893588
2023-12-10,DMA_132,82.50921821704685,0,0,100.9272992172389
2023-12-10,DMA_133,79.44371787588771,0,0,100.99982499426991
2023-12-10,DMA_134,77.96460594846735,0,0,96.16945622958825
2023-12-10,DMA_135,75.73118732781943,0,0,94.99044313892355
2023-12-10,DMA_136,77.48314134101679,0,0,96.8398319531219
2023-12-10,DMA_137,82.0646378334676,0,0,96.47043032790151
2023-12-10,DMA_138,78.3932865268164,0,0,100.02409138018936
2023-12-10,DMA_139,74.24556730911414,0,1,100.2187345673503
2023-12-10,DMA_140,75.85610557995693,0,0,100.47907912137376
2023-12-10,DMA_141,70.67671782098694,0,0,98.65051090108315
2023-12-10,DMA_142,82.04919336120456,0,0,95.1152958796091
2023-12-10,DMA_143,79.59188269766071,0,0,99.77071675181918
2023-12-10,DMA_144,64.91181179192043,0,0,96.80413267617828
2023-12-10,DMA_145,78.36240412680432,0,1,95.96287626634039
2023-12-10,DMA_146,69.61652245217333,0,1,98.49484386701272
2023-12-10,DMA_147,77.03763664288579,0,0,98.64673904307702
2023-12-10,DMA_148,91.07976519240293,0,1,97.24285644616387
2023-12-10,DMA_149,72.87209588737417,0,0,99.3008654174295
2023-12-10,DMA_150,73.5130598713509,0,0,97.57939848541892
2023-12-17,DMA_001,68.82050862418849,0,0,96.23652325486853
2023-12-17,DMA_002,79.72058901103185,0,0,101.84780721047372
2023-12-17,DMA_003,79.88039766175108,0,0,98.74119205024405
2023-12-17,DMA_004,70.49308142165343,0,0,100.32830781399721
2023-12-17,DMA_005,72.40316616660498,0,0,100.07375998801119
2023-12-17,DMA_006,82.09547459151408,0,0,97.12786064137578
2023-12-17,DMA_007,80.34735262546349,0,0,104.74280774519077
2023-12-17,DMA_008,78.61134736730988,0,0,96.42101054235194
2023-12-17,DMA_009,74.51261779647632,0,0,100.83761009002909
2023-12-17,DMA_010,74.32024439932314,0,0,98.10691579796931
2023-12-17,DMA_011,75.80487349513879,0,0,99.10942648592263
2023-12-17,DMA_012,72.54471950806399,0,0,102.40220020698013
2023-12-17,DMA_013,78.00047798237227,0,1,97.62310643855157
2023-12-17,DMA_014,75.42365977630178,0,0,101.54462177000332
2023-12-17,DMA_015,78.56774146097005,0,1,100.79033040339276
2023-12-17,DMA_016,67.35799921370855,0,1,96.62146849760515
2023-12-17,DMA_017,81.5609126074884,0,0,98.66390390846614
2023-12-17,DMA_018,78.64223124035381,0,0,97.36279397388351
2023-12-17,DMA_019,85.87668445842742,0,0,100.17265080060515
2023-12-17,DMA_020,88.90680427265984,0,0,100.44353560228087
2023-12-17,DMA_021,80.48336271896287,0,0,97.87850387992202
2023-12-17,DMA_022,82.29232540862075,0,1,98.80647908410621
2023-12-17,DMA_023,80.97709533235667,0,0,96.9943786292245
2023-12-17,DMA_024,82.56374808107905,0,0,98.44045382472132
2023-12-17,DMA_025,90.70010178097556,0,0,101.54963874856688
2023-12-17,DMA_026,84.89960545297731,0,0,99.37007129815562
2023-12-17,DMA_027,83.64941713068252,0,0,97.8154611967499
2023-12-17,DMA_028,80.94923628357441,0,0,95.66541077775467
2023-12-17,DMA_029,75.8472025604101,0,1,97.96774452604144
2023-12-17,DMA_030,79.66978171000997,0,0,99.04855420834718
2023-12-17,DMA_031,83.1258086999469,0,1,97.66403321559278
2023-12-17,DMA_032,70.90881485380484,0,0,98.6846588807977
2023-12-17,DMA_033,74.51580072849956,0,0,99.44483654817236
2023-12-17,DMA_034,74.39807030402575,0,0,96.39904623590374
2023-12-17,DMA_035,79.30266906065579,0,0,100.08940081668446
2023-12-17,DMA_036,78.1670135062828,0,0,101.93454899201168
2023-12-17,DMA_037,83.50429135114192,0,0,97.91832904851915
2023-12-17,DMA_038,82.0614424304973,0,0,96.529918143062
2023-12-17,DMA_039,73.19553805355713,0,0,97.2140907958872
2023-12-17,DMA_040,74.04057087568475,0,0,100.85118690398139
2023-12-17,DMA_041,77.34279208590269,0,0,98.28445557046362
2023-12-17,DMA_042,73.85578375299536,0,1,100.6947754406404
2023-12-17,DMA_043,81.47474462725295,0,0,101.79734158622362
2023-12-17,DMA_044,82.36439946072817,0,0,99.28530401703009
2023-12-17,DMA_045,77.67303239094784,0,0,101.2421490365407
2023-12-17,DMA_046,78.87537425052646,0,0,99.28220439389561
2023-12-17,DMA_047,73.09722093485853,0,0,96.57649988134743
2023-12-17,DMA_048,93.22421385107135,0,0,99.87222643050822
2023-12-17,DMA_049,85.70830664689798,0,0,96.95014313758075
2023-12-17,DMA_050,83.68942221467283,0,0,103.0874698556206
2023-12-17,DMA_051,80.70074454528498,0,0,103.51763645510658
2023-12-17,DMA_052,79.37348981349285,0,0,98.87937183788581
2023-12-17,DMA_053,75.42574909391647,0,0,98.5368528768707
2023-12-17,DMA_054,72.97291788554824,0,1,96.57269334380047
2023-12-17,DMA_055,66.65749636514488,0,0,96.64296226177036
2023-12-17,DMA_056,82.85998524720193,0,0,93.0544798729137
2023-12-17,DMA_057,78.83624897473432,0,0,103.57183649172006
2023-12-17,DMA_058,79.61229387084082,0,0,102.89926027845759
2023-12-17,DMA_059,83.63202245065484,0,0,101.90048962606677
2023-12-17,DMA_060,80.57636989900998,0,0,98.94185460143268
2023-12-17,DMA_061,77.50099596017718,0,0,97.9825191384568
2023-12-17,DMA_062,82.12505878240758,0,0,99.5178119355389
2023-12-17,DMA_063,81.57964138890297,0,0,99.3900215348915
2023-12-17,DMA_064,72.23186660309311,0,0,99.61170037045159
2023-12-17,DMA_065,85.20173887942785,0,1,99.76356337399105
2023-12-17,DMA_066,78.76500990031715,0,0,100.14457797089075
2023-12-17,DMA_067,81.60707101633916,0,0,100.13970528586566
2023-12-17,DMA_068,88.7297001613163,0,0,95.67388490060091
2023-12-17,DMA_069,73.8613154739957,0,0,97.99076915793825
2023-12-17,DMA_070,74.05876049876615,0,0,94.82366687038441
2023-12-17,DMA_071,73.25882078479096,0,0,97.23843290750058
2023-12-17,DMA_072,83.37357724767364,0,0,97.88919919419884
2023-12-17,DMA_073,86.45128425534517,0,0,99.50829502796873
2023-12-17,DMA_074,72.12825800590123,0,0,99.84742132881121
2023-12-17,DMA_075,82.14089324242573,0,0,97.09051841850797
2023-12-17,DMA_076,76.50904401028298,0,0,103.22837536718782
2023-12-17,DMA_077,82.92944660624909,0,0,101.53937815099877
2023-12-17,DMA_078,78.35046803214979,0,0,98.20326884885334
2023-12-17,DMA_079,72.28978899569515,0,0,98.44755259081543
2023-12-17,DMA_080,78.3764278575985,0,1,100.7656902163805
2023-12-17,DMA_081,72.28312102489309,0,1,101.32044099009669
2023-12-17,DMA_082,75.08761537194565,0,0,97.5223956305457
2023-12-17,DMA_083,69.5458866259273,0,1,95.73765884090058
2023-12-17,DMA_084,93.38786867261,0,0,98.27118700978345
2023-12-17,DMA_085,86.15867933839382,0,1,101.2160570023157
2023-12-17,DMA_086,81.36320266997869,0,0,96.45973009945823
2023-12-17,DMA_087,73.70286090533676,0,0,102.04986061384295
2023-12-17,DMA_088,85.76935321520857,0,0,100.79414227368072
2023-12-17,DMA_089,71.28146311546374,0,0,100.29676371286435
2023-12-17,DMA_090,74.21398859346905,0,0,97.96686437959548
2023-12-17,DMA_091,68.32534368507174,0,0,98.24310463960673
2023-12-17,DMA_092,80.1233898207971,0,1,100.68196416960184
2023-12-17,DMA_093,83.45787714109808,0,0,95.57704094573108
2023-12-17,DMA_094,72.99187762123358,0,1,101.53310273756045
2023-12-17,DMA_095,77.47719563131903,0,1,97.70174388649362
2023-12-17,DMA_096,94.16780568625451,0,0,97.78823098195402
2023-12-17,DMA_097,82.55003826577268,0,0,102.9717171542816
2023-12-17,DMA_098,78.24073734919314,0,0,99.85865996657667
2023-12-17,DMA_099,69.63898752095386,0,0,95.36339491427678
2023-12-17,DMA_100,86.15566652124312,0,0,101.48376581600999
2023-12-17,DMA_101,88.64477654394946,0,0,98.14668558721114
2023-12-17,DMA_102,84.46262744934097,0,0,100.62349658332478
2023-12-17,DMA_103,70.68277928866121,0,0,99.72471432236776
2023-12-17,DMA_104,70.38983569832085,0,1,98.29840210664041
2023-12-17,DMA_105,85.76790174881009,0,1,99.88725815287162
2023-12-17,DMA_106,86.66906490338552,0,1,94.82189332156109
2023-12-17,DMA_107,77.10628158247535,0,1,97.86669045534086
2023-12-17,DMA_108,79.80081421077728,0,0,98.10241732030993
2023-12-17,DMA_109,62.82335286210363,0,1,96.45593524204864
2023-12-17,DMA_110,86.38019446641283,0,0,103.05589060773781
2023-12-17,DMA_111,78.0264447570385,0,0,102.64641824743144
2023-12-17,DMA_112,76.79643127987622,0,1,100.11119830314368
2023-12-17,DMA_113,80.68846482262732,0,0,100.70233114564866
2023-12-17,DMA_114,78.67909286962379,0,0,100.52449500913208
2023-12-17,DMA_115,71.70856452161715,0,0,98.42527208685921
2023-12-17,DMA_116,82.57069046079395,0,0,98.71150050847865
2023-12-17,DMA_117,74.8639657300278,0,0,99.25703438129686
2023-12-17,DMA_118,74.79237066736046,0,0,100.67357232915084
2023-12-17,DMA_119,84.04637785519968,0,1,97.85321848330737
2023-12-17,DMA_120,86.7640231646447,0,0,99.44743668783157
2023-12-17,DMA_121,71.6710670289841,0,0,98.05979309601176
2023-12-17,DMA_122,82.62469196682756,0,0,98.78197471940453
2023-12-17,DMA_123,72.89690465021306,0,0,101.04465278111915
2023-12-17,DMA_124,85.60954392234554,0,1,99.21183182113562
2023-12-17,DMA_125,95.34899886968414,0,0,95.4445526347518
2023-12-17,DMA_126,75.32847801603315,0,0,99.00475394293338
2023-12-17,DMA_127,80.28818912985255,0,1,97.49525026010852
2023-12-17,DMA_128,80.55628557818777,0,1,95.71501640140464
2023-12-17,DMA_129,76.17037475486377,0,0,98.53823417914094
2023-12-17,DMA_130,84.95745621338635,0,0,102.2280815393088
2023-12-17,DMA_131,76.58219800956432,0,0,100.03189932879371
2023-12-17,DMA_132,85.73250402393163,0,0,100.10962999508247
2023-12-17,DMA_133,67.42012334476034,0,0,101.84295463526419
2023-12-17,DMA_134,83.13097828981542,0,0,101.47880095765332
2023-12-17,DMA_135,75.85045702829915,0,0,96.00717344595513
2023-12-17,DMA_136,74.13994221936608,0,0,100.24573671786361
2023-12-17,DMA_137,70.52467166912861,0,0,97.51898913707446
2023-12-17,DMA_138,83.2960576047366,0,0,98.6823817894236
2023-12-17,DMA_139,77.23783275518306,0,0,96.99045511772442
2023-12-17,DMA_140,88.58733313074171,0,0,99.24078945712733
2023-12-17,DMA_141,79.60649781755683,0,0,94.38583634791024
2023-12-17,DMA_142,81.22332182837695,0,0,99.80875627670115
2023-12-17,DMA_143,78.87416538295061,0,0,96.2753588732148
2023-12-17,DMA_144,72.88113975458238,0,0,100.27947481927153
2023-12-17,DMA_145,77.70612650938921,0,0,102.67785616868846
2023-12-17,DMA_146,79.55696052593073,0,1,101.08330462784991
2023-12-17,DMA_147,74.64474574513955,0,0,99.80471113043461
2023-12-17,DMA_148,78.15490937849995,0,0,93.9506118327606
2023-12-17,DMA_149,92.29876977692915,0,0,100.57808595441034
2023-12-17,DMA_150,73.01535038779363,0,0,99.10077312020955
2023-12-24,DMA_001,84.87639076619735,0,0,96.93460551254299
2023-12-24,DMA_002,78.57228237820472,0,0,101.41221144575827
2023-12-24,DMA_003,84.00868322946117,0,0,98.57211131103107
2023-12-24,DMA_004,74.50084332906498,0,0,99.02158231694355
2023-12-24,DMA_005,84.90967378895569,0,1,103.09046291928776
2023-12-24,DMA_006,87.94434246314702,0,1,101.00814287872501
2023-12-24,DMA_007,83.39143728655851,0,0,98.43502434796365
2023-12-24,DMA_008,81.27559069870416,0,0,100.81517690676021
2023-12-24,DMA_009,87.44266362230483,0,0,99.30380670722845
2023-12-24,DMA_010,73.73825398540228,0,0,97.9989234824144
2023-12-24,DMA_011,73.09800098160389,0,0,98.4031849285468
2023-12-24,DMA_012,75.87468553039207,0,0,98.93097700482156
2023-12-24,DMA_013,80.76860692796494,0,0,103.27825447573629
2023-12-24,DMA_014,68.51819409671432,0,0,98.63412920630302
2023-12-24,DMA_015,75.30349266187001,0,0,99.73207837674197
2023-12-24,DMA_016,83.05669997143917,0,0,98.527531734464
2023-12-24,DMA_017,83.92955929891204,0,0,98.14454722400436
2023-12-24,DMA_018,76.48313494591048,0,0,98.66210092909319
2023-12-24,DMA_019,85.07891679583656,0,0,98.7887941958585
2023-12-24,DMA_020,74.59822111147884,0,0,98.64866468127778
2023-12-24,DMA_021,67.50543600029815,0,0,99.68135703015058
2023-12-24,DMA_022,73.38425003217144,0,0,96.72186041697613
2023-12-24,DMA_023,81.50269314268881,0,0,98.58465610307388
2023-12-24,DMA_024,73.19560205892677,0,0,98.58162875932801
2023-12-24,DMA_025,82.54595105171462,0,0,95.42787035554116
2023-12-24,DMA_026,76.50296603574371,0,0,96.87789398047646
2023-12-24,DMA_027,86.10578147891337,0,0,96.66071508335541
2023-12-24,DMA_028,80.66869467074342,0,0,100.80015876286822
2023-12-24,DMA_029,84.91170610634819,0,0,101.40162277033716
2023-12-24,DMA_030,74.15485958514358,0,0,101.42741871204191
2023-12-24,DMA_031,88.91488716515575,0,0,98.27984977852306
2023-12-24,DMA_032,83.98548663403243,0,0,97.86436746739876
2023-12-24,DMA_033,75.31304956221136,0,0,100.45754380013994
2023-12-24,DMA_034,73.6021453807963,0,0,99.04010008857445
2023-12-24,DMA_035,83.152936392415,0,0,98.48583419752576
2023-12-24,DMA_036,81.61579032055145,0,0,100.70102646875988
2023-12-24,DMA_037,64.93383569484939,0,0,98.00804694912713
2023-12-24,DMA_038,77.43067511053628,0,1,99.03522151732196
2023-12-24,DMA_039,74.19545692285848,0,0,100.58868543299491
2023-12-24,DMA_040,82.48382848627251,0,1,100.35496341502116
2023-12-24,DMA_041,78.7755148115359,0,1,99.83449246182366
2023-12-24,DMA_042,76.77683907817735,0,0,97.39088274587087
2023-12-24,DMA_043,79.66185763028051,0,0,99.5737211485487
2023-12-24,DMA_044,79.87029811910898,0,0,98.88050100352373
2023-12-24,DMA_045,81.39312391710875,0,0,99.85477847804995
2023-12-24,DMA_046,80.83619101395395,0,1,100.65793475743139
2023-12-24,DMA_047,77.6148367471987,0,0,98.41829814864307
2023-12-24,DMA_048,80.20208811124527,0,0,98.8957401933297
2023-12-24,DMA_049,82.4955471668317,0,0,99.11591719343917
2023-12-24,DMA_050,79.46071597154804,0,0,96.92900521050066
2023-12-24,DMA_051,83.11723516516295,0,0,99.44950742911375
2023-12-24,DMA_052,78.39243654540392,0,0,98.19016865840467
2023-12-24,DMA_053,76.05896923088179,0,0,101.7418793633462
2023-12-24,DMA_054,83.80702125382882,0,1,98.43262045347186
2023-12-24,DMA_055,83.36191788652135,0,1,99.86301178668032
2023-12-24,DMA_056,72.82949029938457,0,0,100.08076260521294
2023-12-24,DMA_057,81.87377825884113,0,1,99.05234619034417
2023-12-24,DMA_058,75.56503152175833,0,1,100.64942853845258
2023-12-24,DMA_059,75.14337150458958,0,0,101.59048324017458
2023-12-24,DMA_060,73.03381415866558,0,0,100.15027731386084
2023-12-24,DMA_061,76.60244959801166,0,0,99.0164824751215
2023-12-24,DMA_062,82.17536077342403,0,0,97.37731698499785
2023-12-24,DMA_063,81.25593007941532,0,0,98.83072828095784
2023-12-24,DMA_064,74.4729553767617,0,0,98.7258344921197
2023-12-24,DMA_065,77.89699763715797,0,0,101.74129181626084
2023-12-24,DMA_066,71.96891705540071,0,0,96.06351344978461
2023-12-24,DMA_067,83.03619262019733,0,0,100.32028781521471
2023-12-24,DMA_068,66.25804872057817,0,0,99.85068364061267
2023-12-24,DMA_069,76.59539844460232,0,0,97.93832083879948
2023-12-24,DMA_070,78.95052490793677,0,0,98.74043371012661
2023-12-24,DMA_071,78.91075412239594,0,0,102.42940201986438
2023-12-24,DMA_072,79.12360513005866,0,1,96.32533643212015
2023-12-24,DMA_073,82.17277422083654,0,1,98.95090947019102
2023-12-24,DMA_074,78.62265709310212,0,0,95.30408471821212
2023-12-24,DMA_075,81.0940492785612,0,0,93.44256014538846
2023-12-24,DMA_076,85.88964936415798,0,0,97.59496558818033
2023-12-24,DMA_077,80.96683730791564,0,0,99.63337157568994
2023-12-24,DMA_078,78.72850971660039,0,0,99.06370709685363
2023-12-24,DMA_079,77.76620089882576,0,0,100.85401107661733
2023-12-24,DMA_080,73.68373897352481,0,0,98.2717273841766
2023-12-24,DMA_081,84.41762570377696,0,0,103.64931753155109
2023-12-24,DMA_082,78.73142042013926,0,1,97.66013605070164
2023-12-24,DMA_083,85.02548916314717,0,0,97.05218429090235
2023-12-24,DMA_084,85.95034631598281,0,0,97.94554060697241
2023-12-24,DMA_085,83.26848371145782,0,0,98.42054710136864
2023-12-24,DMA_086,83.97596037819737,0,0,98.50032862507354
2023-12-24,DMA_087,78.52137203126993,0,0,98.75946810456527
2023-12-24,DMA_088,78.38232381582746,0,0,101.36859950043356
2023-12-24,DMA_089,68.94669039922617,0,0,101.44155451532603
2023-12-24,DMA_090,75.56974513127213,0,0,99.66212607700383
2023-12-24,DMA_091,75.348189113829,0,0,103.29414361719013
2023-12-24,DMA_092,88.05880880039538,0,0,96.8778606447406
2023-12-24,DMA_093,79.03881741381768,0,0,99.12730901333963
2023-12-24,DMA_094,82.02385630945801,0,0,96.29434811567052
2023-12-24,DMA_095,78.49778503056585,0,1,98.32445472279468
2023-12-24,DMA_096,80.24158690055779,0,0,97.02112952036073
2023-12-24,DMA_097,78.07460067861892,0,0,96.58525923185414
2023-12-24,DMA_098,71.65367477406997,0,0,99.14514542307667
2023-12-24,DMA_099,75.09510965912732,0,0,95.87921127591927
2023-12-24,DMA_100,86.06638879019853,0,0,101.71891181962226
2023-12-24,DMA_101,71.67807158477625,0,0,99.97003788857907
2023-12-24,DMA_102,73.89126016475468,0,0,99.51279945429499
2023-12-24,DMA_103,83.77086023265343,0,0,99.93993741181286
2023-12-24,DMA_104,75.37451265792228,0,0,95.43489216570005
2023-12-24,DMA_105,80.02775464181839,0,0,101.58475865325074
2023-12-24,DMA_106,79.75420077019743,0,1,100.96163244175041
2023-12-24,DMA_107,84.21924138906954,0,0,97.90436814174858
2023-12-24,DMA_108,88.66339979387045,0,0,105.50393757236387
2023-12-24,DMA_109,64.12967582958632,0,0,103.25800115277889
2023-12-24,DMA_110,90.05586057390093,0,0,101.69574249589778
2023-12-24,DMA_111,73.12645109607449,0,0,99.71154890045219
2023-12-24,DMA_112,93.10121477733541,0,0,101.73446190766033
2023-12-24,DMA_113,74.04035231724006,0,0,100.17714230157976
2023-12-24,DMA_114,79.18291584420498,0,0,102.40584838051691
2023-12-24,DMA_115,83.26361883668083,0,0,103.7222915028046
2023-12-24,DMA_116,76.91912405969241,0,0,100.3857717341085
2023-12-24,DMA_117,84.86355233122441,0,0,98.65259744562336
2023-12-24,DMA_118,75.66277725159378,0,0,97.5505587114486
2023-12-24,DMA_119,76.73558002483173,0,0,96.64402209992701
2023-12-24,DMA_120,77.9692486840023,0,0,102.2614906704026
2023-12-24,DMA_121,79.61151588264914,0,0,102.90315770223441
2023-12-24,DMA_122,80.77918810599807,0,0,100.9633389157841
2023-12-24,DMA_123,77.43023785251711,0,1,101.72069861217838
2023-12-24,DMA_124,79.05851180546986,0,0,97.43725892034561
2023-12-24,DMA_125,82.93843543996161,0,0,100.2221569735804
2023-12-24,DMA_126,84.04635398316884,0,1,96.91478956807251
2023-12-24,DMA_127,69.52424849105655,0,0,101.39371762980656
2023-12-24,DMA_128,77.27367020644726,0,0,100.11558283521107
2023-12-24,DMA_129,77.84451025257513,0,0,96.89563427901301
2023-12-24,DMA_130,86.75472322390526,0,0,96.79041017832583
2023-12-24,DMA_131,73.53947379595144,0,0,99.15386453559218
2023-12-24,DMA_132,85.7306697384148,0,1,98.8595547823821
2023-12-24,DMA_133,86.90684048619515,0,1,98.58902462701057
2023-12-24,DMA_134,82.73323171862185,0,0,102.24953191215396
2023-12-24,DMA_135,77.12484081118465,0,1,100.53224610466884
2023-12-24,DMA_136,70.06417127883381,0,0,99.09595059462805
2023-12-24,DMA_137,76.3996900350412,0,0,99.77459521194868
2023-12-24,DMA_138,70.04310364763002,0,0,99.1186932738656
2023-12-24,DMA_139,79.94635052325557,0,0,96.81968147681408
2023-12-24,DMA_140,73.04189314721306,0,0,99.51644355059966
2023-12-24,DMA_141,82.93681495182666,0,0,98.86289099936228
2023-12-24,DMA_142,81.98781270519736,0,0,98.72395466904173
2023-12-24,DMA_143,83.79342792782819,0,1,102.46124735303644
2023-12-24,DMA_144,75.90380891136488,0,0,100.11366575918294
2023-12-24,DMA_145,73.95059277551005,0,0,100.74998583400152
2023-12-24,DMA_146,82.09559818276188,0,1,97.59272191358586
2023-12-24,DMA_147,68.54055557980567,0,0,101.23305218352932
2023-12-24,DMA_148,74.59220784747212,0,0,100.70201011732853
2023-12-24,DMA_149,70.92145780340985,0,0,97.36493013967217
2023-12-24,DMA_150,83.96426393328325,0,0,96.96083662370462
2023-12-31,DMA_001,80.01157652880893,1,0,100.40466071063047
2023-12-31,DMA_002,80.8807953656419,1,0,101.33752100164797
2023-12-31,DMA_003,79.91730757034505,1,0,97.2788863984933
2023-12-31,DMA_004,78.48071064733627,1,0,102.05740995958392
2023-12-31,DMA_005,79.01219273563294,1,0,99.6612766705442
2023-12-31,DMA_006,75.36309741274255,1,0,101.33568647462081
2023-12-31,DMA_007,80.63706403522652,1,0,100.70698636637168
2023-12-31,DMA_008,81.58521372411354,1,0,100.23084556866146
2023-12-31,DMA_009,71.13734719780707,1,0,99.75025118853256
2023-12-31,DMA_010,82.83983818716031,1,0,101.3263932007765
2023-12-31,DMA_011,86.78804443482791,1,1,103.26513783328251
2023-12-31,DMA_012,80.3912438081973,1,1,99.97442311917416
2023-12-31,DMA_013,82.0685617473974,1,0,99.26114987686127
2023-12-31,DMA_014,69.4993828870765,1,0,104.26597101758084
2023-12-31,DMA_015,86.79159422634481,1,1,99.5592015578046
2023-12-31,DMA_016,70.18038005527895,1,0,102.40490242075745
2023-12-31,DMA_017,79.25035266710275,1,0,101.34202990902672
2023-12-31,DMA_018,85.07589293625978,1,1,100.1976137661959
2023-12-31,DMA_019,79.81928047455555,1,0,103.93050057099745
2023-12-31,DMA_020,69.16647424403759,1,0,98.5314947914872
2023-12-31,DMA_021,67.49745626254587,1,0,100.69584995463127
2023-12-31,DMA_022,86.00079406954205,1,0,102.4548547894522
2023-12-31,DMA_023,84.40923029090521,1,0,98.14031607203468
2023-12-31,DMA_024,87.564783559854,1,0,101.91801393725301
2023-12-31,DMA_025,74.29616210226573,1,0,99.74086466151122
2023-12-31,DMA_026,83.13133746895686,1,0,101.18681673766376
2023-12-31,DMA_027,72.77119994554101,1,0,98.53752603112207
2023-12-31,DMA_028,77.2826329325866,1,0,102.03612598409529
2023-12-31,DMA_029,75.64255753069924,1,0,97.92460705749568
2023-12-31,DMA_030,74.29954967697955,1,0,100.26302523967473
2023-12-31,DMA_031,80.25881955334016,1,0,96.78719085139284
2023-12-31,DMA_032,77.02752882362383,1,1,99.27891853895316
2023-12-31,DMA_033,85.7903701355944,1,0,97.26811109121876
2023-12-31,DMA_034,78.73125832044924,1,1,103.8212573204592
2023-12-31,DMA_035,85.71365826418052,1,0,100.51613253491735
2023-12-31,DMA_036,81.58988526970268,1,0,100.01327289929291
2023-12-31,DMA_037,75.56367229978625,1,1,100.95402601818789
2023-12-31,DMA_038,75.57558817152682,1,0,100.0736517070365
2023-12-31,DMA_039,78.17594260684558,1,0,95.2551836012601
2023-12-31,DMA_040,84.06421797480695,1,0,101.45273611944936
2023-12-31,DMA_041,81.99438064320697,1,1,98.11996879318744
2023-12-31,DMA_042,83.73522852371138,1,0,102.05453924615912
2023-12-31,DMA_043,75.07626516747621,1,0,104.09647947818603
2023-12-31,DMA_044,85.44115929766258,1,0,99.88534084194677
2023-12-31,DMA_045,81.67030107077652,1,0,104.92399516932548
2023-12-31,DMA_046,76.58115135514198,1,0,97.66032814190551
2023-12-31,DMA_047,81.6598887383324,1,0,98.11259077390824
2023-12-31,DMA_048,81.200991830697,1,0,98.64947149790952
2023-12-31,DMA_049,83.15898307148564,1,0,98.47831789027394
2023-12-31,DMA_050,91.22497268932088,1,0,99.44122656815888
2023-12-31,DMA_051,86.29743443440125,1,0,99.16441577472489
2023-12-31,DMA_052,80.73316430879109,1,0,103.12487420250176
2023-12-31,DMA_053,84.24909615734066,1,1,100.1879684685473
2023-12-31,DMA_054,86.04052993919859,1,1,98.61965248133146
2023-12-31,DMA_055,88.49310607905086,1,0,101.22209162269904
2023-12-31,DMA_056,77.13127867106161,1,0,99.24615491427659
2023-12-31,DMA_057,86.55817462309929,1,1,100.46888931701614
2023-12-31,DMA_058,84.46263219893197,1,0,100.17399537796567
2023-12-31,DMA_059,68.39247099775054,1,0,96.15717218469273
2023-12-31,DMA_060,75.26900046500195,1,1,101.82256670773828
2023-12-31,DMA_061,86.85686520299494,1,0,102.54733921651128
2023-12-31,DMA_062,77.57116757095757,1,0,101.6147904236443
2023-12-31,DMA_063,77.2068677858002,1,0,100.71256302303793
2023-12-31,DMA_064,72.44552625416486,1,0,99.04766245915357
2023-12-31,DMA_065,81.71815221245456,1,0,100.66500174653066
2023-12-31,DMA_066,84.53934169823359,1,0,101.23446873605076
2023-12-31,DMA_067,81.34272725050522,1,0,101.2364514085398
2023-12-31,DMA_068,87.49830948581666,1,0,99.00132804548686
2023-12-31,DMA_069,75.14096906324794,1,0,97.79675660131738
2023-12-31,DMA_070,84.89340565330745,1,1,97.11592135558979
2023-12-31,DMA_071,82.22645482870902,1,1,98.0575012890339
2023-12-31,DMA_072,77.6386926908229,1,0,101.57749943233344
2023-12-31,DMA_073,86.52929082827396,1,0,98.61889559350303
2023-12-31,DMA_074,77.13609483395459,1,0,99.20509807754127
2023-12-31,DMA_075,75.83319373006809,1,0,102.6229058283384
2023-12-31,DMA_076,79.7043360616655,1,0,100.57121104953102
2023-12-31,DMA_077,81.71727809655708,1,0,100.28948648287773
2023-12-31,DMA_078,79.9531517392505,1,0,99.607741120633
2023-12-31,DMA_079,82.01558393733804,1,0,99.14141625326555
2023-12-31,DMA_080,76.76900358887336,1,0,101.94107514489554
2023-12-31,DMA_081,93.14855636836464,1,0,99.55348562930153
2023-12-31,DMA_082,72.94634354742196,1,0,97.37085538370424
2023-12-31,DMA_083,73.79998834979664,1,0,99.17559021661724
2023-12-31,DMA_084,67.25564301555748,1,0,100.3585337181067
2023-12-31,DMA_085,78.33347383939171,1,1,101.25576577365108
2023-12-31,DMA_086,72.9959707729014,1,0,98.26595447983159
2023-12-31,DMA_087,71.39369130813405,1,0,103.67090105082302
2023-12-31,DMA_088,93.1127314984335,1,0,96.19601426888275
2023-12-31,DMA_089,84.77911967000045,1,0,98.65476910246701
2023-12-31,DMA_090,90.31826126192256,1,0,100.21437348887517
2023-12-31,DMA_091,86.00220631979069,1,0,102.78089393164225
2023-12-31,DMA_092,89.43276586994314,1,1,98.30320280031461
2023-12-31,DMA_093,76.91409275287965,1,0,98.9303977452771
2023-12-31,DMA_094,86.54814940160344,1,0,100.79910872639643
2023-12-31,DMA_095,89.49065107623912,1,0,96.80209950543284
2023-12-31,DMA_096,79.11619480472336,1,0,100.64718972547435
2023-12-31,DMA_097,84.39356724616756,1,0,100.38637618538513
2023-12-31,DMA_098,76.18957593649554,1,0,103.07124547027747
2023-12-31,DMA_099,75.88331893824287,1,0,97.58130664197132
2023-12-31,DMA_100,81.57434400846186,1,0,100.58594225763953
2023-12-31,DMA_101,89.0595985210633,1,0,102.9371310043103
2023-12-31,DMA_102,81.70552440054912,1,0,102.91221127192064
2023-12-31,DMA_103,74.78254360399902,1,0,96.49412838633293
2023-12-31,DMA_104,71.47349944965674,1,0,97.84194843974217
2023-12-31,DMA_105,71.31322609073757,1,1,100.92491568546637
2023-12-31,DMA_106,87.38827167952753,1,1,97.40461597922548
2023-12-31,DMA_107,79.75366263648615,1,0,101.66351715521702
2023-12-31,DMA_108,72.33062730914551,1,0,98.40877880464079
2023-12-31,DMA_109,81.01628947581612,1,0,96.9099481977749
2023-12-31,DMA_110,82.63634793910659,1,0,103.1654772883401
2023-12-31,DMA_111,77.26847378099723,1,0,102.30844604753494
2023-12-31,DMA_112,80.59922054547212,1,0,95.80653352204438
2023-12-31,DMA_113,79.18968997545375,1,0,102.44057637165636
2023-12-31,DMA_114,81.95684445374302,1,0,98.8081976003916
2023-12-31,DMA_115,81.67592383348935,1,1,99.64783757641037
2023-12-31,DMA_116,75.72303726742746,1,0,99.15916214584894
2023-12-31,DMA_117,81.40481956030199,1,0,99.26905808720825
2023-12-31,DMA_118,73.61832968518073,1,0,97.3419734039205
2023-12-31,DMA_119,77.45507187622786,1,0,99.17340862985799
2023-12-31,DMA_120,74.43839021032802,1,0,99.59066085186079
2023-12-31,DMA_121,71.1888263464153,1,1,99.57424279429272
2023-12-31,DMA_122,71.59779711196741,1,0,95.98403928612225
2023-12-31,DMA_123,70.35346176482663,1,0,98.78078519259482
2023-12-31,DMA_124,86.3569916457467,1,0,97.93971315251542
2023-12-31,DMA_125,81.25134687777813,1,1,98.20209559365465
2023-12-31,DMA_126,82.9667036449854,1,0,99.31184405348932
2023-12-31,DMA_127,69.38156083138551,1,1,100.24320167182712
2023-12-31,DMA_128,85.60864274751178,1,0,102.27808409868256
2023-12-31,DMA_129,85.4498352378929,1,0,100.22097036410395
2023-12-31,DMA_130,81.49661164391556,1,0,104.4762977488941
2023-12-31,DMA_131,82.01891612470757,1,1,103.89280430114376
2023-12-31,DMA_132,78.92983119225698,1,0,100.96150817736999
2023-12-31,DMA_133,75.18277250868364,1,0,96.93790115618843
2023-12-31,DMA_134,76.68981190241465,1,0,99.65763227851438
2023-12-31,DMA_135,75.2607342933054,1,0,99.6948751074791
2023-12-31,DMA_136,85.04201399760501,1,0,98.98531558410258
2023-12-31,DMA_137,74.36174839240726,1,0,98.43443445936133
2023-12-31,DMA_138,83.00151055322951,1,1,96.88411391842553
2023-12-31,DMA_139,78.82500085830142,1,0,97.87939529160558
2023-12-31,DMA_140,78.97146779640121,1,0,98.19110459061088
2023-12-31,DMA_141,79.00573725136078,1,0,99.82435689360993
2023-12-31,DMA_142,80.2729894038239,1,0,102.927981986798
2023-12-31,DMA_143,80.97307319670824,1,0,100.29736646148662
2023-12-31,DMA_144,93.3580001768802,1,0,97.43984438716191
2023-12-31,DMA_145,78.26632238254167,1,0,97.79431741738611
2023-12-31,DMA_146,83.19765622433282,1,0,98.74553184657798
2023-12-31,DMA_147,82.63973249696282,1,1,99.12045383311002
2023-12-31,DMA_148,73.83285770095547,1,0,98.93709696720794
2023-12-31,DMA_149,71.78319600621452,1,0,99.96509438767866
2023-12-31,DMA_150,89.67575047240935,1,0,102.00221791559862
2024-01-07,DMA_001,76.24486926756845,1,0,100.21214377856019
2024-01-07,DMA_002,81.35253958948213,1,1,98.43063093110126
2024-01-07,DMA_003,79.63154947654564,1,0,101.13973438325003
2024-01-07,DMA_004,70.86449540802741,1,0,104.2020832456599
2024-01-07,DMA_005,78.44709101639044,1,0,103.29245883481624
2024-01-07,DMA_006,81.55046740151678,1,0,101.78170436759642
2024-01-07,DMA_007,71.03450014130317,1,0,102.11644277946169
2024-01-07,DMA_008,87.59002939740971,1,0,100.33702879555153
2024-01-07,DMA_009,83.35452146060723,1,0,100.08322653510548
2024-01-07,DMA_010,82.41139634991899,1,0,101.50832097722446
2024-01-07,DMA_011,84.67317580793333,1,0,103.52567874976809
2024-01-07,DMA_012,79.76985587380742,1,0,97.66379465399265
2024-01-07,DMA_013,73.91978744546765,1,0,102.99694648129358
2024-01-07,DMA_014,80.74502457748821,1,0,99.36740444542471
2024-01-07,DMA_015,86.27871646609566,1,1,100.20679257156996
2024-01-07,DMA_016,75.84959143756252,1,0,100.91780173441816
2024-01-07,DMA_017,90.23796245203543,1,0,98.75446015896912
2024-01-07,DMA_018,68.17895654818766,1,0,93.77522824219008
2024-01-07,DMA_019,81.17300602943548,1,0,103.44577140073181
2024-01-07,DMA_020,85.0340142813488,1,0,99.61502324375044
2024-01-07,DMA_021,91.89118693850969,1,0,96.97091448902276
2024-01-07,DMA_022,84.10710505389396,1,0,103.42133801063338
2024-01-07,DMA_023,70.05526751028029,1,0,98.2828087340971
2024-01-07,DMA_024,82.56401951738357,1,0,99.75513879880253
2024-01-07,DMA_025,65.50822719821832,1,0,102.58904415510486
2024-01-07,DMA_026,89.17698294298728,1,0,102.53736856163313
2024-01-07,DMA_027,88.28558438479305,1,0,103.11397936130123
2024-01-07,DMA_028,73.55393269814908,1,0,100.41277282950406
2024-01-07,DMA_029,78.94271998091286,1,0,100.76369496751384
2024-01-07,DMA_030,77.58125459575693,1,0,102.83893939413227
2024-01-07,DMA_031,70.93500981058222,1,0,99.8291389352218
2024-01-07,DMA_032,80.97674342037881,1,0,97.52433933546199
2024-01-07,DMA_033,78.8188127012885,1,0,102.49694645520962
2024-01-07,DMA_034,95.71156226696195,1,0,99.98913210809208
2024-01-07,DMA_035,85.84121980817974,1,0,101.33306653895818
2024-01-07,DMA_036,87.63916338329213,1,0,103.16887011228704
2024-01-07,DMA_037,75.62611220413626,1,0,102.90336103400787
2024-01-07,DMA_038,69.99674790049936,1,0,101.60001617608222
2024-01-07,DMA_039,79.0388094492978,1,0,100.65612200977937
2024-01-07,DMA_040,83.80844642116993,1,0,100.25274402661842
2024-01-07,DMA_041,84.72048857542423,1,0,101.71987692187479
2024-01-07,DMA_042,87.35730305699659,1,0,98.47954059663127
2024-01-07,DMA_043,84.60923455267525,1,0,101.0944916616446
2024-01-07,DMA_044,76.831730947764,1,0,102.481846364512
2024-01-07,DMA_045,80.92374527296143,1,0,96.63601170468979
2024-01-07,DMA_046,81.65062435562169,1,0,103.90894016280987
2024-01-07,DMA_047,79.32152479388002,1,0,100.71378788802564
2024-01-07,DMA_048,90.87733930414485,1,0,98.32814165221227
2024-01-07,DMA_049,97.33670341000888,1,0,97.14286466654906
2024-01-07,DMA_050,83.17648036719659,1,0,102.10890906511933
2024-01-07,DMA_051,82.35853885305082,1,0,101.80159079509687
2024-01-07,DMA_052,83.07696583911324,1,0,99.81658830985424
2024-01-07,DMA_053,84.22473272954265,1,1,100.09582335128741
2024-01-07,DMA_054,71.54227197399184,1,0,102.97028947450403
2024-01-07,DMA_055,79.6004798708139,1,0,100.56694322148877
2024-01-07,DMA_056,72.74140815392364,1,0,102.50743303859763
2024-01-07,DMA_057,91.1685082962105,1,0,103.15118161185862
2024-01-07,DMA_058,80.66392394337227,1,0,101.28946873205753
2024-01-07,DMA_059,96.17036439707374,1,0,100.76700805451527
2024-01-07,DMA_060,83.83865997459793,1,0,100.08501424850192
2024-01-07,DMA_061,73.05010181478336,1,1,105.29141324656237
2024-01-07,DMA_062,76.9659899538335,1,0,101.70266323125136
2024-01-07,DMA_063,79.69890242807874,1,0,102.83963303170741
2024-01-07,DMA_064,88.84142813672833,1,0,99.85952188670791
2024-01-07,DMA_065,86.3210929532327,1,0,103.35865250938043
2024-01-07,DMA_066,79.72452524450414,1,1,101.53721926767457
2024-01-07,DMA_067,85.0418653301775,1,0,101.77138634451727
2024-01-07,DMA_068,83.08498154083415,1,0,100.43565106098123
2024-01-07,DMA_069,92.41605403406176,1,1,101.87311405083405
2024-01-07,DMA_070,83.49363126041672,1,0,101.04525070014824
2024-01-07,DMA_071,77.32578781705617,1,0,98.2782934415339
2024-01-07,DMA_072,74.76621629073018,1,0,98.62266153336641
2024-01-07,DMA_073,86.59473577973623,1,1,100.97919925697622
2024-01-07,DMA_074,89.04295036947224,1,0,97.23026225326467
2024-01-07,DMA_075,63.761497603687914,1,0,98.57726871393326
2024-01-07,DMA_076,81.51068371560062,1,0,96.3309508302428
2024-01-07,DMA_077,88.93741466074613,1,0,100.07722985920321
2024-01-07,DMA_078,78.36325301191569,1,0,98.02032030060211
2024-01-07,DMA_079,78.56724465678266,1,0,102.6219054314309
2024-01-07,DMA_080,78.7972989366725,1,0,100.44014878884666
2024-01-07,DMA_081,81.14291093829324,1,0,101.41018584338126
2024-01-07,DMA_082,85.21758157376013,1,1,99.47383143537155
2024-01-07,DMA_083,79.94404095636183,1,0,102.1982633752721
2024-01-07,DMA_084,72.4937243469319,1,0,98.282817096204
2024-01-07,DMA_085,73.94758586618723,1,0,99.18656491257137
2024-01-07,DMA_086,84.87789466552513,1,0,100.28434840186209
2024-01-07,DMA_087,82.59422915695649,1,0,100.40663458957822
2024-01-07,DMA_088,75.15330323439433,1,0,99.99688273889475
2024-01-07,DMA_089,80.693828144338,1,0,98.92341332462811
2024-01-07,DMA_090,77.05590351974669,1,0,97.2733285973751
2024-01-07,DMA_091,84.53639777632019,1,0,100.99823955182364
2024-01-07,DMA_092,84.42315523262525,1,0,103.05937522537742
2024-01-07,DMA_093,87.27925805856273,1,0,99.50864764142591
2024-01-07,DMA_094,77.4085785605736,1,0,101.22955068573805
2024-01-07,DMA_095,74.78563592274963,1,0,99.50362367734384
2024-01-07,DMA_096,77.1685691997316,1,0,99.39183342106163
2024-01-07,DMA_097,84.42696249391936,1,0,103.0609394680296
2024-01-07,DMA_098,77.22171441766928,1,0,99.64524480990552
2024-01-07,DMA_099,85.42309112328377,1,0,99.79241202770513
2024-01-07,DMA_100,74.07636634116619,1,0,98.96613294941794
2024-01-07,DMA_101,77.85093004934117,1,0,102.90360755146402
2024-01-07,DMA_102,71.8213882498233,1,0,102.68254850288974
2024-01-07,DMA_103,77.66227097481422,1,0,100.14960968730094
2024-01-07,DMA_104,84.51803516254284,1,0,103.05312436627575
2024-01-07,DMA_105,81.74732110349395,1,1,101.44656858408074
2024-01-07,DMA_106,79.86261680668042,1,0,98.11888817193834
2024-01-07,DMA_107,70.5114002161827,1,0,98.70270750213318
2024-01-07,DMA_108,76.00696601500383,1,0,100.52105745236977
2024-01-07,DMA_109,75.41764320987956,1,0,104.17312961936432
2024-01-07,DMA_110,82.20862884092807,1,0,100.16375142758702
2024-01-07,DMA_111,91.83979199692735,1,0,102.90222920946319
2024-01-07,DMA_112,84.80708214851181,1,0,99.14153100649149
2024-01-07,DMA_113,86.60135174037441,1,0,99.89928556727814
2024-01-07,DMA_114,77.11489459367203,1,0,101.29936808110031
2024-01-07,DMA_115,81.17474910125486,1,0,104.01854493517989
2024-01-07,DMA_116,80.15892206809741,1,0,96.7184561951037
2024-01-07,DMA_117,67.29855606036136,1,0,100.31199414343314
2024-01-07,DMA_118,84.84065239081619,1,0,99.44962076504143
2024-01-07,DMA_119,81.78215786783457,1,0,99.40849812816876
2024-01-07,DMA_120,80.9388527918063,1,0,102.92114232012244
2024-01-07,DMA_121,73.86993075929725,1,1,101.46873219115133
2024-01-07,DMA_122,80.34322970637682,1,0,98.89531308256356
2024-01-07,DMA_123,89.24172680131737,1,0,97.90194367112089
2024-01-07,DMA_124,78.64763460212674,1,0,98.48516282777672
2024-01-07,DMA_125,75.6439688161706,1,0,96.8413305380486
2024-01-07,DMA_126,79.57544327018294,1,0,101.23801032276182
2024-01-07,DMA_127,84.00174507453414,1,0,105.52210289060064
2024-01-07,DMA_128,87.64408186210231,1,0,96.28394133229901
2024-01-07,DMA_129,76.58793570889988,1,0,102.86122446653992
2024-01-07,DMA_130,75.82007679251267,1,0,101.03231984194929
2024-01-07,DMA_131,81.22420569054295,1,0,100.5628245607405
2024-01-07,DMA_132,79.07522168984985,1,0,104.46329892997169
2024-01-07,DMA_133,86.38780950477525,1,0,101.60320451607699
2024-01-07,DMA_134,87.74162124445282,1,0,99.58846258945499
2024-01-07,DMA_135,76.39239724875722,1,0,100.99150695452933
2024-01-07,DMA_136,72.21806328275895,1,0,101.0719493258823
2024-01-07,DMA_137,90.66505937403932,1,0,105.09022930752536
2024-01-07,DMA_138,82.85574277034745,1,0,99.38908867059648
2024-01-07,DMA_139,77.26623279151778,1,0,102.68902350807565
2024-01-07,DMA_140,82.24483900153874,1,0,102.65997299411372
2024-01-07,DMA_141,76.80570419693095,1,0,98.7406402096853
2024-01-07,DMA_142,88.41421133199121,1,0,98.54415784547074
2024-01-07,DMA_143,78.22920899098321,1,0,98.6227767928299
2024-01-07,DMA_144,70.88105087044885,1,1,98.07374092785061
2024-01-07,DMA_145,77.65354261916377,1,0,100.6380388384183
2024-01-07,DMA_146,83.8810322450942,1,0,99.75239021227782
2024-01-07,DMA_147,76.28930021212089,1,0,100.95297176455132
2024-01-07,DMA_148,74.115694273043,1,0,99.26277580557533
2024-01-07,DMA_149,81.82038691670628,1,0,97.84149928437022
2024-01-07,DMA_150,72.38291244683103,1,0,100.78982024848848
2024-01-14,DMA_001,68.30912348489042,0,0,103.07733475923823
2024-01-14,DMA_002,68.3739139201818,0,0,98.51036740564703
2024-01-14,DMA_003,73.03991997052087,0,0,99.03879724822566
2024-01-14,DMA_004,88.3970230068934,0,0,102.31232032287247
2024-01-14,DMA_005,80.71187021884168,0,1,101.72036945164697
2024-01-14,DMA_006,72.42893811935267,0,0,101.85743994902971
2024-01-14,DMA_007,71.17426480126818,0,0,100.37976288944054
2024-01-14,DMA_008,88.14609737075158,0,0,104.1305289386087
2024-01-14,DMA_009,81.05983443423565,0,0,103.28089167498561
2024-01-14,DMA_010,69.02485869729055,0,0,99.24979639066872
2024-01-14,DMA_011,75.66701474623213,0,0,100.69611477450634
2024-01-14,DMA_012,81.76610270121358,0,0,105.70992110969533
2024-01-14,DMA_013,84.59368209350407,0,0,101.97982628156566
2024-01-14,DMA_014,76.91295518537642,0,0,98.54909518081038
2024-01-14,DMA_015,74.60139896081141,0,0,101.46295899193025
2024-01-14,DMA_016,74.61550948695046,0,0,102.5731533772073
2024-01-14,DMA_017,86.35085654904648,0,1,102.1125315436499
2024-01-14,DMA_018,76.61119241082906,0,0,104.5375886639499
2024-01-14,DMA_019,84.70683011115598,0,0,100.06228854747546
2024-01-14,DMA_020,73.31770228700462,0,0,96.57628320679959
2024-01-14,DMA_021,75.73280523911968,0,0,102.59379727174705
2024-01-14,DMA_022,74.89769398969558,0,1,98.4896642223722
2024-01-14,DMA_023,70.23536514467483,0,1,100.3993737694493
2024-01-14,DMA_024,89.36567251521151,0,0,103.27543680600142
2024-01-14,DMA_025,80.15840063653548,0,0,98.62748427405413
2024-01-14,DMA_026,91.92794974284047,0,0,98.35605839257614
2024-01-14,DMA_027,72.69688993513068,0,0,101.83955070952372
2024-01-14,DMA_028,88.76589732308932,0,0,102.9288962301063
2024-01-14,DMA_029,77.21040432256896,0,0,104.36507571047369
2024-01-14,DMA_030,81.83706383041172,0,0,102.2032130574187
2024-01-14,DMA_031,87.45630955407975,0,0,100.97978944353423
2024-01-14,DMA_032,78.10485551779624,0,0,103.77997944063368
2024-01-14,DMA_033,77.65808495673667,0,0,102.61946669022639
2024-01-14,DMA_034,78.19478305475754,0,0,102.45485825062089
2024-01-14,DMA_035,77.28626532174978,0,0,100.96419223619102
2024-01-14,DMA_036,77.88700438028654,0,1,105.05240613418785
2024-01-14,DMA_037,75.00716446128523,0,0,102.60463866341301
2024-01-14,DMA_038,76.15855119042504,0,1,101.76305767346248
2024-01-14,DMA_039,80.14651422431633,0,0,99.47571035653016
2024-01-14,DMA_040,71.52871128542355,0,0,100.72072492118453
2024-01-14,DMA_041,83.28614290994955,0,1,102.25390622336619
2024-01-14,DMA_042,79.16122483307221,0,0,99.9374830310501
2024-01-14,DMA_043,86.51177321517181,0,1,100.14689102026355
2024-01-14,DMA_044,77.67541773424003,0,0,102.84523656255779
2024-01-14,DMA_045,74.42314442537521,0,0,101.67842137164321
2024-01-14,DMA_046,80.0308688464097,0,0,99.74333114709047
2024-01-14,DMA_047,78.27581268152251,0,1,101.25811888929431
2024-01-14,DMA_048,77.67816119431212,0,0,103.05152203541698
2024-01-14,DMA_049,86.78864382131256,0,0,103.26297490086172
2024-01-14,DMA_050,70.23749686497855,0,0,101.1257347232114
2024-01-14,DMA_051,69.55927530511681,0,0,101.49861579068195
2024-01-14,DMA_052,87.6676529435538,0,1,100.99760073280096
2024-01-14,DMA_053,89.1934816447901,0,1,100.69538984488126
2024-01-14,DMA_054,79.2126337492052,0,0,102.18198756392584
2024-01-14,DMA_055,85.33086721318116,0,0,103.15733418327746
2024-01-14,DMA_056,74.32108281005483,0,0,99.52590878010581
2024-01-14,DMA_057,89.4018090074742,0,0,102.0470538749915
2024-01-14,DMA_058,82.93425330150247,0,0,101.12599275631791
2024-01-14,DMA_059,81.2571211311759,0,0,103.01946319138958
2024-01-14,DMA_060,82.38319557795704,0,1,102.08804492042124
2024-01-14,DMA_061,67.45261471647473,0,0,101.78586226346593
2024-01-14,DMA_062,86.39940308373596,0,0,100.69261379506139
2024-01-14,DMA_063,81.3942915390458,0,0,103.79815852845013
2024-01-14,DMA_064,78.15085384680813,0,0,99.77162647942016
2024-01-14,DMA_065,78.67423493219113,0,0,102.05086046155652
2024-01-14,DMA_066,79.78721716773211,0,0,101.25233888548779
2024-01-14,DMA_067,84.54872368028433,0,0,101.24255691843858
2024-01-14,DMA_068,77.04299926360353,0,0,103.40685816460321
2024-01-14,DMA_069,71.1071197245696,0,0,96.81547212444394
2024-01-14,DMA_070,80.63109852467194,0,0,102.12587705948054
2024-01-14,DMA_071,79.18725563780728,0,0,98.35095757953192
2024-01-14,DMA_072,79.00137360048657,0,0,104.00727856102685
2024-01-14,DMA_073,77.95911456392244,0,0,98.3233696307006
2024-01-14,DMA_074,83.28796012573848,0,0,100.88862781819715
2024-01-14,DMA_075,74.10550078132911,0,0,101.40511506863366
2024-01-14,DMA_076,91.03056063135024,0,0,97.89449165454597
2024-01-14,DMA_077,74.7948477646707,0,0,103.52868126273896
2024-01-14,DMA_078,85.43034155592119,0,0,97.99498293841762
2024-01-14,DMA_079,78.87706865641552,0,0,102.00824221060421
2024-01-14,DMA_080,74.71225367930988,0,0,103.7558898676736
2024-01-14,DMA_081,80.14853163729443,0,0,104.22303364120056
2024-01-14,DMA_082,84.64944814208764,0,0,103.75634100731378
2024-01-14,DMA_083,80.31948288953086,0,0,99.6966486433078
2024-01-14,DMA_084,81.23811093620746,0,0,104.65711079373422
2024-01-14,DMA_085,82.93548978569,0,0,101.56657073609252
2024-01-14,DMA_086,76.75034193435039,0,0,98.71011643982702
2024-01-14,DMA_087,87.70654413943964,0,0,100.70889799393413
2024-01-14,DMA_088,92.56897352173675,0,1,102.70959838507237
2024-01-14,DMA_089,72.4160447955399,0,0,105.83544655958403
2024-01-14,DMA_090,85.93389809079628,0,1,101.19487210497483
2024-01-14,DMA_091,85.16328648598042,0,0,103.3032387637372
2024-01-14,DMA_092,82.68596236171973,0,0,98.53743402890913
2024-01-14,DMA_093,83.58973226870246,0,0,99.78743079857334
2024-01-14,DMA_094,76.31938944484436,0,0,99.2469397261193
2024-01-14,DMA_095,90.07124680731258,0,0,98.4613329205561
2024-01-14,DMA_096,85.04717935761154,0,0,98.94286158298733
2024-01-14,DMA_097,80.06161012411803,0,0,102.80591530787622
2024-01-14,DMA_098,76.35154962902095,0,0,105.1623582589331
2024-01-14,DMA_099,87.56849071967798,0,0,100.99013766982132
2024-01-14,DMA_100,71.69373631480593,0,0,100.2336610809958
2024-01-14,DMA_101,81.00058207148427,0,1,101.1368076542994
2024-01-14,DMA_102,81.95746282185463,0,0,100.6502006908138
2024-01-14,DMA_103,76.68489350692374,0,0,99.33093314703316
2024-01-14,DMA_104,80.8782979926224,0,1,102.35261911262454
2024-01-14,DMA_105,78.59534779434719,0,0,104.05164238476739
2024-01-14,DMA_106,79.24467550220237,0,0,103.55978670652149
2024-01-14,DMA_107,86.30457005406761,0,0,101.5576405798502
2024-01-14,DMA_108,79.56033433797984,0,0,105.6736802782991
2024-01-14,DMA_109,79.36206850011081,0,0,103.6377052856495
2024-01-14,DMA_110,82.2734705696975,0,1,102.10449314239395
2024-01-14,DMA_111,78.72488342535421,0,0,101.44210291826711
2024-01-14,DMA_112,76.3772371112226,0,1,99.15196507374418
2024-01-14,DMA_113,81.25309720572318,0,1,103.86530766574144
2024-01-14,DMA_114,85.88198433902973,0,0,97.40585721888965
2024-01-14,DMA_115,87.83424149772004,0,0,100.93760052679163
2024-01-14,DMA_116,75.41472902860055,0,1,99.52947808027548
2024-01-14,DMA_117,68.80206227900288,0,0,100.4958753328606
2024-01-14,DMA_118,82.19461798996309,0,0,100.65100393944749
2024-01-14,DMA_119,77.3206651566514,0,0,104.61504330634679
2024-01-14,DMA_120,88.45824255887129,0,1,102.24403107434853
2024-01-14,DMA_121,76.54279282614417,0,0,97.99808103253925
2024-01-14,DMA_122,88.46541778261555,0,1,101.84592361798526
2024-01-14,DMA_123,81.42245021015688,0,0,99.38591410680242
2024-01-14,DMA_124,80.89693989183307,0,0,101.57608862869799
2024-01-14,DMA_125,75.17112713852174,0,0,101.85802725377425
2024-01-14,DMA_126,78.62456355145072,0,1,99.52896801194461
2024-01-14,DMA_127,76.66657971282251,0,0,98.73230618387312
2024-01-14,DMA_128,75.86105807536912,0,0,100.06726991899356
2024-01-14,DMA_129,87.17665893041261,0,0,104.58940617800152
2024-01-14,DMA_130,76.25062527973375,0,0,97.60252974567686
2024-01-14,DMA_131,84.10113101346408,0,1,104.64549424713545
2024-01-14,DMA_132,73.55039472198253,0,0,102.90609356434942
2024-01-14,DMA_133,83.44155354542374,0,0,98.54234541583094
2024-01-14,DMA_134,72.95344134602809,0,0,101.61709303563812
2024-01-14,DMA_135,76.9749555949538,0,0,102.3235520382845
2024-01-14,DMA_136,86.37583909148151,0,0,99.64745276540339
2024-01-14,DMA_137,72.4790173381015,0,0,95.91316360716877
2024-01-14,DMA_138,75.29485018425743,0,0,98.17861856035496
2024-01-14,DMA_139,88.04659936009637,0,0,101.67639436099137
2024-01-14,DMA_140,78.08258598439909,0,1,101.03935086835136
2024-01-14,DMA_141,86.11865225216036,0,0,102.61352987679211
2024-01-14,DMA_142,80.62994834424305,0,0,96.16373015312905
2024-01-14,DMA_143,74.9222357291333,0,0,103.02602072401524
2024-01-14,DMA_144,80.59463403077021,0,0,103.13462850937852
2024-01-14,DMA_145,81.13228879953442,0,0,100.44394343619705
2024-01-14,DMA_146,88.50221087041477,0,0,99.57998763678832
2024-01-14,DMA_147,86.25589697973933,0,0,98.88232280518214
2024-01-14,DMA_148,71.96700672187482,0,0,103.24361096133886
2024-01-14,DMA_149,89.7771794326899,0,1,102.29622457438164
2024-01-14,DMA_150,73.07134481408207,0,0,100.42138284373173
2024-01-21,DMA_001,84.79701954053883,0,0,102.63442557084034
2024-01-21,DMA_002,81.44462218686776,0,0,100.60960199643978
2024-01-21,DMA_003,70.81699861388029,0,1,103.93527772297297
2024-01-21,DMA_004,82.51895444014356,0,0,98.21078782471072
2024-01-21,DMA_005,80.76765075131826,0,0,103.96497109307784
2024-01-21,DMA_006,78.41662151186758,0,0,102.16185846672809
2024-01-21,DMA_007,70.16113839117163,0,0,103.15694684169651
2024-01-21,DMA_008,73.34889617923177,0,0,103.00371283443339
2024-01-21,DMA_009,68.65704639134947,0,1,103.60610886380482
2024-01-21,DMA_010,79.23965447931722,0,0,102.03223647698412
2024-01-21,DMA_011,70.64571544025189,0,1,104.96894747494055
2024-01-21,DMA_012,88.27399794378692,0,0,102.80914200544808
2024-01-21,DMA_013,78.59658644873677,0,0,101.34637940570838
2024-01-21,DMA_014,70.52260841193679,0,0,100.65621494225759
2024-01-21,DMA_015,79.20769656361622,0,0,100.57498869928231
2024-01-21,DMA_016,82.02374790213483,0,0,98.88548460871763
2024-01-21,DMA_017,74.9750285477665,0,0,96.52738680548582
2024-01-21,DMA_018,76.12399186070607,0,0,102.30411652140327
2024-01-21,DMA_019,84.43193653423384,0,0,101.4071530645774
2024-01-21,DMA_020,88.34276215393817,0,0,95.74557348621325
2024-01-21,DMA_021,89.09404580774162,0,0,100.55831180695708
2024-01-21,DMA_022,72.66277386200335,0,0,100.38620957269063
2024-01-21,DMA_023,88.23847621061294,0,0,101.98761523127284
2024-01-21,DMA_024,72.4457643366341,0,0,100.54503138549259
2024-01-21,DMA_025,87.55925023881858,0,0,101.37720304947953
2024-01-21,DMA_026,82.10575522352329,0,0,99.80466109447501
2024-01-21,DMA_027,85.68499036821964,0,0,105.56837552705848
2024-01-21,DMA_028,76.35420105639439,0,0,98.26997685270165
2024-01-21,DMA_029,79.91584252605317,0,0,101.10437201536661
2024-01-21,DMA_030,83.43515599275253,0,1,103.7659422247608
2024-01-21,DMA_031,76.3069712967804,0,1,99.58889857813791
2024-01-21,DMA_032,73.60614417665448,0,0,99.33427977108428
2024-01-21,DMA_033,79.23901650945545,0,0,102.50927730651051
2024-01-21,DMA_034,72.47197027016263,0,1,100.67382184637023
2024-01-21,DMA_035,71.27871904907438,0,0,100.78728182980473
2024-01-21,DMA_036,75.53985279458462,0,0,101.14617455461331
2024-01-21,DMA_037,84.77471960188916,0,0,99.70944490910422
2024-01-21,DMA_038,90.98233873601379,0,0,101.20310733200839
2024-01-21,DMA_039,73.9088073724483,0,0,104.02010807933887
2024-01-21,DMA_040,88.78810460497532,0,1,102.32896908502535
2024-01-21,DMA_041,65.05714152694246,0,0,103.47851094200172
2024-01-21,DMA_042,85.87479277234091,0,1,102.53299176432613
2024-01-21,DMA_043,90.74315103460374,0,0,99.79652951638782
2024-01-21,DMA_044,84.17489501685252,0,0,101.2933529250155
2024-01-21,DMA_045,73.5662226505497,0,0,100.56579107472965
2024-01-21,DMA_046,77.57353577822072,0,0,102.44616694030715
2024-01-21,DMA_047,77.73408910884878,0,0,103.60958150067378
2024-01-21,DMA_048,81.31718191107875,0,1,100.19659381135838
2024-01-21,DMA_049,86.54919124605505,0,0,100.6454290320357
2024-01-21,DMA_050,79.86067068832,0,0,106.23298078238912
2024-01-21,DMA_051,85.6507904906416,0,0,101.64686871540792
2024-01-21,DMA_052,84.6344484392641,0,0,103.5340460829492
2024-01-21,DMA_053,83.533947606037,0,1,104.5725942313843
2024-01-21,DMA_054,86.89060505586693,0,0,102.47523332415778
2024-01-21,DMA_055,66.3493367084468,0,0,99.67194986497651
2024-01-21,DMA_056,87.8674327675337,0,0,98.75656934302629
2024-01-21,DMA_057,84.56546518595391,0,0,101.38911775508193
2024-01-21,DMA_058,76.69813985073199,0,0,102.34589531500794
2024-01-21,DMA_059,93.49657893442135,0,0,99.6981858759161
2024-01-21,DMA_060,82.9919806637926,0,0,103.32957575264219
2024-01-21,DMA_061,75.79461148879076,0,1,102.67187524590531
2024-01-21,DMA_062,85.46001416952285,0,0,100.92350099441059
2024-01-21,DMA_063,77.51159760787536,0,1,102.31964636765036
2024-01-21,DMA_064,73.51463091808385,0,0,99.90923982482374
2024-01-21,DMA_065,76.86517498722003,0,0,98.06892059735952
2024-01-21,DMA_066,79.57525960403419,0,0,101.79247108246933
2024-01-21,DMA_067,83.54387741442544,0,0,101.30190521987532
2024-01-21,DMA_068,78.4967326855994,0,0,99.02162561311421
2024-01-21,DMA_069,77.6912331893192,0,0,101.88327878278612
2024-01-21,DMA_070,85.12086532094371,0,0,102.43212580465037
2024-01-21,DMA_071,82.43397652083263,0,0,99.94507229154554
2024-01-21,DMA_072,80.27795712441669,0,0,100.39084448756385
2024-01-21,DMA_073,78.89345106754405,0,1,101.30494164576591
2024-01-21,DMA_074,86.72890007320834,0,0,103.94463177204763
2024-01-21,DMA_075,68.14793656472119,0,0,102.05623403927015
2024-01-21,DMA_076,82.7475851812314,0,0,101.94870447368665
2024-01-21,DMA_077,83.77011794826716,0,0,102.82502020516196
2024-01-21,DMA_078,76.305613762455,0,0,100.93528399468099
2024-01-21,DMA_079,80.4505935281189,0,0,104.26585276111861
2024-01-21,DMA_080,83.3520643522498,0,0,105.12836824783537
2024-01-21,DMA_081,65.08372057031323,0,0,100.24730825097076
2024-01-21,DMA_082,77.89715831086001,0,0,100.96816824172532
2024-01-21,DMA_083,80.05705430572532,0,0,100.36824665521154
2024-01-21,DMA_084,71.51347507558329,0,0,103.45520973120394
2024-01-21,DMA_085,78.54167718107941,0,0,102.83142236969277
2024-01-21,DMA_086,84.10272795903623,0,0,101.45681947511686
2024-01-21,DMA_087,74.34607700937494,0,0,101.22560044569083
2024-01-21,DMA_088,78.31673806407636,0,0,101.60794024811351
2024-01-21,DMA_089,63.96015300640978,0,0,100.51136842427796
2024-01-21,DMA_090,76.04348854395187,0,0,102.00351486677124
2024-01-21,DMA_091,75.4693668677391,0,0,104.05031304426024
2024-01-21,DMA_092,71.93463865024952,0,0,103.56722425812434
2024-01-21,DMA_093,75.00416284572472,0,0,99.31370092890168
2024-01-21,DMA_094,73.58051520357026,0,0,100.28030867321395
2024-01-21,DMA_095,86.58166420687763,0,1,100.10679718146788
2024-01-21,DMA_096,74.94607173054017,0,0,102.99367494269374
2024-01-21,DMA_097,76.55566673967033,0,1,99.6234749452318
2024-01-21,DMA_098,75.17409914228433,0,1,97.52010703914551
2024-01-21,DMA_099,76.57308592032435,0,0,98.97898103404671
2024-01-21,DMA_100,88.95885070830515,0,0,104.08278648897058
2024-01-21,DMA_101,81.2637925816191,0,1,101.82177570685201
2024-01-21,DMA_102,73.09117563480362,0,0,100.6816255194783
2024-01-21,DMA_103,66.9935242458348,0,0,104.81207434324182
2024-01-21,DMA_104,89.48290634313578,0,0,100.56685812007814
2024-01-21,DMA_105,80.83084529670036,0,0,100.12708556581659
2024-01-21,DMA_106,78.40878490202294,0,0,102.40487987811808
2024-01-21,DMA_107,89.449132750179,0,0,101.80017070440117
2024-01-21,DMA_108,77.55192421323574,0,0,102.2541155727322
2024-01-21,DMA_109,83.45229336489703,0,0,103.96476915348762
2024-01-21,DMA_110,81.2343844612252,0,1,100.49659526894499
2024-01-21,DMA_111,75.21534356828285,0,0,102.54929587723349
2024-01-21,DMA_112,74.87904469212343,0,1,95.82497006609746
2024-01-21,DMA_113,80.19929343125074,0,0,102.08843826067499
2024-01-21,DMA_114,78.53886502886742,0,1,101.20628354269472
2024-01-21,DMA_115,81.83658943764372,0,0,98.76120486048195
2024-01-21,DMA_116,77.03803537938002,0,0,101.31807846586375
2024-01-21,DMA_117,73.59557977321481,0,0,100.20724714009772
2024-01-21,DMA_118,86.21971696646794,0,0,107.43828586209803
2024-01-21,DMA_119,81.41047964349411,0,0,102.99056906628094
2024-01-21,DMA_120,73.08075368931242,0,0,103.38512081487765
2024-01-21,DMA_121,74.69835453523424,0,0,106.06450994386448
2024-01-21,DMA_122,80.2598449451986,0,0,99.60675738317612
2024-01-21,DMA_123,80.96242973093744,0,0,105.2352407025711
2024-01-21,DMA_124,89.31488879419173,0,0,103.29233813487718
2024-01-21,DMA_125,73.79113714175206,0,0,101.29860047302054
2024-01-21,DMA_126,92.23211891356694,0,0,100.45601429282338
2024-01-21,DMA_127,82.6042769537336,0,0,101.2471971113785
2024-01-21,DMA_128,80.18893855106064,0,0,101.09347787035158
2024-01-21,DMA_129,76.0733176653298,0,0,99.39677131108492
2024-01-21,DMA_130,79.64625171444496,0,0,103.39618650784705
2024-01-21,DMA_131,89.30388765501368,0,0,101.9409953637497
2024-01-21,DMA_132,74.99385608394641,0,0,100.14274909315905
2024-01-21,DMA_133,81.30202156019183,0,0,98.3888598700826
2024-01-21,DMA_134,77.67849645551193,0,0,100.10515057966705
2024-01-21,DMA_135,81.66929940069147,0,0,99.37025531389087
2024-01-21,DMA_136,71.58153971956206,0,1,99.70830890385561
2024-01-21,DMA_137,86.81645399475438,0,0,98.7542224962979
2024-01-21,DMA_138,80.7327013600402,0,0,100.72259273151644
2024-01-21,DMA_139,79.22458277384261,0,0,103.6226564095881
2024-01-21,DMA_140,87.9483374271125,0,0,100.93455523301868
2024-01-21,DMA_141,87.87795021466957,0,0,103.09076680452324
2024-01-21,DMA_142,78.91509896155426,0,0,100.68446734153065
2024-01-21,DMA_143,86.92485754847007,0,0,100.23553954505354
2024-01-21,DMA_144,82.14875296701852,0,0,102.87867412103454
2024-01-21,DMA_145,90.29480840737935,0,0,101.32483887387305
2024-01-21,DMA_146,94.92959431211203,0,0,98.90021946921983
2024-01-21,DMA_147,89.92763946803494,0,0,99.45580387912938
2024-01-21,DMA_148,70.37361612286652,0,0,100.11628924042812
2024-01-21,DMA_149,84.37321978740984,0,0,101.43264197031066
2024-01-21,DMA_150,77.1786875544051,0,0,100.11509684897669
2024-01-28,DMA_001,82.84247314254048,0,0,101.77623444188599
2024-01-28,DMA_002,77.75733739113058,0,0,102.61662860034419
2024-01-28,DMA_003,70.59320780744174,0,0,100.57506245222112
2024-01-28,DMA_004,72.49409876419674,0,0,101.07682466535971
2024-01-28,DMA_005,76.45428545825516,0,1,106.039076922256
2024-01-28,DMA_006,76.62617113282334,0,0,103.5600142841379
2024-01-28,DMA_007,67.8686334673369,0,0,99.36077221217124
2024-01-28,DMA_008,71.62032422293461,0,0,104.18259876050084
2024-01-28,DMA_009,87.64040004630546,0,0,104.65702747565769
2024-01-28,DMA_010,73.50267713784496,0,0,102.48867730249415
2024-01-28,DMA_011,78.15746249739986,0,0,103.45937033398923
2024-01-28,DMA_012,80.35384843143258,0,0,101.71534842592094
2024-01-28,DMA_013,85.85698289011988,0,0,102.26986369039298
2024-01-28,DMA_014,79.34182716034833,0,0,102.45529200128416
2024-01-28,DMA_015,79.44391645980089,0,0,101.46488538583628
2024-01-28,DMA_016,77.14502316937995,0,0,103.6604591892444
2024-01-28,DMA_017,71.72659862107967,0,0,105.59163591529177
2024-01-28,DMA_018,83.77251473755315,0,0,101.19980932466338
2024-01-28,DMA_019,72.3823820590516,0,0,101.05952790677138
2024-01-28,DMA_020,76.43983499092386,0,0,100.12999422692491
2024-01-28,DMA_021,71.51184665890428,0,1,102.27581243412425
2024-01-28,DMA_022,73.37738971769313,0,0,101.71890226437318
2024-01-28,DMA_023,92.86802122071086,0,0,98.48105966735127
2024-01-28,DMA_024,67.89255693673232,0,1,107.29256507474162
2024-01-28,DMA_025,74.56792981531541,0,0,101.17665215849817
2024-01-28,DMA_026,66.2571647412839,0,0,100.60914767370683
2024-01-28,DMA_027,90.81359446542733,0,0,102.46350415108742
2024-01-28,DMA_028,88.57177459829582,0,0,101.82628894307963
2024-01-28,DMA_029,80.16263010837623,0,0,103.34850248929234
2024-01-28,DMA_030,79.24729095591395,0,0,104.33487285234108
2024-01-28,DMA_031,71.61127511146965,0,0,100.42295605430165
2024-01-28,DMA_032,74.489161348895,0,1,103.38380687098584
2024-01-28,DMA_033,77.39547507879105,0,0,99.15394820919192
2024-01-28,DMA_034,78.34489609100225,0,0,100.91557719066617
2024-01-28,DMA_035,71.3199528629116,0,0,102.42249128595104
2024-01-28,DMA_036,83.61696410996704,0,1,103.06514943492631
2024-01-28,DMA_037,87.80825709211925,0,1,103.07087426313561
2024-01-28,DMA_038,82.80144853358534,0,1,102.35049890901644
2024-01-28,DMA_039,71.74105778412282,0,1,102.81496295752324
2024-01-28,DMA_040,82.35028430369378,0,0,97.99057510266397
2024-01-28,DMA_041,90.09537312244223,0,0,103.35586070998205
2024-01-28,DMA_042,75.66511667327966,0,0,103.87446795526587
2024-01-28,DMA_043,83.32959214622845,0,0,105.50974885840397
2024-01-28,DMA_044,87.3460131193724,0,0,103.61443701575443
2024-01-28,DMA_045,85.63620844343336,0,0,101.29137004737451
2024-01-28,DMA_046,75.12229860989173,0,0,102.22844100251979
2024-01-28,DMA_047,64.75149657685473,0,0,104.29535065746957
2024-01-28,DMA_048,74.57645793820762,0,0,96.66474503987314
2024-01-28,DMA_049,78.07104626400645,0,0,99.48443453564707
2024-01-28,DMA_050,71.03240522664207,0,0,100.82531323871734
2024-01-28,DMA_051,72.85312083661972,0,0,105.8185790731139
2024-01-28,DMA_052,83.05502734994758,0,0,102.56076047968523
2024-01-28,DMA_053,78.75105857745187,0,0,106.70397193922167
2024-01-28,DMA_054,75.39213766698285,0,0,100.4461259957593
2024-01-28,DMA_055,87.94139016344846,0,1,100.8721167588494
2024-01-28,DMA_056,71.82774733431728,0,0,101.7295009334608
2024-01-28,DMA_057,79.4979895109681,0,0,103.83337690886715
2024-01-28,DMA_058,74.35058502019915,0,0,100.64597163074703
2024-01-28,DMA_059,82.51720597910194,0,0,102.94678148368511
2024-01-28,DMA_060,92.35790607478643,0,0,102.13024952376226
2024-01-28,DMA_061,76.15156246932665,0,0,100.54076614278475
2024-01-28,DMA_062,82.41538566521818,0,1,99.30297584210246
2024-01-28,DMA_063,71.6920496023359,0,0,104.31559555139626
2024-01-28,DMA_064,81.17570849029786,0,0,98.83670690561844
2024-01-28,DMA_065,95.22253903132649,0,0,102.63473866530111
2024-01-28,DMA_066,86.94001045165584,0,0,99.58536913958883
2024-01-28,DMA_067,89.05151136998117,0,0,104.3296956845167
2024-01-28,DMA_068,82.21726576905716,0,0,99.01093900505468
2024-01-28,DMA_069,84.72328948825137,0,0,104.00653849720209
2024-01-28,DMA_070,81.69965700395906,0,0,101.23571736584155
2024-01-28,DMA_071,76.36347290795906,0,0,101.26198801342817
2024-01-28,DMA_072,83.55466416096887,0,0,101.56723769993785
2024-01-28,DMA_073,85.46729258324947,0,0,105.78858004173048
2024-01-28,DMA_074,75.73212033405123,0,0,102.51624764710569
2024-01-28,DMA_075,78.47897232977148,0,0,103.4239715005179
2024-01-28,DMA_076,71.78472894549328,0,0,104.14168843882837
2024-01-28,DMA_077,79.14474543618135,0,0,100.7849981711418
2024-01-28,DMA_078,84.28451441354122,0,0,104.40236969690847
2024-01-28,DMA_079,87.4666170668884,0,1,103.08261479768562
2024-01-28,DMA_080,81.88485095340201,0,0,103.40911312896883
2024-01-28,DMA_081,62.91246070382469,0,1,99.25302315849525
2024-01-28,DMA_082,78.82822562948729,0,0,101.65158914873963
2024-01-28,DMA_083,76.34550692982687,0,0,101.24360226166715
2024-01-28,DMA_084,84.26862105559074,0,0,105.60117479184089
2024-01-28,DMA_085,76.83592223610624,0,0,100.6634333401082
2024-01-28,DMA_086,82.64496202803707,0,0,104.1657705893382
2024-01-28,DMA_087,78.60113654580155,0,0,101.05281312209509
2024-01-28,DMA_088,77.49885589514453,0,0,101.9468970108729
2024-01-28,DMA_089,67.73603463641923,0,1,103.24108872944774
2024-01-28,DMA_090,81.46129594227016,0,0,102.76458508520408
2024-01-28,DMA_091,84.38476490998264,0,0,100.45583979294302
2024-01-28,DMA_092,87.74275217351408,0,0,101.38238065040333
2024-01-28,DMA_093,79.47165987936539,0,0,102.79393189971485
2024-01-28,DMA_094,87.53974377635296,0,0,104.04462618222857
2024-01-28,DMA_095,61.56089012160584,0,0,100.21943005986576
2024-01-28,DMA_096,82.61392658540115,0,0,100.95078344483542
2024-01-28,DMA_097,76.64898055485061,0,0,101.08134907693167
2024-01-28,DMA_098,85.05108643155624,0,0,100.61918493355716
2024-01-28,DMA_099,73.37070659237648,0,0,103.28111487794843
2024-01-28,DMA_100,87.6471038687064,0,0,105.72750794552095
2024-01-28,DMA_101,84.34935999460916,0,1,101.92711610352188
2024-01-28,DMA_102,73.81160193164119,0,1,103.52135181779022
2024-01-28,DMA_103,82.81857758008675,0,0,100.28269238127218
2024-01-28,DMA_104,85.07670181889247,0,0,102.79540039320057
2024-01-28,DMA_105,86.60865604285209,0,1,100.69424794479133
2024-01-28,DMA_106,77.28403874780008,0,0,103.54251588631479
2024-01-28,DMA_107,68.02728771956305,0,0,101.05835970527015
2024-01-28,DMA_108,81.03515083595212,0,1,105.73626694316037
2024-01-28,DMA_109,76.50580509383411,0,1,104.50256988868324
2024-01-28,DMA_110,74.47849707622858,0,0,101.8122777538122
2024-01-28,DMA_111,82.94857456204977,0,0,102.94836230905719
2024-01-28,DMA_112,82.95456182518832,0,0,100.95160571318331
2024-01-28,DMA_113,89.93351458727956,0,0,104.99360700622807
2024-01-28,DMA_114,80.2437437484575,0,0,100.53057432154964
2024-01-28,DMA_115,78.14507853973016,0,0,101.63053430908955
2024-01-28,DMA_116,76.39662168208076,0,0,102.46806384840892
2024-01-28,DMA_117,78.79580067845662,0,0,105.36779763520336
2024-01-28,DMA_118,84.85889263414269,0,0,102.5936484590185
2024-01-28,DMA_119,74.85414646765273,0,0,102.2882208402046
2024-01-28,DMA_120,75.31807979575204,0,0,103.36662384886235
2024-01-28,DMA_121,88.33788695442892,0,0,104.02079279523088
2024-01-28,DMA_122,88.37911887484367,0,0,104.17603999386753
2024-01-28,DMA_123,84.55285060192986,0,0,103.99058734007733
2024-01-28,DMA_124,79.73398562200867,0,0,101.77603133432603
2024-01-28,DMA_125,72.76002732788979,0,0,103.16017491654378
2024-01-28,DMA_126,73.41117307108648,0,0,107.17075534493952
2024-01-28,DMA_127,84.85267726559098,0,0,103.38282365502187
2024-01-28,DMA_128,74.88815809185033,0,0,105.0176699553082
2024-01-28,DMA_129,70.20680490530208,0,1,102.32003746964504
2024-01-28,DMA_130,82.89078017185798,0,0,105.63558946628355
2024-01-28,DMA_131,79.80258692789184,0,0,102.71958473561767
2024-01-28,DMA_132,73.49075151022862,0,0,100.84443601059091
2024-01-28,DMA_133,69.31044847691075,0,0,100.62811575086255
2024-01-28,DMA_134,74.11572063078407,0,0,103.05385815827545
2024-01-28,DMA_135,79.52629556744401,0,0,106.41900174603536
2024-01-28,DMA_136,87.20126091239575,0,0,102.44115030236188
2024-01-28,DMA_137,71.94442393213671,0,0,103.56045741546322
2024-01-28,DMA_138,78.14668891721067,0,0,98.81086340253442
2024-01-28,DMA_139,80.84775356395177,0,0,102.62837494024026
2024-01-28,DMA_140,77.29521251284179,0,0,101.74896580595961
2024-01-28,DMA_141,81.51952139738358,0,0,101.45039983445253
2024-01-28,DMA_142,82.63470727465906,0,0,100.67472127683968
2024-01-28,DMA_143,82.299194839285,0,1,100.27338865177646
2024-01-28,DMA_144,81.72473976464434,0,0,105.73585818947211
2024-01-28,DMA_145,86.56098600251575,0,1,101.33184932144475
2024-01-28,DMA_146,73.56828067309446,0,0,101.61001223418477
2024-01-28,DMA_147,86.06388426699195,0,0,103.39899497333975
2024-01-28,DMA_148,84.98763187963505,0,0,101.47188601482335
2024-01-28,DMA_149,72.33510071197563,0,0,101.5655684896548
2024-01-28,DMA_150,64.81364677212595,0,0,103.55705201909959
2024-02-04,DMA_001,83.10500874350159,0,0,103.66391614240966
2024-02-04,DMA_002,73.19767995835923,0,0,99.92402447457451
2024-02-04,DMA_003,71.27628374796974,0,0,102.08974244091905
2024-02-04,DMA_004,84.2844350426884,0,0,105.37571009182214
2024-02-04,DMA_005,70.77398080783509,0,1,102.26392416131415
2024-02-04,DMA_006,76.45271817475076,0,1,98.99839434781514
2024-02-04,DMA_007,72.0367648367454,0,0,104.66989713285261
2024-02-04,DMA_008,83.64929843415908,0,0,105.1706611439702
2024-02-04,DMA_009,71.68347442567837,0,1,102.22564522954353
2024-02-04,DMA_010,74.3158187285595,0,1,102.81928200164273
2024-02-04,DMA_011,66.72427947003996,0,1,102.89019314469607
2024-02-04,DMA_012,83.31996518669087,0,0,102.41436939615417
2024-02-04,DMA_013,81.05812618745887,0,0,98.82884592931661
2024-02-04,DMA_014,74.06780976508846,0,1,96.52317249227221
2024-02-04,DMA_015,71.84049547280968,0,0,102.00927923407123
2024-02-04,DMA_016,81.73436530191864,0,0,102.90457405849686
2024-02-04,DMA_017,74.48966686824753,0,0,100.57499187314207
2024-02-04,DMA_018,67.81299139991545,0,1,105.10805494968749
2024-02-04,DMA_019,81.57374209523321,0,1,106.60171564056498
2024-02-04,DMA_020,77.49428238724055,0,0,104.60006078565341
2024-02-04,DMA_021,72.68579233638144,0,0,102.26854707484118
2024-02-04,DMA_022,80.7767555463456,0,1,106.79378969784689
2024-02-04,DMA_023,84.5285506636067,0,0,104.04920046646401
2024-02-04,DMA_024,76.53896750932735,0,0,106.14290743873232
2024-02-04,DMA_025,80.96823815865206,0,0,103.62264618810852
2024-02-04,DMA_026,82.72613066313029,0,0,103.35045657674138
2024-02-04,DMA_027,76.20695948693047,0,1,101.09183748272434
2024-02-04,DMA_028,71.38149407675803,0,0,100.76872236862478
2024-02-04,DMA_029,73.01146517154473,0,0,103.72581256923864
2024-02-04,DMA_030,79.61433705592273,0,0,103.25323943067924
2024-02-04,DMA_031,76.40984678828461,0,0,100.26563795413858
2024-02-04,DMA_032,78.40441331624365,0,0,105.42901568808604
2024-02-04,DMA_033,89.00655844817919,0,0,100.35622945150229
2024-02-04,DMA_034,82.43359887710152,0,0,103.75391351079598
2024-02-04,DMA_035,80.35709643154145,0,0,104.37780630878999
2024-02-04,DMA_036,78.24964886705318,0,0,98.47113579284225
2024-02-04,DMA_037,77.72756174293578,0,1,104.21449958249994
2024-02-04,DMA_038,75.95241831419288,0,0,99.10186331852563
2024-02-04,DMA_039,76.94164713645903,0,0,102.98240744645011
2024-02-04,DMA_040,88.05148105616159,0,1,102.50232071909093
2024-02-04,DMA_041,59.67783344075878,0,0,100.76464243142554
2024-02-04,DMA_042,84.9713625886589,0,0,103.60991900425628
2024-02-04,DMA_043,75.45403682563963,0,0,100.8988265533488
2024-02-04,DMA_044,84.26286548218533,0,0,100.97930444499555
2024-02-04,DMA_045,90.19097362886208,0,0,102.6002497264942
2024-02-04,DMA_046,77.30734861484058,0,0,103.7838567017516
2024-02-04,DMA_047,77.00538487358357,0,0,102.06284609163379
2024-02-04,DMA_048,83.7161905951463,0,0,98.3288916857277
2024-02-04,DMA_049,73.74807304871057,0,0,102.19536658615446
2024-02-04,DMA_050,82.05849022296373,0,0,103.3539894354931
2024-02-04,DMA_051,86.18212141742212,0,1,101.98744862339363
2024-02-04,DMA_052,69.59130413547443,0,1,103.79587822760385
2024-02-04,DMA_053,75.15696639662949,0,1,99.18428061914364
2024-02-04,DMA_054,85.08414948524208,0,0,101.5383452900519
2024-02-04,DMA_055,69.39057196524506,0,1,104.15253554677139
2024-02-04,DMA_056,71.55275123564674,0,0,104.35808443862469
2024-02-04,DMA_057,69.32594887860327,0,0,102.31016834921921
2024-02-04,DMA_058,76.11214502906681,0,1,104.7902757392741
2024-02-04,DMA_059,77.44796993525695,0,0,102.15161077893627
2024-02-04,DMA_060,66.37443738209876,0,0,103.85898145357342
2024-02-04,DMA_061,78.35738278649325,0,0,100.78416276518722
2024-02-04,DMA_062,83.9528299134239,0,0,98.42209451864842
2024-02-04,DMA_063,75.26068031196914,0,0,103.95845994522031
2024-02-04,DMA_064,76.91296381014645,0,0,104.47993382183995
2024-02-04,DMA_065,80.44140807080902,0,0,103.87938233539552
2024-02-04,DMA_066,81.60931440274693,0,0,103.45363310494456
2024-02-04,DMA_067,76.62781116630126,0,1,104.37508795968212
2024-02-04,DMA_068,75.21712576624685,0,0,100.43564970818402
2024-02-04,DMA_069,88.98808827145389,0,0,102.75683150324426
2024-02-04,DMA_070,78.8026065988315,0,0,106.70335608051616
2024-02-04,DMA_071,75.84162604446199,0,0,98.94316984016764
2024-02-04,DMA_072,86.19964292281557,0,0,102.01271268280198
2024-02-04,DMA_073,71.48735380769945,0,1,102.65200166222859
2024-02-04,DMA_074,85.73843797573814,0,0,106.12654467520183
2024-02-04,DMA_075,64.71945715075562,0,1,99.68015701294557
2024-02-04,DMA_076,84.89811591949572,0,0,101.66660081088492
2024-02-04,DMA_077,85.2851599309451,0,0,102.9911505240932
2024-02-04,DMA_078,75.25940958124164,0,0,101.37846031479995
2024-02-04,DMA_079,81.30765876117366,0,0,103.43964905556193
2024-02-04,DMA_080,73.30526219188485,0,1,102.33378136600005
2024-02-04,DMA_081,74.063457324817,0,0,100.07411768944306
2024-02-04,DMA_082,85.45171005173597,0,0,104.300160679605
2024-02-04,DMA_083,74.48343232631403,0,0,102.64348340738081
2024-02-04,DMA_084,82.68419292652506,0,0,104.46623853712543
2024-02-04,DMA_085,81.78118970721582,0,1,100.6260312812762
2024-02-04,DMA_086,83.11251589069012,0,0,104.00952946869685
2024-02-04,DMA_087,75.36425462589003,0,0,104.02366235832724
2024-02-04,DMA_088,80.31252910151616,0,1,102.21782387297223
2024-02-04,DMA_089,86.38569316465069,0,0,102.85520777596194
2024-02-04,DMA_090,78.32071777072454,0,0,102.32747597295327
2024-02-04,DMA_091,78.45350406755482,0,0,102.48921129887002
2024-02-04,DMA_092,79.07926747807883,0,0,106.10850116609777
2024-02-04,DMA_093,77.96611643466525,0,0,105.27614032892923
2024-02-04,DMA_094,77.67177214860398,0,0,103.62909995052325
2024-02-04,DMA_095,85.20861793712656,0,0,99.80831800221927
2024-02-04,DMA_096,83.21158750860685,0,0,102.85215088433863
2024-02-04,DMA_097,64.82430113007734,0,0,103.24934336186539
2024-02-04,DMA_098,77.24564741625659,0,0,104.21635731515575
2024-02-04,DMA_099,72.0335642791839,0,0,105.16001486535203
2024-02-04,DMA_100,79.31607923901598,0,0,102.93793847848431
2024-02-04,DMA_101,79.15893388352758,0,0,100.96072439062678
2024-02-04,DMA_102,86.53864433878505,0,0,106.17126974157372
2024-02-04,DMA_103,92.9607619252064,0,1,101.71484697993294
2024-02-04,DMA_104,84.18096963222207,0,1,106.49350555832866
2024-02-04,DMA_105,78.67216269043742,0,0,102.68179610274106
2024-02-04,DMA_106,80.6762559134686,0,1,105.47217761941312
2024-02-04,DMA_107,82.09485660928692,0,0,103.90543964960568
2024-02-04,DMA_108,75.63247829425421,0,0,100.88408480900705
2024-02-04,DMA_109,77.72550847796148,0,0,101.01025314148337
2024-02-04,DMA_110,74.59000092067154,0,1,103.99263794202733
2024-02-04,DMA_111,77.21445048312442,0,0,101.22819331698709
2024-02-04,DMA_112,75.99197601037757,0,0,102.0429941678628
2024-02-04,DMA_113,83.35107096337948,0,1,102.81205606754139
2024-02-04,DMA_114,75.86867574285655,0,0,101.682271981121
2024-02-04,DMA_115,74.35037894495193,0,0,107.46822088179057
2024-02-04,DMA_116,80.80883328874168,0,0,102.94559322458471
2024-02-04,DMA_117,71.97059026992727,0,0,102.46852591811168
2024-02-04,DMA_118,91.63663775769915,0,0,102.40533099090068
2024-02-04,DMA_119,80.32268724847714,0,0,102.25886936846234
2024-02-04,DMA_120,73.55079726698713,0,0,99.79708524075511
2024-02-04,DMA_121,81.96767412971133,0,1,105.07369325434043
2024-02-04,DMA_122,68.54810889283031,0,1,102.20065007150588
2024-02-04,DMA_123,79.05121864459845,0,0,103.67563998787539
2024-02-04,DMA_124,80.08988313862723,0,0,104.43330114323672
2024-02-04,DMA_125,81.1910204343349,0,0,105.68378315926044
2024-02-04,DMA_126,73.8550612800515,0,0,104.75215200270151
2024-02-04,DMA_127,79.21867555596283,0,1,101.86155866958349
2024-02-04,DMA_128,75.55001363347662,0,0,98.83008694987625
2024-02-04,DMA_129,72.08417218704506,0,0,100.88023870525043
2024-02-04,DMA_130,73.36327773201248,0,1,103.03431718225508
2024-02-04,DMA_131,83.30222707088107,0,0,99.9916914396044
2024-02-04,DMA_132,75.72150163002192,0,0,101.4963829523503
2024-02-04,DMA_133,69.40545362623268,0,0,101.14594817290043
2024-02-04,DMA_134,80.254534490855,0,0,104.09943828597088
2024-02-04,DMA_135,77.77839555778242,0,0,104.91540833863793
2024-02-04,DMA_136,79.2324887946062,0,1,99.9086689809633
2024-02-04,DMA_137,81.59693577278945,0,0,102.76684862682795
2024-02-04,DMA_138,75.40578665028049,0,0,103.94423098318231
2024-02-04,DMA_139,84.50587640190676,0,0,101.34544259304842
2024-02-04,DMA_140,71.84729650060015,0,1,98.97663367733028
2024-02-04,DMA_141,78.51849469170801,0,1,102.24070281402935
2024-02-04,DMA_142,80.15527048691857,0,0,101.4412145794554
2024-02-04,DMA_143,81.94441930265525,0,0,102.37336655342487
2024-02-04,DMA_144,76.48275826272621,0,0,105.23308563680555
2024-02-04,DMA_145,70.46377528265515,0,0,105.8156308545919
2024-02-04,DMA_146,61.98931650610882,0,0,102.07368560088926
2024-02-04,DMA_147,78.25943327219301,0,0,101.99020021333769
2024-02-04,DMA_148,83.47029068909943,0,0,104.05878768728721
2024-02-04,DMA_149,85.32278490110104,0,0,105.24902140616584
2024-02-04,DMA_150,75.86750918751369,0,0,107.10151825078498
2024-02-11,DMA_001,72.13104295716587,0,0,102.23581441918074
2024-02-11,DMA_002,78.81100713346643,0,1,105.09930694031092
2024-02-11,DMA_003,81.18360997062379,0,1,102.52745530717513
2024-02-11,DMA_004,76.02065238905303,0,1,103.39609370783084
2024-02-11,DMA_005,75.83471849496448,0,0,102.32694342596892
2024-02-11,DMA_006,82.34254635892859,0,0,103.06608336468345
2024-02-11,DMA_007,67.4215351463959,0,0,103.83147958161064
2024-02-11,DMA_008,78.32888240588207,0,1,105.15847162116957
2024-02-11,DMA_009,75.26296657782024,0,0,108.10009587162601
2024-02-11,DMA_010,81.25044187689674,0,0,102.11606505894436
2024-02-11,DMA_011,68.81328031383306,0,0,101.42882767051114
2024-02-11,DMA_012,63.924446634064914,0,0,103.68938470389988
2024-02-11,DMA_013,74.83635244258507,0,0,105.21068268179991
2024-02-11,DMA_014,70.30409909122446,0,0,103.60832594865165
2024-02-11,DMA_015,77.20588319813447,0,0,105.44833109646717
2024-02-11,DMA_016,75.75484695703562,0,0,105.86747685402726
2024-02-11,DMA_017,75.86551161761183,0,0,106.34453685660979
2024-02-11,DMA_018,80.798466731354,0,1,101.7250280993896
2024-02-11,DMA_019,71.62402489937199,0,0,102.76876109542697
2024-02-11,DMA_020,78.94710117804055,0,1,105.56662127886938
2024-02-11,DMA_021,82.99501392148974,0,0,103.73095778204348
2024-02-11,DMA_022,82.99520089710492,0,0,104.59057592223157
2024-02-11,DMA_023,77.7323391704856,0,0,104.31806651776613
2024-02-11,DMA_024,71.77900892335947,0,0,102.16604909837991
2024-02-11,DMA_025,67.99357421029632,0,0,99.01081284487255
2024-02-11,DMA_026,79.78022343441407,0,0,101.67424919831055
2024-02-11,DMA_027,73.273873799887,0,0,103.22866947398568
2024-02-11,DMA_028,76.1583363592,0,1,102.2318036710935
2024-02-11,DMA_029,80.59369199629685,0,1,105.07604316996256
2024-02-11,DMA_030,68.40097398798432,0,0,101.28707753937381
2024-02-11,DMA_031,70.22562514365164,0,0,102.79743859202621
2024-02-11,DMA_032,77.95134085814493,0,0,102.62038960537745
2024-02-11,DMA_033,71.78210064901434,0,0,105.53211547972258
2024-02-11,DMA_034,77.15546977257898,0,0,104.41005350617041
2024-02-11,DMA_035,76.72542993095209,0,0,103.3269436669481
2024-02-11,DMA_036,75.49898593423046,0,0,101.70317709484533
2024-02-11,DMA_037,76.35850695626247,0,0,103.45538535853193
2024-02-11,DMA_038,85.31257681449408,0,1,107.06325297594415
2024-02-11,DMA_039,81.44648564906548,0,0,101.72498405805366
2024-02-11,DMA_040,78.37082659584101,0,0,102.85299109121026
2024-02-11,DMA_041,84.63106787189719,0,0,103.14010362791632
2024-02-11,DMA_042,80.0964792752875,0,0,101.39568079907787
2024-02-11,DMA_043,81.39996401822566,0,0,102.12329042455968
2024-02-11,DMA_044,72.99744412132047,0,0,102.15900735400358
2024-02-11,DMA_045,68.13486001842514,0,0,102.52195042438088
2024-02-11,DMA_046,85.56239595036337,0,0,104.11562136162505
2024-02-11,DMA_047,70.64341492982733,0,0,102.57163383854004
2024-02-11,DMA_048,67.31261621262213,0,0,107.02858816140747
2024-02-11,DMA_049,73.18358682606481,0,0,103.84780228542465
2024-02-11,DMA_050,73.73276058166049,0,0,101.35402060285325
2024-02-11,DMA_051,68.52376171573572,0,1,101.62190523990265
2024-02-11,DMA_052,72.5256474730181,0,0,107.09605141048513
2024-02-11,DMA_053,73.24386490074436,0,0,101.00728127311017
2024-02-11,DMA_054,73.00441126667948,0,0,106.40568513307349
2024-02-11,DMA_055,69.03234352302292,0,0,101.19217098655899
2024-02-11,DMA_056,77.8318309066966,0,0,103.97751221525365
2024-02-11,DMA_057,77.27455413929674,0,0,105.12843708764218
2024-02-11,DMA_058,72.44451039436233,0,0,104.30204501098386
2024-02-11,DMA_059,68.91282106152478,0,0,103.86646353596376
2024-02-11,DMA_060,83.74094282347107,0,0,101.89415597480314
2024-02-11,DMA_061,83.21897437402924,0,0,103.82806186781552
2024-02-11,DMA_062,73.232153498417,0,0,107.42677494391486
2024-02-11,DMA_063,75.47826370119759,0,1,101.55537145251478
2024-02-11,DMA_064,74.80109445871447,0,0,106.84657276918914
2024-02-11,DMA_065,71.45549498276705,0,1,105.40312144488743
2024-02-11,DMA_066,74.4737130472065,0,0,105.4884839135224
2024-02-11,DMA_067,81.14521835048608,0,0,105.84446429192636
2024-02-11,DMA_068,64.72199047318739,0,1,105.90435914090035
2024-02-11,DMA_069,79.56280184595842,0,0,105.57036355679159
2024-02-11,DMA_070,77.54491830555187,0,1,101.96300903118407
2024-02-11,DMA_071,85.90864702388465,0,0,104.40031219017668
2024-02-11,DMA_072,75.73973591547023,0,1,104.31887968734536
2024-02-11,DMA_073,74.55656384028185,0,0,100.49147785651103
2024-02-11,DMA_074,71.53502389425773,0,0,104.68706098510334
2024-02-11,DMA_075,67.47272973264066,0,0,102.32513564387065
2024-02-11,DMA_076,74.5032643491594,0,0,106.58571532138109
2024-02-11,DMA_077,59.00842291432118,0,0,104.9624218553368
2024-02-11,DMA_078,82.0336197043615,0,0,102.73243815471382
2024-02-11,DMA_079,73.47793717004201,0,0,106.52596821357734
2024-02-11,DMA_080,67.57445151256097,0,0,104.38113550246327
2024-02-11,DMA_081,80.47091931632973,0,0,102.73931754060803
2024-02-11,DMA_082,76.10064519381181,0,0,101.97399822402751
2024-02-11,DMA_083,69.12494138599175,0,1,103.41952545685125
2024-02-11,DMA_084,71.86490568299581,0,0,106.27074579209345
2024-02-11,DMA_085,74.58939321359756,0,0,106.33182967978675
2024-02-11,DMA_086,74.18604980293127,0,0,105.0029520613517
2024-02-11,DMA_087,68.93251461563295,0,0,106.98517423244022
2024-02-11,DMA_088,80.77825177763239,0,0,106.81703670122711
2024-02-11,DMA_089,74.83900075318431,0,0,101.53663017968275
2024-02-11,DMA_090,77.41133947759853,0,0,103.54235203069794
2024-02-11,DMA_091,70.98382854087116,0,0,105.56666294344127
2024-02-11,DMA_092,76.39074793543452,0,0,101.9171833056546
2024-02-11,DMA_093,72.2288287271239,0,0,103.51656747954738
2024-02-11,DMA_094,76.80491178070064,0,0,104.12410384043176
2024-02-11,DMA_095,76.71295401104878,0,0,103.45432160129339
2024-02-11,DMA_096,79.41770712397195,0,1,101.91025758951142
2024-02-11,DMA_097,69.8973756224884,0,0,99.53326116275582
2024-02-11,DMA_098,82.23261036874345,0,0,103.90814714867726
2024-02-11,DMA_099,73.00598881375612,0,0,100.31807829702319
2024-02-11,DMA_100,76.45684318684545,0,0,104.50862464849182
2024-02-11,DMA_101,79.93767880724722,0,1,101.42895851598021
2024-02-11,DMA_102,84.98750608284273,0,1,106.46987982507736
2024-02-11,DMA_103,69.1602486649838,0,0,101.84486592064339
2024-02-11,DMA_104,71.00097964008567,0,0,105.51627245844965
2024-02-11,DMA_105,76.1079641898578,0,0,102.80797927791043
2024-02-11,DMA_106,68.58812734874638,0,0,104.5394422901203
2024-02-11,DMA_107,79.518264294864,0,0,103.23581710828489
2024-02-11,DMA_108,67.30305895371023,0,1,104.24651154588427
2024-02-11,DMA_109,87.44812198492356,0,1,104.44670344015648
2024-02-11,DMA_110,85.84731292126096,0,1,104.99413518994231
2024-02-11,DMA_111,81.09161332982386,0,0,101.30083147080806
2024-02-11,DMA_112,68.39632596717684,0,0,102.11138827284634
2024-02-11,DMA_113,82.10789316079465,0,0,102.42896499513508
2024-02-11,DMA_114,71.87461942652529,0,1,107.6834579240814
2024-02-11,DMA_115,71.37333516482187,0,0,102.44832354813911
2024-02-11,DMA_116,81.89768289185109,0,0,99.60634361574482
2024-02-11,DMA_117,71.40985004950964,0,1,104.53345581936715
2024-02-11,DMA_118,80.40658419158028,0,0,103.94548272812676
2024-02-11,DMA_119,73.79484132228887,0,0,105.91762022568594
2024-02-11,DMA_120,78.68051861662116,0,0,104.43994497490263
2024-02-11,DMA_121,77.30182711429812,0,0,102.981734660437
2024-02-11,DMA_122,76.01035891777931,0,0,101.47080973842108
2024-02-11,DMA_123,77.73856037514953,0,0,102.40956293008107
2024-02-11,DMA_124,79.23514476094125,0,0,103.2183969336942
2024-02-11,DMA_125,70.92038071634913,0,0,102.44813191738209
2024-02-11,DMA_126,94.73096513191527,0,0,102.92653162720694
2024-02-11,DMA_127,72.4058390752494,0,1,103.67823396124183
2024-02-11,DMA_128,82.13182354403786,0,0,103.63550075494106
2024-02-11,DMA_129,82.30325973960176,0,0,100.83370288506275
2024-02-11,DMA_130,72.54656937436349,0,0,104.45382850701704
2024-02-11,DMA_131,75.68764940926789,0,0,104.28194667191948
2024-02-11,DMA_132,73.14599410891933,0,1,101.76204754046829
2024-02-11,DMA_133,75.75889163922416,0,0,105.1266437411164
2024-02-11,DMA_134,75.15730564122032,0,0,99.84762973705584
2024-02-11,DMA_135,81.08275624732971,0,0,102.74877261851881
2024-02-11,DMA_136,77.5359683805608,0,0,100.0790545930459
2024-02-11,DMA_137,69.98956488193265,0,1,106.06201289358093
2024-02-11,DMA_138,80.14859211122406,0,1,103.44814082137252
2024-02-11,DMA_139,74.03472400564532,0,0,104.84300366331665
2024-02-11,DMA_140,76.87721331412011,0,1,104.3454093383942
2024-02-11,DMA_141,77.7743836040302,0,0,103.05784952993409
2024-02-11,DMA_142,69.18187085757958,0,0,103.23422416517475
2024-02-11,DMA_143,76.38240176026271,0,0,107.06744471974474
2024-02-11,DMA_144,69.60601141736568,0,0,104.03001790691347
2024-02-11,DMA_145,79.63984444106629,0,0,106.1608919015909
2024-02-11,DMA_146,70.96006520494943,0,0,104.23352743259898
2024-02-11,DMA_147,74.74774237716473,0,0,99.51537516540026
2024-02-11,DMA_148,80.37618129954701,0,0,104.92884162634222
2024-02-11,DMA_149,69.01303005818974,0,1,103.86761333725381
2024-02-11,DMA_150,76.34916862272902,0,0,105.53045444185709
2024-02-18,DMA_001,69.28455480659238,0,0,104.6495557187993
2024-02-18,DMA_002,72.57980986712815,0,0,101.596813164989
2024-02-18,DMA_003,74.54082201626002,0,0,104.62038972847049
2024-02-18,DMA_004,70.32106204706446,0,0,104.16924424398724
2024-02-18,DMA_005,71.93045069450095,0,0,107.78289343296498
2024-02-18,DMA_006,77.73040116145849,0,1,105.10676562540156
2024-02-18,DMA_007,68.04811159850266,0,0,104.4975552166916
2024-02-18,DMA_008,69.58865948943357,0,0,101.36532295894547
2024-02-18,DMA_009,66.51331568829814,0,0,101.85603634356224
2024-02-18,DMA_010,77.16330262070106,0,0,107.75068896131484
2024-02-18,DMA_011,75.1267094736825,0,0,104.77222841007004
2024-02-18,DMA_012,68.97972387420337,0,0,103.9710169551301
2024-02-18,DMA_013,75.52338245979153,0,1,102.43379587933798
2024-02-18,DMA_014,71.27110750111879,0,0,100.90665914193168
2024-02-18,DMA_015,73.16365524752591,0,0,103.72798611492381
2024-02-18,DMA_016,64.76184863161424,0,0,101.12686197737261
2024-02-18,DMA_017,85.47302703703267,0,1,104.33570790431789
2024-02-18,DMA_018,69.0600699572488,0,0,100.8949807983321
2024-02-18,DMA_019,80.94212582661352,0,0,102.74304749123647
2024-02-18,DMA_020,80.21836508382445,0,0,102.12401025195135
2024-02-18,DMA_021,72.32365307613422,0,0,106.5549115539434
2024-02-18,DMA_022,77.79472727177877,0,0,104.98153668302237
2024-02-18,DMA_023,65.9928341748414,0,0,102.27831386697447
2024-02-18,DMA_024,83.20140630618152,0,0,105.63902019600651
2024-02-18,DMA_025,65.11508414828835,0,0,103.62912874233199
2024-02-18,DMA_026,68.53586199180275,0,0,102.17774737011868
2024-02-18,DMA_027,70.01029642689286,0,0,102.08959440532242
2024-02-18,DMA_028,81.31355807479656,0,1,109.32870652254408
2024-02-18,DMA_029,76.84110957974113,0,0,102.49329112490737
2024-02-18,DMA_030,63.24777199093356,0,0,102.6304822795664
2024-02-18,DMA_031,69.85206526202322,0,0,101.02508600485866
2024-02-18,DMA_032,60.98110903282047,0,0,103.7094937378716
2024-02-18,DMA_033,85.0392137322678,0,0,102.06167326652681
2024-02-18,DMA_034,71.88196651540227,0,0,103.39125670880827
2024-02-18,DMA_035,64.09820744387807,0,0,101.78882911583608
2024-02-18,DMA_036,67.56534868905393,0,0,105.98605213659026
2024-02-18,DMA_037,73.71259208968453,0,0,108.08597373616624
2024-02-18,DMA_038,77.93158654687352,0,0,103.56223807057236
2024-02-18,DMA_039,73.46942367897692,0,0,101.6641517047439
2024-02-18,DMA_040,73.16783761486721,0,0,103.68702224554721
2024-02-18,DMA_041,76.94403498333189,0,0,104.70951084214299
2024-02-18,DMA_042,67.67933590593785,0,0,106.04596105973314
2024-02-18,DMA_043,81.91313167606766,0,0,101.29199306324111
2024-02-18,DMA_044,73.09450581148593,0,0,106.2866050381144
2024-02-18,DMA_045,71.39806875729825,0,0,102.36376180241524
2024-02-18,DMA_046,67.74499194508657,0,0,102.40289320883639
2024-02-18,DMA_047,79.7455282601477,0,0,105.17934093976406
2024-02-18,DMA_048,76.68902097534055,0,0,104.63136488309544
2024-02-18,DMA_049,73.52466238548979,0,0,105.41386101089205
2024-02-18,DMA_050,69.79093796305091,0,0,103.27874467380794
2024-02-18,DMA_051,70.57003282134687,0,0,109.79286181091729
2024-02-18,DMA_052,70.1475917205218,0,0,103.09879679095087
2024-02-18,DMA_053,77.5443037914625,0,0,105.40759273651226
2024-02-18,DMA_054,62.668109014077196,0,0,102.72449947576195
2024-02-18,DMA_055,73.94031702921235,0,0,103.38081178355233
2024-02-18,DMA_056,81.93660981010673,0,1,104.99595183331337
2024-02-18,DMA_057,79.04016161127268,0,0,106.94557664609145
2024-02-18,DMA_058,80.03261407235357,0,0,103.87453516739735
2024-02-18,DMA_059,70.7901192466901,0,0,107.10541607223512
2024-02-18,DMA_060,77.82487949399892,0,0,105.3880074387162
2024-02-18,DMA_061,74.07472706719298,0,0,102.21444366474172
2024-02-18,DMA_062,77.99604743936912,0,0,105.33936681327351
2024-02-18,DMA_063,75.68169861377385,0,1,104.98032414986253
2024-02-18,DMA_064,61.147007219014256,0,0,105.66209983253361
2024-02-18,DMA_065,74.67705037203964,0,1,105.2060767533374
2024-02-18,DMA_066,72.16226564419,0,0,106.4625418142637
2024-02-18,DMA_067,66.17937448624022,0,0,104.45117385052927
2024-02-18,DMA_068,66.6783011325634,0,1,101.26636800256797
2024-02-18,DMA_069,77.49420173796432,0,1,101.974451681866
2024-02-18,DMA_070,69.80442583360852,0,1,105.90664711479145
2024-02-18,DMA_071,63.03004604895593,0,0,105.01622046670506
2024-02-18,DMA_072,68.84131389482306,0,0,104.97222454431069
2024-02-18,DMA_073,80.29360893453821,0,0,104.54847532351246
2024-02-18,DMA_074,75.36689824209822,0,0,103.23366777429231
2024-02-18,DMA_075,86.12977597854044,0,0,103.86069319904482
2024-02-18,DMA_076,77.9783262111173,0,0,102.60943528765941
2024-02-18,DMA_077,66.713941246255,0,1,103.04622156637858
2024-02-18,DMA_078,71.72685723216645,0,0,106.86262126838
2024-02-18,DMA_079,87.56286372070353,0,0,107.2623151491036
2024-02-18,DMA_080,81.8353858929136,0,0,102.6578211097803
2024-02-18,DMA_081,66.57885184380213,0,0,105.27924030072016
2024-02-18,DMA_082,81.22270587173377,0,0,101.05028121249944
2024-02-18,DMA_083,72.52979731960697,0,0,103.24788295425344
2024-02-18,DMA_084,77.07414541762175,0,1,102.39190412857101
2024-02-18,DMA_085,82.29266181645028,0,0,104.1314815507847
2024-02-18,DMA_086,84.20406423376235,0,0,101.98243953873846
2024-02-18,DMA_087,74.75938166226979,0,0,103.11769499753463
2024-02-18,DMA_088,74.55071678071201,0,0,103.01828815222018
2024-02-18,DMA_089,78.31426338056349,0,0,104.05592133620723
2024-02-18,DMA_090,72.77129403764458,0,0,101.82169693290848
2024-02-18,DMA_091,74.51809640921567,0,0,103.43742242194897
2024-02-18,DMA_092,68.79548341045376,0,0,103.59137433459162
2024-02-18,DMA_093,70.68866353404104,0,0,108.73524645187463
2024-02-18,DMA_094,74.53212912155502,0,0,104.91986819023698
2024-02-18,DMA_095,77.38712739718585,0,0,103.89488610369571
2024-02-18,DMA_096,71.42741485893441,0,0,104.64425852762439
2024-02-18,DMA_097,76.82283636038973,0,0,101.90654084269478
2024-02-18,DMA_098,71.5297126025904,0,0,102.62406684107214
2024-02-18,DMA_099,65.82403043358869,0,0,104.58002402668463
2024-02-18,DMA_100,70.44784083594597,0,0,106.64857936591193
2024-02-18,DMA_101,76.77776044767651,0,1,105.90335250937623
2024-02-18,DMA_102,67.0906128080417,0,0,105.1308137363415
2024-02-18,DMA_103,75.08402834795218,0,0,101.95132418523525
2024-02-18,DMA_104,73.01445277833199,0,0,108.4890286243453
2024-02-18,DMA_105,85.50342154487004,0,0,100.37042442062229
2024-02-18,DMA_106,69.87681189465141,0,0,101.9839908010326
2024-02-18,DMA_107,67.66125574921837,0,0,106.98209512875366
2024-02-18,DMA_108,66.27662053848113,0,0,104.152226747645
2024-02-18,DMA_109,67.66215400825884,0,0,107.15811829332128
2024-02-18,DMA_110,79.48601764884566,0,0,102.34834414777119
2024-02-18,DMA_111,65.5773298655311,0,0,101.95692549693085
2024-02-18,DMA_112,75.43611899292318,0,0,101.36307306781538
2024-02-18,DMA_113,69.55962493306828,0,0,103.82238205520025
2024-02-18,DMA_114,79.93555805893418,0,0,104.92916705460281
2024-02-18,DMA_115,73.22606804987764,0,0,99.72180824388231
2024-02-18,DMA_116,79.56942406232778,0,1,104.15452286095201
2024-02-18,DMA_117,69.91736974164436,0,0,105.01821471313663
2024-02-18,DMA_118,78.91296050165978,0,0,103.9461435425656
2024-02-18,DMA_119,80.65855194531962,0,0,103.44528618490526
2024-02-18,DMA_120,88.23115072902063,0,0,103.78370451998096
2024-02-18,DMA_121,68.14543430755778,0,0,102.06653656911843
2024-02-18,DMA_122,83.6639887562081,0,1,103.17860277814631
2024-02-18,DMA_123,76.38250683676443,0,1,99.92300462630594
2024-02-18,DMA_124,70.60043658152723,0,0,107.1126956363934
2024-02-18,DMA_125,78.22585106716916,0,0,106.02419906283556
2024-02-18,DMA_126,64.54862886189225,0,1,103.21672318714305
2024-02-18,DMA_127,75.9566970080312,0,0,102.16675474578076
2024-02-18,DMA_128,77.16649772593769,0,0,103.5934993777627
2024-02-18,DMA_129,81.14128561226813,0,0,104.94261763931745
2024-02-18,DMA_130,82.53851749838043,0,0,103.42016963632612
2024-02-18,DMA_131,71.30006481915542,0,0,103.01523204749977
2024-02-18,DMA_132,66.97183850966887,0,0,103.40803502048739
2024-02-18,DMA_133,81.5968777516191,0,0,103.94724227051125
2024-02-18,DMA_134,77.46394805321785,0,0,104.49985309404654
2024-02-18,DMA_135,74.64740724006145,0,0,103.93340343204224
2024-02-18,DMA_136,82.90506392436704,0,0,101.41690810742209
2024-02-18,DMA_137,66.39004468714155,0,0,104.60335061317662
2024-02-18,DMA_138,68.96663162523106,0,0,102.19722090104915
2024-02-18,DMA_139,81.20869943781071,0,0,104.37263300242438
2024-02-18,DMA_140,69.09473471295163,0,1,104.3069992609807
2024-02-18,DMA_141,74.06936669045785,0,0,104.96717502194801
2024-02-18,DMA_142,73.01779376362408,0,0,103.12048526219317
2024-02-18,DMA_143,76.4666000771157,0,0,105.27953435975019
2024-02-18,DMA_144,68.00557529592731,0,0,105.68989967415544
2024-02-18,DMA_145,77.19310462857207,0,0,104.68652845323442
2024-02-18,DMA_146,79.76902886396624,0,0,102.71507528267716
2024-02-18,DMA_147,76.98873775630135,0,1,103.86360411292291
2024-02-18,DMA_148,79.58614125038599,0,0,105.33310806823454
2024-02-18,DMA_149,62.15113888562224,0,0,103.89055796088715
2024-02-18,DMA_150,70.32672814725413,0,0,102.61983486100056
2024-02-25,DMA_001,77.54563445920954,0,0,102.47693252823157
2024-02-25,DMA_002,76.27478422538825,0,1,103.11575740956447
2024-02-25,DMA_003,77.58471895658622,0,0,104.91169588624795
2024-02-25,DMA_004,77.65948150897411,0,0,104.06047264835692
2024-02-25,DMA_005,69.01955992315486,0,0,98.8523443378195
2024-02-25,DMA_006,78.95959793345355,0,0,99.25485361965633
2024-02-25,DMA_007,68.31729676732641,0,0,102.14893873248081
2024-02-25,DMA_008,73.94372215203568,0,0,104.6425716456622
2024-02-25,DMA_009,62.171901670792835,0,0,102.92513895019322
2024-02-25,DMA_010,72.02840114686921,0,1,104.01803411485311
2024-02-25,DMA_011,77.76431040919874,0,0,103.93174773940184
2024-02-25,DMA_012,83.47053309046962,0,0,104.63813667024982
2024-02-25,DMA_013,70.44804275027501,0,0,106.9390797292681
2024-02-25,DMA_014,72.2219251804149,0,1,106.16699041518487
2024-02-25,DMA_015,69.95701548007168,0,0,99.07613867178375
2024-02-25,DMA_016,66.86830584445629,0,0,103.0880353584449
2024-02-25,DMA_017,61.871060500809264,0,1,104.89393219760473
2024-02-25,DMA_018,67.79531987303716,0,0,102.7660006329002
2024-02-25,DMA_019,67.06391988882746,0,0,107.84551229679896
2024-02-25,DMA_020,82.47790767017386,0,0,105.04403079741112
2024-02-25,DMA_021,79.51570015300899,0,0,101.56621199475556
2024-02-25,DMA_022,57.8072547680632,0,0,103.91931616864457
2024-02-25,DMA_023,68.3796527812018,0,0,103.79414471604173
2024-02-25,DMA_024,80.40324999806707,0,0,102.16912373375673
2024-02-25,DMA_025,81.96390140657958,0,0,105.59188738762627
2024-02-25,DMA_026,71.37006294041018,0,0,108.49201280570598
2024-02-25,DMA_027,73.36148818903166,0,0,99.71578771186829
2024-02-25,DMA_028,71.51269434995439,0,0,103.05353284979552
2024-02-25,DMA_029,68.19501512177135,0,1,107.26844859515718
2024-02-25,DMA_030,66.44420922618335,0,0,102.53474759994569
2024-02-25,DMA_031,67.29615236404615,0,0,103.25360096871461
2024-02-25,DMA_032,79.9641467804253,0,0,105.51990624535775
2024-02-25,DMA_033,68.99840548700065,0,0,101.81098009227746
2024-02-25,DMA_034,69.66035085107278,0,0,104.6954774722434
2024-02-25,DMA_035,74.32875451325383,0,0,103.1892137237026
2024-02-25,DMA_036,74.65667587718762,0,0,101.55533335286307
2024-02-25,DMA_037,73.60393777252499,0,0,103.21536330585533
2024-02-25,DMA_038,70.77618686734606,0,0,103.96553226649716
2024-02-25,DMA_039,72.40476887754625,0,0,106.00325029342754
2024-02-25,DMA_040,65.37281234154192,0,0,104.85549018459476
2024-02-25,DMA_041,74.84480119906137,0,0,104.57419940252854
2024-02-25,DMA_042,69.80865052047844,0,0,105.07927609950644
2024-02-25,DMA_043,80.3859118207834,0,0,102.67074807242867
2024-02-25,DMA_044,72.31767275070305,0,0,105.13028032954192
2024-02-25,DMA_045,67.2531256103888,0,0,103.86436555003708
2024-02-25,DMA_046,71.14290182014318,0,0,105.63248485659301
2024-02-25,DMA_047,62.82559032211384,0,0,105.55483761925935
2024-02-25,DMA_048,69.01185475312826,0,1,105.65167536128995
2024-02-25,DMA_049,75.36609554924115,0,0,107.2514620663052
2024-02-25,DMA_050,82.91808383243551,0,0,102.35376988358097
2024-02-25,DMA_051,71.16237290105738,0,0,102.92543898853181
2024-02-25,DMA_052,71.32736366580748,0,1,104.38739285179656
2024-02-25,DMA_053,68.8317757619075,0,0,101.31289500709012
2024-02-25,DMA_054,78.15092028512305,0,0,103.18435978543184
2024-02-25,DMA_055,76.46459083892664,0,0,102.50062741495185
2024-02-25,DMA_056,67.4761870379047,0,0,102.3909621905253
2024-02-25,DMA_057,68.4636124375624,0,0,102.75019693737413
2024-02-25,DMA_058,68.8851883355325,0,1,103.74022046773692
2024-02-25,DMA_059,70.46320716468199,0,0,101.98616981397316
2024-02-25,DMA_060,71.34933895006094,0,0,104.86233892973429
2024-02-25,DMA_061,82.21869451555042,0,0,104.12002168511764
2024-02-25,DMA_062,68.86139201299812,0,0,103.95823498360652
2024-02-25,DMA_063,72.91297139472233,0,0,105.6999026023456
2024-02-25,DMA_064,74.57337764049232,0,0,104.55116490091902
2024-02-25,DMA_065,73.92763746346576,0,0,107.64408567125898
2024-02-25,DMA_066,81.83572902318247,0,0,105.24238847445109
2024-02-25,DMA_067,78.39902219654617,0,0,102.12131886247417
2024-02-25,DMA_068,69.20251096209358,0,0,103.76153360234417
2024-02-25,DMA_069,71.32895857900279,0,0,102.1181731912465
2024-02-25,DMA_070,69.09745395603386,0,0,108.87722393166356
2024-02-25,DMA_071,76.42429622135548,0,0,104.93409279347138
2024-02-25,DMA_072,72.13352045617185,0,0,103.31961069658392
2024-02-25,DMA_073,69.4853206139573,0,0,102.420973539781
2024-02-25,DMA_074,69.07387690131809,0,0,105.6294590543117
2024-02-25,DMA_075,59.98709217764046,0,0,103.75690151546097
2024-02-25,DMA_076,74.43536673720395,0,0,105.04436265271688
2024-02-25,DMA_077,70.78702002317137,0,0,104.38993461163933
2024-02-25,DMA_078,58.73893967315199,0,0,101.90877620176677
2024-02-25,DMA_079,68.47527964773974,0,0,101.67993294809452
2024-02-25,DMA_080,85.73065314255891,0,0,105.90851252003566
2024-02-25,DMA_081,83.33468286209909,0,0,105.11989733633969
2024-02-25,DMA_082,67.45879609517976,0,0,106.1801699169465
2024-02-25,DMA_083,66.09907170420819,0,0,102.65926833435857
2024-02-25,DMA_084,63.168026069131265,0,0,101.25391259334077
2024-02-25,DMA_085,72.77665777696933,0,0,102.22640668944757
2024-02-25,DMA_086,78.04357844904519,0,0,105.91567337678687
2024-02-25,DMA_087,66.07308388554016,0,0,103.69595130368594
2024-02-25,DMA_088,70.67682062435954,0,0,102.2544164984558
2024-02-25,DMA_089,55.4060121478564,0,0,102.06267715284451
2024-02-25,DMA_090,68.54432125021816,0,0,106.32606048764143
2024-02-25,DMA_091,66.42787887227941,0,0,102.65116984799354
2024-02-25,DMA_092,66.93877827862907,0,0,100.11608956470229
2024-02-25,DMA_093,65.32854827496654,0,0,105.89809414101695
2024-02-25,DMA_094,78.65751545515386,0,0,102.76631563789023
2024-02-25,DMA_095,69.16684408998927,0,0,104.52153055793198
2024-02-25,DMA_096,72.58570690986978,0,0,103.73302691780255
2024-02-25,DMA_097,75.93565547508081,0,0,101.68571470799617
2024-02-25,DMA_098,69.96588199035038,0,0,103.81243304942761
2024-02-25,DMA_099,71.00986652532387,0,0,104.1566872014048
2024-02-25,DMA_100,80.61725164819978,0,0,99.36076509212245
2024-02-25,DMA_101,63.87670272866012,0,0,106.44887554957907
2024-02-25,DMA_102,64.28725092024222,0,0,105.67044843718458
2024-02-25,DMA_103,64.70703465769134,0,0,99.88727317698552
2024-02-25,DMA_104,74.09366258522832,0,0,105.99913490446887
2024-02-25,DMA_105,68.79809994031355,0,0,104.23782545185853
2024-02-25,DMA_106,76.6368402688475,0,0,102.26898566327553
2024-02-25,DMA_107,65.05891386060242,0,0,106.49354619972843
2024-02-25,DMA_108,76.88770742809481,0,0,103.3316981652483
2024-02-25,DMA_109,72.71726894126769,0,1,108.7486948569782
2024-02-25,DMA_110,63.997880378805704,0,0,103.22481745239267
2024-02-25,DMA_111,63.92831566270733,0,0,104.45432762861611
2024-02-25,DMA_112,58.22430592315551,0,0,103.25611905524399
2024-02-25,DMA_113,69.64706331740248,0,1,103.41789063469949
2024-02-25,DMA_114,82.82202964396149,0,0,105.29699469372001
2024-02-25,DMA_115,84.65342261187375,0,0,109.17948839096715
2024-02-25,DMA_116,70.67590733918652,0,0,103.19513128070935
2024-02-25,DMA_117,71.84331718129395,0,0,103.86267839611949
2024-02-25,DMA_118,55.22143688046087,0,0,103.86310520384829
2024-02-25,DMA_119,63.64174731442591,0,0,104.14510205211043
2024-02-25,DMA_120,62.797769453255114,0,0,103.40922673502936
2024-02-25,DMA_121,73.59752100959086,0,0,103.99985454077844
2024-02-25,DMA_122,62.68698621079169,0,0,108.31808080171992
2024-02-25,DMA_123,69.02636548437546,0,0,104.74135091854032
2024-02-25,DMA_124,70.58269611673177,0,0,104.67842948454248
2024-02-25,DMA_125,77.59017933220835,0,0,104.93992309952421
2024-02-25,DMA_126,86.1886428160746,0,0,103.96427953956768
2024-02-25,DMA_127,70.96651311728378,0,0,101.46436531304875
2024-02-25,DMA_128,82.6283353632525,0,0,104.90613178816147
2024-02-25,DMA_129,61.14080457365244,0,0,103.30141382140404
2024-02-25,DMA_130,82.89232146810583,0,0,104.02850206546204
2024-02-25,DMA_131,78.14361723325624,0,0,102.57813353801788
2024-02-25,DMA_132,68.41280378085003,0,0,105.80671101430042
2024-02-25,DMA_133,62.46670441362472,0,0,104.34515229381094
2024-02-25,DMA_134,72.32604453908128,0,1,104.36328930657267
2024-02-25,DMA_135,74.66585180318201,0,0,99.09744578445063
2024-02-25,DMA_136,71.21332834715251,0,0,107.13031288747754
2024-02-25,DMA_137,69.9086938780048,0,0,104.53030868925228
2024-02-25,DMA_138,73.89201802427279,0,0,107.44725165533158
2024-02-25,DMA_139,68.15951570583617,0,0,105.72275192708541
2024-02-25,DMA_140,82.55630085279253,0,0,103.90466107972924
2024-02-25,DMA_141,67.84366471981392,0,0,103.00935598480464
2024-02-25,DMA_142,72.33241904890166,0,0,102.98175791217196
2024-02-25,DMA_143,78.64244347016897,0,0,104.94617758999122
2024-02-25,DMA_144,87.27146093332398,0,0,106.06808858241942
2024-02-25,DMA_145,77.89194276744438,0,0,103.19506518591517
2024-02-25,DMA_146,76.98103867452357,0,0,102.77442596446193
2024-02-25,DMA_147,71.77353512301615,0,1,99.76656465644251
2024-02-25,DMA_148,76.24042690946035,0,0,106.08831592492285
2024-02-25,DMA_149,63.435495743424426,0,0,101.21046300476827
2024-02-25,DMA_150,68.98921055324617,0,0,102.47941978618545
2024-03-03,DMA_001,65.69936860460047,0,0,102.19248986998024
2024-03-03,DMA_002,56.24370456643979,0,0,103.5497082706929
2024-03-03,DMA_003,64.33306806373271,0,0,102.30551966768164
2024-03-03,DMA_004,73.2785229060068,0,0,100.71358728441365
2024-03-03,DMA_005,66.5834363822736,0,0,104.8464767891448
2024-03-03,DMA_006,59.33976533811593,0,0,104.85623554383086
2024-03-03,DMA_007,62.30988267468005,0,0,105.72583381614038
2024-03-03,DMA_008,68.80244004221913,0,0,102.2842458210049
2024-03-03,DMA_009,70.25654046880588,0,0,104.93145486005568
2024-03-03,DMA_010,66.880656084467,0,0,107.95505596336747
2024-03-03,DMA_011,68.86010971588642,0,1,102.11958912063729
2024-03-03,DMA_012,68.82987739529959,0,0,105.38558949276847
2024-03-03,DMA_013,75.25502517436733,0,0,103.96703840762427
2024-03-03,DMA_014,69.51153603844651,0,0,100.14505653909085
2024-03-03,DMA_015,75.35760252374466,0,0,105.41822680650428
2024-03-03,DMA_016,70.38083931406523,0,0,107.4527156801452
2024-03-03,DMA_017,72.86981288375027,0,0,101.96300326665894
2024-03-03,DMA_018,74.7952192474096,0,0,105.56877095371428
2024-03-03,DMA_019,75.08390789723073,0,0,105.97421741845511
2024-03-03,DMA_020,69.89796927685279,0,0,107.26051586660701
2024-03-03,DMA_021,55.76280178453519,0,0,103.73730167655995
2024-03-03,DMA_022,58.0056892303326,0,0,103.42064353688087
2024-03-03,DMA_023,57.42842810613568,0,0,105.10533177538265
2024-03-03,DMA_024,68.15311012324692,0,0,99.78121217548428
2024-03-03,DMA_025,65.16116883941862,0,1,103.86209731388209
2024-03-03,DMA_026,60.408046324164275,0,0,103.73692328717132
2024-03-03,DMA_027,66.13048416672781,0,0,109.33552703862559
2024-03-03,DMA_028,61.35487991020563,0,1,104.2197067233443
2024-03-03,DMA_029,72.76350843249581,0,1,106.39554760660424
2024-03-03,DMA_030,61.987153943582584,0,0,107.14785010963332
2024-03-03,DMA_031,69.93861576083667,0,0,99.63071906075508
2024-03-03,DMA_032,65.25361596275285,0,0,102.12753641175702
2024-03-03,DMA_033,72.94035245046143,0,0,105.89491588132844
2024-03-03,DMA_034,69.84924288200786,0,0,101.34045219404994
2024-03-03,DMA_035,70.74535556057262,0,0,102.76272518475339
2024-03-03,DMA_036,77.65466324059867,0,0,109.23143641587012
2024-03-03,DMA_037,65.96425415854739,0,0,104.27062776792144
2024-03-03,DMA_038,76.35197537219491,0,0,102.05045835941397
2024-03-03,DMA_039,82.40972943455513,0,0,100.75744273498198
2024-03-03,DMA_040,64.48227144575476,0,0,103.8229225544024
2024-03-03,DMA_041,77.96516827265678,0,0,106.79584455236763
2024-03-03,DMA_042,68.87996002536788,0,0,104.22462502096629
2024-03-03,DMA_043,66.94538369044093,0,0,106.12343383781821
2024-03-03,DMA_044,65.15097054358957,0,1,104.33722725430924
2024-03-03,DMA_045,76.2558835587648,0,0,106.4478328561312
2024-03-03,DMA_046,76.87147456061534,0,1,105.4648936389463
2024-03-03,DMA_047,70.15136224127784,0,1,104.41147385280881
2024-03-03,DMA_048,65.69056410656773,0,0,101.64795180881725
2024-03-03,DMA_049,75.22889202574991,0,0,100.75886974121904
2024-03-03,DMA_050,71.91651943396589,0,0,107.08220625092409
2024-03-03,DMA_051,60.94652918456794,0,0,103.37670007044674
2024-03-03,DMA_052,70.5784282729412,0,0,104.94847398464985
2024-03-03,DMA_053,84.55586523428097,0,0,107.29157703634768
2024-03-03,DMA_054,72.45416398032243,0,0,105.34314517433809
2024-03-03,DMA_055,68.09597239443167,0,0,102.45684684785165
2024-03-03,DMA_056,71.2931086988367,0,0,103.5870411463083
2024-03-03,DMA_057,61.33657957006686,0,0,104.62691428418772
2024-03-03,DMA_058,67.58842497434718,0,0,104.67881564727068
2024-03-03,DMA_059,78.27159480464427,0,0,100.39371352513054
2024-03-03,DMA_060,86.05868155637015,0,1,104.50057115272203
2024-03-03,DMA_061,72.27669045203758,0,1,102.73990355646826
2024-03-03,DMA_062,61.265215102635594,0,0,102.7836786243533
2024-03-03,DMA_063,69.08302345416693,0,0,108.8088714152739
2024-03-03,DMA_064,61.65967797033706,0,0,103.21532997281149
2024-03-03,DMA_065,69.58173783639711,0,0,104.46429085524676
2024-03-03,DMA_066,63.443261348268834,0,0,102.04605015045301
2024-03-03,DMA_067,65.43542474760199,0,0,102.71023882913282
2024-03-03,DMA_068,72.8422585743231,0,0,105.53846614058077
2024-03-03,DMA_069,75.75837521882963,0,1,101.75591728228896
2024-03-03,DMA_070,63.72005969358386,0,0,106.84705192779367
2024-03-03,DMA_071,71.56830116000705,0,0,103.18024149962501
2024-03-03,DMA_072,57.096892076268034,0,1,103.46087316717127
2024-03-03,DMA_073,67.23376452392296,0,0,103.58262404932277
2024-03-03,DMA_074,65.90939912218451,0,0,106.7027605714953
2024-03-03,DMA_075,74.6481322963247,0,0,109.37120207516308
2024-03-03,DMA_076,73.1284808999924,0,0,103.03644080388061
2024-03-03,DMA_077,68.2069059773169,0,0,103.29662796879244
2024-03-03,DMA_078,65.84101011199886,0,0,104.35790640505064
2024-03-03,DMA_079,69.74317607353517,0,0,103.56781244197924
2024-03-03,DMA_080,63.12227284776729,0,0,104.75269892653652
2024-03-03,DMA_081,61.02168409295736,0,0,102.9595514676316
2024-03-03,DMA_082,61.292854982245295,0,0,105.30764261560384
2024-03-03,DMA_083,59.76177181166752,0,0,105.12434599382186
2024-03-03,DMA_084,65.17490976416583,0,0,103.24768769791584
2024-03-03,DMA_085,78.10062542092241,0,0,107.93637164531401
2024-03-03,DMA_086,60.88972584009186,0,1,103.02745160153957
2024-03-03,DMA_087,72.8803715355979,0,0,106.39350047532564
2024-03-03,DMA_088,66.33700009602424,0,0,102.8802932373699
2024-03-03,DMA_089,75.40495224783949,0,1,104.56243420598696
2024-03-03,DMA_090,69.60812275636728,0,1,104.97473311437383
2024-03-03,DMA_091,70.98334326618311,0,0,104.58513264468422
2024-03-03,DMA_092,70.01485503659364,0,0,105.01604542474081
2024-03-03,DMA_093,76.16806146982432,0,0,101.30906398872631
2024-03-03,DMA_094,65.26087418581008,0,0,104.56512834558625
2024-03-03,DMA_095,64.32570173891901,0,0,105.45274808105403
2024-03-03,DMA_096,72.13469239698225,0,0,102.38833467114743
2024-03-03,DMA_097,71.53891613350358,0,0,103.78320817381938
2024-03-03,DMA_098,75.29013582256573,0,0,99.04798900427237
2024-03-03,DMA_099,82.0936863158001,0,0,103.40761502669639
2024-03-03,DMA_100,68.13188016824154,0,0,103.43478210608191
2024-03-03,DMA_101,67.55039951956904,0,1,104.98107190672451
2024-03-03,DMA_102,63.676524051096095,0,0,103.1672063767512
2024-03-03,DMA_103,70.50474847556272,0,0,107.02524360269207
2024-03-03,DMA_104,62.07968940331703,0,0,102.2673176384699
2024-03-03,DMA_105,66.05369299916599,0,0,104.4380933501692
2024-03-03,DMA_106,78.42717133280951,0,0,104.15934362144755
2024-03-03,DMA_107,82.36730395297687,0,0,106.15132065406311
2024-03-03,DMA_108,58.56738424876223,0,0,104.24661283712996
2024-03-03,DMA_109,72.49167338309488,0,0,102.86595443349405
2024-03-03,DMA_110,72.74704456570707,0,0,100.82934701350462
2024-03-03,DMA_111,68.75120493085119,0,1,106.2543846238373
2024-03-03,DMA_112,69.74786239951888,0,0,101.80639905644463
2024-03-03,DMA_113,63.13757763617729,0,0,104.4144896779623
2024-03-03,DMA_114,63.99565552249696,0,0,102.83813069703226
2024-03-03,DMA_115,70.014347358744,0,0,104.23408355505035
2024-03-03,DMA_116,73.20859149434956,0,0,103.02563629687171
2024-03-03,DMA_117,65.68714820460177,0,0,102.5316295854313
2024-03-03,DMA_118,64.16017053152937,0,0,103.58336721837073
2024-03-03,DMA_119,67.12019792001857,0,0,103.58600097785333
2024-03-03,DMA_120,62.96991461766204,0,1,104.23266449067762
2024-03-03,DMA_121,73.79585244056135,0,0,106.81471557814636
2024-03-03,DMA_122,68.31727939984101,0,0,107.25659837057859
2024-03-03,DMA_123,75.21352433822905,0,0,103.20804326735869
2024-03-03,DMA_124,68.42664207933424,0,0,104.54486183826182
2024-03-03,DMA_125,65.03658174280407,0,0,105.60836635272447
2024-03-03,DMA_126,61.699560145569905,0,0,105.34890230993106
2024-03-03,DMA_127,65.75322040102134,0,1,104.57238641237657
2024-03-03,DMA_128,68.53544145588239,0,0,102.47529026385492
2024-03-03,DMA_129,64.1794502542216,0,0,104.37796792292535
2024-03-03,DMA_130,68.84963956904036,0,0,101.19401441365333
2024-03-03,DMA_131,59.173005924009736,0,0,99.15511917996348
2024-03-03,DMA_132,68.98258239899234,0,0,102.63380532003006
2024-03-03,DMA_133,66.82551440000627,0,1,104.52192607990933
2024-03-03,DMA_134,71.1969292234417,0,0,103.82932502338208
2024-03-03,DMA_135,65.03381003705867,0,1,104.59540148127502
2024-03-03,DMA_136,71.64726039679653,0,1,106.00133512255688
2024-03-03,DMA_137,71.33647643143227,0,0,105.6326974124896
2024-03-03,DMA_138,67.26044513655384,0,0,104.14999614677998
2024-03-03,DMA_139,66.85472664047703,0,0,104.64959757857862
2024-03-03,DMA_140,61.15132775921542,0,0,104.47961312460781
2024-03-03,DMA_141,72.43157017014386,0,0,107.27815821904984
2024-03-03,DMA_142,71.56279964010335,0,0,102.35585300666656
2024-03-03,DMA_143,73.08106986262878,0,0,102.72431089500402
2024-03-03,DMA_144,78.14943890110499,0,0,104.63282294615158
2024-03-03,DMA_145,70.73663157483037,0,0,103.05143040412896
2024-03-03,DMA_146,78.30095726128891,0,1,100.69886850062105
2024-03-03,DMA_147,74.03879614493671,0,0,102.4486305992198
2024-03-03,DMA_148,76.60345691370932,0,0,106.22308278822872
2024-03-03,DMA_149,70.24366755761905,0,1,104.28809409443666
2024-03-03,DMA_150,67.40214204975281,0,0,105.65905115848402
2024-03-10,DMA_001,66.7934594306283,0,1,102.0851751708013
2024-03-10,DMA_002,75.08402106183028,0,1,104.41405916608656
2024-03-10,DMA_003,64.24489117415868,0,0,103.49278455159512
2024-03-10,DMA_004,61.540386228965374,0,0,109.02148775180976
2024-03-10,DMA_005,69.85010563357396,0,0,103.29537504957489
2024-03-10,DMA_006,66.06210538927861,0,0,105.56927111733681
2024-03-10,DMA_007,59.51707011213217,0,0,101.26414951880209
2024-03-10,DMA_008,63.76298481823169,0,1,106.13962075472203
2024-03-10,DMA_009,72.31407365575878,0,0,102.49323215816878
2024-03-10,DMA_010,67.16323073065509,0,0,105.49824271612637
2024-03-10,DMA_011,63.00024183405491,0,1,102.40845506564064
2024-03-10,DMA_012,62.107694060303984,0,0,103.67774163317064
2024-03-10,DMA_013,70.76521781547238,0,0,108.86087964208734
2024-03-10,DMA_014,64.44145001377423,0,1,104.92588433070878
2024-03-10,DMA_015,75.8563792962411,0,0,99.58271671220625
2024-03-10,DMA_016,80.60624470676176,0,1,105.07107248242949
2024-03-10,DMA_017,63.418375767289604,0,0,103.92489954025953
2024-03-10,DMA_018,70.84307663151706,0,0,104.582156393777
2024-03-10,DMA_019,70.3410466844349,0,0,102.58932303178615
2024-03-10,DMA_020,63.81496278999816,0,1,101.93454523968254
2024-03-10,DMA_021,69.1076811823022,0,0,103.42445265686106
2024-03-10,DMA_022,70.09850290777683,0,0,107.18841788158288
2024-03-10,DMA_023,74.34237188176706,0,0,103.31760188104346
2024-03-10,DMA_024,66.0690683449741,0,0,104.02790392554253
2024-03-10,DMA_025,61.67200275953041,0,0,99.36313363884938
2024-03-10,DMA_026,78.03537754634951,0,0,104.14176800779828
2024-03-10,DMA_027,56.82038485102862,0,0,104.57494474394926
2024-03-10,DMA_028,65.03393648645144,0,1,100.56891724924104
2024-03-10,DMA_029,81.0452395648118,0,0,106.51746000838519
2024-03-10,DMA_030,67.74901042592379,0,0,105.61701597123464
2024-03-10,DMA_031,62.170123573376976,0,1,104.96366626923295
2024-03-10,DMA_032,52.44684919059537,0,0,104.05516380168908
2024-03-10,DMA_033,62.60336721612609,0,0,103.60667674367168
2024-03-10,DMA_034,71.7412444126088,0,0,102.29049432588992
2024-03-10,DMA_035,70.71135257733218,0,0,105.95728628408978
2024-03-10,DMA_036,70.26427589161918,0,0,105.43365920858675
2024-03-10,DMA_037,59.40496805426428,0,1,105.99724354891808
2024-03-10,DMA_038,63.166976792088555,0,0,106.56442280214164
2024-03-10,DMA_039,69.2631352935944,0,0,103.66244033760675
2024-03-10,DMA_040,69.14340056803114,0,0,106.81346436438146
2024-03-10,DMA_041,52.22039274832855,0,0,105.30254850983182
2024-03-10,DMA_042,63.92649415614207,0,0,106.50514372287914
2024-03-10,DMA_043,79.15642016798355,0,1,107.42268860914722
2024-03-10,DMA_044,72.36929031777565,0,1,106.53485467594261
2024-03-10,DMA_045,77.70055569948754,0,0,101.88608341798825
2024-03-10,DMA_046,69.24440563212927,0,0,102.93784952390523
2024-03-10,DMA_047,63.81895911738451,0,0,106.35557425053652
2024-03-10,DMA_048,69.90019351512444,0,0,105.37845624892125
2024-03-10,DMA_049,73.44969426812878,0,0,104.8919164487687
2024-03-10,DMA_050,63.135163494405056,0,0,102.48379051966464
2024-03-10,DMA_051,64.51682628999939,0,1,105.03156579788772
2024-03-10,DMA_052,67.91263964771774,0,0,101.79902966283274
2024-03-10,DMA_053,49.733992571927004,0,0,103.01246878878206
2024-03-10,DMA_054,76.45856739765756,0,0,104.08752614691949
2024-03-10,DMA_055,71.20050676020298,0,1,104.98162332432217
2024-03-10,DMA_056,59.68406217172956,0,0,103.48608679690666
2024-03-10,DMA_057,66.32199983410453,0,0,102.83918893225515
2024-03-10,DMA_058,71.08179421095481,0,0,102.52097513059731
2024-03-10,DMA_059,70.89059602124054,0,0,103.11631300222
2024-03-10,DMA_060,66.53997317328442,0,0,105.70539075861609
2024-03-10,DMA_061,70.99708490338114,0,0,105.96972935462534
2024-03-10,DMA_062,72.02335271946137,0,0,102.49088866684431
2024-03-10,DMA_063,67.73981541525461,0,1,102.31940006621099
2024-03-10,DMA_064,63.05207504856297,0,0,104.99174345949967
2024-03-10,DMA_065,71.1266547861766,0,0,106.08451734528349
2024-03-10,DMA_066,50.00170356660807,0,0,103.42372577937307
2024-03-10,DMA_067,62.3984664252988,0,0,105.89337805793669
2024-03-10,DMA_068,71.72215317569439,0,0,102.8596492115433
2024-03-10,DMA_069,72.87227134872988,0,0,104.95389401669487
2024-03-10,DMA_070,63.911427676634545,0,0,105.18190610681204
2024-03-10,DMA_071,71.51406574699055,0,0,106.28836021373709
2024-03-10,DMA_072,68.04401711845037,0,0,101.79711245404138
2024-03-10,DMA_073,57.19249125851408,0,0,101.18768475678743
2024-03-10,DMA_074,60.734567614746716,0,0,104.75388379015486
2024-03-10,DMA_075,64.06047286545655,0,1,103.98003307515515
2024-03-10,DMA_076,64.6696257248336,0,0,107.16764504798317
2024-03-10,DMA_077,68.74927696312298,0,1,104.12518740449491
2024-03-10,DMA_078,73.01656060673989,0,0,104.551420202906
2024-03-10,DMA_079,71.58668723204462,0,0,105.90781281846868
2024-03-10,DMA_080,57.951374284519275,0,0,105.50828667757882
2024-03-10,DMA_081,73.83883858661572,0,0,106.88796923761552
2024-03-10,DMA_082,60.832630182184744,0,1,105.38895692616215
2024-03-10,DMA_083,68.52929200987337,0,0,107.49704895620559
2024-03-10,DMA_084,62.64672856516178,0,0,107.49601561955484
2024-03-10,DMA_085,65.12193176362524,0,0,109.12145544194385
2024-03-10,DMA_086,68.1700826007631,0,0,103.50541047459615
2024-03-10,DMA_087,67.67590457236395,0,0,103.72065783999606
2024-03-10,DMA_088,72.1036485002323,0,0,101.18128101911172
2024-03-10,DMA_089,73.47871187299742,0,0,104.4022214386536
2024-03-10,DMA_090,64.55539941964088,0,1,107.12761326065286
2024-03-10,DMA_091,75.54105476646696,0,0,101.52126680227003
2024-03-10,DMA_092,69.84692859013599,0,0,103.34853120348552
2024-03-10,DMA_093,65.85581051786872,0,0,107.55328075993856
2024-03-10,DMA_094,75.98507935672956,0,1,104.70795619512259
2024-03-10,DMA_095,64.61776490759924,0,0,107.42376338632161
2024-03-10,DMA_096,77.50723704656059,0,0,103.58088985183657
2024-03-10,DMA_097,65.49771179352894,0,1,105.4007313899081
2024-03-10,DMA_098,52.81609880360632,0,0,102.49340172544214
2024-03-10,DMA_099,69.9844120659409,0,0,103.77378527063964
2024-03-10,DMA_100,65.43819151592812,0,0,104.88642267050272
2024-03-10,DMA_101,67.7373861644444,0,0,103.93022331568471
2024-03-10,DMA_102,56.407906080114046,0,1,104.56573489847337
2024-03-10,DMA_103,69.43468511730246,0,1,102.79581068723566
2024-03-10,DMA_104,69.04828353916253,0,0,107.09004119265535
2024-03-10,DMA_105,69.69626804309492,0,0,108.04329254289496
2024-03-10,DMA_106,66.0073307676977,0,0,106.56142016282529
2024-03-10,DMA_107,62.98799945554826,0,0,103.92460887965996
2024-03-10,DMA_108,68.57393307574885,0,0,104.45577114030307
2024-03-10,DMA_109,76.87945810960139,0,0,106.98192143050052
2024-03-10,DMA_110,62.1446444298021,0,0,108.36681677317381
2024-03-10,DMA_111,58.89696974714607,0,0,103.12100534846287
2024-03-10,DMA_112,60.541207872221165,0,0,105.89531936201358
2024-03-10,DMA_113,64.55223576115733,0,0,102.7240348867555
2024-03-10,DMA_114,63.71174035749689,0,0,104.66536584065638
2024-03-10,DMA_115,72.72881252583967,0,0,104.26087681746054
2024-03-10,DMA_116,66.95180604724962,0,0,106.88267868225272
2024-03-10,DMA_117,68.79395912382934,0,0,102.92689823289447
2024-03-10,DMA_118,61.213634387136956,0,0,101.75601898051356
2024-03-10,DMA_119,54.21447776561798,0,1,104.50831606732125
2024-03-10,DMA_120,63.655930751605496,0,0,107.21265357676458
2024-03-10,DMA_121,62.323621694821284,0,1,104.0200472619333
2024-03-10,DMA_122,63.34530969875307,0,0,105.32803570437007
2024-03-10,DMA_123,70.54662009507119,0,0,107.43436600966726
2024-03-10,DMA_124,61.48452397316496,0,0,100.38107910522848
2024-03-10,DMA_125,71.30888327798495,0,0,110.51411829456237
2024-03-10,DMA_126,67.61327701370615,0,0,102.83742042905385
2024-03-10,DMA_127,68.0816333130937,0,0,104.53147533562036
2024-03-10,DMA_128,65.20613571483521,0,0,101.53725531738849
2024-03-10,DMA_129,70.8031570670799,0,0,103.27937288099781
2024-03-10,DMA_130,78.22131564781715,0,0,102.81671223302465
2024-03-10,DMA_131,63.91505972724262,0,0,101.10933705488499
2024-03-10,DMA_132,68.16738174738317,0,0,104.3172200307219
2024-03-10,DMA_133,60.33877687202263,0,0,108.46269131951053
2024-03-10,DMA_134,65.14068613014709,0,0,102.36565291911764
2024-03-10,DMA_135,62.85037767265189,0,0,103.95182609942601
2024-03-10,DMA_136,62.764362515775495,0,0,106.8658231663681
2024-03-10,DMA_137,75.58070582042943,0,1,104.41997045630706
2024-03-10,DMA_138,55.81271238821,0,0,105.8922797318868
2024-03-10,DMA_139,75.37350848308589,0,0,105.54855727449106
2024-03-10,DMA_140,64.6322018944983,0,0,104.74440893509328
2024-03-10,DMA_141,54.693327422100566,0,0,103.95364408801774
2024-03-10,DMA_142,59.18206321619783,0,0,102.57820325118858
2024-03-10,DMA_143,64.07050699954307,0,0,105.02975588605635
2024-03-10,DMA_144,57.64084114111022,0,0,107.09645597240464
2024-03-10,DMA_145,61.50457768136543,0,0,103.65606635989303
2024-03-10,DMA_146,51.33509649272258,0,0,104.96561134264245
2024-03-10,DMA_147,69.9623334142315,0,0,102.91471480189007
2024-03-10,DMA_148,65.2804215929348,0,1,103.70305096595283
2024-03-10,DMA_149,70.51221749669887,0,0,101.15042060918479
2024-03-10,DMA_150,70.54539290984859,0,0,105.47337010872724
2024-03-17,DMA_001,57.788676743717744,0,0,105.38630908752931
2024-03-17,DMA_002,61.96730072752684,0,0,104.9916590103435
2024-03-17,DMA_003,75.10401186814298,0,1,103.54468104858816
2024-03-17,DMA_004,68.62708461472495,0,0,107.24779226808357
2024-03-17,DMA_005,63.00525827195033,0,0,101.73483719779317
2024-03-17,DMA_006,59.259755065792476,0,0,103.72253920563571
2024-03-17,DMA_007,62.46060102130481,0,0,105.80839736397913
2024-03-17,DMA_008,64.32694692761196,0,0,103.8634299241688
2024-03-17,DMA_009,63.93659949559254,0,1,105.96022553932617
2024-03-17,DMA_010,57.9005663975816,0,0,105.05628859453657
2024-03-17,DMA_011,58.808438009796006,0,0,105.04018698814322
2024-03-17,DMA_012,65.42513978671829,0,0,102.95832474972279
2024-03-17,DMA_013,75.18501292071986,0,0,108.24600904633449
2024-03-17,DMA_014,72.49811847437961,0,0,100.82778987741474
2024-03-17,DMA_015,62.7898221645068,0,0,106.45288340758054
2024-03-17,DMA_016,65.77745200275534,0,1,107.29420150841312
2024-03-17,DMA_017,68.74910849769451,0,0,102.1146970237946
2024-03-17,DMA_018,71.23197507042104,0,0,105.98970382977069
2024-03-17,DMA_019,67.07552496089585,0,0,104.32586841907175
2024-03-17,DMA_020,68.80048144680944,0,0,107.09387603320447
2024-03-17,DMA_021,58.495642489058994,0,0,103.13725683442917
2024-03-17,DMA_022,70.14768230659281,0,0,108.54653421667496
2024-03-17,DMA_023,62.13358452333797,0,0,105.98599327502862
2024-03-17,DMA_024,68.92954203653866,0,0,104.0988159257557
2024-03-17,DMA_025,69.98849050283776,0,0,106.34647159263977
2024-03-17,DMA_026,57.67605336173517,0,0,105.93483647953785
2024-03-17,DMA_027,61.26197740767322,0,0,104.96123458540133
2024-03-17,DMA_028,59.22681941618602,0,0,104.30574232138912
2024-03-17,DMA_029,65.57434240686462,0,0,103.97559365977126
2024-03-17,DMA_030,66.94736590056317,0,0,104.10865210217379
2024-03-17,DMA_031,64.39117192467647,0,1,104.68321936411542
2024-03-17,DMA_032,69.45095011272812,0,0,105.99841445442874
2024-03-17,DMA_033,74.09904748363412,0,0,104.80388378394426
2024-03-17,DMA_034,64.34165012931271,0,0,104.6158160326918
2024-03-17,DMA_035,60.14325442486032,0,0,104.4176303984852
2024-03-17,DMA_036,47.74010050393485,0,0,104.48346935885142
2024-03-17,DMA_037,62.52583523286905,0,0,105.22074325008379
2024-03-17,DMA_038,55.94260005683754,0,0,108.00280292243116
2024-03-17,DMA_039,57.00839188406644,0,0,103.35496418570631
2024-03-17,DMA_040,74.35203145233979,0,1,107.66878145974964
2024-03-17,DMA_041,71.07386165071311,0,0,102.89755303968488
2024-03-17,DMA_042,68.03798866776833,0,0,105.38994371985878
2024-03-17,DMA_043,54.4868329350802,0,0,105.65759643621217
2024-03-17,DMA_044,56.28583398670013,0,1,105.75665691460206
2024-03-17,DMA_045,62.88391292076322,0,0,102.67522399198009
2024-03-17,DMA_046,58.365363594857214,0,0,103.18445882870436
2024-03-17,DMA_047,65.97993149411131,0,0,104.22626735773102
2024-03-17,DMA_048,69.43602966263963,0,0,102.45766579180243
2024-03-17,DMA_049,54.05215656757375,0,1,105.01674798017758
2024-03-17,DMA_050,63.748910680759835,0,0,101.99727484790174
2024-03-17,DMA_051,66.63473643719254,0,0,106.0873151256848
2024-03-17,DMA_052,57.30165499569757,0,0,103.75555485034127
2024-03-17,DMA_053,66.75772232282125,0,0,107.02936644026725
2024-03-17,DMA_054,60.250431799489114,0,0,105.95522225238985
2024-03-17,DMA_055,59.56564506392083,0,0,104.93738913956965
2024-03-17,DMA_056,52.227101871412,0,0,104.27926984114649
2024-03-17,DMA_057,62.41896891190524,0,1,103.1050566782705
2024-03-17,DMA_058,69.43977740574864,0,0,103.4634546763396
2024-03-17,DMA_059,54.54039969127507,0,0,103.51009517312005
2024-03-17,DMA_060,67.30329765622018,0,0,104.9078995630718
2024-03-17,DMA_061,53.97160364216364,0,1,104.6677392603038
2024-03-17,DMA_062,68.82833102062101,0,0,108.68591298245035
2024-03-17,DMA_063,71.0815888656457,0,0,107.9372459684066
2024-03-17,DMA_064,64.95669689063627,0,0,103.528714472955
2024-03-17,DMA_065,59.964966810164036,0,1,102.483104141175
2024-03-17,DMA_066,65.66324953012422,0,0,106.89201458612642
2024-03-17,DMA_067,69.25779212770982,0,0,104.50204152060657
2024-03-17,DMA_068,69.11786284062264,0,0,103.02065340958114
2024-03-17,DMA_069,57.64921583894652,0,1,102.39933170026266
2024-03-17,DMA_070,63.32498309399952,0,0,104.31109650715639
2024-03-17,DMA_071,69.16979821820831,0,0,104.40317443048862
2024-03-17,DMA_072,74.8906924711842,0,0,104.71523682407148
2024-03-17,DMA_073,72.0326062021197,0,0,105.44286574670902
2024-03-17,DMA_074,68.97114201697083,0,0,101.40655902384673
2024-03-17,DMA_075,48.09904248664395,0,0,104.23907285475597
2024-03-17,DMA_076,54.94589856393592,0,0,105.235178228727
2024-03-17,DMA_077,68.5806209129307,0,0,103.16188740951401
2024-03-17,DMA_078,57.68233888190727,0,0,109.81294148944086
2024-03-17,DMA_079,76.58865287002735,0,0,104.4989663388539
2024-03-17,DMA_080,69.19294187556918,0,0,107.15351146067826
2024-03-17,DMA_081,72.77181553542947,0,0,103.73761946396435
2024-03-17,DMA_082,71.97598527970541,0,0,106.21552399409009
2024-03-17,DMA_083,57.07788095182748,0,0,106.44744598616958
2024-03-17,DMA_084,63.01613977365295,0,0,107.50992738648736
2024-03-17,DMA_085,61.20261035570318,0,0,104.17326616250301
2024-03-17,DMA_086,64.92909745053933,0,0,103.57279058655692
2024-03-17,DMA_087,59.33393454194471,0,0,106.27326353673627
2024-03-17,DMA_088,60.484431953186224,0,0,105.80651081893396
2024-03-17,DMA_089,60.00159029772115,0,0,104.23044144242962
2024-03-17,DMA_090,71.63585096671618,0,0,105.11147316053822
2024-03-17,DMA_091,50.15554780055487,0,0,105.26496265496782
2024-03-17,DMA_092,58.96938001952142,0,0,103.57897348860246
2024-03-17,DMA_093,62.24810671689501,0,0,105.64707884033783
2024-03-17,DMA_094,65.4749313754547,0,0,102.12385815585124
2024-03-17,DMA_095,71.51577691593792,0,0,104.9313500731074
2024-03-17,DMA_096,56.348009588136506,0,0,103.15625764114566
2024-03-17,DMA_097,61.90673154137697,0,0,103.49285021748412
2024-03-17,DMA_098,63.88297661796384,0,0,107.26142665707715
2024-03-17,DMA_099,66.10036404514403,0,1,105.20295274526316
2024-03-17,DMA_100,76.50378255715916,0,0,106.7821678016348
2024-03-17,DMA_101,58.50603837732327,0,0,107.28754280781607
2024-03-17,DMA_102,60.74344784501816,0,1,102.14642966572781
2024-03-17,DMA_103,54.461937944912606,0,0,106.3133172461626
2024-03-17,DMA_104,60.7815726357363,0,1,103.590657403953
2024-03-17,DMA_105,66.24557567993617,0,0,105.61797480349428
2024-03-17,DMA_106,68.92809131550077,0,0,103.15998628444105
2024-03-17,DMA_107,59.9490016423786,0,1,103.84666455072376
2024-03-17,DMA_108,62.033934900676016,0,0,107.21566373314357
2024-03-17,DMA_109,64.46840694441208,0,0,106.93047470909937
2024-03-17,DMA_110,65.99431159748367,0,0,102.61292344694237
2024-03-17,DMA_111,72.87353897345086,0,0,105.68216781574819
2024-03-17,DMA_112,63.403267265730605,0,0,103.39106241933031
2024-03-17,DMA_113,64.19386239829353,0,0,102.51667892888501
2024-03-17,DMA_114,66.74190747009766,0,0,102.36490509366277
2024-03-17,DMA_115,57.67451613580011,0,0,103.57044858733626
2024-03-17,DMA_116,64.78119745193796,0,0,105.59763692085785
2024-03-17,DMA_117,65.57876765024874,0,0,103.08959178958219
2024-03-17,DMA_118,61.10121686809282,0,0,105.2248152861724
2024-03-17,DMA_119,64.00060058055975,0,0,105.17619757464587
2024-03-17,DMA_120,60.92621228080584,0,0,106.00389825498226
2024-03-17,DMA_121,64.34818803487177,0,0,105.11999772575673
2024-03-17,DMA_122,69.25975936972631,0,1,106.09974936920547
2024-03-17,DMA_123,64.70134082184777,0,0,103.90465655322788
2024-03-17,DMA_124,71.38753512998915,0,0,106.24917541820494
2024-03-17,DMA_125,57.83364161129535,0,0,103.18301242635961
2024-03-17,DMA_126,72.84531475045448,0,0,103.10550232758074
2024-03-17,DMA_127,71.4174757589379,0,0,104.94350864574261
2024-03-17,DMA_128,62.0430656719454,0,0,101.14097685240438
2024-03-17,DMA_129,70.68189960533496,0,0,106.34964371602443
2024-03-17,DMA_130,73.1996527869301,0,0,103.8431574098216
2024-03-17,DMA_131,47.42907771748408,0,0,105.1257470783641
2024-03-17,DMA_132,65.96704464761719,0,1,107.15471279548868
2024-03-17,DMA_133,66.50431183608295,0,0,107.49528106508491
2024-03-17,DMA_134,73.95476356173424,0,0,102.58404356730806
2024-03-17,DMA_135,55.681486286506896,0,0,105.32161187440666
2024-03-17,DMA_136,68.0115833133083,0,0,105.00604632475272
2024-03-17,DMA_137,49.774850671274926,0,0,102.62174820505629
2024-03-17,DMA_138,64.78226666246759,0,0,105.17417605559116
2024-03-17,DMA_139,46.662277199369726,0,0,103.05501285349025
2024-03-17,DMA_140,68.70052826509021,0,0,104.47135198041259
2024-03-17,DMA_141,66.4307656742874,0,0,104.00007895137827
2024-03-17,DMA_142,75.31780767305226,0,0,103.1094508942098
2024-03-17,DMA_143,61.77984002890654,0,0,102.80372354761718
2024-03-17,DMA_144,74.19796227017352,0,0,105.47942541163349
2024-03-17,DMA_145,64.94548778810294,0,0,106.60930660982872
2024-03-17,DMA_146,69.78611196671443,0,0,102.46804248131097
2024-03-17,DMA_147,55.645848233123886,0,0,101.51943055609289
2024-03-17,DMA_148,60.361637068723006,0,0,106.81151841686673
2024-03-17,DMA_149,68.0165749260689,0,0,105.68819726989301
2024-03-17,DMA_150,65.79102399850609,0,1,105.88095939485869
2024-03-24,DMA_001,57.24566649237764,0,0,104.24188536729336
2024-03-24,DMA_002,64.70129693370063,0,0,103.22939376811779
2024-03-24,DMA_003,62.12482816947436,0,0,104.44772468914988
2024-03-24,DMA_004,61.090061955733205,0,0,103.47557404261832
2024-03-24,DMA_005,45.58747075811548,0,0,103.82319247330666
2024-03-24,DMA_006,54.66744114659717,0,0,104.8014898112187
2024-03-24,DMA_007,57.119790413214474,0,0,104.60247095537468
2024-03-24,DMA_008,62.535759937493246,0,0,103.57172397496215
2024-03-24,DMA_009,67.1596876785932,0,0,107.9853611669107
2024-03-24,DMA_010,62.73248038687418,0,0,105.54983166222405
2024-03-24,DMA_011,68.71809245738727,0,0,104.87623866515106
2024-03-24,DMA_012,77.79387731061394,0,0,102.40129241784348
2024-03-24,DMA_013,65.55599169458137,0,0,102.78028467825649
2024-03-24,DMA_014,56.1613867670244,0,0,103.76709955606903
2024-03-24,DMA_015,57.58972639849457,0,0,103.74004587548642
2024-03-24,DMA_016,58.677759830761076,0,0,106.28316718127034
2024-03-24,DMA_017,57.46883428745156,0,0,103.00331908344177
2024-03-24,DMA_018,59.26109069602339,0,1,105.01846808965806
2024-03-24,DMA_019,46.57790195175248,0,0,104.95543466510566
2024-03-24,DMA_020,61.627671790621115,0,1,107.10609270347094
2024-03-24,DMA_021,59.765899557745016,0,1,103.92122890047732
2024-03-24,DMA_022,39.25071023429514,0,0,105.70186811289238
2024-03-24,DMA_023,63.13557289590458,0,0,105.30504859770521
2024-03-24,DMA_024,58.62613866470801,0,0,103.50760265597066
2024-03-24,DMA_025,50.9527873303999,0,0,106.71294459147947
2024-03-24,DMA_026,67.10316994886847,0,0,107.71700939330026
2024-03-24,DMA_027,60.535452672482975,0,1,102.37943762277791
2024-03-24,DMA_028,67.93515138557909,0,0,105.92549982865873
2024-03-24,DMA_029,56.57877210214315,0,0,105.37590198415994
2024-03-24,DMA_030,59.87304378262125,0,1,102.69434242338332
2024-03-24,DMA_031,73.38861635944238,0,1,106.77527945473948
2024-03-24,DMA_032,67.34437470180995,0,0,101.26628089716118
2024-03-24,DMA_033,46.61161286070183,0,1,100.86292065696215
2024-03-24,DMA_034,66.24013255944976,0,1,105.93633788060406
2024-03-24,DMA_035,51.873220584991316,0,0,103.0747799779073
2024-03-24,DMA_036,58.09634949487913,0,1,102.70850105854693
2024-03-24,DMA_037,61.75240880558626,0,0,104.48786214682083
2024-03-24,DMA_038,65.24684527537005,0,0,106.17872837366565
2024-03-24,DMA_039,64.05024978066419,0,1,103.7054100295856
2024-03-24,DMA_040,56.02658393503295,0,0,105.99923137010406
2024-03-24,DMA_041,62.555807810960054,0,0,104.52701883634322
2024-03-24,DMA_042,54.72162468721625,0,0,104.90811952443848
2024-03-24,DMA_043,64.09566507882879,0,0,103.65105067342671
2024-03-24,DMA_044,71.78138514583665,0,0,105.61093718308153
2024-03-24,DMA_045,58.25312006857629,0,0,106.25384579523562
2024-03-24,DMA_046,72.13123025322359,0,0,105.22929701667275
2024-03-24,DMA_047,58.93866033314136,0,0,102.35283043197758
2024-03-24,DMA_048,61.85429825375488,0,1,102.61517060450363
2024-03-24,DMA_049,53.369364524655154,0,0,103.35877360360735
2024-03-24,DMA_050,65.51334784081368,0,0,107.13023262679805
2024-03-24,DMA_051,53.51128512707448,0,0,104.29218641384078
2024-03-24,DMA_052,58.051427992175554,0,0,106.79797039934691
2024-03-24,DMA_053,70.71704962879164,0,0,108.40252854417463
2024-03-24,DMA_054,63.316202878987404,0,0,107.38406039060284
2024-03-24,DMA_055,62.50619992055559,0,0,104.79909126836831
2024-03-24,DMA_056,60.32248574245018,0,1,107.72239707396743
2024-03-24,DMA_057,55.019191681983365,0,1,104.58085486404879
2024-03-24,DMA_058,64.74497519490784,0,1,106.64504517124466
2024-03-24,DMA_059,51.027343719681596,0,0,101.69731072854546
2024-03-24,DMA_060,59.528086891721024,0,0,107.08728081683331
2024-03-24,DMA_061,64.27914680115917,0,0,103.827759043081
2024-03-24,DMA_062,63.52754191206897,0,1,102.22112117285832
2024-03-24,DMA_063,51.46875834035184,0,0,106.90915276464702
2024-03-24,DMA_064,53.487722511966965,0,0,103.28506875313596
2024-03-24,DMA_065,62.250615783011995,0,1,104.28396768754607
2024-03-24,DMA_066,58.032953379085306,0,1,104.24417493820096
2024-03-24,DMA_067,58.12421006642672,0,0,102.05729336433356
2024-03-24,DMA_068,58.233466971807296,0,0,107.02008525938376
2024-03-24,DMA_069,43.90122169654075,0,0,106.7324508007134
2024-03-24,DMA_070,64.49145035410116,0,0,104.17286880705247
2024-03-24,DMA_071,55.34959859991115,0,1,104.39061039977157
2024-03-24,DMA_072,61.265713062687546,0,1,102.7989597472079
2024-03-24,DMA_073,47.170440750650535,0,0,103.9626641763659
2024-03-24,DMA_074,61.86347702704422,0,0,104.83522120383832
2024-03-24,DMA_075,65.37031091704291,0,0,104.16707232955638
2024-03-24,DMA_076,55.058362747249895,0,0,104.7777872313863
2024-03-24,DMA_077,73.35178860931046,0,1,102.34476734959344
2024-03-24,DMA_078,67.72242924896307,0,0,107.21763585196615
2024-03-24,DMA_079,68.23691198515216,0,0,104.24198691435066
2024-03-24,DMA_080,62.06964386424036,0,0,107.88019216716181
2024-03-24,DMA_081,58.606560347299215,0,0,101.42740418285125
2024-03-24,DMA_082,61.10356154055765,0,0,101.75175176503687
2024-03-24,DMA_083,69.52311454350743,0,0,108.99420181450196
2024-03-24,DMA_084,56.979483111248136,0,0,100.23646589970318
2024-03-24,DMA_085,58.26219619850639,0,0,104.11337058087327
2024-03-24,DMA_086,64.13471271815051,0,0,101.15463210393025
2024-03-24,DMA_087,67.2549926314722,0,0,104.05208411988902
2024-03-24,DMA_088,60.87943272241318,0,0,103.75673275902967
2024-03-24,DMA_089,60.6710832569626,0,0,104.45642809022378
2024-03-24,DMA_090,64.82867116956841,0,0,103.2325448047061
2024-03-24,DMA_091,64.27286483891629,0,1,104.70019156213745
2024-03-24,DMA_092,75.95398010218327,0,1,102.08428497802156
2024-03-24,DMA_093,55.527950705735336,0,1,104.68665795931206
2024-03-24,DMA_094,60.785423642128976,0,0,102.84967483019675
2024-03-24,DMA_095,60.89920336805471,0,0,105.30826706500804
2024-03-24,DMA_096,52.11685074541029,0,0,105.283740818679
2024-03-24,DMA_097,54.51289280919696,0,0,106.40497194617512
2024-03-24,DMA_098,62.918514226922696,0,0,104.7273720003213
2024-03-24,DMA_099,78.93570324486029,0,1,102.5568810521628
2024-03-24,DMA_100,63.42312414362788,0,0,104.02627827800215
2024-03-24,DMA_101,62.132083539427725,0,0,101.70085115816298
2024-03-24,DMA_102,57.52152215552031,0,1,106.666128073871
2024-03-24,DMA_103,54.75690501988685,0,0,105.52293102205127
2024-03-24,DMA_104,59.07808395065275,0,0,104.13170250558309
2024-03-24,DMA_105,67.64108318355065,0,0,104.70755718250093
2024-03-24,DMA_106,60.21105498319845,0,0,103.44158869555022
2024-03-24,DMA_107,68.25268327987368,0,0,105.17894610911856
2024-03-24,DMA_108,69.7503855498304,0,0,105.926722149056
2024-03-24,DMA_109,67.65668002948112,0,0,103.51989737302812
2024-03-24,DMA_110,64.72785827475316,0,0,103.80039600636842
2024-03-24,DMA_111,61.245929681164554,0,0,106.05848929916421
2024-03-24,DMA_112,66.82969104605336,0,0,107.15960156531037
2024-03-24,DMA_113,52.72553728386853,0,0,104.90644948102529
2024-03-24,DMA_114,59.93657287690829,0,0,105.31077873809582
2024-03-24,DMA_115,68.66611416181078,0,0,106.51016912346769
2024-03-24,DMA_116,62.38499097061426,0,0,104.19502663877132
2024-03-24,DMA_117,55.90074219561626,0,0,107.16427876279164
2024-03-24,DMA_118,47.85016608754515,0,0,103.12092609517073
2024-03-24,DMA_119,54.784338571576036,0,0,108.4361978349974
2024-03-24,DMA_120,65.21069430778422,0,0,100.43397889114117
2024-03-24,DMA_121,54.605410035070506,0,0,105.82463700168435
2024-03-24,DMA_122,54.11631782642543,0,0,105.22176625303355
2024-03-24,DMA_123,65.9871783446814,0,0,103.91156447450864
2024-03-24,DMA_124,57.158770542107575,0,1,103.34445899216787
2024-03-24,DMA_125,60.349594183000306,0,0,104.05163502562102
2024-03-24,DMA_126,57.82506886172594,0,0,104.93153145637415
2024-03-24,DMA_127,56.99648905531477,0,1,103.75700902891676
2024-03-24,DMA_128,63.91645286239033,0,1,99.94253758458468
2024-03-24,DMA_129,54.9707025133035,0,0,104.47242358964381
2024-03-24,DMA_130,55.932168777419086,0,0,105.27786883199875
2024-03-24,DMA_131,52.88893909839199,0,0,105.23006436529978
2024-03-24,DMA_132,58.09181848173681,0,0,105.62662163891079
2024-03-24,DMA_133,54.550288723280474,0,0,103.90675921642547
2024-03-24,DMA_134,58.804942486202094,0,1,105.2856873299703
2024-03-24,DMA_135,63.16108248270328,0,1,105.28088195923428
2024-03-24,DMA_136,65.48676428234747,0,0,109.08571002349657
2024-03-24,DMA_137,58.56156665616284,0,0,101.20686897951055
2024-03-24,DMA_138,54.23719932532712,0,0,101.67312540038098
2024-03-24,DMA_139,59.66929566862808,0,0,105.18036740679013
2024-03-24,DMA_140,67.90456583909929,0,0,106.70559269344204
2024-03-24,DMA_141,59.535929930854294,0,0,105.1491805806962
2024-03-24,DMA_142,43.78146443490719,0,0,106.41008865586042
2024-03-24,DMA_143,63.91347363949653,0,0,102.72678525782601
2024-03-24,DMA_144,67.18233225644072,0,0,106.61419342280008
2024-03-24,DMA_145,52.2474897569293,0,0,103.97364723736123
2024-03-24,DMA_146,69.79167651529691,0,0,102.32277769188826
2024-03-24,DMA_147,64.6013858891915,0,0,104.50882338762067
2024-03-24,DMA_148,68.00719890483073,0,0,101.98206866946057
2024-03-24,DMA_149,63.33991073427624,0,0,104.49518964257324
2024-03-24,DMA_150,61.021028671582606,0,0,104.24660659375282
2024-03-31,DMA_001,61.627491599171265,0,0,104.92546631299021
2024-03-31,DMA_002,71.31284129647005,0,1,102.6873474246552
2024-03-31,DMA_003,59.31643537728242,0,0,102.50172064365226
2024-03-31,DMA_004,60.820087448708804,0,0,105.92154934285878
2024-03-31,DMA_005,62.83309647065033,0,0,107.9694242526344
2024-03-31,DMA_006,61.12724443554973,0,0,102.71179706998963
2024-03-31,DMA_007,59.18207920114331,0,0,104.88193384848516
2024-03-31,DMA_008,57.05630236523297,0,0,104.57542590440572
2024-03-31,DMA_009,64.85645220617558,0,0,110.06303227307745
2024-03-31,DMA_010,57.39212762593352,0,0,107.12917099811447
2024-03-31,DMA_011,63.046824328123975,0,0,102.7817893101237
2024-03-31,DMA_012,48.09162975884445,0,0,103.1660894861581
2024-03-31,DMA_013,59.328087866888616,0,0,106.4888260207582
2024-03-31,DMA_014,41.58912480281131,0,0,102.5551126344227
2024-03-31,DMA_015,49.67372025571893,0,0,107.57522896836315
2024-03-31,DMA_016,56.620017802015184,0,1,108.38354790647419
2024-03-31,DMA_017,54.39551743841096,0,0,100.43180073562444
2024-03-31,DMA_018,63.808753662733196,0,0,103.293463774414
2024-03-31,DMA_019,61.83335326968668,0,0,104.73379681919306
2024-03-31,DMA_020,59.50644625783565,0,0,102.4897871453426
2024-03-31,DMA_021,61.919142989432125,0,0,103.69442239844571
2024-03-31,DMA_022,57.66925360171696,0,1,102.2672188668689
2024-03-31,DMA_023,57.232898187199574,0,0,101.40510173876085
2024-03-31,DMA_024,64.11355486985067,0,0,103.99751971231208
2024-03-31,DMA_025,67.76582341130701,0,0,103.08767963013636
2024-03-31,DMA_026,56.63955957271206,0,0,105.94543523357642
2024-03-31,DMA_027,61.60032128252746,0,0,104.4839639007478
2024-03-31,DMA_028,61.69707341114457,0,0,105.65280883637672
2024-03-31,DMA_029,63.53131012083976,0,0,105.90951861033409
2024-03-31,DMA_030,65.33293747592325,0,0,105.40533472036023
2024-03-31,DMA_031,50.360355145312774,0,0,103.23122475088016
2024-03-31,DMA_032,60.61521485090055,0,0,102.71640397756181
2024-03-31,DMA_033,66.35639056564963,0,0,105.46825771254414
2024-03-31,DMA_034,57.05639798532318,0,1,108.98811702874812
2024-03-31,DMA_035,55.957744556802176,0,1,106.94811390551219
2024-03-31,DMA_036,55.3993818355153,0,1,105.68520505673824
2024-03-31,DMA_037,55.48789961850872,0,0,104.73168445453578
2024-03-31,DMA_038,55.368770197677435,0,0,106.42136032155229
2024-03-31,DMA_039,58.571897499033604,0,0,105.8614344160502
2024-03-31,DMA_040,61.89740944076337,0,0,102.50148235909663
2024-03-31,DMA_041,56.92542027139114,0,0,103.39168211559773
2024-03-31,DMA_042,61.428050716196914,0,0,103.12097937206592
2024-03-31,DMA_043,58.25213008612035,0,0,107.0253374724913
2024-03-31,DMA_044,69.81585498136396,0,0,102.95363339549263
2024-03-31,DMA_045,55.67493747694269,0,0,105.35347702583518
2024-03-31,DMA_046,64.27133226468881,0,1,104.85970490995038
2024-03-31,DMA_047,55.92192323931775,0,0,102.87790761352899
2024-03-31,DMA_048,57.49586236305042,0,0,104.83614571057454
2024-03-31,DMA_049,53.530701030192624,0,1,105.66887347726747
2024-03-31,DMA_050,54.649476718737425,0,1,105.26322760896393
2024-03-31,DMA_051,52.83877328058824,0,0,101.02502203303624
2024-03-31,DMA_052,53.512704729824435,0,0,106.856565179975
2024-03-31,DMA_053,52.496243438584166,0,0,104.82858556050193
2024-03-31,DMA_054,63.80204725955234,0,0,106.73325672654735
2024-03-31,DMA_055,59.50002784278441,0,0,102.89254131970314
2024-03-31,DMA_056,59.00538900269712,0,0,99.38657337734357
2024-03-31,DMA_057,53.620602591981125,0,1,105.36153648959439
2024-03-31,DMA_058,59.20126134970515,0,0,105.81859515614038
2024-03-31,DMA_059,59.252193016925304,0,0,108.87623516565148
2024-03-31,DMA_060,56.026919407815114,0,0,100.36063039816811
2024-03-31,DMA_061,50.81517933297033,0,0,102.73568583815083
2024-03-31,DMA_062,50.11610170055392,0,0,104.46309940272272
2024-03-31,DMA_063,61.0631467441539,0,1,104.79465564008868
2024-03-31,DMA_064,67.15486304178225,0,0,104.30996626753073
2024-03-31,DMA_065,56.016558807669114,0,0,103.81280476924843
2024-03-31,DMA_066,56.38030153028293,0,0,109.33099375989353
2024-03-31,DMA_067,55.92148579700627,0,1,102.5735969460384
2024-03-31,DMA_068,61.27736240886535,0,0,103.8389775912833
2024-03-31,DMA_069,52.492370710098704,0,0,105.2241207339765
2024-03-31,DMA_070,64.0972088890828,0,0,105.09791378876923
2024-03-31,DMA_071,58.90162885875697,0,0,106.32374605588814
2024-03-31,DMA_072,61.24611630744988,0,0,106.65459737817088
2024-03-31,DMA_073,60.886158489352226,0,0,105.24922728362917
2024-03-31,DMA_074,63.87982390489271,0,0,100.23266046563512
2024-03-31,DMA_075,55.576073059645466,0,0,102.88454419351562
2024-03-31,DMA_076,54.296064008064604,0,0,104.43252833332235
2024-03-31,DMA_077,50.967961592577694,0,0,106.98318510684369
2024-03-31,DMA_078,52.41968317520238,0,0,109.8736024851644
2024-03-31,DMA_079,61.14656121144789,0,0,104.73883261359397
2024-03-31,DMA_080,47.9504097194241,0,0,102.56190595925446
2024-03-31,DMA_081,60.41962442765381,0,0,106.1807375171669
2024-03-31,DMA_082,56.30818732703591,0,0,102.58579958300426
2024-03-31,DMA_083,63.105323837745146,0,0,105.3950027221802
2024-03-31,DMA_084,52.593428266916106,0,0,105.14708534716426
2024-03-31,DMA_085,57.489828440593584,0,0,103.92225488508146
2024-03-31,DMA_086,64.36010403646337,0,0,104.13614751190308
2024-03-31,DMA_087,59.216468353214836,0,0,103.72524937244766
2024-03-31,DMA_088,55.88377800326391,0,0,107.7157254447899
2024-03-31,DMA_089,63.450557756777584,0,0,107.11386491554384
2024-03-31,DMA_090,44.73942889919335,0,0,107.67531278397752
2024-03-31,DMA_091,61.80488462215664,0,0,104.28789968282203
2024-03-31,DMA_092,47.03159459478343,0,1,104.45490031877284
2024-03-31,DMA_093,60.09729471625928,0,0,105.32670380106124
2024-03-31,DMA_094,63.182763760008754,0,0,104.06755878393528
2024-03-31,DMA_095,58.63043918660168,0,0,100.91466793031418
2024-03-31,DMA_096,56.79240693708281,0,1,106.47017559161561
2024-03-31,DMA_097,58.329307566234455,0,0,106.763539198353
2024-03-31,DMA_098,66.26138696070531,0,0,105.61621896903772
2024-03-31,DMA_099,50.349368785177646,0,0,105.37090612673596
2024-03-31,DMA_100,56.514599068873565,0,0,101.60939206445474
2024-03-31,DMA_101,45.3244758903817,0,0,104.5552987884306
2024-03-31,DMA_102,58.88340364645369,0,0,104.41853204743008
2024-03-31,DMA_103,53.90141374931176,0,1,103.5549656288822
2024-03-31,DMA_104,56.25878563060819,0,0,108.51028458195299
2024-03-31,DMA_105,55.44536367762216,0,0,105.2574462944067
2024-03-31,DMA_106,66.4075323572419,0,0,104.12697580421121
2024-03-31,DMA_107,59.63052023164717,0,0,103.34683473505083
2024-03-31,DMA_108,52.56599507724499,0,0,104.7970655230302
2024-03-31,DMA_109,53.34916241924987,0,0,100.75282283389726
2024-03-31,DMA_110,54.57715581949991,0,0,106.94922880998274
2024-03-31,DMA_111,55.8029079363295,0,0,103.54576478090547
2024-03-31,DMA_112,57.421119036075794,0,0,106.97905428973094
2024-03-31,DMA_113,53.93431784901191,0,0,108.3059629660393
2024-03-31,DMA_114,58.69204728238369,0,0,100.95295900459668
2024-03-31,DMA_115,50.223633759765896,0,0,104.16445272358432
2024-03-31,DMA_116,57.66051759481659,0,0,103.79992010978494
2024-03-31,DMA_117,55.80536129871471,0,0,106.05690469299873
2024-03-31,DMA_118,60.150709070087316,0,1,103.49345498545644
2024-03-31,DMA_119,64.88579353916577,0,0,99.52751892501838
2024-03-31,DMA_120,48.436051756304714,0,0,103.04197323817257
2024-03-31,DMA_121,64.21031525727598,0,0,102.87826355542866
2024-03-31,DMA_122,54.039178074505635,0,0,106.00506854543134
2024-03-31,DMA_123,60.13649526752095,0,0,107.42871459519725
2024-03-31,DMA_124,49.983386385376065,0,1,103.57712787293049
2024-03-31,DMA_125,62.39886918838004,0,0,106.37109761410873
2024-03-31,DMA_126,59.916766857867145,0,0,105.50358739898681
2024-03-31,DMA_127,52.98171426799699,0,0,103.33690100986094
2024-03-31,DMA_128,62.39632118051469,0,0,103.65912316305133
2024-03-31,DMA_129,54.42615149882497,0,0,103.72122642801146
2024-03-31,DMA_130,51.87288214181665,0,0,102.21341129039247
2024-03-31,DMA_131,53.01240464252493,0,0,108.5289521589529
2024-03-31,DMA_132,49.83859270228035,0,0,105.47006287851397
2024-03-31,DMA_133,54.98042501951743,0,0,104.25057371841893
2024-03-31,DMA_134,47.586377838140095,0,1,103.22606491799257
2024-03-31,DMA_135,57.97869298433384,0,0,105.04488820523842
2024-03-31,DMA_136,64.73372473175912,0,1,102.90576940729801
2024-03-31,DMA_137,52.61514994579852,0,1,104.20990031032234
2024-03-31,DMA_138,60.21735425456709,0,0,105.96977951985028
2024-03-31,DMA_139,61.84033905368889,0,0,102.97775737268299
2024-03-31,DMA_140,55.59948871335572,0,0,108.28953973339725
2024-03-31,DMA_141,58.07520834158962,0,0,104.03943907505976
2024-03-31,DMA_142,63.91831020929922,0,1,102.6783993991312
2024-03-31,DMA_143,52.9678524471186,0,0,106.12596031489886
2024-03-31,DMA_144,59.65074546210675,0,0,104.1374945038053
2024-03-31,DMA_145,53.8285764695866,0,0,105.7515425866026
2024-03-31,DMA_146,56.905504377337415,0,1,104.2730680966384
2024-03-31,DMA_147,65.74865543884927,0,0,101.9108188180886
2024-03-31,DMA_148,61.31990398918978,0,0,108.44243520090266
2024-03-31,DMA_149,58.24438601150252,0,1,105.91557239044103
2024-03-31,DMA_150,60.57185440080041,0,0,107.6985442499478
2024-04-07,DMA_001,53.632525848978496,0,0,106.93283054960764
2024-04-07,DMA_002,49.77003100177019,0,0,103.56832698955496
2024-04-07,DMA_003,61.92551999845947,0,1,110.3831965336313
2024-04-07,DMA_004,64.82154561085517,0,1,103.55095627864769
2024-04-07,DMA_005,63.50886964162312,0,0,104.42725858940189
2024-04-07,DMA_006,52.0189152296627,0,0,104.61078702576656
2024-04-07,DMA_007,48.74227864155149,0,0,106.13215127385082
2024-04-07,DMA_008,61.32131208639435,0,0,103.27710895313128
2024-04-07,DMA_009,55.939160839709714,0,0,105.28468663547763
2024-04-07,DMA_010,53.83327236758507,0,0,101.93411513382239
2024-04-07,DMA_011,46.02555496928288,0,0,107.73965982755958
2024-04-07,DMA_012,52.677649967471616,0,0,108.13151853903001
2024-04-07,DMA_013,56.00169975717697,0,0,107.5662877807334
2024-04-07,DMA_014,60.84898706316909,0,0,105.86446215155233
2024-04-07,DMA_015,60.98042379749948,0,0,103.93152481542164
2024-04-07,DMA_016,51.51795694123937,0,0,105.46552178563134
2024-04-07,DMA_017,58.06529599900445,0,0,104.48549536161475
2024-04-07,DMA_018,52.18600738320446,0,1,103.29929336925431
2024-04-07,DMA_019,50.01509151625644,0,0,101.9477685216213
2024-04-07,DMA_020,51.548836544333696,0,1,103.46331199831603
2024-04-07,DMA_021,61.06152804075781,0,0,105.47733145308673
2024-04-07,DMA_022,54.44275932469257,0,0,103.54307558519942
2024-04-07,DMA_023,56.35204714237285,0,0,103.52866096660985
2024-04-07,DMA_024,55.6371455115803,0,0,106.19600536053
2024-04-07,DMA_025,68.47369846153492,0,1,109.41197307490091
2024-04-07,DMA_026,58.429550906770096,0,0,105.98455560446745
2024-04-07,DMA_027,57.34942288872825,0,0,103.84760282140162
2024-04-07,DMA_028,47.98524017430221,0,0,107.04282209651583
2024-04-07,DMA_029,60.62194172695999,0,1,102.88409236341874
2024-04-07,DMA_030,41.599746966658934,0,1,101.35389576977863
2024-04-07,DMA_031,45.92497764787523,0,0,102.68301110364808
2024-04-07,DMA_032,54.9087482925576,0,0,105.40214123689873
2024-04-07,DMA_033,58.95389199998491,0,0,104.74965356602314
2024-04-07,DMA_034,52.91745705780173,0,0,108.0824749828601
2024-04-07,DMA_035,53.869665412434415,0,0,107.3459331551238
2024-04-07,DMA_036,58.770436902454314,0,0,103.9313376748041
2024-04-07,DMA_037,58.72389658286305,0,0,109.21923046004186
2024-04-07,DMA_038,52.76340678601199,0,0,106.68113411670907
2024-04-07,DMA_039,38.4480297140738,0,0,104.17130387909805
2024-04-07,DMA_040,51.99516856678996,0,0,104.98150257056766
2024-04-07,DMA_041,57.491739133623604,0,0,104.15119437858485
2024-04-07,DMA_042,48.73960858802584,0,0,105.32168631720121
2024-04-07,DMA_043,50.471451962639144,0,0,101.08673199152743
2024-04-07,DMA_044,56.264214186573106,0,0,101.3947065343155
2024-04-07,DMA_045,63.926639499136165,0,0,102.90870609182461
2024-04-07,DMA_046,49.254517326656206,0,0,106.7172994938443
2024-04-07,DMA_047,51.825162670660376,0,1,108.25941024927
2024-04-07,DMA_048,49.98974698688623,0,0,102.16302380843769
2024-04-07,DMA_049,53.76283685448578,0,1,107.08874762596767
2024-04-07,DMA_050,52.55645744443117,0,0,107.9505478069461
2024-04-07,DMA_051,46.50009640846504,0,0,105.31678606449752
2024-04-07,DMA_052,48.01559097221904,0,0,102.33984414224172
2024-04-07,DMA_053,58.99278484157716,0,0,105.84790086745625
2024-04-07,DMA_054,43.851939649582945,0,0,104.9657326994352
2024-04-07,DMA_055,60.45157889747108,0,0,103.65848217766055
2024-04-07,DMA_056,50.05517020710977,0,0,107.24854902850478
2024-04-07,DMA_057,59.823721166307394,0,0,106.82105964439106
2024-04-07,DMA_058,60.88014588570383,0,0,102.87971878533101
2024-04-07,DMA_059,59.5859535577775,0,0,104.31959820658143
2024-04-07,DMA_060,50.83912720669812,0,0,105.04767700561445
2024-04-07,DMA_061,51.1916226828655,0,0,104.91616209042945
2024-04-07,DMA_062,56.99412271082306,0,0,105.93478703985082
2024-04-07,DMA_063,49.93256715106648,0,0,105.16898319033238
2024-04-07,DMA_064,54.748899257283256,0,0,105.83207012610497
2024-04-07,DMA_065,53.36044574443279,0,1,105.21374568929335
2024-04-07,DMA_066,49.281341426687256,0,1,105.03721764971732
2024-04-07,DMA_067,47.22082847028989,0,0,104.19841909269742
2024-04-07,DMA_068,50.08361841013047,0,0,105.6028162195815
2024-04-07,DMA_069,64.98774097880136,0,0,103.20025203155578
2024-04-07,DMA_070,66.8914098921046,0,1,102.3316883784582
2024-04-07,DMA_071,57.56727218703573,0,0,101.9997700323317
2024-04-07,DMA_072,49.40897303081411,0,1,103.21210975262062
2024-04-07,DMA_073,44.36947997763708,0,0,102.30011194071854
2024-04-07,DMA_074,50.81933699768206,0,0,105.03364514065348
2024-04-07,DMA_075,53.402678552046055,0,0,107.07491762747026
2024-04-07,DMA_076,62.790447403076755,0,0,104.80034783559697
2024-04-07,DMA_077,57.84188997254237,0,0,99.52592259635028
2024-04-07,DMA_078,40.725341406095936,0,0,106.37898828426496
2024-04-07,DMA_079,56.95178837414257,0,0,103.03892206615205
2024-04-07,DMA_080,51.905256603543485,0,0,105.78713285502947
2024-04-07,DMA_081,54.638245554279365,0,0,101.19013691272572
2024-04-07,DMA_082,57.8313244185454,0,1,103.36461559232728
2024-04-07,DMA_083,64.79408438742664,0,0,103.529357184911
2024-04-07,DMA_084,47.63681625371891,0,0,105.16118127014211
2024-04-07,DMA_085,57.843788777385896,0,0,103.37572796557113
2024-04-07,DMA_086,50.110903905475304,0,1,107.73177708394472
2024-04-07,DMA_087,55.49274829790579,0,0,103.64199155782883
2024-04-07,DMA_088,51.02787702487518,0,0,106.17827388729428
2024-04-07,DMA_089,63.63852147403981,0,0,107.3207446251766
2024-04-07,DMA_090,57.190620187533874,0,0,107.76776105933095
2024-04-07,DMA_091,58.84654279110438,0,0,105.58253093519146
2024-04-07,DMA_092,65.6380094960035,0,0,106.64127407739237
2024-04-07,DMA_093,67.9630032419023,0,0,103.79641352161984
2024-04-07,DMA_094,58.91833366339545,0,0,103.35550974072787
2024-04-07,DMA_095,55.128065957199595,0,0,103.12240241752556
2024-04-07,DMA_096,45.812801226429826,0,0,103.29111799217418
2024-04-07,DMA_097,56.47322215160323,0,0,103.85251879299294
2024-04-07,DMA_098,51.050256972214136,0,0,104.46568515658849
2024-04-07,DMA_099,53.908976368084254,0,0,107.75405201943246
2024-04-07,DMA_100,49.48353824624126,0,0,105.87791852152472
2024-04-07,DMA_101,44.920922682436085,0,0,108.23226425981566
2024-04-07,DMA_102,64.5544898390291,0,0,103.17621530772752
2024-04-07,DMA_103,59.12454515974493,0,1,103.18932272042206
2024-04-07,DMA_104,60.61165991575908,0,0,104.46237003709602
2024-04-07,DMA_105,48.649294066854175,0,0,104.20465353773976
2024-04-07,DMA_106,45.69541652601429,0,1,107.89183742377406
2024-04-07,DMA_107,55.41422713594505,0,0,105.73301115318303
2024-04-07,DMA_108,47.61573707384835,0,0,103.11515415880088
2024-04-07,DMA_109,54.10412765128166,0,0,103.67453111383423
2024-04-07,DMA_110,51.84474811125307,0,0,105.92638057021543
2024-04-07,DMA_111,52.64878400192731,0,1,103.59609509063094
2024-04-07,DMA_112,53.6679778387644,0,0,103.88836036151221
2024-04-07,DMA_113,56.85977979033797,0,1,106.88287840749757
2024-04-07,DMA_114,64.09897666012257,0,0,108.19469003698873
2024-04-07,DMA_115,55.457663379240365,0,1,101.8267656698447
2024-04-07,DMA_116,60.552952686583474,0,0,104.76648774746792
2024-04-07,DMA_117,42.8057670949377,0,0,105.53646593364637
2024-04-07,DMA_118,58.586634183621136,0,0,102.43426898161455
2024-04-07,DMA_119,49.41102253034598,0,0,102.0660792811161
2024-04-07,DMA_120,47.615136731518746,0,0,102.7542489544553
2024-04-07,DMA_121,55.921660004941664,0,0,104.55769347752265
2024-04-07,DMA_122,59.347118000866296,0,0,105.58317540121146
2024-04-07,DMA_123,49.37031568223806,0,1,102.53220347428004
2024-04-07,DMA_124,53.24248533196237,0,0,106.53040310183266
2024-04-07,DMA_125,66.83344556594899,0,0,101.10992738576236
2024-04-07,DMA_126,53.23145112942566,0,0,106.50742307476862
2024-04-07,DMA_127,54.872794940195874,0,0,104.28240641431134
2024-04-07,DMA_128,56.74867196851602,0,0,106.94943617151243
2024-04-07,DMA_129,47.46650489161043,0,0,102.08915453932642
2024-04-07,DMA_130,43.877716628220576,0,0,106.06633871802384
2024-04-07,DMA_131,56.58635657669038,0,0,107.15930850162214
2024-04-07,DMA_132,54.79404827340697,0,0,106.60667094882237
2024-04-07,DMA_133,55.387806579079374,0,1,106.5162252616873
2024-04-07,DMA_134,67.86310523307998,0,0,102.90481994556403
2024-04-07,DMA_135,50.6450286941696,0,0,108.11702210120738
2024-04-07,DMA_136,59.10995197454916,0,0,105.61031650758069
2024-04-07,DMA_137,60.18190628613941,0,0,102.86332302133043
2024-04-07,DMA_138,55.9038955446622,0,0,104.23126857411386
2024-04-07,DMA_139,56.28972210806795,0,0,102.80472396045283
2024-04-07,DMA_140,60.294928075758676,0,0,103.69039429914025
2024-04-07,DMA_141,56.105919800701116,0,1,105.91695892169096
2024-04-07,DMA_142,53.507844052605165,0,0,105.33490780621061
2024-04-07,DMA_143,56.63133898306231,0,0,106.11869254416172
2024-04-07,DMA_144,56.988887479798365,0,0,104.82118359606753
2024-04-07,DMA_145,55.402610187670376,0,0,106.04409477225624
2024-04-07,DMA_146,52.91482480883248,0,1,106.20816465476213
2024-04-07,DMA_147,50.05068839539895,0,1,108.19064049787275
2024-04-07,DMA_148,54.54318012413628,0,0,104.21748171748855
2024-04-07,DMA_149,49.20664347296341,0,0,106.36232613920409
2024-04-07,DMA_150,75.54295726751882,0,0,104.46149542056718
2024-04-14,DMA_001,49.508820963911646,0,1,103.10366407261664
2024-04-14,DMA_002,53.36647414369369,0,1,105.11670731399266
2024-04-14,DMA_003,62.09455515631715,0,0,107.69056780848219
2024-04-14,DMA_004,62.03874032555738,0,0,106.82761697147853
2024-04-14,DMA_005,43.41264533605364,0,0,104.37340430900727
2024-04-14,DMA_006,50.82786693668157,0,0,104.00929000930302
2024-04-14,DMA_007,51.30150095567075,0,0,105.39256464733461
2024-04-14,DMA_008,48.56472354102191,0,1,105.33793566474581
2024-04-14,DMA_009,44.16363643331362,0,1,103.08380359870117
2024-04-14,DMA_010,59.24022367774734,0,0,105.83208496369517
2024-04-14,DMA_011,49.59291657669143,0,1,102.78310474650634
2024-04-14,DMA_012,59.01636876232948,0,1,105.43398332850636
2024-04-14,DMA_013,49.80589694218727,0,0,103.97352821572622
2024-04-14,DMA_014,49.70002455881299,0,0,107.20075236607082
2024-04-14,DMA_015,55.93015172340555,0,0,105.06204025035417
2024-04-14,DMA_016,52.25694036233243,0,0,101.02257677996128
2024-04-14,DMA_017,59.60787042929567,0,0,104.64875373427068
2024-04-14,DMA_018,44.60443839180692,0,1,106.36450712394999
2024-04-14,DMA_019,42.76122925955663,0,1,100.87943671875449
2024-04-14,DMA_020,50.68848718699732,0,0,106.08365777378359
2024-04-14,DMA_021,49.17686687375776,0,0,104.65572450853146
2024-04-14,DMA_022,46.9243672420873,0,0,102.0721403839241
2024-04-14,DMA_023,50.369599172348515,0,0,101.17857453739137
2024-04-14,DMA_024,53.711405294032424,0,0,104.04466375447396
2024-04-14,DMA_025,58.826521492630434,0,1,102.88686107631888
2024-04-14,DMA_026,49.48606914111729,0,0,106.5216028858556
2024-04-14,DMA_027,59.08048232722159,0,0,105.80754477270382
2024-04-14,DMA_028,55.473058526019386,0,0,106.4566495185853
2024-04-14,DMA_029,45.15009674339694,0,0,106.18891081495286
2024-04-14,DMA_030,55.21467108882919,0,0,101.4328978592857
2024-04-14,DMA_031,60.25442828238677,0,0,105.6320256704158
2024-04-14,DMA_032,54.58144797836758,0,0,103.08144863156855
2024-04-14,DMA_033,51.186064809488784,0,0,108.10403672889014
2024-04-14,DMA_034,59.42802685085544,0,0,105.83925088018502
2024-04-14,DMA_035,53.927831108361175,0,0,100.99541532829274
2024-04-14,DMA_036,53.537219180278825,0,0,106.84402996507428
2024-04-14,DMA_037,52.80556638799472,0,0,106.42696658683583
2024-04-14,DMA_038,49.614151494292344,0,0,106.11489686649041
2024-04-14,DMA_039,46.846353343661676,0,0,105.05923048572517
2024-04-14,DMA_040,54.237353181405766,0,1,102.19697409433982
2024-04-14,DMA_041,49.08395000424239,0,0,104.1156883737214
2024-04-14,DMA_042,61.58765166851025,0,0,107.0513276478142
2024-04-14,DMA_043,53.19664305568293,0,0,106.5428739428976
2024-04-14,DMA_044,52.559969653617436,0,1,105.54507826951335
2024-04-14,DMA_045,42.31833636222402,0,0,103.58027838855692
2024-04-14,DMA_046,40.96556887436447,0,0,107.80405840124799
2024-04-14,DMA_047,50.95460755257125,0,0,107.293672564899
2024-04-14,DMA_048,43.887733556075304,0,0,103.9565951358682
2024-04-14,DMA_049,54.993906652989565,0,1,104.72366081990467
2024-04-14,DMA_050,56.13681895628946,0,1,108.351055664094
2024-04-14,DMA_051,56.250577604505025,0,0,104.3183288409196
2024-04-14,DMA_052,45.73131863164791,0,0,105.26579683160584
2024-04-14,DMA_053,50.042582799008436,0,0,103.55805301793214
2024-04-14,DMA_054,50.0982871193152,0,0,105.43735332013871
2024-04-14,DMA_055,54.23914857246985,0,0,107.26728451035326
2024-04-14,DMA_056,55.30544005181415,0,0,105.37050828514096
2024-04-14,DMA_057,48.26866015735914,0,0,99.70293080717036
2024-04-14,DMA_058,56.897902501571004,0,0,104.34105759516531
2024-04-14,DMA_059,55.49414309989192,0,0,103.21926478726736
2024-04-14,DMA_060,51.052035850627696,0,0,106.11469302678393
2024-04-14,DMA_061,60.703962798646046,0,0,105.14380391200875
2024-04-14,DMA_062,55.61353296057111,0,0,102.9639642418768
2024-04-14,DMA_063,42.546082242286246,0,0,107.27547179759563
2024-04-14,DMA_064,56.75502972930351,0,0,108.21560239665965
2024-04-14,DMA_065,42.453135677607094,0,0,101.21371545843783
2024-04-14,DMA_066,52.86215717766679,0,1,105.37386571291324
2024-04-14,DMA_067,60.997419457613105,0,0,103.17788210965277
2024-04-14,DMA_068,49.559565332838346,0,0,107.24753474736319
2024-04-14,DMA_069,62.27080124309194,0,1,105.05055525524875
2024-04-14,DMA_070,50.55925899052662,0,1,102.83707937732763
2024-04-14,DMA_071,58.90676692806914,0,1,103.57040031384598
2024-04-14,DMA_072,61.333756168770336,0,0,107.93962269155688
2024-04-14,DMA_073,51.59101079695871,0,0,103.05587499241317
2024-04-14,DMA_074,53.692966484441875,0,0,105.82623668234643
2024-04-14,DMA_075,63.37212298022511,0,0,103.69172145341055
2024-04-14,DMA_076,50.40988964720981,0,0,105.05723166787917
2024-04-14,DMA_077,43.72648987765618,0,0,103.6409554235535
2024-04-14,DMA_078,51.73939331414225,0,0,108.11104504923057
2024-04-14,DMA_079,48.27112157192326,0,0,104.55568235513766
2024-04-14,DMA_080,61.03911315843082,0,0,104.5044954165745
2024-04-14,DMA_081,52.62479054016809,0,1,105.98365134766136
2024-04-14,DMA_082,51.69166490620069,0,0,103.57201899053575
2024-04-14,DMA_083,55.68762049131099,0,0,106.3706746075534
2024-04-14,DMA_084,53.60411022460791,0,0,106.8472009528726
2024-04-14,DMA_085,51.883451893040814,0,0,103.50088966188333
2024-04-14,DMA_086,54.37639869228943,0,0,106.45168392697234
2024-04-14,DMA_087,51.55694296000505,0,0,103.51729124777378
2024-04-14,DMA_088,48.81267015973314,0,0,99.72540517345283
2024-04-14,DMA_089,45.31341238718002,0,0,103.64875159786737
2024-04-14,DMA_090,52.85996736619901,0,0,102.50214862699686
2024-04-14,DMA_091,43.16126990535797,0,0,103.67166026898508
2024-04-14,DMA_092,49.20864414779004,0,0,107.13880265021824
2024-04-14,DMA_093,44.464115933983074,0,0,106.1541827755544
2024-04-14,DMA_094,56.63137489779305,0,0,102.90111865173706
2024-04-14,DMA_095,49.756380692589595,0,0,103.74413227307521
2024-04-14,DMA_096,42.962007886961715,0,1,104.80672040389051
2024-04-14,DMA_097,46.01192026895466,0,0,104.49368651696216
2024-04-14,DMA_098,58.84429979131942,0,1,103.00934794916903
2024-04-14,DMA_099,52.55458870298772,0,0,104.42838462354105
2024-04-14,DMA_100,50.9207651108731,0,0,104.55131299485133
2024-04-14,DMA_101,58.31130889063196,0,1,105.01317226646545
2024-04-14,DMA_102,46.99952193573559,0,1,106.63557617923274
2024-04-14,DMA_103,58.654407869711775,0,0,104.4926057669861
2024-04-14,DMA_104,51.942527792260044,0,0,101.89464846145992
2024-04-14,DMA_105,49.72350782540735,0,1,106.27022174337665
2024-04-14,DMA_106,59.241497161948885,0,0,103.12158293306048
2024-04-14,DMA_107,49.05972788540267,0,0,102.98710312152754
2024-04-14,DMA_108,56.52534940609466,0,0,108.46555554240611
2024-04-14,DMA_109,45.68892776986047,0,0,105.59532408709585
2024-04-14,DMA_110,46.846316561802645,0,0,105.9567343586422
2024-04-14,DMA_111,41.20886029164615,0,0,104.44127186184822
2024-04-14,DMA_112,46.63102749355961,0,0,100.01480829698224
2024-04-14,DMA_113,56.14638914299383,0,0,106.03635360406763
2024-04-14,DMA_114,44.320488032805656,0,0,104.86744605814543
2024-04-14,DMA_115,50.15776041200708,0,0,106.36998815113127
2024-04-14,DMA_116,58.418365663001,0,1,104.61203560189266
2024-04-14,DMA_117,51.42707999126589,0,0,105.88766093823351
2024-04-14,DMA_118,43.262473969816995,0,1,106.0461412576338
2024-04-14,DMA_119,60.9097037596368,0,0,105.77610196873728
2024-04-14,DMA_120,56.38340908280288,0,1,104.86583662381017
2024-04-14,DMA_121,48.357747719467376,0,0,102.25993603156923
2024-04-14,DMA_122,55.45281020834165,0,1,103.52510425936656
2024-04-14,DMA_123,65.84401283796944,0,0,104.57131420070633
2024-04-14,DMA_124,30.342005846083993,0,1,104.78272379916741
2024-04-14,DMA_125,46.50655070521545,0,0,104.16295039343119
2024-04-14,DMA_126,51.540038730597864,0,0,104.39523167937988
2024-04-14,DMA_127,43.06346385430101,0,0,105.05206006827608
2024-04-14,DMA_128,54.31534165590596,0,1,107.54722412569437
2024-04-14,DMA_129,59.74186849514415,0,1,108.16704566995703
2024-04-14,DMA_130,53.84202914281816,0,0,105.14042814991399
2024-04-14,DMA_131,41.49044394046386,0,0,103.70053933007667
2024-04-14,DMA_132,55.55593362853999,0,0,107.37253346290315
2024-04-14,DMA_133,52.99073614803188,0,1,105.6535494326458
2024-04-14,DMA_134,45.52184211098674,0,0,109.19581584549941
2024-04-14,DMA_135,56.35072840538945,0,0,107.93307395182741
2024-04-14,DMA_136,51.22420930227356,0,0,107.6317307246146
2024-04-14,DMA_137,44.47196205909972,0,0,105.06496848376106
2024-04-14,DMA_138,46.424935422296265,0,0,102.324814548223
2024-04-14,DMA_139,55.65415707106652,0,1,103.2963479523511
2024-04-14,DMA_140,56.53562538017779,0,0,103.66470173125141
2024-04-14,DMA_141,54.406244049653004,0,0,106.26631902247901
2024-04-14,DMA_142,51.01288755861339,0,0,105.52866210529919
2024-04-14,DMA_143,45.97731493545392,0,0,106.47944703901388
2024-04-14,DMA_144,41.770837394238285,0,0,102.41235061925543
2024-04-14,DMA_145,44.613028538845356,0,0,106.8887655381492
2024-04-14,DMA_146,51.19355349840998,0,0,107.30144333322689
2024-04-14,DMA_147,49.0069357101068,0,0,104.99671535024947
2024-04-14,DMA_148,62.35466112342038,0,0,102.11852780458557
2024-04-14,DMA_149,40.5332200942678,0,1,104.55193507013597
2024-04-14,DMA_150,49.15449657068332,0,0,105.95265666126446
2024-04-21,DMA_001,43.02229113932107,0,0,103.54181079965257
2024-04-21,DMA_002,62.43317995572558,0,0,107.0922131086312
2024-04-21,DMA_003,40.5579700588275,0,1,105.15814622430743
2024-04-21,DMA_004,53.50610281878816,0,1,101.8605533050731
2024-04-21,DMA_005,41.98073291756714,0,0,104.01871675812961
2024-04-21,DMA_006,46.059913184200994,0,1,105.2969917267024
2024-04-21,DMA_007,48.51637795019526,0,0,103.6901991061515
2024-04-21,DMA_008,38.99705043462086,0,0,104.88781991488374
2024-04-21,DMA_009,54.920627178550355,0,0,102.8405166183459
2024-04-21,DMA_010,55.59810873438131,0,0,103.45218417233892
2024-04-21,DMA_011,50.83458008906576,0,0,106.5010876014337
2024-04-21,DMA_012,51.99291114172786,0,0,104.04771458270879
2024-04-21,DMA_013,54.57191293498,0,0,106.5255085104429
2024-04-21,DMA_014,47.013788768298745,0,0,105.90741522465159
2024-04-21,DMA_015,45.178417384921765,0,0,102.6623209356145
2024-04-21,DMA_016,49.51031323206617,0,1,103.60301314929858
2024-04-21,DMA_017,48.20089564900805,0,0,107.48589185273758
2024-04-21,DMA_018,40.61051356659646,0,0,103.20162835421306
2024-04-21,DMA_019,54.81092445807616,0,1,105.24683056924437
2024-04-21,DMA_020,48.49167093326043,0,1,102.83895560108918
2024-04-21,DMA_021,54.85434049875639,0,0,100.57312872873919
2024-04-21,DMA_022,52.488377159419564,0,0,107.2561444060442
2024-04-21,DMA_023,51.24106789536296,0,0,104.57415254884751
2024-04-21,DMA_024,60.619500980722286,0,0,102.20961370981573
2024-04-21,DMA_025,57.49735537594839,0,0,105.46231783126078
2024-04-21,DMA_026,32.1709423003119,0,0,106.21313886365162
2024-04-21,DMA_027,46.25890198419126,0,0,104.95993246709939
2024-04-21,DMA_028,47.304611177549305,0,0,102.56764993127926
2024-04-21,DMA_029,48.22903670791276,0,0,108.04711821514223
2024-04-21,DMA_030,56.259956187992586,0,0,108.1805091100736
2024-04-21,DMA_031,51.98361380607954,0,0,102.05459123652908
2024-04-21,DMA_032,49.74531320152167,0,0,107.0557611620136
2024-04-21,DMA_033,49.95748392619682,0,0,103.69104169653144
2024-04-21,DMA_034,46.963806516865596,0,0,103.01751112309637
2024-04-21,DMA_035,44.46603301833415,0,0,101.64974747720035
2024-04-21,DMA_036,56.53337841238649,0,1,105.25722243508825
2024-04-21,DMA_037,45.02547669449688,0,0,101.71024162427746
2024-04-21,DMA_038,48.06984873237001,0,1,104.52405985315117
2024-04-21,DMA_039,43.37399843169894,0,0,105.1980571870958
2024-04-21,DMA_040,52.133300251135154,0,0,101.86601720507213
2024-04-21,DMA_041,59.179823107936144,0,0,103.61962329063901
2024-04-21,DMA_042,48.629138183235916,0,0,102.37443001810803
2024-04-21,DMA_043,50.03686677761668,0,1,103.41934055179281
2024-04-21,DMA_044,44.59970057414933,0,0,106.03572837968412
2024-04-21,DMA_045,43.48030820406743,0,0,102.7655220876106
2024-04-21,DMA_046,47.27632631419131,0,0,99.78220238011774
2024-04-21,DMA_047,40.50975433529191,0,0,104.27645552635546
2024-04-21,DMA_048,43.506535848305575,0,0,104.08327457561639
2024-04-21,DMA_049,52.05201701326323,0,1,102.3203941512759
2024-04-21,DMA_050,50.14302910549992,0,0,103.67054853155231
2024-04-21,DMA_051,44.51843066475838,0,0,103.0868846835541
2024-04-21,DMA_052,41.38953604711166,0,0,103.18196051264283
2024-04-21,DMA_053,50.849869050330874,0,1,105.38337196059015
2024-04-21,DMA_054,48.75764753408306,0,1,106.45498099301777
2024-04-21,DMA_055,46.85939555921838,0,0,105.76897991216133
2024-04-21,DMA_056,56.24845073016263,0,0,104.61028296576823
2024-04-21,DMA_057,51.949085714714116,0,1,106.78183250873462
2024-04-21,DMA_058,64.10471454328083,0,0,106.62144387413107
2024-04-21,DMA_059,44.265360482854305,0,0,103.37881391044756
2024-04-21,DMA_060,49.8732084742361,0,0,105.96131555623363
2024-04-21,DMA_061,43.77162794108147,0,0,104.70694005525965
2024-04-21,DMA_062,47.28688622020624,0,0,104.32472449426217
2024-04-21,DMA_063,54.19567387749001,0,0,107.93513695411612
2024-04-21,DMA_064,41.36134805228651,0,1,108.37325386796329
2024-04-21,DMA_065,40.74400055276767,0,0,105.89803872709216
2024-04-21,DMA_066,52.13782995430095,0,0,104.76500177951614
2024-04-21,DMA_067,52.69626287404119,0,0,106.01931882543953
2024-04-21,DMA_068,56.56393329982077,0,0,103.64827577558053
2024-04-21,DMA_069,46.31532223790466,0,0,102.77970862246625
2024-04-21,DMA_070,51.06827194029258,0,0,103.66533687476787
2024-04-21,DMA_071,49.777566830579744,0,0,103.6284813716053
2024-04-21,DMA_072,45.42885293404171,0,0,104.33431822074976
2024-04-21,DMA_073,48.91790266440687,0,0,106.4924684385782
2024-04-21,DMA_074,50.246853734018124,0,1,103.64948596460131
2024-04-21,DMA_075,41.44935758973121,0,0,107.17896565079154
2024-04-21,DMA_076,47.616447994932244,0,0,102.90714327933493
2024-04-21,DMA_077,54.25613056721758,0,0,104.72819060128144
2024-04-21,DMA_078,50.53472478578742,0,0,102.61618016581697
2024-04-21,DMA_079,46.5196040561091,0,0,104.81230363231703
2024-04-21,DMA_080,45.29758905602899,0,0,105.91452379777752
2024-04-21,DMA_081,55.12822007856882,0,0,103.00803905881767
2024-04-21,DMA_082,45.4646465101531,0,0,103.42067326426634
2024-04-21,DMA_083,55.58508943238978,0,0,104.8177531343618
2024-04-21,DMA_084,40.314646016604996,0,0,102.59779677954897
2024-04-21,DMA_085,61.15668591705996,0,1,100.90523726976421
2024-04-21,DMA_086,55.22593693627171,0,0,105.2638243171066
2024-04-21,DMA_087,54.59078327252122,0,0,105.50657298788158
2024-04-21,DMA_088,42.29664860494047,0,1,104.8902339456146
2024-04-21,DMA_089,54.63907893203941,0,1,106.55832783105053
2024-04-21,DMA_090,43.97008840214459,0,0,105.98053342515985
2024-04-21,DMA_091,56.30201977135697,0,0,106.10135004226944
2024-04-21,DMA_092,55.55470794520077,0,0,103.40943648864241
2024-04-21,DMA_093,41.58549409215763,0,0,99.23727636177927
2024-04-21,DMA_094,40.03509626598859,0,1,107.33667395456466
2024-04-21,DMA_095,42.67182514229383,0,0,106.11635941557915
2024-04-21,DMA_096,51.16616046493648,0,0,103.00329767716146
2024-04-21,DMA_097,56.87472735059687,0,0,103.95518902583329
2024-04-21,DMA_098,58.26248235407061,0,0,105.96601336535242
2024-04-21,DMA_099,42.86324888894253,0,0,110.16777747130823
2024-04-21,DMA_100,44.46193868712576,0,0,103.47622238200377
2024-04-21,DMA_101,37.38368780143607,0,0,102.06980105206063
2024-04-21,DMA_102,52.07748436705774,0,0,106.22213585105109
2024-04-21,DMA_103,48.22871418572605,0,0,100.97710253299434
2024-04-21,DMA_104,46.95279188383672,0,0,105.84487892898548
2024-04-21,DMA_105,45.03634296140808,0,0,103.56995148443978
2024-04-21,DMA_106,51.66614758664957,0,0,103.44004562647501
2024-04-21,DMA_107,43.28714407707584,0,0,102.14040489334762
2024-04-21,DMA_108,49.95645450303246,0,0,104.48617112118316
2024-04-21,DMA_109,44.72130621197735,0,0,104.98207964141889
2024-04-21,DMA_110,52.14910554338261,0,0,102.76520032000114
2024-04-21,DMA_111,54.02071552689233,0,0,100.17272999060295
2024-04-21,DMA_112,48.55455137722206,0,0,105.75529280610249
2024-04-21,DMA_113,40.08229428398611,0,0,105.85513745985645
2024-04-21,DMA_114,53.60511721476562,0,0,103.48758457547888
2024-04-21,DMA_115,52.293458380487984,0,0,105.13090679833977
2024-04-21,DMA_116,50.90983522275642,0,1,102.42587337551313
2024-04-21,DMA_117,51.828997288542624,0,0,107.59263485817156
2024-04-21,DMA_118,51.808146570182785,0,0,107.9420155252978
2024-04-21,DMA_119,53.05539708160605,0,0,106.97842539528047
2024-04-21,DMA_120,44.66841855163519,0,0,103.16350090784171
2024-04-21,DMA_121,45.76775190206388,0,1,104.9433356303974
2024-04-21,DMA_122,48.63308546149165,0,0,104.34767758349388
2024-04-21,DMA_123,46.5558836785552,0,0,100.79540863690399
2024-04-21,DMA_124,53.560269163057136,0,0,104.93661685088992
2024-04-21,DMA_125,44.76038057795744,0,1,105.34826203661297
2024-04-21,DMA_126,66.52091022050975,0,0,108.20582094999943
2024-04-21,DMA_127,51.175561520565346,0,0,101.98907166287546
2024-04-21,DMA_128,46.11690577747629,0,0,103.82433377782185
2024-04-21,DMA_129,46.07075895439046,0,0,105.66640911087302
2024-04-21,DMA_130,46.773683855414255,0,0,101.20000444781128
2024-04-21,DMA_131,52.470427579886575,0,1,106.85942511501919
2024-04-21,DMA_132,37.601436961176724,0,0,105.33357367505592
2024-04-21,DMA_133,37.01578385291307,0,0,103.29053524106006
2024-04-21,DMA_134,53.79321656456347,0,0,105.19740414804023
2024-04-21,DMA_135,48.862028977183606,0,0,102.53368903926973
2024-04-21,DMA_136,48.405275849820924,0,0,102.25877837200177
2024-04-21,DMA_137,50.77154545199028,0,0,103.96509524814284
2024-04-21,DMA_138,48.89297679884563,0,0,103.7960687576973
2024-04-21,DMA_139,52.25326623287518,0,1,107.28291992543548
2024-04-21,DMA_140,40.68023648796243,0,0,102.37225715418279
2024-04-21,DMA_141,45.50619669845779,0,0,101.54829453870515
2024-04-21,DMA_142,50.06496811065357,0,0,104.09936996647669
2024-04-21,DMA_143,43.77826973999949,0,1,102.64703426132367
2024-04-21,DMA_144,49.50770915421633,0,0,104.90490618927141
2024-04-21,DMA_145,50.77735213468163,0,0,105.4713361273112
2024-04-21,DMA_146,44.24440272266281,0,0,105.51983406904708
2024-04-21,DMA_147,36.656204705282704,0,0,106.2985436615817
2024-04-21,DMA_148,53.18861581598166,0,0,106.14402059055303
2024-04-21,DMA_149,56.94587193567706,0,0,106.89329499784577
2024-04-21,DMA_150,55.13045691332845,0,0,104.9149453835605
2024-04-28,DMA_001,30.894020936957993,0,0,104.11330301399187
2024-04-28,DMA_002,47.1021684264313,0,0,104.85010909923271
2024-04-28,DMA_003,52.580036694686854,0,0,106.10339143925844
2024-04-28,DMA_004,55.16505772238527,0,0,105.58083218800243
2024-04-28,DMA_005,36.304081190241064,0,0,103.8828186309916
2024-04-28,DMA_006,47.40446945680376,0,0,103.14416638637975
2024-04-28,DMA_007,37.1132577619548,0,0,103.67966955020344
2024-04-28,DMA_008,37.3348102980356,0,0,105.48329439992598
2024-04-28,DMA_009,48.60040733963225,0,0,104.8688965194517
2024-04-28,DMA_010,45.184391637086726,0,0,103.67178943222929
2024-04-28,DMA_011,47.58163834149669,0,0,104.83874730824044
2024-04-28,DMA_012,38.9480634848161,0,0,103.67274291524949
2024-04-28,DMA_013,42.15727610064073,0,0,104.04128558806171
2024-04-28,DMA_014,42.01093170110052,0,0,102.50356420996432
2024-04-28,DMA_015,38.29730848524203,0,0,101.28068480143548
2024-04-28,DMA_016,48.92335753429953,0,0,105.1517342268907
2024-04-28,DMA_017,45.02469551960974,0,0,105.18992373773918
2024-04-28,DMA_018,39.53849087146554,0,0,107.26165739995794
2024-04-28,DMA_019,40.05584042267402,0,0,104.07828747963825
2024-04-28,DMA_020,49.587303840543406,0,0,107.92233799587883
2024-04-28,DMA_021,44.50618348973503,0,0,105.67555271467343
2024-04-28,DMA_022,44.796207341708225,0,0,107.76552444564695
2024-04-28,DMA_023,46.984784417957876,0,0,103.89032597932565
2024-04-28,DMA_024,49.36351718107043,0,0,104.45340188350099
2024-04-28,DMA_025,47.48762880936199,0,0,104.2049494400163
2024-04-28,DMA_026,43.06704748692515,0,0,102.23454959858464
2024-04-28,DMA_027,45.01029931908427,0,1,102.20166982523497
2024-04-28,DMA_028,53.47683229448804,0,0,101.29114558555887
2024-04-28,DMA_029,47.54295350027582,0,0,104.70145264853048
2024-04-28,DMA_030,37.608518314790714,0,0,105.7577665642764
2024-04-28,DMA_031,46.411577184508204,0,1,102.64691921791824
2024-04-28,DMA_032,53.27150481235334,0,0,104.39168876278414
2024-04-28,DMA_033,43.09600951881996,0,0,105.24966393839807
2024-04-28,DMA_034,48.411008200874484,0,0,104.51275969353803
2024-04-28,DMA_035,53.0636408713514,0,1,104.96458786721982
2024-04-28,DMA_036,42.97346477538074,0,0,100.32722010094926
2024-04-28,DMA_037,43.02505245665302,0,0,103.73174364289582
2024-04-28,DMA_038,38.70285068881375,0,0,105.2128882429452
2024-04-28,DMA_039,56.593993812795766,0,0,102.09868336568832
2024-04-28,DMA_040,54.324622372780894,0,0,99.39839009993447
2024-04-28,DMA_041,44.90257576454319,0,1,103.27924837800705
2024-04-28,DMA_042,55.55496648185908,0,0,104.83928067370846
2024-04-28,DMA_043,35.226973005856294,0,0,102.69181929926016
2024-04-28,DMA_044,47.20221320928189,0,1,106.4158529051026
2024-04-28,DMA_045,41.50483180168272,0,0,102.3050599489965
2024-04-28,DMA_046,36.07463444280481,0,0,100.44156757300593
2024-04-28,DMA_047,55.32320174359678,0,0,105.7671952797635
2024-04-28,DMA_048,45.65176694971012,0,0,102.8461632492323
2024-04-28,DMA_049,50.249674526949235,0,0,103.78108489331618
2024-04-28,DMA_050,56.764493202771355,0,1,101.59185493195815
2024-04-28,DMA_051,38.4002365014845,0,0,108.56070589523371
2024-04-28,DMA_052,40.89623009674021,0,0,105.37330582122812
2024-04-28,DMA_053,47.52462010360721,0,0,105.7114565634372
2024-04-28,DMA_054,45.51242051852496,0,0,100.24272335641497
2024-04-28,DMA_055,39.612904980605535,0,0,107.25662638049423
2024-04-28,DMA_056,56.28573955558737,0,0,105.9437633639468
2024-04-28,DMA_057,53.099790452732066,0,0,107.39380674311589
2024-04-28,DMA_058,45.73639314528229,0,0,105.4275153876614
2024-04-28,DMA_059,41.22822319108799,0,0,103.94830347962713
2024-04-28,DMA_060,42.295321038065396,0,0,102.41141644481095
2024-04-28,DMA_061,42.474705826914295,0,0,101.75619231519751
2024-04-28,DMA_062,47.44999505306409,0,0,102.64126476197042
2024-04-28,DMA_063,48.156141591110796,0,0,106.04963913602185
2024-04-28,DMA_064,47.60612538013399,0,1,104.63588160578333
2024-04-28,DMA_065,55.52649400671474,0,0,107.88393707059551
2024-04-28,DMA_066,57.13099653216831,0,0,100.98231000089733
2024-04-28,DMA_067,48.57914181097635,0,0,104.80336495247629
2024-04-28,DMA_068,37.36784918891226,0,0,102.46096554495996
2024-04-28,DMA_069,47.070632733239094,0,0,101.34029748344923
2024-04-28,DMA_070,39.17539891993074,0,0,107.41034494514244
2024-04-28,DMA_071,55.17947510330173,0,0,104.35144738437819
2024-04-28,DMA_072,52.50363637378984,0,0,102.98766568630523
2024-04-28,DMA_073,43.34407265468113,0,0,103.75983909787007
2024-04-28,DMA_074,46.87978428282862,0,0,105.46726383275318
2024-04-28,DMA_075,40.476547504060335,0,0,103.90798532508579
2024-04-28,DMA_076,38.142983326088505,0,0,103.10059471797992
2024-04-28,DMA_077,54.689917988896674,0,1,103.83672343672713
2024-04-28,DMA_078,42.15644182489587,0,0,105.89142890113757
2024-04-28,DMA_079,36.79742276881617,0,0,105.64556407244294
2024-04-28,DMA_080,39.21181949420574,0,0,106.6066526314144
2024-04-28,DMA_081,35.618145850485774,0,0,103.73848747756158
2024-04-28,DMA_082,45.3315926711079,0,0,102.68693388303444
2024-04-28,DMA_083,49.494162535216816,0,0,103.10987068025487
2024-04-28,DMA_084,53.162606716624694,0,0,106.2403646905115
2024-04-28,DMA_085,46.54480433036363,0,0,105.38473091664316
2024-04-28,DMA_086,38.62898761777903,0,0,105.26476557642158
2024-04-28,DMA_087,47.24789769628894,0,0,103.66129842036136
2024-04-28,DMA_088,52.45334732714406,0,1,107.05342093237296
2024-04-28,DMA_089,38.79378773122469,0,0,103.71239940790524
2024-04-28,DMA_090,45.788197662933214,0,0,100.53173302415188
2024-04-28,DMA_091,40.38934349342581,0,0,108.35245347972516
2024-04-28,DMA_092,46.18698089995034,0,0,105.72614498516015
2024-04-28,DMA_093,47.169950510884995,0,0,105.30681108303324
2024-04-28,DMA_094,41.56765270405725,0,0,103.49133878745198
2024-04-28,DMA_095,42.05674371818797,0,0,101.57443244340882
2024-04-28,DMA_096,44.806070371123965,0,0,107.59659641705524
2024-04-28,DMA_097,43.902527643732554,0,1,104.70182955706606
2024-04-28,DMA_098,40.713296965338294,0,1,103.31783429024695
2024-04-28,DMA_099,46.22923906865942,0,0,107.41231693069165
2024-04-28,DMA_100,46.12817106086212,0,0,105.08604516761883
2024-04-28,DMA_101,35.15325917936896,0,0,104.86604235951135
2024-04-28,DMA_102,38.68783328255715,0,1,103.84012445503285
2024-04-28,DMA_103,47.87739211359399,0,0,108.79228050178446
2024-04-28,DMA_104,39.970910648635524,0,0,102.72527420054215
2024-04-28,DMA_105,42.475115866842735,0,0,102.7123907706112
2024-04-28,DMA_106,49.65291913654727,0,1,106.1112866803695
2024-04-28,DMA_107,41.862357858364184,0,0,103.0415264689529
2024-04-28,DMA_108,46.35418537845795,0,0,103.6113470570925
2024-04-28,DMA_109,54.79597521630711,0,0,104.14967132447656
2024-04-28,DMA_110,54.5209496577992,0,0,103.92681271823147
2024-04-28,DMA_111,45.77821408260497,0,0,106.60441308690692
2024-04-28,DMA_112,44.94565472076634,0,0,103.64395615161345
2024-04-28,DMA_113,50.48641650569752,0,0,107.02123597986426
2024-04-28,DMA_114,41.8987440850097,0,0,105.86977462330547
2024-04-28,DMA_115,39.173089784658245,0,0,101.38941409896607
2024-04-28,DMA_116,30.780462738857686,0,0,104.10604033820894
2024-04-28,DMA_117,48.31281291037256,0,0,104.61354793436006
2024-04-28,DMA_118,44.40938683122524,0,0,104.93636729189996
2024-04-28,DMA_119,47.331684087431775,0,0,102.17903606095479
2024-04-28,DMA_120,53.75810131252838,0,0,103.1894497350518
2024-04-28,DMA_121,41.72713854484492,0,0,106.77015113223487
2024-04-28,DMA_122,42.612947377804815,0,0,104.78666310766496
2024-04-28,DMA_123,51.26919479035506,0,0,103.7893544279245
2024-04-28,DMA_124,53.86106246524212,0,0,103.0540676803786
2024-04-28,DMA_125,37.729847885858675,0,0,103.80840046064081
2024-04-28,DMA_126,37.84689607124886,0,0,104.43504810828954
2024-04-28,DMA_127,57.90325106644279,0,0,106.45241293284283
2024-04-28,DMA_128,52.01370059258566,0,0,105.42593013163513
2024-04-28,DMA_129,49.63899283487304,0,0,104.3368794562953
2024-04-28,DMA_130,37.55508919718018,0,1,105.08740896980707
2024-04-28,DMA_131,48.12556805530335,0,0,103.2753083823007
2024-04-28,DMA_132,50.675609820070555,0,0,105.85340076440613
2024-04-28,DMA_133,42.809908115415965,0,0,105.42306832188208
2024-04-28,DMA_134,50.628926475827264,0,1,102.8784518847976
2024-04-28,DMA_135,45.15971306642841,0,0,105.48676769506551
2024-04-28,DMA_136,50.50682544144122,0,1,105.15182407302991
2024-04-28,DMA_137,39.82124832794379,0,0,104.74116465859422
2024-04-28,DMA_138,53.85659597177009,0,1,106.30542517883272
2024-04-28,DMA_139,53.74032475931992,0,0,104.41483546402154
2024-04-28,DMA_140,38.042663806325926,0,0,105.93244981064211
2024-04-28,DMA_141,40.027005170819315,0,1,103.23024266217985
2024-04-28,DMA_142,40.32464302655412,0,0,107.96437501168464
2024-04-28,DMA_143,48.03094423373643,0,0,105.87513886721851
2024-04-28,DMA_144,44.443151149384896,0,0,108.97766473386116
2024-04-28,DMA_145,50.81057203407734,0,0,105.90113485668354
2024-04-28,DMA_146,52.88123388512882,0,0,107.14263405330101
2024-04-28,DMA_147,44.026799991225054,0,0,107.67842880335225
2024-04-28,DMA_148,36.79343971593486,0,0,103.58987286254069
2024-04-28,DMA_149,41.83447995578345,0,0,106.98259576412664
2024-04-28,DMA_150,53.089030338686904,0,0,106.49952779574046
2024-05-05,DMA_001,52.17117746173906,0,0,105.06642313836868
2024-05-05,DMA_002,53.44782413736479,0,0,103.18272476365608
2024-05-05,DMA_003,45.02839351406396,0,0,107.8084482621678
2024-05-05,DMA_004,42.41714741374446,0,0,103.50458272120754
2024-05-05,DMA_005,33.02739989409562,0,0,105.69681721860175
2024-05-05,DMA_006,38.51611558456256,0,0,102.02708265251573
2024-05-05,DMA_007,38.467351548101554,0,1,105.16372806201537
2024-05-05,DMA_008,36.11118292086566,0,0,103.321043869297
2024-05-05,DMA_009,43.444893925075526,0,0,104.4459964102874
2024-05-05,DMA_010,38.88264171818458,0,0,102.71542777550229
2024-05-05,DMA_011,41.599780900815766,0,0,101.93764193560183
2024-05-05,DMA_012,39.402212599578476,0,0,101.17235767794146
2024-05-05,DMA_013,33.99549208839085,0,0,106.08996336069974
2024-05-05,DMA_014,44.094212020652485,0,0,103.72022379638572
2024-05-05,DMA_015,47.51454233143007,0,0,105.50512486652035
2024-05-05,DMA_016,39.21167630809393,0,1,101.66900296098295
2024-05-05,DMA_017,47.89091725942015,0,0,101.25653146187159
2024-05-05,DMA_018,36.47470340124471,0,0,105.46369333549137
2024-05-05,DMA_019,38.47894137825673,0,0,104.79213437563268
2024-05-05,DMA_020,53.42126243931875,0,0,105.62472028524097
2024-05-05,DMA_021,42.5359582439619,0,0,100.76857373568089
2024-05-05,DMA_022,50.178460559014255,0,0,104.76918768937112
2024-05-05,DMA_023,36.76231616072485,0,0,104.09240923705708
2024-05-05,DMA_024,43.89265771545145,0,0,104.62688365087743
2024-05-05,DMA_025,43.25790059493461,0,0,104.70299217388336
2024-05-05,DMA_026,49.581679789667795,0,0,102.62966179162622
2024-05-05,DMA_027,41.75671275506932,0,0,106.80571859348845
2024-05-05,DMA_028,39.36859391823364,0,0,102.50472583695377
2024-05-05,DMA_029,48.703244927860425,0,0,106.63238801983923
2024-05-05,DMA_030,39.15419135793298,0,1,102.5753156184448
2024-05-05,DMA_031,39.539847199404065,0,0,101.51155365387841
2024-05-05,DMA_032,37.157251888650116,0,1,102.97540653287902
2024-05-05,DMA_033,43.25967145135524,0,0,106.29063240714012
2024-05-05,DMA_034,49.81300294890411,0,1,102.75764617339848
2024-05-05,DMA_035,47.20396420064614,0,1,103.35573054932401
2024-05-05,DMA_036,48.63524071324325,0,0,105.86726422475877
2024-05-05,DMA_037,42.6706120296858,0,0,101.9162085254187
2024-05-05,DMA_038,40.29220308801678,0,0,102.56038314572282
2024-05-05,DMA_039,42.7160071428493,0,0,101.47598792575249
2024-05-05,DMA_040,49.24744993041296,0,0,105.37043766270465
2024-05-05,DMA_041,40.554060536396655,0,0,103.69574439719192
2024-05-05,DMA_042,41.902450050717384,0,0,103.02139062029626
2024-05-05,DMA_043,34.107479287938055,0,0,105.48496534015756
2024-05-05,DMA_044,37.921559321704926,0,0,102.29604026131899
2024-05-05,DMA_045,36.26612842392609,0,0,105.10211761095294
2024-05-05,DMA_046,48.09468506746412,0,0,102.89779127321876
2024-05-05,DMA_047,41.30575484897352,0,0,101.54889001227957
2024-05-05,DMA_048,52.398783055700285,0,0,105.58341149528124
2024-05-05,DMA_049,44.242433762487096,0,0,104.87434137963025
2024-05-05,DMA_050,44.26246102151777,0,0,102.8877638034425
2024-05-05,DMA_051,45.71840983851937,0,0,108.08662498595959
2024-05-05,DMA_052,34.10626864929465,0,0,102.458299789026
2024-05-05,DMA_053,43.62985492794809,0,0,105.56831551215176
2024-05-05,DMA_054,52.81785347327034,0,0,102.0541207403887
2024-05-05,DMA_055,40.44428903330359,0,0,102.1062507448687
2024-05-05,DMA_056,42.340831524269205,0,0,103.74987192841358
2024-05-05,DMA_057,45.781258482077455,0,0,103.56663349585514
2024-05-05,DMA_058,40.209993895010705,0,1,102.12497336027666
2024-05-05,DMA_059,35.19805505191809,0,1,106.23842193448786
2024-05-05,DMA_060,42.924461917122834,0,0,104.82242702857631
2024-05-05,DMA_061,42.95031995320844,0,0,106.438553679819
2024-05-05,DMA_062,39.16361126608599,0,0,104.02687496573215
2024-05-05,DMA_063,35.52403509646625,0,1,103.50594554095856
2024-05-05,DMA_064,36.94756440024136,0,0,102.2990522357599
2024-05-05,DMA_065,47.13413635963725,0,0,103.44861168537611
2024-05-05,DMA_066,40.19925581409519,0,0,107.4792517744103
2024-05-05,DMA_067,38.166438660541075,0,0,106.26118618129202
2024-05-05,DMA_068,50.2939884895411,0,0,99.34720194082345
2024-05-05,DMA_069,39.73785368398427,0,1,102.10513263717303
2024-05-05,DMA_070,42.064081807001315,0,0,103.80721319513988
2024-05-05,DMA_071,36.218604999492854,0,0,103.91282266766846
2024-05-05,DMA_072,46.11342391984637,0,0,103.36240204165733
2024-05-05,DMA_073,46.377884563342164,0,0,102.67409202395622
2024-05-05,DMA_074,49.65282404512253,0,1,104.97628547581941
2024-05-05,DMA_075,43.71990590889998,0,0,102.7060405137179
2024-05-05,DMA_076,51.78027032433778,0,0,105.09706497202735
2024-05-05,DMA_077,47.88397360957029,0,0,105.61117515325522
2024-05-05,DMA_078,42.80773265090297,0,0,103.50063579822951
2024-05-05,DMA_079,44.685789862924715,0,0,103.35130857981589
2024-05-05,DMA_080,43.114349618597245,0,0,103.73733207894203
2024-05-05,DMA_081,34.91048803000153,0,0,101.69558984241944
2024-05-05,DMA_082,41.19660832361676,0,0,102.39963544086848
2024-05-05,DMA_083,40.18497855492891,0,0,101.24485761787645
2024-05-05,DMA_084,41.85955388831244,0,0,101.22170298251159
2024-05-05,DMA_085,44.81085624616333,0,0,105.86074064693027
2024-05-05,DMA_086,40.105297594831704,0,0,106.58995553892296
2024-05-05,DMA_087,45.6758906006669,0,0,103.54381649783178
2024-05-05,DMA_088,37.107405191432434,0,0,103.28895743863328
2024-05-05,DMA_089,45.63215699690407,0,0,106.371414351736
2024-05-05,DMA_090,41.11483796628557,0,1,104.4324029150978
2024-05-05,DMA_091,40.9480259248568,0,0,104.64910939112296
2024-05-05,DMA_092,45.461616627487935,0,0,99.32567196265207
2024-05-05,DMA_093,43.31284346765686,0,0,100.82936200788876
2024-05-05,DMA_094,40.44366531199197,0,0,98.78171111676586
2024-05-05,DMA_095,48.2171474964261,0,0,101.36921359548082
2024-05-05,DMA_096,35.76731700458423,0,1,102.10665526729527
2024-05-05,DMA_097,40.012826366323644,0,1,102.84218916010866
2024-05-05,DMA_098,37.7746684479826,0,1,101.33409310836441
2024-05-05,DMA_099,43.2205712907433,0,0,106.97134399213296
2024-05-05,DMA_100,39.60219258930026,0,0,104.35562697065498
2024-05-05,DMA_101,45.638800975439366,0,0,101.79430367103781
2024-05-05,DMA_102,42.394661763110165,0,0,104.49642538295419
2024-05-05,DMA_103,40.62796078035417,0,1,105.01195514844123
2024-05-05,DMA_104,40.522278372189625,0,0,104.23197407722554
2024-05-05,DMA_105,55.05627489298397,0,0,104.33644622108353
2024-05-05,DMA_106,43.21948975917376,0,1,106.15948697854014
2024-05-05,DMA_107,37.97124857773102,0,0,106.01950633990474
2024-05-05,DMA_108,45.26406440532964,0,0,103.61368706212211
2024-05-05,DMA_109,44.7569707012429,0,0,105.61760800060954
2024-05-05,DMA_110,42.69015282962477,0,1,103.4384436174704
2024-05-05,DMA_111,35.44479234407799,0,0,106.33474936695616
2024-05-05,DMA_112,40.65428161450443,0,0,103.60086096419984
2024-05-05,DMA_113,54.533376146990015,0,0,103.64448712941446
2024-05-05,DMA_114,42.24044276781671,0,0,105.0469361946261
2024-05-05,DMA_115,45.52695727273091,0,0,105.6986673868108
2024-05-05,DMA_116,36.47799911690969,0,0,106.55535249892125
2024-05-05,DMA_117,42.86560824834264,0,0,105.08316951487961
2024-05-05,DMA_118,40.17374274102478,0,0,106.9668665782199
2024-05-05,DMA_119,45.12985149666846,0,0,102.7767020239703
2024-05-05,DMA_120,35.978548446056,0,0,105.4194817014817
2024-05-05,DMA_121,35.37894877371525,0,0,101.14844362872954
2024-05-05,DMA_122,42.88443564685377,0,0,102.57393102166594
2024-05-05,DMA_123,54.583852410308424,0,1,100.03620359999178
2024-05-05,DMA_124,42.46973564327009,0,0,105.77357100094689
2024-05-05,DMA_125,40.47438396093565,0,0,106.28885257552635
2024-05-05,DMA_126,44.24968851320808,0,1,103.4050422502293
2024-05-05,DMA_127,32.827166781167,0,0,104.27029915497329
2024-05-05,DMA_128,40.56082134199516,0,1,103.82027798463328
2024-05-05,DMA_129,38.47515343555144,0,1,104.79056627626233
2024-05-05,DMA_130,42.57819466853593,0,0,104.54685933542387
2024-05-05,DMA_131,41.50845415399129,0,0,107.66509729949082
2024-05-05,DMA_132,39.241413966681854,0,0,105.53709381967539
2024-05-05,DMA_133,36.93273074234652,0,0,108.25953583105154
2024-05-05,DMA_134,54.58815999620762,0,0,105.33593730967324
2024-05-05,DMA_135,46.079790630350516,0,0,104.92105653814471
2024-05-05,DMA_136,40.6067425574584,0,0,104.30864477891393
2024-05-05,DMA_137,51.01043384817486,0,0,102.89500811678423
2024-05-05,DMA_138,34.854928788676546,0,0,106.76603306214791
2024-05-05,DMA_139,46.65641459768569,0,0,107.11544104206433
2024-05-05,DMA_140,36.53277656286022,0,0,100.26405872073099
2024-05-05,DMA_141,46.943620993159904,0,1,105.66175831451685
2024-05-05,DMA_142,51.01151186672474,0,0,103.01209735353645
2024-05-05,DMA_143,48.997151225768164,0,0,102.65795043175179
2024-05-05,DMA_144,39.74311161068645,0,0,106.52857901314283
2024-05-05,DMA_145,41.00210482158952,0,1,103.5941933840543
2024-05-05,DMA_146,51.456656047620406,0,0,104.21251192758939
2024-05-05,DMA_147,38.97559058708686,0,0,106.54041090660654
2024-05-05,DMA_148,36.18366368023989,0,1,104.61455066583434
2024-05-05,DMA_149,42.18655402997646,0,0,103.82400432822108
2024-05-05,DMA_150,45.93659933232752,0,0,104.00058942575907
2024-05-12,DMA_001,36.70501486640388,0,0,103.75468458772566
2024-05-12,DMA_002,47.29806183373237,0,0,102.01833709949797
2024-05-12,DMA_003,33.5832782341878,0,1,104.9897879779269
2024-05-12,DMA_004,47.75085577979966,0,0,105.26476209303914
2024-05-12,DMA_005,43.75130390636493,0,1,103.11495545315104
2024-05-12,DMA_006,40.725035819484866,0,0,103.57225038572827
2024-05-12,DMA_007,46.26608862369349,0,1,104.65383180058612
2024-05-12,DMA_008,32.78161461808348,0,0,103.77796527931272
2024-05-12,DMA_009,42.57794178769803,0,0,103.05216695607002
2024-05-12,DMA_010,32.224003313320885,0,0,100.9262783231588
2024-05-12,DMA_011,40.213518804957765,0,0,105.66403684412965
2024-05-12,DMA_012,35.10275840769706,0,0,104.16569729140069
2024-05-12,DMA_013,38.58484039217485,0,0,99.3991920469854
2024-05-12,DMA_014,36.406092778799234,0,1,105.31646529675022
2024-05-12,DMA_015,29.123508245126935,0,0,102.91537212033046
2024-05-12,DMA_016,44.01679587060215,0,0,101.15819774120894
2024-05-12,DMA_017,35.88306411835095,0,0,106.33188839661813
2024-05-12,DMA_018,48.04767034847094,0,0,106.34669863643359
2024-05-12,DMA_019,44.12788708380681,0,0,102.02331330726196
2024-05-12,DMA_020,31.426485707395386,0,0,108.65571751997432
2024-05-12,DMA_021,34.30844493821151,0,0,104.10264536931423
2024-05-12,DMA_022,47.403125258543795,0,1,99.89142258302752
2024-05-12,DMA_023,40.18991022838592,0,0,102.07612613959844
2024-05-12,DMA_024,38.686801103855075,0,0,100.79459971915176
2024-05-12,DMA_025,47.49655889636515,0,0,102.5381781122225
2024-05-12,DMA_026,46.166285617231225,0,1,102.99582780698674
2024-05-12,DMA_027,45.05502428452688,0,0,101.63219104918221
2024-05-12,DMA_028,45.06370596556466,0,0,104.78912068959713
2024-05-12,DMA_029,50.445166708634304,0,0,105.59491366624297
2024-05-12,DMA_030,48.276911029430885,0,0,100.57869241972216
2024-05-12,DMA_031,37.57986318809962,0,0,103.6601579944794
2024-05-12,DMA_032,35.72266031140816,0,0,106.54977217461149
2024-05-12,DMA_033,45.89505098795955,0,1,103.52890063071727
2024-05-12,DMA_034,43.97206748783063,0,0,104.5290433033834
2024-05-12,DMA_035,39.042074585863865,0,0,105.22125473988686
2024-05-12,DMA_036,31.478761863999985,0,1,107.38323680346103
2024-05-12,DMA_037,33.450945727457174,0,1,98.6294870978446
2024-05-12,DMA_038,41.514846533097504,0,0,103.17196880971952
2024-05-12,DMA_039,32.12471002779604,0,0,100.46441122632991
2024-05-12,DMA_040,46.18857430005103,0,0,104.98802782765712
2024-05-12,DMA_041,46.83112597733957,0,1,104.51448256009225
2024-05-12,DMA_042,53.55548233478587,0,0,104.17731995326251
2024-05-12,DMA_043,45.97606957973164,0,0,104.75678211528542
2024-05-12,DMA_044,51.63013732053592,0,0,102.59004503785806
2024-05-12,DMA_045,35.717764724206,0,0,104.3172783736481
2024-05-12,DMA_046,43.01361233205884,0,0,104.07599843858245
2024-05-12,DMA_047,39.46710421390429,0,1,101.45101676322057
2024-05-12,DMA_048,42.10948542470086,0,0,105.82905199941929
2024-05-12,DMA_049,36.79885860125934,0,0,104.93051200874483
2024-05-12,DMA_050,48.452999734357434,0,0,99.72575426124406
2024-05-12,DMA_051,50.562396933011,0,0,106.19319388867076
2024-05-12,DMA_052,37.55692880609126,0,0,102.9700002714537
2024-05-12,DMA_053,34.93821495061996,0,0,104.46022976499174
2024-05-12,DMA_054,51.52710636808092,0,0,105.44374105489052
2024-05-12,DMA_055,32.334810882566416,0,0,107.35595605418365
2024-05-12,DMA_056,42.96115912275749,0,0,102.41409288291928
2024-05-12,DMA_057,42.91099251906834,0,0,102.72446832654954
2024-05-12,DMA_058,44.535089314002995,0,0,102.92579366603383
2024-05-12,DMA_059,27.784531684472597,0,0,108.19796998378035
2024-05-12,DMA_060,43.328855173528524,0,0,104.57334171053456
2024-05-12,DMA_061,32.74022475216944,0,1,102.73459806162029
2024-05-12,DMA_062,35.473785396302574,0,1,104.30465396372449
2024-05-12,DMA_063,36.790767117052,0,0,105.13273720330876
2024-05-12,DMA_064,43.22877673696005,0,1,104.60547202669791
2024-05-12,DMA_065,29.743141270415535,0,0,101.67618510115005
2024-05-12,DMA_066,32.56681596557618,0,0,100.29668830439986
2024-05-12,DMA_067,45.82066321780711,0,0,103.32651450164549
2024-05-12,DMA_068,38.6424036616788,0,0,103.05813423415574
2024-05-12,DMA_069,42.91988244922139,0,0,102.44929544321711
2024-05-12,DMA_070,47.31902134971958,0,0,102.25888586046734
2024-05-12,DMA_071,41.52170447523633,0,0,100.72907806766085
2024-05-12,DMA_072,42.874445536334704,0,0,106.00199303107064
2024-05-12,DMA_073,43.58513924794609,0,0,101.33507097104625
2024-05-12,DMA_074,43.57577804287498,0,0,103.16926070703923
2024-05-12,DMA_075,36.38890082582948,0,0,105.40648695175662
2024-05-12,DMA_076,39.83717102670663,0,0,102.45043376669875
2024-05-12,DMA_077,43.670887172658844,0,0,106.55990045125542
2024-05-12,DMA_078,47.28569312400386,0,0,104.1190996252026
2024-05-12,DMA_079,50.86335371148779,0,0,104.38749872163086
2024-05-12,DMA_080,42.548274319218194,0,0,100.97056613977003
2024-05-12,DMA_081,49.72379881564426,0,0,102.72126603362803
2024-05-12,DMA_082,31.529895170945732,0,0,105.7671920613896
2024-05-12,DMA_083,44.064226791366174,0,0,106.38553369331413
2024-05-12,DMA_084,39.586914932090814,0,0,108.34997944699593
2024-05-12,DMA_085,40.491254338098834,0,0,101.68492135144406
2024-05-12,DMA_086,27.605023047070997,0,0,102.41682647618775
2024-05-12,DMA_087,45.707496763874396,0,0,103.22692642832074
2024-05-12,DMA_088,44.20413287994431,0,0,102.63129776057615
2024-05-12,DMA_089,40.49119527357982,0,1,103.75814799667928
2024-05-12,DMA_090,42.934575442240714,0,0,101.39627464082278
2024-05-12,DMA_091,40.40695402438309,0,0,100.20897089307704
2024-05-12,DMA_092,39.41462761655767,0,0,106.62331104365265
2024-05-12,DMA_093,39.96641064736613,0,1,100.98664423590004
2024-05-12,DMA_094,36.806599340821435,0,0,105.59579331307762
2024-05-12,DMA_095,61.954538498897726,0,0,104.73378352703402
2024-05-12,DMA_096,38.7118724531779,0,0,103.49847099831018
2024-05-12,DMA_097,48.24809740639165,0,0,103.91000878903276
2024-05-12,DMA_098,46.74444830423759,0,1,103.72923490576117
2024-05-12,DMA_099,45.4299601385519,0,0,104.28238238531509
2024-05-12,DMA_100,50.3702397017111,0,0,103.73654212101097
2024-05-12,DMA_101,36.96932676105078,0,0,103.68526222910823
2024-05-12,DMA_102,27.954880004689684,0,0,103.67015018563788
2024-05-12,DMA_103,37.41920105358316,0,0,105.46283611774146
2024-05-12,DMA_104,54.71234998960826,0,0,104.4484784264248
2024-05-12,DMA_105,42.78272582031755,0,0,101.95486338296261
2024-05-12,DMA_106,35.44615669793977,0,0,105.52554521266052
2024-05-12,DMA_107,45.03312900841866,0,0,101.20418458466709
2024-05-12,DMA_108,41.18765527378424,0,0,101.2227144143304
2024-05-12,DMA_109,35.78952664050766,0,0,101.47219605494561
2024-05-12,DMA_110,37.180461007542526,0,0,105.2833671510877
2024-05-12,DMA_111,46.548767559349486,0,1,104.15762335272541
2024-05-12,DMA_112,44.56388048008604,0,0,99.1510748013362
2024-05-12,DMA_113,42.90588536633452,0,0,101.68235224160749
2024-05-12,DMA_114,44.014507305069536,0,0,106.38058494608295
2024-05-12,DMA_115,37.81264626406265,0,0,105.62288423125938
2024-05-12,DMA_116,47.84686780978248,0,0,101.11249317982713
2024-05-12,DMA_117,37.3883682966786,0,1,101.41553363907983
2024-05-12,DMA_118,45.19249026324902,0,0,102.00228037854252
2024-05-12,DMA_119,26.929599789515148,0,0,103.0955588951618
2024-05-12,DMA_120,42.363069426484294,0,0,101.64419073192506
2024-05-12,DMA_121,44.972487481835586,0,0,103.4954265915609
2024-05-12,DMA_122,41.77648977664863,0,0,103.93460162860941
2024-05-12,DMA_123,41.16785676304235,0,0,105.32587681378561
2024-05-12,DMA_124,48.61911198933866,0,0,105.26494350042341
2024-05-12,DMA_125,34.697929977145684,0,0,102.32797167007466
2024-05-12,DMA_126,37.49399104118801,0,1,104.81142292060049
2024-05-12,DMA_127,41.31170755569705,0,0,100.76153431827453
2024-05-12,DMA_128,26.01712286019233,0,0,103.53717447836945
2024-05-12,DMA_129,39.9944561764561,0,0,104.21037625126326
2024-05-12,DMA_130,50.14468785874605,0,1,103.08849330687055
2024-05-12,DMA_131,40.54220489854692,0,1,102.71241120966978
2024-05-12,DMA_132,40.427281418388425,0,0,101.73437227667102
2024-05-12,DMA_133,41.04720862377029,0,0,105.5501729433617
2024-05-12,DMA_134,36.00778495910339,0,0,106.05013474418118
2024-05-12,DMA_135,29.68744547167518,0,0,102.67231965423255
2024-05-12,DMA_136,35.472766334871345,0,0,103.51019223503607
2024-05-12,DMA_137,41.81686661517405,0,0,104.29439113826675
2024-05-12,DMA_138,34.123257829801915,0,0,102.36936616693563
2024-05-12,DMA_139,37.45285512783447,0,0,104.07176233915257
2024-05-12,DMA_140,36.358573555785966,0,1,102.3777542679293
2024-05-12,DMA_141,30.851333200556265,0,0,103.62278410227428
2024-05-12,DMA_142,52.939119691915565,0,0,102.09857501599926
2024-05-12,DMA_143,31.476584066344483,0,0,102.76163875132274
2024-05-12,DMA_144,51.36258240296111,0,0,102.25751296232687
2024-05-12,DMA_145,39.77009434857341,0,1,104.87110217045937
2024-05-12,DMA_146,48.00183147769282,0,0,104.64368063097245
2024-05-12,DMA_147,32.637814322189044,0,0,104.40735048246985
2024-05-12,DMA_148,47.52921116581761,0,0,105.18193124580881
2024-05-12,DMA_149,43.16978642067369,0,1,103.32451393249276
2024-05-12,DMA_150,30.47357400206591,0,0,103.104899230708
2024-05-19,DMA_001,42.09670211997611,0,0,104.25336145610345
2024-05-19,DMA_002,41.85375383110585,0,0,102.47325718003226
2024-05-19,DMA_003,42.62972137658849,0,0,104.37593139069153
2024-05-19,DMA_004,42.07941236721175,0,0,102.56766627649782
2024-05-19,DMA_005,30.06114117003829,0,0,107.38558626939538
2024-05-19,DMA_006,40.505770510796744,0,0,102.67686122756609
2024-05-19,DMA_007,34.51735751085606,0,0,104.35284262331083
2024-05-19,DMA_008,35.158806365934204,0,0,101.9723557180865
2024-05-19,DMA_009,34.25799794046083,0,0,102.38035357619931
2024-05-19,DMA_010,36.459901613489244,0,0,101.7543246224113
2024-05-19,DMA_011,44.28387141537201,0,0,101.83961539412371
2024-05-19,DMA_012,45.506821661738556,0,0,104.38023898648726
2024-05-19,DMA_013,43.68649215211202,0,0,102.76778765796183
2024-05-19,DMA_014,32.3017349750334,0,0,102.98626530390439
2024-05-19,DMA_015,28.726445908048397,0,0,103.51898825848679
2024-05-19,DMA_016,42.239621106705954,0,0,105.46192522083047
2024-05-19,DMA_017,30.41602061209378,0,0,104.97924810961852
2024-05-19,DMA_018,44.60867965419474,0,0,106.31302054625385
2024-05-19,DMA_019,38.78732738966851,0,0,101.77005578949672
2024-05-19,DMA_020,38.14841565118425,0,0,104.64576838706019
2024-05-19,DMA_021,42.92541904823953,0,1,100.99927933531823
2024-05-19,DMA_022,46.91627416807481,0,0,103.89292463798297
2024-05-19,DMA_023,39.875452164943134,0,0,107.07370560160392
2024-05-19,DMA_024,33.10098191882615,0,0,103.97280599131506
2024-05-19,DMA_025,36.35805207373968,0,0,105.03941302680751
2024-05-19,DMA_026,33.88422089335329,0,0,104.24750869452164
2024-05-19,DMA_027,43.46484496148156,0,0,103.06437203492199
2024-05-19,DMA_028,28.10667902006834,0,1,102.82950466350951
2024-05-19,DMA_029,28.155534834062312,0,0,106.3523463860222
2024-05-19,DMA_030,47.24961492082446,0,0,104.57077710175628
2024-05-19,DMA_031,43.34913242104298,0,0,102.06481179903454
2024-05-19,DMA_032,38.52638760975904,0,0,104.53947603196985
2024-05-19,DMA_033,48.22389580322896,0,0,105.0905705475305
2024-05-19,DMA_034,34.20066682608523,0,0,104.70043153259708
2024-05-19,DMA_035,42.331097705612784,0,0,101.46487810025005
2024-05-19,DMA_036,26.658425332285308,0,0,103.30741220704783
2024-05-19,DMA_037,42.183728489302624,0,0,101.71254926758319
2024-05-19,DMA_038,35.85896829239729,0,0,99.2156045502868
2024-05-19,DMA_039,23.343412352320605,0,0,107.68765742423767
2024-05-19,DMA_040,39.91102160318396,0,1,100.53875545973405
2024-05-19,DMA_041,41.429088029338665,0,0,101.88681517183966
2024-05-19,DMA_042,46.15113345963232,0,0,102.80034727166984
2024-05-19,DMA_043,29.434050518998138,0,0,104.42394900907921
2024-05-19,DMA_044,45.49086282617375,0,0,102.27327649344619
2024-05-19,DMA_045,37.81154944200436,0,0,101.3423837661845
2024-05-19,DMA_046,35.05472001971324,0,0,104.57579880426962
2024-05-19,DMA_047,34.59077093924136,0,0,102.93884170238252
2024-05-19,DMA_048,31.634516414533536,0,0,101.49603563093125
2024-05-19,DMA_049,50.38941897440326,0,0,102.43736871848168
2024-05-19,DMA_050,42.57939115753112,0,0,102.38222738678402
2024-05-19,DMA_051,37.55684923745547,0,1,100.75860458773714
2024-05-19,DMA_052,42.379935461175236,0,0,100.65381370738797
2024-05-19,DMA_053,36.31130124579762,0,0,102.2218045339439
2024-05-19,DMA_054,46.44318040505782,0,0,103.72456721165423
2024-05-19,DMA_055,27.981806524559296,0,1,103.92633816284291
2024-05-19,DMA_056,32.635444099458866,0,0,106.6479150768537
2024-05-19,DMA_057,33.34777951745047,0,0,99.8148990005577
2024-05-19,DMA_058,34.28622455582723,0,0,102.4660286030837
2024-05-19,DMA_059,39.756176665608194,0,1,102.62180526896249
2024-05-19,DMA_060,43.16814233498297,0,0,104.6263380047186
2024-05-19,DMA_061,43.22682927404744,0,0,102.56071108690367
2024-05-19,DMA_062,41.99167852870495,0,1,101.78907313204434
2024-05-19,DMA_063,32.334529882503396,0,0,100.41163558396953
2024-05-19,DMA_064,41.783315542387946,0,0,103.11643907638513
2024-05-19,DMA_065,52.37493395029564,0,0,103.74612650050977
2024-05-19,DMA_066,39.830427625406834,0,0,102.27875022353794
2024-05-19,DMA_067,36.348438998739205,0,0,102.31393551012425
2024-05-19,DMA_068,46.80508112310084,0,0,101.77059863213968
2024-05-19,DMA_069,31.191454205907817,0,0,103.3405863983794
2024-05-19,DMA_070,46.16469062218308,0,0,101.24253694640934
2024-05-19,DMA_071,44.4083473301383,0,0,103.08023338358129
2024-05-19,DMA_072,48.93747589504774,0,0,105.33089270881777
2024-05-19,DMA_073,48.794492237424194,0,0,105.82467123253235
2024-05-19,DMA_074,43.02970715704677,0,0,103.4590162593917
2024-05-19,DMA_075,52.56718219168351,0,0,102.05749874774207
2024-05-19,DMA_076,25.577254847009613,0,1,101.1395214854388
2024-05-19,DMA_077,27.03525769173955,0,0,103.71800152638058
2024-05-19,DMA_078,27.47455601956439,0,0,104.24802408702297
2024-05-19,DMA_079,40.19485245372009,0,0,103.7303344256092
2024-05-19,DMA_080,33.837598703239856,0,1,103.98226849848959
2024-05-19,DMA_081,41.42816994447364,0,0,104.86108278309553
2024-05-19,DMA_082,44.98067802964266,0,0,101.31605256053327
2024-05-19,DMA_083,32.01518754096104,0,0,105.45303863148659
2024-05-19,DMA_084,32.217154436721,0,0,105.4485456025936
2024-05-19,DMA_085,36.9548890164015,0,0,103.21431501351253
2024-05-19,DMA_086,42.53775093193905,0,0,102.04592009189818
2024-05-19,DMA_087,39.87733495696436,0,0,105.19209882426034
2024-05-19,DMA_088,39.447574754068796,0,0,105.3223247119172
2024-05-19,DMA_089,34.773773181056804,0,0,105.35322415749465
2024-05-19,DMA_090,42.02570466873592,0,0,104.92597597535543
2024-05-19,DMA_091,31.19359818869982,0,0,102.47047069663387
2024-05-19,DMA_092,40.60965999491829,0,0,98.88582790394338
2024-05-19,DMA_093,48.67385045743764,0,0,101.65299978592833
2024-05-19,DMA_094,49.34167028972067,0,1,105.01292340104335
2024-05-19,DMA_095,36.48814416655519,0,0,103.82182709748197
2024-05-19,DMA_096,34.137377509740006,0,0,99.00918576870416
2024-05-19,DMA_097,51.20521980692966,0,0,102.29343248817524
2024-05-19,DMA_098,41.01367118489153,0,1,102.69466393555852
2024-05-19,DMA_099,50.705322259221624,0,0,102.93279704024991
2024-05-19,DMA_100,45.69770230319614,0,0,103.1500523278165
2024-05-19,DMA_101,39.02207287186011,0,0,101.53613120629828
2024-05-19,DMA_102,33.90518209800844,0,0,104.18811588770168
2024-05-19,DMA_103,37.61237090741937,0,0,101.07578070248378
2024-05-19,DMA_104,41.75446875419819,0,1,102.87520683873409
2024-05-19,DMA_105,38.757558890587894,0,0,105.01908042356169
2024-05-19,DMA_106,29.586112577768667,0,0,104.04093953716604
2024-05-19,DMA_107,39.741169998547576,0,0,101.84668420265226
2024-05-19,DMA_108,41.26350093380364,0,0,103.27662110997903
2024-05-19,DMA_109,40.75377471931562,0,0,104.14605392835426
2024-05-19,DMA_110,34.97306819687998,0,0,99.11390769151124
2024-05-19,DMA_111,43.56620902230521,0,0,108.57490373221505
2024-05-19,DMA_112,40.21739994942452,0,0,105.01370871053302
2024-05-19,DMA_113,26.724465884692588,0,0,102.25463659118138
2024-05-19,DMA_114,39.85608042418814,0,0,105.36006912112991
2024-05-19,DMA_115,34.352178779271554,0,0,100.91258430435079
2024-05-19,DMA_116,33.46656592601817,0,0,101.64979996850366
2024-05-19,DMA_117,35.45411970247565,0,0,101.6879394666442
2024-05-19,DMA_118,37.86250672017585,0,0,101.96704491920536
2024-05-19,DMA_119,36.94579380122064,0,0,105.39198591583336
2024-05-19,DMA_120,41.986543205709225,0,0,103.27442690391874
2024-05-19,DMA_121,31.098648114087432,0,0,102.6717032071259
2024-05-19,DMA_122,35.82131422025719,0,0,103.65937393392026
2024-05-19,DMA_123,38.060312233470505,0,0,99.05483411844156
2024-05-19,DMA_124,43.330350781118085,0,0,105.03821949961959
2024-05-19,DMA_125,37.0812825707123,0,0,101.6315421029667
2024-05-19,DMA_126,36.20084969401385,0,1,99.10100482678268
2024-05-19,DMA_127,33.00730009254413,0,1,101.96724261732957
2024-05-19,DMA_128,35.743382112853105,0,0,100.93330983443327
2024-05-19,DMA_129,36.20922555395913,0,0,105.5129821035341
2024-05-19,DMA_130,34.89121598549309,0,0,104.73632814903775
2024-05-19,DMA_131,28.204286972546868,0,0,101.57733219812064
2024-05-19,DMA_132,35.925269456271714,0,0,105.08777565844431
2024-05-19,DMA_133,23.13852094306639,0,0,103.40701540152676
2024-05-19,DMA_134,31.647109737935978,0,0,104.88999170574782
2024-05-19,DMA_135,35.06719348807989,0,1,106.04502523421223
2024-05-19,DMA_136,43.021764226321544,0,0,106.92255100697106
2024-05-19,DMA_137,35.8669879541759,0,1,100.96681089081162
2024-05-19,DMA_138,36.70782694906981,0,1,101.15829064032853
2024-05-19,DMA_139,47.205853696897975,0,0,105.0961226626712
2024-05-19,DMA_140,36.095141521603516,0,1,100.22098316903008
2024-05-19,DMA_141,40.71031551334824,0,0,105.31104136904166
2024-05-19,DMA_142,34.67686655088339,0,0,104.04877471462697
2024-05-19,DMA_143,38.611926814020414,0,0,101.47271519139497
2024-05-19,DMA_144,38.5605719340873,0,0,97.43562985507691
2024-05-19,DMA_145,41.07100138055979,0,0,101.66937264334973
2024-05-19,DMA_146,42.191404359481844,0,0,101.67371724327917
2024-05-19,DMA_147,31.32813656380353,0,0,101.8286163707077
2024-05-19,DMA_148,40.8456742750507,0,0,105.89870554819555
2024-05-19,DMA_149,36.99193775851955,0,0,101.96203571252006
2024-05-19,DMA_150,37.99833962282643,0,1,104.61883544180348
2024-05-26,DMA_001,41.47730349297264,0,0,103.2650441150992
2024-05-26,DMA_002,30.575417848880896,0,0,101.9538581679301
2024-05-26,DMA_003,42.214364608724445,0,0,105.94169383219493
2024-05-26,DMA_004,40.68313211053291,0,0,104.83898561852466
2024-05-26,DMA_005,34.852632639736655,0,1,102.01908326765198
2024-05-26,DMA_006,41.11424516696626,0,1,100.62360115317352
2024-05-26,DMA_007,47.89092400033186,0,0,102.30850006606106
2024-05-26,DMA_008,36.68591922218811,0,1,103.48053448859956
2024-05-26,DMA_009,27.810996921185996,0,0,99.38110125306662
2024-05-26,DMA_010,32.860513026792646,0,0,103.30341582632549
2024-05-26,DMA_011,34.69918089393131,0,0,100.48196744727366
2024-05-26,DMA_012,30.667808019467557,0,1,102.54145352154598
2024-05-26,DMA_013,39.48938623203803,0,0,101.54815483609214
2024-05-26,DMA_014,42.18945912402294,0,0,95.27391769767216
2024-05-26,DMA_015,30.34426737497943,0,0,103.13793908839926
2024-05-26,DMA_016,36.391446946349845,0,0,103.8795507459517
2024-05-26,DMA_017,36.19841350954473,0,0,104.12795604391246
2024-05-26,DMA_018,37.89408279925497,0,0,103.29690539230766
2024-05-26,DMA_019,36.9106528511011,0,0,103.04220117392775
2024-05-26,DMA_020,44.58531895470043,0,0,103.19328589251926
2024-05-26,DMA_021,41.07746639223839,0,0,103.68073295317686
2024-05-26,DMA_022,38.536979447624184,0,0,103.71984906088049
2024-05-26,DMA_023,30.055773674005184,0,0,105.3264879831039
2024-05-26,DMA_024,45.34490496217764,0,0,102.32677311161312
2024-05-26,DMA_025,37.90808991966121,0,0,103.50187931187573
2024-05-26,DMA_026,28.744865141032626,0,0,103.71479431381995
2024-05-26,DMA_027,39.7769855941995,0,0,104.94203684761735
2024-05-26,DMA_028,44.11060795296565,0,0,102.881198560217
2024-05-26,DMA_029,36.029568040091306,0,0,104.24671336443845
2024-05-26,DMA_030,27.264817036602878,0,0,102.04537876224097
2024-05-26,DMA_031,34.230926167429836,0,0,100.95412011043133
2024-05-26,DMA_032,40.22289108879678,0,0,98.94176116333848
2024-05-26,DMA_033,38.11385225372884,0,1,101.51617614463522
2024-05-26,DMA_034,48.64636396788197,0,0,99.87975855044859
2024-05-26,DMA_035,32.82661631961354,0,0,103.0135223580192
2024-05-26,DMA_036,43.2549564801544,0,0,104.84488170516279
2024-05-26,DMA_037,32.946270297287256,0,0,102.35001748877568
2024-05-26,DMA_038,34.52188722694889,0,0,101.16941964995634
2024-05-26,DMA_039,42.55210795943619,0,0,104.11534476883037
2024-05-26,DMA_040,34.823558143576925,0,0,101.97008411606535
2024-05-26,DMA_041,49.366869812569405,0,0,105.12982821051496
2024-05-26,DMA_042,29.12635675893649,0,1,102.23116153032294
2024-05-26,DMA_043,29.273478117494047,0,0,106.20782605958654
2024-05-26,DMA_044,41.159684078696706,0,0,103.40116678022002
2024-05-26,DMA_045,34.01407404554008,0,0,101.79573070176119
2024-05-26,DMA_046,32.90452167497234,0,0,105.16148558675964
2024-05-26,DMA_047,31.37213600721671,0,0,103.03171379210465
2024-05-26,DMA_048,36.270136235635036,0,0,98.41112692636213
2024-05-26,DMA_049,22.964033382889873,0,0,100.67220630400092
2024-05-26,DMA_050,24.657003613380326,0,0,101.54539001663247
2024-05-26,DMA_051,37.23712997285343,0,0,100.10944206534906
2024-05-26,DMA_052,34.91212693444185,0,0,103.98896600848052
2024-05-26,DMA_053,42.03440114620815,0,0,100.7200481803086
2024-05-26,DMA_054,36.63533582697674,0,1,104.11928131802915
2024-05-26,DMA_055,45.639121392984244,0,0,101.67230562794035
2024-05-26,DMA_056,41.410592332771614,0,0,101.27768883902436
2024-05-26,DMA_057,36.35101626293491,0,1,102.29806358987055
2024-05-26,DMA_058,37.28384986214265,0,1,104.61816149364377
2024-05-26,DMA_059,30.806580663885292,0,0,103.7455090597375
2024-05-26,DMA_060,40.84117105716571,0,0,102.62864996240933
2024-05-26,DMA_061,31.07933639621838,0,0,102.62046294157327
2024-05-26,DMA_062,31.913791599161996,0,0,103.33947898790986
2024-05-26,DMA_063,31.809983423245072,0,0,103.55435324724954
2024-05-26,DMA_064,40.22018743964499,0,0,99.44863410199771
2024-05-26,DMA_065,46.66901923823218,0,0,102.75339704531328
2024-05-26,DMA_066,29.614801628802333,0,0,103.25355108097261
2024-05-26,DMA_067,32.12334520319661,0,0,103.94803435610004
2024-05-26,DMA_068,33.06318355016421,0,1,101.92256565180391
2024-05-26,DMA_069,39.94947185996783,0,0,101.1577239126262
2024-05-26,DMA_070,32.060974028286935,0,0,104.097652731586
2024-05-26,DMA_071,37.980030641325115,0,0,97.96801006605975
2024-05-26,DMA_072,32.467319932223624,0,0,103.86555695198835
2024-05-26,DMA_073,33.0044522808357,0,0,100.0220137544165
2024-05-26,DMA_074,37.99465270484035,0,0,101.86387843129546
2024-05-26,DMA_075,34.44657572686714,0,0,103.99258854863741
2024-05-26,DMA_076,33.8195843320311,0,1,101.32737450098132
2024-05-26,DMA_077,40.60185396752692,0,0,101.94948874598882
2024-05-26,DMA_078,37.245221549483155,0,0,101.3539611915397
2024-05-26,DMA_079,35.17119703411146,0,0,101.01277112741901
2024-05-26,DMA_080,41.349537114831605,0,0,101.96497189969983
2024-05-26,DMA_081,31.783332302103467,0,0,104.61818341113289
2024-05-26,DMA_082,34.33909840680278,0,0,102.70621733302364
2024-05-26,DMA_083,37.80535614798396,0,1,105.67742829903136
2024-05-26,DMA_084,47.56315338619753,0,1,103.99658443658481
2024-05-26,DMA_085,32.82347666617862,0,0,103.64090562207886
2024-05-26,DMA_086,31.89748526427623,0,0,106.11229587990682
2024-05-26,DMA_087,33.88120313266736,0,0,107.06432894480704
2024-05-26,DMA_088,37.3834375967961,0,0,104.58181520963808
2024-05-26,DMA_089,36.6392577508265,0,0,101.92758501785906
2024-05-26,DMA_090,32.9041014828395,0,0,103.2788472320684
2024-05-26,DMA_091,35.826308936130374,0,0,101.01030511721575
2024-05-26,DMA_092,27.83228371466553,0,0,101.75675001274132
2024-05-26,DMA_093,35.23737932094885,0,0,104.05244883692932
2024-05-26,DMA_094,32.37314212714129,0,0,103.0511613526177
2024-05-26,DMA_095,41.29487613796212,0,0,98.29397574428533
2024-05-26,DMA_096,42.54325775954918,0,0,105.39931769366967
2024-05-26,DMA_097,33.560608867792205,0,0,101.01792701723923
2024-05-26,DMA_098,34.95621649136235,0,0,102.1538802308403
2024-05-26,DMA_099,40.47142169731467,0,0,101.71300562530676
2024-05-26,DMA_100,18.67976880294224,0,0,106.05778491982514
2024-05-26,DMA_101,37.18574248475801,0,0,103.41914826844037
2024-05-26,DMA_102,40.980209697269714,0,0,102.96971671332139
2024-05-26,DMA_103,36.08883423850996,0,0,101.70972461000395
2024-05-26,DMA_104,37.69385445288277,0,1,102.22219709916526
2024-05-26,DMA_105,39.10004636645644,0,0,103.24977682294035
2024-05-26,DMA_106,29.821424475641695,0,0,101.68791032686664
2024-05-26,DMA_107,40.61993625934161,0,1,103.46107316529931
2024-05-26,DMA_108,37.37473644198953,0,0,103.89645801782045
2024-05-26,DMA_109,36.06033879067067,0,1,104.1253048593221
2024-05-26,DMA_110,34.89161677091195,0,0,104.01564679996005
2024-05-26,DMA_111,49.8642667357762,0,0,103.52527877207058
2024-05-26,DMA_112,30.298590075625015,0,0,105.28212731433433
2024-05-26,DMA_113,36.29535412107512,0,0,101.8651499023457
2024-05-26,DMA_114,43.27816677541976,0,0,108.24066178202298
2024-05-26,DMA_115,30.749844193990672,0,1,105.53424698002097
2024-05-26,DMA_116,32.622145861738495,0,0,106.82280425746157
2024-05-26,DMA_117,26.99303346713565,0,1,104.3711527814871
2024-05-26,DMA_118,38.68507096552946,0,1,103.9084878846562
2024-05-26,DMA_119,42.29431991604787,0,0,101.00191005816883
2024-05-26,DMA_120,36.65275186733176,0,0,104.34691098635062
2024-05-26,DMA_121,34.72945364366479,0,0,102.09797135597849
2024-05-26,DMA_122,41.3669248362473,0,0,103.59320875812894
2024-05-26,DMA_123,43.76767740256637,0,0,101.35809218720004
2024-05-26,DMA_124,34.350965777166444,0,0,102.36541615362468
2024-05-26,DMA_125,39.753347573589586,0,0,103.30001106777088
2024-05-26,DMA_126,43.40353309740666,0,1,104.55758899437247
2024-05-26,DMA_127,30.781228407474018,0,0,102.82083014841673
2024-05-26,DMA_128,39.24843569399666,0,0,104.95605687589399
2024-05-26,DMA_129,33.3724617861514,0,0,99.88224711039689
2024-05-26,DMA_130,33.73824157724461,0,0,107.90133991505932
2024-05-26,DMA_131,38.965186120061325,0,0,100.64366967123537
2024-05-26,DMA_132,34.74564728180059,0,0,102.94739884865012
2024-05-26,DMA_133,42.349848483043274,0,0,98.6972388259002
2024-05-26,DMA_134,44.98909087458301,0,0,102.40610442552097
2024-05-26,DMA_135,37.677689964031096,0,0,101.71235059365512
2024-05-26,DMA_136,44.93158728802073,0,0,100.36450572892959
2024-05-26,DMA_137,37.21630781933404,0,0,104.88911143290866
2024-05-26,DMA_138,30.88107445125923,0,0,101.96580619499817
2024-05-26,DMA_139,38.80769854087233,0,0,104.15746867995657
2024-05-26,DMA_140,35.151203338596716,0,0,102.19689165840701
2024-05-26,DMA_141,38.74946728824916,0,1,107.67362738603578
2024-05-26,DMA_142,39.90638861162396,0,0,103.25096128712592
2024-05-26,DMA_143,45.73248990937952,0,0,101.83464044565459
2024-05-26,DMA_144,36.56594940269272,0,0,100.79617896220351
2024-05-26,DMA_145,35.9330380015877,0,0,102.43458396448894
2024-05-26,DMA_146,31.067280443942046,0,0,103.6162364590833
2024-05-26,DMA_147,39.5019728488312,0,0,103.20612884483668
2024-05-26,DMA_148,34.187224089170165,0,1,101.43776688458055
2024-05-26,DMA_149,36.52883984084884,0,0,101.97812591321697
2024-05-26,DMA_150,39.352508087870646,0,0,102.66591814974515
2024-06-02,DMA_001,37.67568189516573,0,1,102.60250691014622
2024-06-02,DMA_002,22.846633255346603,0,0,101.10675482902644
2024-06-02,DMA_003,24.207135838242806,0,0,105.25718185509483
2024-06-02,DMA_004,40.616870949002994,0,0,98.56360147208613
2024-06-02,DMA_005,23.11745866315476,0,0,104.48107923179846
2024-06-02,DMA_006,38.1261181450757,0,0,104.60760944884699
2024-06-02,DMA_007,33.66903508574195,0,0,102.04742204284695
2024-06-02,DMA_008,37.34693282065243,0,0,100.54701225060235
2024-06-02,DMA_009,42.432773956377495,0,0,101.199035993222
2024-06-02,DMA_010,40.37410049265189,0,1,101.15731207434867
2024-06-02,DMA_011,37.42339159272691,0,0,99.07641434939532
2024-06-02,DMA_012,39.116179636892156,0,1,103.15929775960431
2024-06-02,DMA_013,27.66550146414523,0,0,100.11930024839452
2024-06-02,DMA_014,41.5890063296081,0,0,103.84083944346503
2024-06-02,DMA_015,34.701637312015315,0,1,102.57736853438054
2024-06-02,DMA_016,29.033471356329194,0,0,104.4040121805996
2024-06-02,DMA_017,27.58665447391717,0,0,102.93988507650558
2024-06-02,DMA_018,39.197941179628465,0,0,105.9086007986617
2024-06-02,DMA_019,32.38899702452877,0,0,104.48762293228471
2024-06-02,DMA_020,34.88571663900103,0,1,102.94037799719551
2024-06-02,DMA_021,39.62928539911966,0,0,99.41961355109372
2024-06-02,DMA_022,42.678785437502455,0,0,104.22621838928164
2024-06-02,DMA_023,44.518619902165426,0,0,99.79949515212192
2024-06-02,DMA_024,30.711880033100226,0,0,101.43569288052242
2024-06-02,DMA_025,31.16237075287956,0,0,98.99877315896164
2024-06-02,DMA_026,24.92774973805654,0,0,101.27010393797237
2024-06-02,DMA_027,43.583058286377835,0,0,106.40551751038704
2024-06-02,DMA_028,36.43884265950167,0,0,97.91400214603496
2024-06-02,DMA_029,25.661128406547288,0,0,103.55109627036634
2024-06-02,DMA_030,30.014623755540573,0,1,104.0218757143845
2024-06-02,DMA_031,30.91776670422685,0,0,102.85627177865788
2024-06-02,DMA_032,30.319910347143654,0,1,98.3252417173757
2024-06-02,DMA_033,28.997602646233005,0,0,103.50558913910625
2024-06-02,DMA_034,28.981197489561186,0,0,107.04258631309918
2024-06-02,DMA_035,32.139386505546774,0,1,99.91506627228273
2024-06-02,DMA_036,45.5824147259563,0,0,99.29306253168006
2024-06-02,DMA_037,28.666054863091155,0,0,105.66500197675904
2024-06-02,DMA_038,34.55933522720395,0,1,103.9017385478332
2024-06-02,DMA_039,26.578081548438092,0,0,101.75555558623131
2024-06-02,DMA_040,30.741916307862347,0,0,102.69887836294959
2024-06-02,DMA_041,30.259293955654744,0,1,103.38406066014977
2024-06-02,DMA_042,23.15734340703676,0,0,100.79312388633863
2024-06-02,DMA_043,25.867432797342364,0,0,103.14293367392462
2024-06-02,DMA_044,39.207118007731765,0,1,104.32970943899497
2024-06-02,DMA_045,30.450925082387027,0,0,99.197299574644
2024-06-02,DMA_046,36.39319637485924,0,0,99.4120572097595
2024-06-02,DMA_047,30.334953999060197,0,0,104.15026011151866
2024-06-02,DMA_048,39.440173444896516,0,0,102.81341373523318
2024-06-02,DMA_049,25.181206744171103,0,1,104.97332576574779
2024-06-02,DMA_050,35.657208429375764,0,0,102.10873173738746
2024-06-02,DMA_051,27.103015856834528,0,0,100.137034305237
2024-06-02,DMA_052,28.321314155448544,0,0,101.01310118210188
2024-06-02,DMA_053,25.557077881746192,0,0,101.06920679910178
2024-06-02,DMA_054,30.749000377161018,0,0,101.28135737059388
2024-06-02,DMA_055,29.40089535125466,0,0,102.59985001386033
2024-06-02,DMA_056,24.689449105002428,0,1,103.07611619160602
2024-06-02,DMA_057,25.443674573546666,0,0,100.78472128346276
2024-06-02,DMA_058,31.28855143672371,0,1,101.28311113081361
2024-06-02,DMA_059,41.97326603985335,0,1,102.58094527582026
2024-06-02,DMA_060,33.61433079501155,0,0,103.2709354342225
2024-06-02,DMA_061,31.996740229315904,0,1,103.0296056206118
2024-06-02,DMA_062,30.07419393499876,0,1,100.55885401798105
2024-06-02,DMA_063,22.45342995003461,0,0,103.93472321158019
2024-06-02,DMA_064,39.39902392105595,0,0,103.82127545765431
2024-06-02,DMA_065,34.10677159433605,0,0,98.02005381826099
2024-06-02,DMA_066,30.48124559350194,0,0,103.70587097537059
2024-06-02,DMA_067,16.833032392937515,0,0,100.16639324495827
2024-06-02,DMA_068,37.25882518777204,0,0,104.1487640715454
2024-06-02,DMA_069,34.26114122891032,0,0,101.27583136832789
2024-06-02,DMA_070,31.258192115585768,0,0,105.69502005042693
2024-06-02,DMA_071,39.061475261200144,0,0,102.59964126256723
2024-06-02,DMA_072,32.5854407703393,0,0,99.38738767772202
2024-06-02,DMA_073,34.40919356242201,0,0,101.23868343620953
2024-06-02,DMA_074,45.26480675505273,0,0,100.70815161327593
2024-06-02,DMA_075,45.762798191843096,0,0,101.3097058107718
2024-06-02,DMA_076,39.67147498632741,0,0,97.14338954454546
2024-06-02,DMA_077,35.68593167578891,0,0,104.17431280234395
2024-06-02,DMA_078,24.832993440786193,0,0,105.68348552558352
2024-06-02,DMA_079,33.202690876359,0,0,102.98843015907276
2024-06-02,DMA_080,29.119655964684263,0,0,106.50064734358166
2024-06-02,DMA_081,28.450113916682184,0,0,103.57953182540638
2024-06-02,DMA_082,26.282634425476587,0,0,101.7224971857338
2024-06-02,DMA_083,40.242041107984136,0,0,102.57613894495084
2024-06-02,DMA_084,39.257236422048635,0,0,104.1745224690369
2024-06-02,DMA_085,34.25690632898096,0,0,104.39553744973416
2024-06-02,DMA_086,42.82287803995409,0,0,101.90622849948475
2024-06-02,DMA_087,26.18058386747359,0,0,102.08754631406494
2024-06-02,DMA_088,35.022331437488134,0,0,101.45693758773153
2024-06-02,DMA_089,35.13764118360735,0,0,103.94274110573495
2024-06-02,DMA_090,37.84641782988496,0,0,101.66021793894981
2024-06-02,DMA_091,50.53302139486849,0,0,101.86878443181037
2024-06-02,DMA_092,31.796495994183903,0,0,105.24291733050102
2024-06-02,DMA_093,28.395799365749095,0,0,104.45097971931766
2024-06-02,DMA_094,37.3283424193295,0,0,105.11768701842848
2024-06-02,DMA_095,31.07395079173479,0,0,100.37362476606712
2024-06-02,DMA_096,33.2113725816389,0,0,100.55891240087594
2024-06-02,DMA_097,41.47731189602244,0,0,98.14935440999778
2024-06-02,DMA_098,31.266837649332007,0,0,103.10928232017314
2024-06-02,DMA_099,39.00108066712843,0,0,100.56894753823943
2024-06-02,DMA_100,40.54081750545951,0,0,99.43810946934498
2024-06-02,DMA_101,31.139186268963968,0,0,101.34427700805132
2024-06-02,DMA_102,29.996725276941117,0,0,103.730881982341
2024-06-02,DMA_103,49.36879624672649,0,0,105.34319562522981
2024-06-02,DMA_104,36.90907448986221,0,0,104.3800319469769
2024-06-02,DMA_105,22.029080792310197,0,0,102.48384038233634
2024-06-02,DMA_106,31.229500184192055,0,1,101.21308669834505
2024-06-02,DMA_107,34.82136263367556,0,0,104.26551500880879
2024-06-02,DMA_108,30.899573251921492,0,0,103.1884371123066
2024-06-02,DMA_109,39.39429952543159,0,0,103.38581878327375
2024-06-02,DMA_110,37.41909723203764,0,0,102.08450235485343
2024-06-02,DMA_111,44.00412149533437,0,0,101.8249105641664
2024-06-02,DMA_112,28.34536097647881,0,0,102.6585998708191
2024-06-02,DMA_113,31.656917260013643,0,0,103.41824147712158
2024-06-02,DMA_114,38.73249691383604,0,0,104.49803865651823
2024-06-02,DMA_115,37.80132883664001,0,0,99.88173557117325
2024-06-02,DMA_116,33.97760716235805,0,1,101.04468714044967
2024-06-02,DMA_117,24.141520635856807,0,0,103.33077183641063
2024-06-02,DMA_118,34.41317356418172,0,0,99.56754223904898
2024-06-02,DMA_119,37.212063658289026,0,0,106.19659795890949
2024-06-02,DMA_120,39.62079472494581,0,0,102.26258414316257
2024-06-02,DMA_121,32.88091220392087,0,0,103.7611380820329
2024-06-02,DMA_122,41.424780633916995,0,0,102.72646542157717
2024-06-02,DMA_123,30.878681236077927,0,0,101.57659522449175
2024-06-02,DMA_124,28.480579996438465,0,0,102.1040274278649
2024-06-02,DMA_125,41.68516812423673,0,0,103.82580579275054
2024-06-02,DMA_126,44.73983265926803,0,0,104.33192948391599
2024-06-02,DMA_127,35.31616221533681,0,0,102.191999238835
2024-06-02,DMA_128,38.963129159688606,0,0,105.72933360574486
2024-06-02,DMA_129,36.16001149574287,0,1,105.33664544688425
2024-06-02,DMA_130,26.17932897212976,0,0,104.63703154856405
2024-06-02,DMA_131,44.748854915027735,0,1,101.56753452116358
2024-06-02,DMA_132,30.55518555418269,0,0,102.66973824931638
2024-06-02,DMA_133,31.321208219843765,0,0,101.82254955357813
2024-06-02,DMA_134,33.46458777924742,0,1,100.94758142999567
2024-06-02,DMA_135,26.684027447321704,0,1,100.36755892335208
2024-06-02,DMA_136,35.972689515399374,0,1,99.19009891477322
2024-06-02,DMA_137,39.96725805047744,0,0,103.03805729744873
2024-06-02,DMA_138,35.8671849853126,0,0,101.20898437470981
2024-06-02,DMA_139,27.6204088410948,0,1,102.69028057127493
2024-06-02,DMA_140,42.2344127496812,0,0,103.83275849305083
2024-06-02,DMA_141,47.96631589271945,0,0,102.06657629859396
2024-06-02,DMA_142,42.37075281680997,0,0,105.7779179713889
2024-06-02,DMA_143,29.96339617468422,0,0,102.40203370342782
2024-06-02,DMA_144,31.831823849552798,0,0,101.91380003385393
2024-06-02,DMA_145,32.1477988248696,0,0,100.43527290013563
2024-06-02,DMA_146,38.014469451479314,0,0,102.62617319067246
2024-06-02,DMA_147,30.374131067332602,0,1,104.21669238576328
2024-06-02,DMA_148,36.73917266915155,0,0,104.40695236079557
2024-06-02,DMA_149,35.450698479026485,0,0,102.27283130119018
2024-06-02,DMA_150,35.84790138003502,0,0,106.76610336393115
2024-06-09,DMA_001,28.773149807525378,0,0,102.8788501874158
2024-06-09,DMA_002,36.16969227866138,0,0,105.80614990703387
2024-06-09,DMA_003,31.916428323495353,0,1,103.62858934953765
2024-06-09,DMA_004,29.203291142242282,0,0,98.40477613334888
2024-06-09,DMA_005,23.899970734380183,0,0,98.12833890591493
2024-06-09,DMA_006,26.32147815239174,0,0,100.49179170384086
2024-06-09,DMA_007,37.59064559457656,0,0,102.12080490173263
2024-06-09,DMA_008,39.60552969093938,0,0,102.17470597161413
2024-06-09,DMA_009,31.072073352085784,0,0,104.14421493682393
2024-06-09,DMA_010,31.24457653293935,0,0,97.39518440495425
2024-06-09,DMA_011,16.726039429910607,0,0,101.29349901339191
2024-06-09,DMA_012,38.95599458928585,0,0,102.22591374897046
2024-06-09,DMA_013,44.38724069179513,0,1,102.58063484046497
2024-06-09,DMA_014,38.054467012704464,0,0,103.44390959699759
2024-06-09,DMA_015,42.721097528394715,0,0,100.23222804833591
2024-06-09,DMA_016,26.738939360342844,0,1,100.4205835875963
2024-06-09,DMA_017,31.399078549570397,0,0,102.50418349041658
2024-06-09,DMA_018,31.56364866035135,0,0,105.04931879469282
2024-06-09,DMA_019,28.036375703483642,0,0,100.35169452340838
2024-06-09,DMA_020,40.47957135264821,0,0,101.89901195296211
2024-06-09,DMA_021,27.035913255781477,0,1,102.51008954730172
2024-06-09,DMA_022,34.7845596182324,0,0,101.12696270544033
2024-06-09,DMA_023,29.70245160794483,0,0,104.72558656257338
2024-06-09,DMA_024,30.914411256895484,0,0,104.08384092499053
2024-06-09,DMA_025,24.238708309326114,0,0,104.49289455057581
2024-06-09,DMA_026,27.63208812562439,0,0,100.97434241167947
2024-06-09,DMA_027,28.365846061564234,0,1,102.06420825048266
2024-06-09,DMA_028,39.00556582490371,0,0,103.89110942005962
2024-06-09,DMA_029,30.91019914000469,0,1,101.76155372976018
2024-06-09,DMA_030,45.503952424860614,0,0,101.3671810263461
2024-06-09,DMA_031,30.42792654600687,0,0,98.0559651242568
2024-06-09,DMA_032,36.374963787326514,0,0,103.1410282304768
2024-06-09,DMA_033,16.46326307509623,0,0,102.30205269376583
2024-06-09,DMA_034,37.398742358236234,0,0,99.66306857716403
2024-06-09,DMA_035,34.894421369241726,0,1,106.06080196994196
2024-06-09,DMA_036,34.426320818242566,0,0,99.32980568637694
2024-06-09,DMA_037,31.937471832594067,0,0,102.96174116409993
2024-06-09,DMA_038,29.89435633220103,0,0,102.28371564994741
2024-06-09,DMA_039,38.254900185111005,0,0,102.84511152348081
2024-06-09,DMA_040,21.817056841222136,0,0,104.02101110135749
2024-06-09,DMA_041,32.415362930199215,0,0,104.13890623623006
2024-06-09,DMA_042,30.00103184024693,0,1,99.25767411575306
2024-06-09,DMA_043,28.92749478660759,0,0,105.46980760211207
2024-06-09,DMA_044,32.93046659001408,0,0,102.01534850444362
2024-06-09,DMA_045,39.735435615941945,0,0,103.40199659533671
2024-06-09,DMA_046,36.143961061168795,0,0,99.40769831006853
2024-06-09,DMA_047,24.79863684680624,0,0,103.3466155323053
2024-06-09,DMA_048,38.07001293467567,0,0,100.12040723748541
2024-06-09,DMA_049,34.03387629437519,0,0,102.9433310826983
2024-06-09,DMA_050,49.85518533885262,0,0,99.86242122504449
2024-06-09,DMA_051,35.218427375005135,0,1,99.47845610901564
2024-06-09,DMA_052,30.79262835340912,0,0,104.61800716469537
2024-06-09,DMA_053,27.58835447727585,0,0,103.72631292438933
2024-06-09,DMA_054,35.58004580638358,0,0,101.00591618964192
2024-06-09,DMA_055,27.980523572492046,0,0,100.70082497952276
2024-06-09,DMA_056,35.804556240685926,0,0,96.87230446429983
2024-06-09,DMA_057,35.5219450005688,0,0,103.95599286721843
2024-06-09,DMA_058,32.38992062424616,0,0,103.31242891533749
2024-06-09,DMA_059,35.696093665832024,0,0,100.23424218622866
2024-06-09,DMA_060,24.69486492147226,0,0,99.76668014194676
2024-06-09,DMA_061,21.195971891214025,0,0,102.0909127350147
2024-06-09,DMA_062,28.836676648701417,0,0,100.5401928932614
2024-06-09,DMA_063,22.996228647032062,0,0,98.17446949342411
2024-06-09,DMA_064,28.56831541443911,0,1,102.33572893897531
2024-06-09,DMA_065,39.31274158333314,0,0,100.04581835838756
2024-06-09,DMA_066,36.8460397946958,0,0,100.22718975970756
2024-06-09,DMA_067,19.30493563795517,0,0,100.93713502386208
2024-06-09,DMA_068,31.087678621881082,0,0,101.80837258871124
2024-06-09,DMA_069,29.033835975046543,0,0,100.77779063637084
2024-06-09,DMA_070,27.813437282187067,0,0,99.73859175161931
2024-06-09,DMA_071,32.99623982702055,0,0,103.64100579663943
2024-06-09,DMA_072,30.931401529092938,0,0,96.49556851267582
2024-06-09,DMA_073,28.419335047392515,0,0,103.19024003649001
2024-06-09,DMA_074,40.410206042384296,0,0,99.27772279265123
2024-06-09,DMA_075,34.30164890818698,0,0,100.90840097347149
2024-06-09,DMA_076,22.98055796458311,0,0,98.7382717175945
2024-06-09,DMA_077,24.594821214404256,0,0,102.70574153095559
2024-06-09,DMA_078,40.0261720488535,0,1,103.08144123828805
2024-06-09,DMA_079,18.52064053845494,0,0,100.54461171910272
2024-06-09,DMA_080,21.650649085218475,0,1,102.21106562515551
2024-06-09,DMA_081,33.594657099846714,0,0,103.28668922832023
2024-06-09,DMA_082,38.699665547267564,0,0,106.2409909774907
2024-06-09,DMA_083,44.84805393854133,0,0,105.57149844792633
2024-06-09,DMA_084,30.458024347799643,0,0,103.92949069505656
2024-06-09,DMA_085,27.86200317963943,0,0,103.07420350735555
2024-06-09,DMA_086,33.9423470614815,0,0,103.2166290475682
2024-06-09,DMA_087,35.4712717381456,0,1,101.93301059522625
2024-06-09,DMA_088,33.5324782476025,0,0,100.376080568087
2024-06-09,DMA_089,40.998415331697075,0,0,97.86493434203747
2024-06-09,DMA_090,30.415883170950575,0,1,101.98774109707209
2024-06-09,DMA_091,33.02652694195344,0,0,103.97773384001489
2024-06-09,DMA_092,33.519173437288075,0,0,98.69150151475542
2024-06-09,DMA_093,30.049909912485212,0,0,101.66828027883278
2024-06-09,DMA_094,21.590132642645084,0,0,98.82322215189735
2024-06-09,DMA_095,34.64306557794507,0,0,106.14727068525981
2024-06-09,DMA_096,26.011425424755103,0,0,101.74513587246734
2024-06-09,DMA_097,33.6631495302098,0,0,98.74847100078424
2024-06-09,DMA_098,37.16855947988465,0,0,100.13169001342722
2024-06-09,DMA_099,42.57787867302543,0,0,103.45732184629273
2024-06-09,DMA_100,37.70080162897402,0,0,103.38663604476623
2024-06-09,DMA_101,38.84446923924793,0,0,101.51599555021609
2024-06-09,DMA_102,49.40734791980498,0,0,100.83478048220614
2024-06-09,DMA_103,32.61177319258564,0,0,103.070303148973
2024-06-09,DMA_104,33.35591064403824,0,0,98.73506426963534
2024-06-09,DMA_105,35.390091915885655,0,0,95.99973879565243
2024-06-09,DMA_106,29.210157048922948,0,0,101.89218124961278
2024-06-09,DMA_107,35.392200642059635,0,0,100.10013014687951
2024-06-09,DMA_108,34.47845278412205,0,0,100.38580755423165
2024-06-09,DMA_109,26.869121429745643,0,0,101.6002179584302
2024-06-09,DMA_110,15.20549952046419,0,0,100.18253494810105
2024-06-09,DMA_111,25.736670587460836,0,1,100.1739698613541
2024-06-09,DMA_112,26.306320381422626,0,0,99.28487396167748
2024-06-09,DMA_113,26.953827775627662,0,0,102.3138882361262
2024-06-09,DMA_114,33.83024049763345,0,0,102.03635245616343
2024-06-09,DMA_115,27.50776512102732,0,0,98.38798704886149
2024-06-09,DMA_116,39.11886779417765,0,0,105.54267942538226
2024-06-09,DMA_117,33.187869846331225,0,0,102.29109621070103
2024-06-09,DMA_118,31.35935745335987,0,0,102.75630754446996
2024-06-09,DMA_119,39.59809482573683,0,0,101.15179149067158
2024-06-09,DMA_120,38.24364001788676,0,0,101.28862025446576
2024-06-09,DMA_121,38.40896097882003,0,0,100.37360448458006
2024-06-09,DMA_122,32.87999966669676,0,0,102.98687608959027
2024-06-09,DMA_123,41.18419264764535,0,1,102.14272795922176
2024-06-09,DMA_124,31.389857903284298,0,0,103.71955022149398
2024-06-09,DMA_125,32.009594869595134,0,0,95.95215951974428
2024-06-09,DMA_126,33.393163973939195,0,0,101.72817637156095
2024-06-09,DMA_127,16.59085159124247,0,1,99.82036480792776
2024-06-09,DMA_128,38.4487245730472,0,0,101.31770155749486
2024-06-09,DMA_129,24.825887009428577,0,0,103.7441590086824
2024-06-09,DMA_130,32.393287732482825,0,0,100.02062069520909
2024-06-09,DMA_131,40.86516207667878,0,0,98.90424528753861
2024-06-09,DMA_132,34.8325811477066,0,0,102.4011739699893
2024-06-09,DMA_133,33.52835541611883,0,0,101.01580306926955
2024-06-09,DMA_134,35.2817823643808,0,0,99.05882258246595
2024-06-09,DMA_135,18.023785601039158,0,0,102.90447945973617
2024-06-09,DMA_136,39.38972110192065,0,0,101.99361305061757
2024-06-09,DMA_137,38.36586447308051,0,0,101.96748029382306
2024-06-09,DMA_138,39.32605593373829,0,0,99.06931921781519
2024-06-09,DMA_139,32.47947233301266,0,0,101.02086055884364
2024-06-09,DMA_140,39.01105683491825,0,0,101.30797908369107
2024-06-09,DMA_141,36.703944140186096,0,0,102.83259758558331
2024-06-09,DMA_142,37.34043678889398,0,0,101.02110074425848
2024-06-09,DMA_143,33.00840808662238,0,0,102.1802031384943
2024-06-09,DMA_144,30.494548552932486,0,0,102.86047079715878
2024-06-09,DMA_145,40.76420645098955,0,0,109.34129710247153
2024-06-09,DMA_146,31.433872642640548,0,0,98.85870934758876
2024-06-09,DMA_147,33.740859431736105,0,0,99.0649809135861
2024-06-09,DMA_148,26.10586685739566,0,0,100.53170867201474
2024-06-09,DMA_149,40.216932886222516,0,0,107.23460021278821
2024-06-09,DMA_150,36.33095697135142,0,0,102.8521567769163
2024-06-16,DMA_001,27.25663033100177,1,0,104.25281821848748
2024-06-16,DMA_002,37.68053875973155,1,0,98.89580503668239
2024-06-16,DMA_003,30.826337715848,1,0,99.82438702551858
2024-06-16,DMA_004,20.85736353052871,1,0,103.06037961396696
2024-06-16,DMA_005,30.57394999453555,1,0,100.66967878803177
2024-06-16,DMA_006,32.839592580806006,1,0,103.97634289148733
2024-06-16,DMA_007,41.592930346015756,1,0,102.39403587888542
2024-06-16,DMA_008,31.187339773877856,1,0,101.86312594759596
2024-06-16,DMA_009,28.698107988919013,1,0,101.67223286624643
2024-06-16,DMA_010,28.580879515580577,1,0,100.65597966488725
2024-06-16,DMA_011,33.73002175384866,1,0,99.06055786474919
2024-06-16,DMA_012,28.631351936105357,1,1,96.35590898158318
2024-06-16,DMA_013,36.6755910669477,1,0,96.65277450850387
2024-06-16,DMA_014,33.6378871186943,1,0,103.20097859272104
2024-06-16,DMA_015,21.786554962363326,1,0,100.02387814919518
2024-06-16,DMA_016,20.915638178801235,1,0,104.39410506070809
2024-06-16,DMA_017,35.394073280503356,1,1,104.75415950267175
2024-06-16,DMA_018,28.88110595777253,1,0,104.98502483422536
2024-06-16,DMA_019,29.24832351996639,1,0,106.25296095148153
2024-06-16,DMA_020,35.294825249588335,1,0,103.73678962777274
2024-06-16,DMA_021,26.670777412828777,1,0,99.07207113950555
2024-06-16,DMA_022,34.48590572227624,1,0,103.17542951598666
2024-06-16,DMA_023,32.34672118580403,1,0,98.83950060590382
2024-06-16,DMA_024,30.06604606202554,1,0,98.67871783470615
2024-06-16,DMA_025,43.70464895330841,1,1,99.20410613493891
2024-06-16,DMA_026,35.77415300827464,1,0,102.87258871821972
2024-06-16,DMA_027,31.285146128176212,1,1,101.46939781337784
2024-06-16,DMA_028,31.122357038089678,1,0,100.7735492320084
2024-06-16,DMA_029,24.39555767326588,1,0,99.42636576374774
2024-06-16,DMA_030,30.73502668655525,1,0,105.74476444959393
2024-06-16,DMA_031,33.05708000445345,1,0,100.99912612619809
2024-06-16,DMA_032,23.95828169884447,1,1,103.13668900763763
2024-06-16,DMA_033,51.72180057099396,1,0,100.45447186481795
2024-06-16,DMA_034,24.146278556479587,1,0,102.87088942299312
2024-06-16,DMA_035,30.769221631840356,1,0,95.40735813425746
2024-06-16,DMA_036,36.95025515982235,1,0,101.27246432207183
2024-06-16,DMA_037,39.29157563575915,1,0,99.83287298132775
2024-06-16,DMA_038,26.297356453806866,1,1,95.88914363195617
2024-06-16,DMA_039,33.989245956244126,1,0,98.89534221252889
2024-06-16,DMA_040,27.103614568029446,1,0,102.8319975312001
2024-06-16,DMA_041,36.76024109813833,1,0,103.58528817337228
2024-06-16,DMA_042,35.298143292835555,1,1,101.20320840115778
2024-06-16,DMA_043,32.806502187205574,1,0,99.2109771739597
2024-06-16,DMA_044,27.095441915935076,1,1,98.42724051541462
2024-06-16,DMA_045,32.22106176124375,1,1,99.92827623705152
2024-06-16,DMA_046,29.742424840058906,1,0,100.93854523260374
2024-06-16,DMA_047,14.581007561361815,1,0,99.02369949445344
2024-06-16,DMA_048,25.493934161932255,1,0,98.64926167656232
2024-06-16,DMA_049,22.72030093809002,1,1,101.24938664538827
2024-06-16,DMA_050,29.77443542405252,1,0,99.49980950026982
2024-06-16,DMA_051,25.01159585028884,1,0,99.39535666237936
2024-06-16,DMA_052,23.852781131632543,1,0,98.69404666525718
2024-06-16,DMA_053,38.558153543655855,1,0,104.97550722074949
2024-06-16,DMA_054,28.796682985103942,1,0,98.45057831156026
2024-06-16,DMA_055,37.752368688733974,1,0,102.83772784026773
2024-06-16,DMA_056,16.562730018606022,1,0,99.22834591305993
2024-06-16,DMA_057,25.344261853470393,1,0,99.62112509643221
2024-06-16,DMA_058,32.16718043872762,1,0,101.48673919983793
2024-06-16,DMA_059,30.316725731777087,1,0,99.28640038171191
2024-06-16,DMA_060,34.23335626295836,1,0,101.8777165293807
2024-06-16,DMA_061,33.78449674649988,1,0,100.37782746910169
2024-06-16,DMA_062,34.44534803531627,1,0,98.482851557024
2024-06-16,DMA_063,18.772608850415487,1,0,100.0951925181322
2024-06-16,DMA_064,30.996251379229598,1,0,98.85513932047296
2024-06-16,DMA_065,28.446983837266878,1,0,101.31175716194629
2024-06-16,DMA_066,41.75516766851946,1,0,103.64705417037611
2024-06-16,DMA_067,29.99526304638105,1,0,101.51611564342791
2024-06-16,DMA_068,37.92467238739645,1,0,101.51705268433422
2024-06-16,DMA_069,41.61548605819728,1,0,101.26672561671622
2024-06-16,DMA_070,21.916798292321683,1,0,99.56615250648423
2024-06-16,DMA_071,41.5153818956464,1,0,101.10577312520071
2024-06-16,DMA_072,28.10507983550327,1,0,103.05431715638106
2024-06-16,DMA_073,27.736291075941978,1,1,101.5510924864423
2024-06-16,DMA_074,30.354687751069303,1,0,99.25810770421448
2024-06-16,DMA_075,32.045383706441214,1,0,103.3843116029098
2024-06-16,DMA_076,25.85746457912113,1,0,100.73391247241082
2024-06-16,DMA_077,33.038695293954135,1,0,100.5209613482065
2024-06-16,DMA_078,35.79704150275854,1,0,99.38015795578274
2024-06-16,DMA_079,28.72226215348438,1,0,98.37179900567885
2024-06-16,DMA_080,29.997575371579813,1,0,103.79645586849708
2024-06-16,DMA_081,26.13083843492529,1,0,97.66591423027661
2024-06-16,DMA_082,41.49360042588663,1,0,101.03314677851871
2024-06-16,DMA_083,26.670516866128676,1,1,99.43538808525243
2024-06-16,DMA_084,29.45756013715675,1,0,99.15662948013374
2024-06-16,DMA_085,21.0971483820948,1,0,102.90650860242376
2024-06-16,DMA_086,24.643974821385406,1,0,103.37307195198517
2024-06-16,DMA_087,42.76107663597534,1,0,101.44090581677997
2024-06-16,DMA_088,14.377659663355889,1,0,101.16423900846671
2024-06-16,DMA_089,32.20737862963743,1,0,99.40716896213536
2024-06-16,DMA_090,41.17873810943757,1,1,101.93895166699494
2024-06-16,DMA_091,26.01360395413936,1,0,98.1535229066783
2024-06-16,DMA_092,26.86928181553708,1,0,102.12332378689864
2024-06-16,DMA_093,26.62848601078521,1,0,96.50718495178754
2024-06-16,DMA_094,31.87465165943069,1,1,104.53414191598132
2024-06-16,DMA_095,28.628562148275023,1,0,101.47628261103269
2024-06-16,DMA_096,35.00501777965231,1,0,100.98242089788354
2024-06-16,DMA_097,27.35361385002843,1,0,100.6355456137692
2024-06-16,DMA_098,23.422874016884457,1,0,103.3879540578308
2024-06-16,DMA_099,24.64254043578365,1,0,99.7736013851409
2024-06-16,DMA_100,34.730641013234106,1,0,101.98334187778187
2024-06-16,DMA_101,24.087371376663835,1,1,102.93460256028987
2024-06-16,DMA_102,21.09999831711147,1,0,100.7354911637823
2024-06-16,DMA_103,34.60647233432581,1,0,99.9385490365425
2024-06-16,DMA_104,30.43496379878549,1,0,100.37803912952086
2024-06-16,DMA_105,35.495749361178746,1,0,98.14809944717474
2024-06-16,DMA_106,31.27974794444228,1,0,100.99285635142701
2024-06-16,DMA_107,39.5622195527285,1,0,106.06269988421957
2024-06-16,DMA_108,37.145057712453955,1,1,100.83874837845744
2024-06-16,DMA_109,28.51460973097172,1,0,102.61101989918471
2024-06-16,DMA_110,31.36761488594408,1,0,101.88628679711847
2024-06-16,DMA_111,34.062522358315825,1,0,101.86841583999254
2024-06-16,DMA_112,39.84573169844755,1,0,104.5014710503597
2024-06-16,DMA_113,35.04379626121761,1,0,107.47875099415579
2024-06-16,DMA_114,36.82727259450293,1,0,102.40578194758542
2024-06-16,DMA_115,37.542170776353565,1,0,99.66216877693147
2024-06-16,DMA_116,42.40873603508945,1,0,100.94060415235047
2024-06-16,DMA_117,26.93004404841284,1,0,99.64131261583248
2024-06-16,DMA_118,34.717643419922936,1,0,100.2713197242125
2024-06-16,DMA_119,30.241079761397973,1,0,102.02141989344095
2024-06-16,DMA_120,34.040089307176736,1,0,100.87174692388153
2024-06-16,DMA_121,30.973910062671628,1,0,99.77733344948908
2024-06-16,DMA_122,35.619091818371565,1,1,101.17383217511262
2024-06-16,DMA_123,41.63723623481864,1,0,99.14624910775541
2024-06-16,DMA_124,29.601534811305825,1,0,99.76381206525487
2024-06-16,DMA_125,41.34293108063277,1,0,101.22872540606485
2024-06-16,DMA_126,22.909500010794076,1,0,99.78599172309427
2024-06-16,DMA_127,32.403303041733935,1,0,101.38255546699715
2024-06-16,DMA_128,29.39264097321644,1,0,101.20594840651226
2024-06-16,DMA_129,32.425762002914844,1,1,102.97305934030796
2024-06-16,DMA_130,34.60081372487674,1,0,97.26831137278721
2024-06-16,DMA_131,32.49605167579309,1,0,101.94979636794872
2024-06-16,DMA_132,35.396007251126605,1,0,101.76634935056883
2024-06-16,DMA_133,25.082181155973988,1,0,98.91100460285695
2024-06-16,DMA_134,33.28712309757504,1,0,96.80474188849955
2024-06-16,DMA_135,42.13058402009325,1,0,101.84173780004556
2024-06-16,DMA_136,38.05790238397629,1,1,104.81326261325594
2024-06-16,DMA_137,40.94227127689812,1,0,103.818057662115
2024-06-16,DMA_138,39.111423396239196,1,0,102.488395639659
2024-06-16,DMA_139,30.8823064268219,1,0,99.51988234814408
2024-06-16,DMA_140,29.44652507229895,1,0,99.10625007923302
2024-06-16,DMA_141,24.32541183668986,1,0,101.7615155946541
2024-06-16,DMA_142,38.12525702382619,1,1,104.0813363363182
2024-06-16,DMA_143,33.19267569636645,1,1,98.50603933143336
2024-06-16,DMA_144,31.047656425104442,1,0,100.75067185063422
2024-06-16,DMA_145,41.514591953052424,1,0,97.09400772852571
2024-06-16,DMA_146,34.630034691221624,1,1,101.91017304865271
2024-06-16,DMA_147,19.354487315604317,1,0,98.56673715774825
2024-06-16,DMA_148,34.56283629409269,1,0,101.87344945755041
2024-06-16,DMA_149,38.23810803158312,1,0,103.68291874630168
2024-06-16,DMA_150,30.199860186832417,1,0,104.38158996784466
2024-06-23,DMA_001,26.02852463748124,0,0,101.47674157140251
2024-06-23,DMA_002,24.213932985493088,0,0,99.51834145786849
2024-06-23,DMA_003,30.144156523777728,0,0,99.10894031202089
2024-06-23,DMA_004,30.556473209018918,0,0,100.64435910424903
2024-06-23,DMA_005,29.442574052002968,0,1,99.29544618796433
2024-06-23,DMA_006,42.74588916415887,0,0,99.36938774656916
2024-06-23,DMA_007,37.799358456831186,0,0,99.26876587541135
2024-06-23,DMA_008,22.129700948389537,0,0,102.16975095211538
2024-06-23,DMA_009,29.82235718733877,0,0,96.89967137684135
2024-06-23,DMA_010,23.7227502347139,0,0,103.91530450447787
2024-06-23,DMA_011,31.03653076637132,0,0,103.67146412637703
2024-06-23,DMA_012,37.237869688756184,0,0,102.73894403869885
2024-06-23,DMA_013,27.993730363902856,0,0,103.86529713100359
2024-06-23,DMA_014,27.526760077820363,0,0,99.89416028000103
2024-06-23,DMA_015,37.48454008643601,0,0,99.46594096564534
2024-06-23,DMA_016,30.22342907550014,0,0,99.66851751513997
2024-06-23,DMA_017,20.54455329421142,0,0,103.3044434043528
2024-06-23,DMA_018,32.19942428001687,0,0,103.17845740670336
2024-06-23,DMA_019,34.71579116138962,0,0,97.78490170211427
2024-06-23,DMA_020,39.467117701618456,0,0,101.95446359653582
2024-06-23,DMA_021,23.90331712866923,0,0,99.60510233851122
2024-06-23,DMA_022,32.60092054506481,0,0,99.51021130194647
2024-06-23,DMA_023,27.779907688864544,0,0,101.5440989857774
2024-06-23,DMA_024,32.86720864986459,0,0,97.068049065577
2024-06-23,DMA_025,34.548170067961316,0,0,101.8726527647835
2024-06-23,DMA_026,26.179517707780562,0,0,101.49048036403688
2024-06-23,DMA_027,41.96339219834559,0,0,99.79807384776564
2024-06-23,DMA_028,29.152705936726168,0,0,99.21425028212919
2024-06-23,DMA_029,30.314094029055873,0,0,97.38511303456096
2024-06-23,DMA_030,34.79174065518818,0,0,104.31893259949508
2024-06-23,DMA_031,34.22704603042209,0,0,103.80335085518641
2024-06-23,DMA_032,26.357393918206665,0,0,97.08981843715026
2024-06-23,DMA_033,42.110151197993844,0,0,100.49316987175197
2024-06-23,DMA_034,29.13886578741551,0,0,100.21591550408947
2024-06-23,DMA_035,24.397020977294645,0,0,99.96269018320892
2024-06-23,DMA_036,34.07989850194798,0,0,102.2328369490307
2024-06-23,DMA_037,25.820109816707372,0,1,97.47742252714482
2024-06-23,DMA_038,38.52467369756495,0,0,100.13753965459391
2024-06-23,DMA_039,33.49249165164684,0,0,100.68241377135273
2024-06-23,DMA_040,23.393610178641836,0,0,101.21276411055074
2024-06-23,DMA_041,34.082028428349716,0,0,99.36162264942978
2024-06-23,DMA_042,27.188217575995598,0,0,99.74396483443411
2024-06-23,DMA_043,35.48864446479392,0,0,100.14765834548061
2024-06-23,DMA_044,34.59825247798277,0,0,104.23531769136947
2024-06-23,DMA_045,26.59679578207664,0,0,99.21534120122445
2024-06-23,DMA_046,30.35640504598045,0,1,100.18623347460284
2024-06-23,DMA_047,37.807006545218464,0,0,100.473315831906
2024-06-23,DMA_048,36.87778617186689,0,0,100.48437668434251
2024-06-23,DMA_049,24.53355983589475,0,0,103.36520467067753
2024-06-23,DMA_050,25.77856153352773,0,1,103.05753426150868
2024-06-23,DMA_051,29.76865629986149,0,0,98.83298106681876
2024-06-23,DMA_052,41.33607367196707,0,0,100.37181720784541
2024-06-23,DMA_053,20.663192725032296,0,0,102.29986520428484
2024-06-23,DMA_054,33.05076505453598,0,1,101.17807591320893
2024-06-23,DMA_055,23.42427163222158,0,0,95.69285848146433
2024-06-23,DMA_056,34.39715470706862,0,0,101.63524264581486
2024-06-23,DMA_057,33.37318753666037,0,0,98.80340433433975
2024-06-23,DMA_058,26.66352922047217,0,0,103.3095095479887
2024-06-23,DMA_059,36.99495469168382,0,0,105.95237817162226
2024-06-23,DMA_060,37.73237767632996,0,0,101.12083994494046
2024-06-23,DMA_061,22.584286445851216,0,0,99.07044435587925
2024-06-23,DMA_062,24.327657380286695,0,0,101.51436603090494
2024-06-23,DMA_063,24.498310876307087,0,1,102.4019650201233
2024-06-23,DMA_064,39.55839084559018,0,0,102.47588982691913
2024-06-23,DMA_065,36.0615928163728,0,0,104.00180151144814
2024-06-23,DMA_066,35.42035814949581,0,0,102.40298270352713
2024-06-23,DMA_067,35.332699788858676,0,0,101.57920344650769
2024-06-23,DMA_068,29.49800619215617,0,0,100.26920319509897
2024-06-23,DMA_069,25.482218848478183,0,0,103.66925095929132
2024-06-23,DMA_070,34.80229945073254,0,0,105.81970049694714
2024-06-23,DMA_071,40.3183599444093,0,0,97.1343327658575
2024-06-23,DMA_072,20.10232001409699,0,0,98.36978145492803
2024-06-23,DMA_073,32.1583479675053,0,0,96.76059595470691
2024-06-23,DMA_074,43.73179348377604,0,0,102.50428364704558
2024-06-23,DMA_075,30.88943090166362,0,0,99.19601488240454
2024-06-23,DMA_076,32.36296111327464,0,0,99.24786981029362
2024-06-23,DMA_077,18.81686917526813,0,0,102.5787843888582
2024-06-23,DMA_078,29.100344000483894,0,0,99.35693159639123
2024-06-23,DMA_079,42.08091384069479,0,0,102.18584790281314
2024-06-23,DMA_080,32.83831358152526,0,0,101.60744517140783
2024-06-23,DMA_081,37.33725804165708,0,0,101.72569590486596
2024-06-23,DMA_082,36.07290746700341,0,0,102.40577854551248
2024-06-23,DMA_083,30.816673159917503,0,0,100.87697451621986
2024-06-23,DMA_084,24.848318535999546,0,0,98.0532089524586
2024-06-23,DMA_085,32.37502782092411,0,0,101.42529602438177
2024-06-23,DMA_086,28.336418019323478,0,0,103.02997671582577
2024-06-23,DMA_087,27.614914549635508,0,0,100.37872532391405
2024-06-23,DMA_088,33.9957980022758,0,0,102.24080316762934
2024-06-23,DMA_089,17.735992752711525,0,1,102.07296987358255
2024-06-23,DMA_090,39.12901213716455,0,0,98.20388942968684
2024-06-23,DMA_091,27.444439366726055,0,0,100.68258103379368
2024-06-23,DMA_092,30.124472599793837,0,0,95.76161527738067
2024-06-23,DMA_093,28.691732652166166,0,1,104.21883356033374
2024-06-23,DMA_094,30.15182962447941,0,0,101.69934612862684
2024-06-23,DMA_095,27.394909625621835,0,0,98.15098042660019
2024-06-23,DMA_096,33.7261518502879,0,0,101.25492621393653
2024-06-23,DMA_097,29.870636727710032,0,0,100.8717729131175
2024-06-23,DMA_098,25.913253967616114,0,0,104.19053034352328
2024-06-23,DMA_099,31.190905150877498,0,0,99.88964085489192
2024-06-23,DMA_100,23.62290283627875,0,0,104.04114296982378
2024-06-23,DMA_101,29.150080875511502,0,0,102.12727541552002
2024-06-23,DMA_102,26.093608836996616,0,0,99.31928630504008
2024-06-23,DMA_103,29.575283013639062,0,0,101.61688503061669
2024-06-23,DMA_104,21.766463429031482,0,0,99.43805978031683
2024-06-23,DMA_105,25.84239528049811,0,0,99.89302891495983
2024-06-23,DMA_106,24.417421801730022,0,0,101.13319354329052
2024-06-23,DMA_107,37.81186423339754,0,0,97.6697841733334
2024-06-23,DMA_108,32.07944722575127,0,0,99.2813037065672
2024-06-23,DMA_109,31.969314963042578,0,0,102.9992605597454
2024-06-23,DMA_110,34.4345484033851,0,0,102.09556706740283
2024-06-23,DMA_111,37.332003404020746,0,0,98.86115352906754
2024-06-23,DMA_112,22.41904460476161,0,1,98.87532219060498
2024-06-23,DMA_113,33.40280108662354,0,1,103.8010519376841
2024-06-23,DMA_114,33.04972970625992,0,0,103.92459218308156
2024-06-23,DMA_115,28.70496453575265,0,0,101.6052795268677
2024-06-23,DMA_116,24.703069590303937,0,1,101.70847963816036
2024-06-23,DMA_117,35.344474120895036,0,0,98.06409732792171
2024-06-23,DMA_118,27.617863193397053,0,0,101.92594401977735
2024-06-23,DMA_119,35.68855135672505,0,1,98.95045133889766
2024-06-23,DMA_120,31.297900932952125,0,0,99.37688091589922
2024-06-23,DMA_121,20.530461813928984,0,0,103.06593197463137
2024-06-23,DMA_122,33.53250060681026,0,0,100.8591786769111
2024-06-23,DMA_123,34.4060504558317,0,0,100.07475615896547
2024-06-23,DMA_124,27.364776998116,0,0,100.49547374938626
2024-06-23,DMA_125,20.876910234865512,0,0,99.35653323237052
2024-06-23,DMA_126,26.763249189347114,0,0,100.79754689793175
2024-06-23,DMA_127,33.78181488681907,0,1,99.73588975223504
2024-06-23,DMA_128,36.808066733188724,0,0,99.55050285491517
2024-06-23,DMA_129,26.317104834113096,0,0,99.1933765243973
2024-06-23,DMA_130,26.507210059447676,0,0,100.9554544570006
2024-06-23,DMA_131,25.45022180413124,0,0,99.72097133796271
2024-06-23,DMA_132,26.080766763182652,0,0,97.77661299399955
2024-06-23,DMA_133,38.053458297769,0,0,101.405160466472
2024-06-23,DMA_134,34.64566667297422,0,0,100.80984543274118
2024-06-23,DMA_135,35.012188946143326,0,0,104.02239265766403
2024-06-23,DMA_136,36.71964089493646,0,0,102.44956880839854
2024-06-23,DMA_137,34.33383079658273,0,0,102.61104442260536
2024-06-23,DMA_138,23.154899435404246,0,0,101.44169659012996
2024-06-23,DMA_139,26.3934719312809,0,0,103.5148806135349
2024-06-23,DMA_140,35.98870894961605,0,0,103.06146044325492
2024-06-23,DMA_141,37.49163609462854,0,0,96.72344598148423
2024-06-23,DMA_142,30.630944346158323,0,0,97.0080089375654
2024-06-23,DMA_143,30.580812658835676,0,1,99.62415315084009
2024-06-23,DMA_144,35.794987136772676,0,0,102.32039015872799
2024-06-23,DMA_145,31.64720701223608,0,0,100.80572733104832
2024-06-23,DMA_146,29.200691887552093,0,0,98.24292355631127
2024-06-23,DMA_147,23.681321348827012,0,0,100.95609439909944
2024-06-23,DMA_148,31.106778988048163,0,0,98.97655535243311
2024-06-23,DMA_149,31.5547576198685,0,1,98.96421241481976
2024-06-23,DMA_150,28.14945594371238,0,1,103.52932963476223
2024-06-30,DMA_001,39.26761218176002,0,0,101.36401906572863
2024-06-30,DMA_002,34.962633197254064,0,1,100.2457314438032
2024-06-30,DMA_003,21.498685902758098,0,0,101.27729780826826
2024-06-30,DMA_004,39.366306800991154,0,0,99.6414522390566
2024-06-30,DMA_005,26.877568748110093,0,0,98.5481281295166
2024-06-30,DMA_006,28.03007665381199,0,0,101.03191135043052
2024-06-30,DMA_007,27.99310215649873,0,0,101.61853555761586
2024-06-30,DMA_008,26.988115783833187,0,0,101.96359953460185
2024-06-30,DMA_009,34.026703473915774,0,1,101.63834070837115
2024-06-30,DMA_010,35.08829891911653,0,0,100.84012042827499
2024-06-30,DMA_011,32.37452752888382,0,0,98.42766316513406
2024-06-30,DMA_012,30.486850036147203,0,0,98.52745519183604
2024-06-30,DMA_013,34.836400238456584,0,0,100.67160956353456
2024-06-30,DMA_014,40.19031187602768,0,0,100.24842991298672
2024-06-30,DMA_015,39.954256357254174,0,0,100.60940564267547
2024-06-30,DMA_016,26.492819459117204,0,0,97.61287592436796
2024-06-30,DMA_017,27.424458398681523,0,0,98.84651495455033
2024-06-30,DMA_018,27.06379730081832,0,1,97.34201480310806
2024-06-30,DMA_019,22.27648122620281,0,0,98.48296237345087
2024-06-30,DMA_020,22.975630310449542,0,1,98.1520099592451
2024-06-30,DMA_021,24.98489692137869,0,0,99.76673738149671
2024-06-30,DMA_022,36.999036798769,0,0,99.19774002820192
2024-06-30,DMA_023,27.725136639022413,0,0,96.92563067639541
2024-06-30,DMA_024,37.23970111939458,0,0,100.54295080956153
2024-06-30,DMA_025,38.29942856850476,0,0,95.0171359333988
2024-06-30,DMA_026,25.9376336677741,0,1,102.36864004265549
2024-06-30,DMA_027,37.56413323634692,0,0,102.47502414057489
2024-06-30,DMA_028,26.3580308053073,0,1,100.05400925517985
2024-06-30,DMA_029,40.4105068514987,0,0,98.21667626076487
2024-06-30,DMA_030,26.002285627960955,0,0,96.46761778573776
2024-06-30,DMA_031,25.30115640286993,0,0,101.8137128455007
2024-06-30,DMA_032,19.91102282579123,0,1,102.00182917373918
2024-06-30,DMA_033,38.12614438943641,0,0,99.05400269204877
2024-06-30,DMA_034,33.383694973219235,0,1,99.00890509711445
2024-06-30,DMA_035,28.195012533123887,0,0,104.94719611245328
2024-06-30,DMA_036,24.830889439310035,0,0,99.72854478741752
2024-06-30,DMA_037,32.78743795443968,0,0,96.17347297735128
2024-06-30,DMA_038,32.828450434733696,0,0,97.32644461351885
2024-06-30,DMA_039,32.86519615270122,0,0,98.25712580631198
2024-06-30,DMA_040,38.606404745434006,0,0,96.80649739340576
2024-06-30,DMA_041,25.697402993650705,0,0,98.56312705256167
2024-06-30,DMA_042,20.96450789055071,0,0,105.12355305490418
2024-06-30,DMA_043,37.333668196446716,0,0,100.72583611757486
2024-06-30,DMA_044,28.21934102421795,0,1,102.01990530697526
2024-06-30,DMA_045,15.229330037933183,0,0,100.6273005862161
2024-06-30,DMA_046,34.21390133408419,0,0,97.43829702074927
2024-06-30,DMA_047,26.376890139378563,0,0,101.43837817715959
2024-06-30,DMA_048,31.520889313583844,0,0,99.09721585473302
2024-06-30,DMA_049,23.042865653348606,0,0,101.0227136421501
2024-06-30,DMA_050,28.718688225906746,0,0,100.60579520267794
2024-06-30,DMA_051,33.72905334307622,0,0,102.48787388197948
2024-06-30,DMA_052,34.94758695086438,0,0,103.58236180473197
2024-06-30,DMA_053,38.47963510769126,0,0,98.57787641868522
2024-06-30,DMA_054,38.624026376770345,0,0,100.29221016192396
2024-06-30,DMA_055,35.218332116593956,0,0,102.52075445416598
2024-06-30,DMA_056,15.852366280896378,0,0,101.49425537335824
2024-06-30,DMA_057,24.881260601341516,0,0,99.25144694146917
2024-06-30,DMA_058,27.741539518862574,0,0,101.77221680391375
2024-06-30,DMA_059,38.37963978278286,0,0,101.19755440095729
2024-06-30,DMA_060,21.95725324349067,0,0,100.42182195262632
2024-06-30,DMA_061,20.202755453349262,0,0,99.37106605465648
2024-06-30,DMA_062,33.83457256105997,0,0,103.94975000715071
2024-06-30,DMA_063,22.379780402512598,0,0,100.12600594562173
2024-06-30,DMA_064,32.85705725439387,0,0,99.5698108497601
2024-06-30,DMA_065,36.385345072646935,0,0,99.15883690480992
2024-06-30,DMA_066,29.61288721278192,0,0,98.75733880861542
2024-06-30,DMA_067,28.95102010719752,0,0,102.08250314401747
2024-06-30,DMA_068,35.77369315257734,0,0,98.168838281076
2024-06-30,DMA_069,24.58148826100479,0,0,100.84519782271597
2024-06-30,DMA_070,22.835935020983797,0,0,99.68178812713701
2024-06-30,DMA_071,38.87231528826872,0,1,99.81976981049196
2024-06-30,DMA_072,26.420213326275675,0,0,99.69801224816158
2024-06-30,DMA_073,35.88617730262207,0,0,99.53744085419775
2024-06-30,DMA_074,16.428978085995876,0,0,99.60108336963192
2024-06-30,DMA_075,27.279227172211225,0,0,101.08187705695985
2024-06-30,DMA_076,25.259906315932106,0,0,102.00766658979968
2024-06-30,DMA_077,28.217532998549164,0,0,100.44831248013419
2024-06-30,DMA_078,26.97102222186558,0,0,101.08263239416334
2024-06-30,DMA_079,27.77706563152889,0,0,97.97188641394402
2024-06-30,DMA_080,36.91586050664468,0,0,98.74295295728695
2024-06-30,DMA_081,29.982698925183925,0,0,99.21162397810849
2024-06-30,DMA_082,38.271658983522876,0,0,99.47024803338167
2024-06-30,DMA_083,27.554275407554965,0,0,98.445202196411
2024-06-30,DMA_084,31.456446884350765,0,0,101.30170402182226
2024-06-30,DMA_085,31.951878004111265,0,0,97.71273432016433
2024-06-30,DMA_086,31.41210052185383,0,0,99.15436045549485
2024-06-30,DMA_087,30.234577459140798,0,0,100.78015506910843
2024-06-30,DMA_088,33.917744640016785,0,0,101.01505525185362
2024-06-30,DMA_089,35.16440541783061,0,1,101.86408603747762
2024-06-30,DMA_090,33.90250704906122,0,0,101.39717509116659
2024-06-30,DMA_091,31.76353340782682,0,0,97.22520838832685
2024-06-30,DMA_092,25.350068553960973,0,0,102.53450285748843
2024-06-30,DMA_093,32.27434501112827,0,0,97.87500162424594
2024-06-30,DMA_094,30.06563458264059,0,0,99.81584805457501
2024-06-30,DMA_095,21.228390905019353,0,1,101.53309254558552
2024-06-30,DMA_096,35.45720741816694,0,0,104.62296334153143
2024-06-30,DMA_097,33.95477079984697,0,0,100.04245099413282
2024-06-30,DMA_098,29.27689704525512,0,0,102.21453728930955
2024-06-30,DMA_099,21.35451054557953,0,0,99.73295790289629
2024-06-30,DMA_100,27.2673286945289,0,0,100.63038307515465
2024-06-30,DMA_101,41.884102879715385,0,0,101.01314378353862
2024-06-30,DMA_102,31.43547739080673,0,0,99.78427115089498
2024-06-30,DMA_103,33.635423588056916,0,0,101.13974440247033
2024-06-30,DMA_104,34.72296713982926,0,0,101.37855242258607
2024-06-30,DMA_105,23.56225439517185,0,0,97.45529165489083
2024-06-30,DMA_106,24.644156067127703,0,0,97.07642643315168
2024-06-30,DMA_107,25.06145303609766,0,0,104.71389291908989
2024-06-30,DMA_108,23.08357221449028,0,0,101.31618997528477
2024-06-30,DMA_109,30.32520653965108,0,0,99.31721243684737
2024-06-30,DMA_110,26.338872862351685,0,0,97.98468948373558
2024-06-30,DMA_111,28.522038822257045,0,0,96.16355847315361
2024-06-30,DMA_112,28.040793939479443,0,0,98.5037072236856
2024-06-30,DMA_113,30.875646098194455,0,0,97.92753052574176
2024-06-30,DMA_114,29.35693384605655,0,0,101.99622899859278
2024-06-30,DMA_115,27.014645251148146,0,1,101.74075079106844
2024-06-30,DMA_116,24.609594688248222,0,1,99.58383490027404
2024-06-30,DMA_117,38.30920179141936,0,0,103.00803719232366
2024-06-30,DMA_118,30.26915903825677,0,0,98.35654046435694
2024-06-30,DMA_119,22.194493689132884,0,0,98.37249695654013
2024-06-30,DMA_120,34.027764501761986,0,0,101.00902938792106
2024-06-30,DMA_121,15.569711012313192,0,0,99.41279562403271
2024-06-30,DMA_122,30.280337602643783,0,0,98.41510047187096
2024-06-30,DMA_123,30.64307723161994,0,0,99.33224943925296
2024-06-30,DMA_124,29.236882340993436,0,1,103.2491299241576
2024-06-30,DMA_125,33.92987740537517,0,0,100.85166563865513
2024-06-30,DMA_126,33.07274479694717,0,0,98.21456076216256
2024-06-30,DMA_127,31.167359131835145,0,0,98.41062723172953
2024-06-30,DMA_128,27.198255370695023,0,0,102.73439589579529
2024-06-30,DMA_129,37.1319671372678,0,0,100.13588228067935
2024-06-30,DMA_130,22.52636945181731,0,0,98.88756936337658
2024-06-30,DMA_131,30.717660973135704,0,0,98.13400043651988
2024-06-30,DMA_132,21.526449643302602,0,0,97.45132055206967
2024-06-30,DMA_133,32.001338694866,0,0,100.31975833914257
2024-06-30,DMA_134,30.98980180634608,0,0,99.21428991526878
2024-06-30,DMA_135,41.46703922948346,0,0,95.08545824266072
2024-06-30,DMA_136,23.223426098321127,0,0,101.9884827303869
2024-06-30,DMA_137,25.522084727366718,0,0,97.57816764982788
2024-06-30,DMA_138,18.926933537668518,0,0,98.34161240970681
2024-06-30,DMA_139,27.57154369987429,0,0,97.02563820108655
2024-06-30,DMA_140,33.01499939895383,0,0,98.36309100880352
2024-06-30,DMA_141,31.21767538868652,0,0,96.90996882168672
2024-06-30,DMA_142,28.63206158335303,0,0,101.82377739818708
2024-06-30,DMA_143,37.08434299371804,0,0,100.04169229108818
2024-06-30,DMA_144,37.64423847663149,0,0,98.61596866379679
2024-06-30,DMA_145,19.80182034106512,0,1,98.28419435618218
2024-06-30,DMA_146,33.0504428555901,0,0,101.33637057338706
2024-06-30,DMA_147,36.85959638013326,0,0,100.60714997437245
2024-06-30,DMA_148,27.93903248459272,0,1,98.7019476248996
2024-06-30,DMA_149,37.3196263415548,0,0,96.31667926267937
2024-06-30,DMA_150,29.404096271925038,0,0,101.30589654888021
2024-07-07,DMA_001,32.802458288449564,0,0,99.29389645154826
2024-07-07,DMA_002,22.064782535705934,0,1,102.29849663612124
2024-07-07,DMA_003,26.114255669324177,0,0,100.76867964596006
2024-07-07,DMA_004,38.46130331036986,0,0,97.37597043213152
2024-07-07,DMA_005,41.864016524696154,0,0,96.56754178391057
2024-07-07,DMA_006,39.80883776726805,0,0,96.61780114864736
2024-07-07,DMA_007,31.325994111553307,0,0,98.83331245593395
2024-07-07,DMA_008,28.22227211851099,0,0,101.17109685660374
2024-07-07,DMA_009,36.289863394270995,0,0,99.57616589798617
2024-07-07,DMA_010,28.430190354968406,0,0,99.1650437122682
2024-07-07,DMA_011,32.419209138982126,0,0,98.98147311917498
2024-07-07,DMA_012,29.26802304459231,0,0,100.64989184006161
2024-07-07,DMA_013,34.56281426930124,0,0,97.23424260267119
2024-07-07,DMA_014,28.96550606776618,0,0,99.80021684292713
2024-07-07,DMA_015,27.504476754674737,0,0,99.95038747444596
2024-07-07,DMA_016,24.66884596655001,0,0,102.8111017614276
2024-07-07,DMA_017,36.85056802076657,0,1,100.36794388314449
2024-07-07,DMA_018,27.043703002295633,0,0,99.49049832922782
2024-07-07,DMA_019,27.236149307180334,0,0,102.44010158406188
2024-07-07,DMA_020,37.05081403656443,0,0,102.33764050158219
2024-07-07,DMA_021,39.01249060107923,0,0,96.83645250887534
2024-07-07,DMA_022,37.508237500787985,0,0,100.94020827659388
2024-07-07,DMA_023,43.557455207254876,0,0,98.18311788318327
2024-07-07,DMA_024,26.95292358571721,0,0,97.26488966321642
2024-07-07,DMA_025,31.635692087701887,0,0,99.05112623804507
2024-07-07,DMA_026,24.73976599164947,0,0,100.87857491513613
2024-07-07,DMA_027,29.39960354196884,0,0,98.96723603808906
2024-07-07,DMA_028,26.156825237562487,0,0,96.16010565485466
2024-07-07,DMA_029,31.997611507271433,0,0,99.0034286053075
2024-07-07,DMA_030,36.024772725176675,0,0,97.55572458905698
2024-07-07,DMA_031,23.554945341960266,0,0,98.61950390478799
2024-07-07,DMA_032,29.825504399076845,0,0,100.40388654035868
2024-07-07,DMA_033,29.080964729746253,0,0,99.00539623882817
2024-07-07,DMA_034,23.361024691709595,0,0,103.46976227890596
2024-07-07,DMA_035,32.96198867350141,0,1,100.36051200728899
2024-07-07,DMA_036,28.259964625110303,0,0,98.91741872548332
2024-07-07,DMA_037,26.03040159810098,0,0,99.82959998891744
2024-07-07,DMA_038,33.492970815145924,0,1,97.57288685450396
2024-07-07,DMA_039,27.837855175153347,0,0,97.27602114957459
2024-07-07,DMA_040,23.327326790087135,0,0,101.02652522894196
2024-07-07,DMA_041,34.97657749043229,0,0,97.93263877538165
2024-07-07,DMA_042,33.406634236127644,0,0,99.49688014146686
2024-07-07,DMA_043,21.47442355062754,0,1,97.70567122586442
2024-07-07,DMA_044,28.446401596189105,0,0,102.2549327390338
2024-07-07,DMA_045,26.60909351733582,0,0,96.189760466144
2024-07-07,DMA_046,22.420701993840762,0,0,97.46272141687946
2024-07-07,DMA_047,20.119489150438568,0,1,102.5402355750342
2024-07-07,DMA_048,29.011039306377857,0,0,99.44143845694548
2024-07-07,DMA_049,23.83490767806628,0,1,102.53867700511661
2024-07-07,DMA_050,32.534368518198356,0,0,99.270608458811
2024-07-07,DMA_051,29.66107735922478,0,0,95.39048157952045
2024-07-07,DMA_052,33.37285860328795,0,0,94.41584140206429
2024-07-07,DMA_053,37.97035080432864,0,0,103.09499779370161
2024-07-07,DMA_054,38.06583974711977,0,0,98.26328254676558
2024-07-07,DMA_055,18.031079971692016,0,0,97.50392429083989
2024-07-07,DMA_056,24.901666477869306,0,0,99.6457695320204
2024-07-07,DMA_057,32.01637474108733,0,0,98.60271663645756
2024-07-07,DMA_058,34.5099316797332,0,0,101.31990204874985
2024-07-07,DMA_059,39.37666581064447,0,0,104.4749841818242
2024-07-07,DMA_060,19.44488847582149,0,0,98.56768102695294
2024-07-07,DMA_061,34.57712818565475,0,0,98.5737608232856
2024-07-07,DMA_062,33.324179877451975,0,0,94.07530001471996
2024-07-07,DMA_063,25.496976417315082,0,0,102.72595416061631
2024-07-07,DMA_064,43.71602296422461,0,0,99.37490829585921
2024-07-07,DMA_065,28.64448691188666,0,0,96.6943012742691
2024-07-07,DMA_066,33.559331184247455,0,0,97.72395995032926
2024-07-07,DMA_067,25.11407729917933,0,0,101.24671126330534
2024-07-07,DMA_068,30.082388016411926,0,0,95.81630499728837
2024-07-07,DMA_069,18.45143292508343,0,0,97.44754508176685
2024-07-07,DMA_070,36.410143799852285,0,0,97.52902996051375
2024-07-07,DMA_071,33.32090190269649,0,0,97.70447794158343
2024-07-07,DMA_072,38.82933047799125,0,0,97.82030724099356
2024-07-07,DMA_073,33.53565933532473,0,0,100.99993992886421
2024-07-07,DMA_074,28.39150441536785,0,0,100.63720482879125
2024-07-07,DMA_075,34.17869310845609,0,0,100.9590906141175
2024-07-07,DMA_076,37.47572701345072,0,1,98.27719338027586
2024-07-07,DMA_077,29.07923176717563,0,0,94.32729729653286
2024-07-07,DMA_078,31.68036948478839,0,0,103.98322782964698
2024-07-07,DMA_079,22.733849385848757,0,0,96.26447758759781
2024-07-07,DMA_080,18.085340172754645,0,0,101.6050528878346
2024-07-07,DMA_081,24.673456741344612,0,0,98.7492572075393
2024-07-07,DMA_082,25.21768268047991,0,1,98.73815178202209
2024-07-07,DMA_083,27.050958722793077,0,0,100.17181427361434
2024-07-07,DMA_084,30.231121134504672,0,1,96.53184346778221
2024-07-07,DMA_085,37.00867514053361,0,1,101.05877289137642
2024-07-07,DMA_086,20.575160208081947,0,0,97.6086486420241
2024-07-07,DMA_087,28.465869169698898,0,1,99.35799662597165
2024-07-07,DMA_088,30.73492223459939,0,0,99.55123767496843
2024-07-07,DMA_089,33.15648854918447,0,0,100.36787642896998
2024-07-07,DMA_090,22.303042253340706,0,0,99.51650833839139
2024-07-07,DMA_091,35.836976017913855,0,0,98.20196060487218
2024-07-07,DMA_092,24.557950871269068,0,1,101.25305849804018
2024-07-07,DMA_093,33.20668568532007,0,1,100.81639450978057
2024-07-07,DMA_094,31.49894312447597,0,0,100.57981845146801
2024-07-07,DMA_095,27.159453820107423,0,0,97.60739362739628
2024-07-07,DMA_096,30.02132514228332,0,0,96.45179516552889
2024-07-07,DMA_097,29.04308886747784,0,0,97.76089497891094
2024-07-07,DMA_098,33.439610034843575,0,0,101.00229002549484
2024-07-07,DMA_099,28.37025758393924,0,0,97.92600166432958
2024-07-07,DMA_100,32.44895875540942,0,0,100.19883955676148
2024-07-07,DMA_101,30.938184964472985,0,0,97.45681957117135
2024-07-07,DMA_102,21.94596593506533,0,0,99.63944679672544
2024-07-07,DMA_103,35.04382109632653,0,0,96.85127875908503
2024-07-07,DMA_104,30.209030270855482,0,0,98.60790028812362
2024-07-07,DMA_105,31.592193620352933,0,0,99.10273230484563
2024-07-07,DMA_106,32.29037472391341,0,0,101.72649877681252
2024-07-07,DMA_107,27.151805386019117,0,0,98.60013521178294
2024-07-07,DMA_108,27.24685229643808,0,0,100.50626768636845
2024-07-07,DMA_109,38.593307636447136,0,0,102.21587547981774
2024-07-07,DMA_110,20.908065343103015,0,0,95.42047780371806
2024-07-07,DMA_111,41.1355191991657,0,0,97.3890062273922
2024-07-07,DMA_112,32.39344111018882,0,0,97.25123802101848
2024-07-07,DMA_113,38.39465158342903,0,0,97.35534687254669
2024-07-07,DMA_114,27.45363838047255,0,0,99.04821250792854
2024-07-07,DMA_115,28.730273413855684,0,0,104.65667961853639
2024-07-07,DMA_116,37.857569597545435,0,0,98.52309643682668
2024-07-07,DMA_117,31.248077017200966,0,0,102.47727120874383
2024-07-07,DMA_118,29.47447563866563,0,0,97.26924364088613
2024-07-07,DMA_119,28.886564257428628,0,0,96.83372072688054
2024-07-07,DMA_120,31.748204853191467,0,0,98.45194555356302
2024-07-07,DMA_121,31.674785501533336,0,0,101.5376296718117
2024-07-07,DMA_122,36.178939205012576,0,0,96.86062575302599
2024-07-07,DMA_123,33.49737589387849,0,1,101.95071179949919
2024-07-07,DMA_124,32.25507488760861,0,0,95.81817567845698
2024-07-07,DMA_125,30.32563625857171,0,1,101.01573930548305
2024-07-07,DMA_126,22.80483998432663,0,1,99.50354988087159
2024-07-07,DMA_127,28.587117391305238,0,1,100.14722731315655
2024-07-07,DMA_128,33.893255415716524,0,0,98.15231730145456
2024-07-07,DMA_129,27.777198342616117,0,0,100.85090764492928
2024-07-07,DMA_130,34.17707030829979,0,1,100.6169793397393
2024-07-07,DMA_131,30.359964220221126,0,0,99.78543080400527
2024-07-07,DMA_132,32.15264226021024,0,0,99.58700687893761
2024-07-07,DMA_133,20.873992201488768,0,1,100.34296542474235
2024-07-07,DMA_134,32.82338258608983,0,0,95.48573523049546
2024-07-07,DMA_135,30.132551286324937,0,0,98.04522364818062
2024-07-07,DMA_136,25.82999074813175,0,0,98.18972755119788
2024-07-07,DMA_137,25.686626592635662,0,0,99.90638555864889
2024-07-07,DMA_138,24.444140724449497,0,0,102.64274372070896
2024-07-07,DMA_139,28.24539340426255,0,0,98.84456350538909
2024-07-07,DMA_140,23.769268152883413,0,0,99.51854764543693
2024-07-07,DMA_141,23.28432238429701,0,0,100.884231348463
2024-07-07,DMA_142,24.88173538910204,0,0,98.77557854431052
2024-07-07,DMA_143,27.826941138473572,0,1,102.11816383974461
2024-07-07,DMA_144,26.241458170414813,0,0,96.54788735161321
2024-07-07,DMA_145,22.096572601871237,0,0,100.00125105445642
2024-07-07,DMA_146,26.894779111091516,0,0,102.03218437059793
2024-07-07,DMA_147,25.914259364130885,0,0,100.13007788880009
2024-07-07,DMA_148,24.662341919423966,0,0,103.35778652165007
2024-07-07,DMA_149,17.25862987533086,0,1,102.35267699102037
2024-07-07,DMA_150,29.619153510550255,0,0,98.95613958292768
2024-07-14,DMA_001,24.79797085197622,0,0,99.2214881614739
2024-07-14,DMA_002,34.844782707421885,0,0,98.82388331454368
2024-07-14,DMA_003,16.026660530511283,0,1,95.47068936917519
2024-07-14,DMA_004,36.70990386144769,0,0,97.7410063047237
2024-07-14,DMA_005,26.192867355017658,0,0,100.26377174068632
2024-07-14,DMA_006,33.718344329346834,0,0,102.48836766654486
2024-07-14,DMA_007,39.3363049698696,0,0,100.67339173454137
2024-07-14,DMA_008,36.455940103329574,0,0,100.13124772424757
2024-07-14,DMA_009,27.985616336921073,0,0,99.33476207464304
2024-07-14,DMA_010,22.678137476957758,0,0,102.21297468068892
2024-07-14,DMA_011,23.427446444418017,0,1,104.56897210517218
2024-07-14,DMA_012,34.92520067778147,0,0,97.08375135023694
2024-07-14,DMA_013,41.875723185041885,0,0,101.85875591261257
2024-07-14,DMA_014,29.275554772479847,0,0,100.44537608451304
2024-07-14,DMA_015,41.1570038914006,0,0,100.27029034838888
2024-07-14,DMA_016,30.09439759351384,0,0,100.93290274715326
2024-07-14,DMA_017,24.207165882635667,0,0,98.4575541610206
2024-07-14,DMA_018,20.202973560600224,0,0,98.7981211556064
2024-07-14,DMA_019,35.83622302523551,0,0,98.18447601478161
2024-07-14,DMA_020,47.361724142126256,0,0,103.11701958321952
2024-07-14,DMA_021,25.838450471745556,0,1,100.59373232859654
2024-07-14,DMA_022,20.6337180924707,0,0,95.48634765255892
2024-07-14,DMA_023,28.251773992788564,0,0,101.50518529763177
2024-07-14,DMA_024,22.445147190000554,0,1,97.19632891989136
2024-07-14,DMA_025,30.14048777583736,0,0,94.20715954313734
2024-07-14,DMA_026,33.66444486091761,0,0,100.26893345761889
2024-07-14,DMA_027,41.941183327948586,0,0,100.80381081309753
2024-07-14,DMA_028,35.75788586894354,0,0,99.35523609336312
2024-07-14,DMA_029,23.74343297149134,0,0,99.12926131947653
2024-07-14,DMA_030,27.33986345469667,0,0,96.97852862548565
2024-07-14,DMA_031,25.442712832870654,0,1,99.71765545650244
2024-07-14,DMA_032,33.754146157273816,0,0,98.67747936814555
2024-07-14,DMA_033,45.54426625639391,0,0,97.85977471891697
2024-07-14,DMA_034,31.63591485258805,0,0,97.64156439509266
2024-07-14,DMA_035,20.530910692822665,0,0,100.03023777496462
2024-07-14,DMA_036,24.228318589614158,0,0,97.22369815526794
2024-07-14,DMA_037,36.78266885307703,0,0,98.40726654233576
2024-07-14,DMA_038,23.829770183196512,0,0,98.93345506834261
2024-07-14,DMA_039,22.41264838155599,0,0,97.77066741640202
2024-07-14,DMA_040,27.98090099883367,0,0,100.04023653838536
2024-07-14,DMA_041,26.239935374544896,0,0,98.2837069547661
2024-07-14,DMA_042,30.909832178921356,0,0,98.93958945904313
2024-07-14,DMA_043,32.89941605049778,0,1,95.64950717385543
2024-07-14,DMA_044,28.228552054891598,0,0,98.90944734324889
2024-07-14,DMA_045,16.290925733224505,0,0,94.67226966704706
2024-07-14,DMA_046,28.560984378070003,0,0,99.01062637197037
2024-07-14,DMA_047,25.74120522405502,0,1,97.96204434612187
2024-07-14,DMA_048,28.430673282323315,0,0,98.20199019183106
2024-07-14,DMA_049,23.853665686054068,0,1,99.83115824365603
2024-07-14,DMA_050,26.79062220898632,0,0,98.01287495141753
2024-07-14,DMA_051,22.676664014910124,0,0,95.64929811127999
2024-07-14,DMA_052,34.11451643821162,0,0,97.84284588772034
2024-07-14,DMA_053,26.127488173322256,0,1,95.66104492305803
2024-07-14,DMA_054,15.496912308109563,0,0,99.05459543796411
2024-07-14,DMA_055,43.14099314710623,0,0,100.09855531269054
2024-07-14,DMA_056,35.0083640319259,0,0,95.50013906355902
2024-07-14,DMA_057,28.103255367001985,0,1,99.74467541447757
2024-07-14,DMA_058,31.0240102670082,0,0,96.55747558505846
2024-07-14,DMA_059,26.3842197710634,0,1,97.56520344930314
2024-07-14,DMA_060,33.113480643429725,0,0,97.92067848154626
2024-07-14,DMA_061,27.096139182084283,0,0,101.16172459626438
2024-07-14,DMA_062,28.984238214839948,0,0,97.54316244169955
2024-07-14,DMA_063,28.243826721960513,0,1,99.51196409187999
2024-07-14,DMA_064,28.60639678774636,0,0,101.52341856286233
2024-07-14,DMA_065,34.94957638071022,0,0,99.825208547369
2024-07-14,DMA_066,35.533264494759365,0,0,98.91746164071508
2024-07-14,DMA_067,37.671466522742975,0,0,98.63934184031179
2024-07-14,DMA_068,32.14140962208463,0,0,97.19691497157073
2024-07-14,DMA_069,22.27759027049313,0,0,99.96952340238823
2024-07-14,DMA_070,41.56701336417677,0,1,98.78583277718064
2024-07-14,DMA_071,30.94779416079551,0,0,99.07846222524643
2024-07-14,DMA_072,33.94494473938178,0,0,99.21291306548127
2024-07-14,DMA_073,21.735877958410157,0,0,98.02642331367842
2024-07-14,DMA_074,37.49437677921627,0,0,104.76888792563848
2024-07-14,DMA_075,27.407397304174157,0,0,99.26728816878965
2024-07-14,DMA_076,20.57555109327192,0,1,97.33375827727932
2024-07-14,DMA_077,31.62435061403314,0,0,97.05820727418374
2024-07-14,DMA_078,37.434956306638355,0,0,98.88803517039742
2024-07-14,DMA_079,35.505460216665924,0,0,99.78954181166365
2024-07-14,DMA_080,20.34756724857942,0,0,99.3739901325888
2024-07-14,DMA_081,32.66134386680679,0,0,99.55503851943804
2024-07-14,DMA_082,21.14211719710329,0,0,99.44601195986436
2024-07-14,DMA_083,30.321137299049656,0,0,98.93091205506842
2024-07-14,DMA_084,21.664824834323955,0,0,99.06020890878133
2024-07-14,DMA_085,27.226430094729626,0,0,99.45989334244142
2024-07-14,DMA_086,30.50131280073585,0,1,99.14504566574112
2024-07-14,DMA_087,30.479967114239887,0,1,100.9498545286847
2024-07-14,DMA_088,33.07129686778437,0,0,102.51418949021104
2024-07-14,DMA_089,29.466640620041936,0,0,99.38232909205077
2024-07-14,DMA_090,24.79243271005403,0,0,98.09817994463167
2024-07-14,DMA_091,23.263731701848265,0,0,100.35829904123146
2024-07-14,DMA_092,42.02256447326486,0,0,97.97578931781254
2024-07-14,DMA_093,21.484958919079382,0,0,97.76612102608172
2024-07-14,DMA_094,32.92079474522497,0,0,97.44072205728892
2024-07-14,DMA_095,18.25000223051555,0,0,97.78482698172056
2024-07-14,DMA_096,35.27797981059935,0,0,97.76390394181088
2024-07-14,DMA_097,22.785781587100793,0,0,101.8697397786344
2024-07-14,DMA_098,42.49161311588925,0,1,98.84019137619543
2024-07-14,DMA_099,33.95092436902745,0,0,100.69940519290662
2024-07-14,DMA_100,31.075542522607567,0,0,97.98532477427194
2024-07-14,DMA_101,32.00971740739261,0,0,100.95867971496584
2024-07-14,DMA_102,31.724260399588633,0,0,96.67236487645273
2024-07-14,DMA_103,25.34052513952748,0,1,102.18930589110045
2024-07-14,DMA_104,27.00703261467479,0,0,100.73402556164007
2024-07-14,DMA_105,27.160019552248016,0,0,97.12354748285667
2024-07-14,DMA_106,31.619555794948212,0,0,98.3776034007381
2024-07-14,DMA_107,24.861621668175154,0,0,96.58382025168144
2024-07-14,DMA_108,28.12802552245397,0,0,95.08281720861162
2024-07-14,DMA_109,28.8735523892452,0,0,98.47856913937765
2024-07-14,DMA_110,28.670148720671936,0,0,100.63247967527998
2024-07-14,DMA_111,45.62967273223552,0,0,95.6331962512976
2024-07-14,DMA_112,19.497511512189753,0,0,96.35917491991862
2024-07-14,DMA_113,29.482742113015426,0,0,95.11911278817459
2024-07-14,DMA_114,31.871534775998693,0,0,100.47740497676094
2024-07-14,DMA_115,24.204822921131896,0,0,101.8731098136189
2024-07-14,DMA_116,33.198634313753026,0,0,98.90214391298176
2024-07-14,DMA_117,28.015608587434528,0,0,99.27535647373591
2024-07-14,DMA_118,19.012142534104285,0,0,98.83884468802592
2024-07-14,DMA_119,36.784030950533015,0,0,98.09016458605528
2024-07-14,DMA_120,25.17590203793447,0,0,99.28566588485084
2024-07-14,DMA_121,35.10415797349861,0,0,97.90969649341257
2024-07-14,DMA_122,27.508120248301577,0,0,98.96414648084902
2024-07-14,DMA_123,33.7927437455982,0,0,100.05315117783417
2024-07-14,DMA_124,29.25185567141896,0,0,101.16618900267704
2024-07-14,DMA_125,34.5799185336133,0,0,96.2547643395952
2024-07-14,DMA_126,36.91097592949781,0,0,97.13468168746844
2024-07-14,DMA_127,22.58374451755137,0,0,97.29990910867375
2024-07-14,DMA_128,17.366760368000456,0,0,97.29621715127054
2024-07-14,DMA_129,25.902158710688912,0,0,98.87217644597206
2024-07-14,DMA_130,36.501702557797884,0,0,99.78837251022932
2024-07-14,DMA_131,18.371204994893514,0,0,99.26284969040711
2024-07-14,DMA_132,41.93551709741489,0,0,97.75390612729639
2024-07-14,DMA_133,29.448071921199293,0,0,98.67342843190231
2024-07-14,DMA_134,31.18410609752175,0,0,96.9109198633064
2024-07-14,DMA_135,23.832981152455297,0,0,100.75520588892401
2024-07-14,DMA_136,34.70458233367305,0,0,96.74273815250359
2024-07-14,DMA_137,22.59732008489451,0,0,99.79415903504251
2024-07-14,DMA_138,31.479810191924006,0,0,98.12638487499318
2024-07-14,DMA_139,34.27634844798071,0,0,95.10371737426296
2024-07-14,DMA_140,30.905130567008595,0,0,101.47864899436821
2024-07-14,DMA_141,30.544108198851557,0,0,99.50354147876929
2024-07-14,DMA_142,31.182393804561393,0,0,97.60416021285575
2024-07-14,DMA_143,31.312182657643046,0,1,96.14089970256052
2024-07-14,DMA_144,29.337274667536157,0,1,100.964079554667
2024-07-14,DMA_145,27.88782025744235,0,1,95.76704523378496
2024-07-14,DMA_146,39.17964251438726,0,0,97.61503533210336
2024-07-14,DMA_147,32.454350336662124,0,0,98.60777221016185
2024-07-14,DMA_148,36.307784089184814,0,1,100.25625888340872
2024-07-14,DMA_149,35.89964693544694,0,0,99.94919363151438
2024-07-14,DMA_150,19.616422809963787,0,0,98.38362662138408
2024-07-21,DMA_001,30.56623880642482,0,0,100.18613633449552
2024-07-21,DMA_002,30.090068931606208,0,1,97.41239141002491
2024-07-21,DMA_003,19.286324369987923,0,1,95.6789682720375
2024-07-21,DMA_004,23.102297440309897,0,0,98.70867200375965
2024-07-21,DMA_005,27.525358590547434,0,1,96.38883607816103
2024-07-21,DMA_006,37.99473077067439,0,0,100.60007648020292
2024-07-21,DMA_007,26.46386270592783,0,0,95.58500853806318
2024-07-21,DMA_008,42.692809994002545,0,0,99.36314825698756
2024-07-21,DMA_009,33.3791026292601,0,0,95.90477870586568
2024-07-21,DMA_010,39.27248251489399,0,0,101.45653031592761
2024-07-21,DMA_011,33.54042492256725,0,0,97.2689114872412
2024-07-21,DMA_012,37.037006892180166,0,1,98.01092743622846
2024-07-21,DMA_013,26.008318519388535,0,0,102.42841184441212
2024-07-21,DMA_014,23.35706650460421,0,0,98.64150402738906
2024-07-21,DMA_015,35.86222170972805,0,0,96.09172422691702
2024-07-21,DMA_016,26.726527950446354,0,1,100.32969080432808
2024-07-21,DMA_017,28.824990127644387,0,0,99.14708306178846
2024-07-21,DMA_018,30.201930055286805,0,0,100.8787417356954
2024-07-21,DMA_019,34.400265814617285,0,0,96.19205275876901
2024-07-21,DMA_020,31.985644592978996,0,0,99.19619660332195
2024-07-21,DMA_021,35.61162915340289,0,1,98.82023102354094
2024-07-21,DMA_022,26.837465098488096,0,0,96.31216909691764
2024-07-21,DMA_023,34.867276673011254,0,0,99.02528697978371
2024-07-21,DMA_024,21.503204884385816,0,0,99.22434521515383
2024-07-21,DMA_025,29.84344057499242,0,0,98.4815571951921
2024-07-21,DMA_026,40.01372431669994,0,0,95.31373157415038
2024-07-21,DMA_027,42.26471971118576,0,0,95.26625530002445
2024-07-21,DMA_028,22.715738089751284,0,0,98.41279981949289
2024-07-21,DMA_029,27.011738015337166,0,0,98.866619662517
2024-07-21,DMA_030,28.13278333954184,0,0,95.20077055128259
2024-07-21,DMA_031,22.315411200880725,0,0,99.02122139131752
2024-07-21,DMA_032,21.188177641432183,0,0,97.18626015589378
2024-07-21,DMA_033,31.802154621039442,0,0,99.37446623793167
2024-07-21,DMA_034,20.782945066360604,0,0,96.60220430094341
2024-07-21,DMA_035,38.336667227424776,0,0,96.30820205214039
2024-07-21,DMA_036,26.296923947424453,0,0,100.91609180240238
2024-07-21,DMA_037,25.040229614281277,0,1,100.70050146410208
2024-07-21,DMA_038,34.26319780785721,0,1,98.04817902882482
2024-07-21,DMA_039,28.809381196953133,0,1,97.99238762720582
2024-07-21,DMA_040,31.058195150059557,0,0,99.858613344504
2024-07-21,DMA_041,27.299232761346214,0,0,96.29290426203242
2024-07-21,DMA_042,31.86748955987743,0,0,101.16537926695904
2024-07-21,DMA_043,31.71060552182772,0,0,98.80946705885924
2024-07-21,DMA_044,31.456362916805425,0,0,100.60586203926553
2024-07-21,DMA_045,27.99676056392608,0,0,94.95598759089073
2024-07-21,DMA_046,30.019853479923704,0,0,100.61069468435531
2024-07-21,DMA_047,39.121512605168235,0,0,98.9849705712325
2024-07-21,DMA_048,21.63982544051589,0,0,98.8867182157209
2024-07-21,DMA_049,37.2592281723672,0,0,97.0487530686505
2024-07-21,DMA_050,21.317886297328357,0,0,98.79344173209513
2024-07-21,DMA_051,30.524473329549277,0,0,96.46090614074265
2024-07-21,DMA_052,32.21586449140249,0,0,99.5776259204334
2024-07-21,DMA_053,40.90906834166069,0,0,100.99366707251092
2024-07-21,DMA_054,35.412801242805415,0,0,100.78967462341421
2024-07-21,DMA_055,27.12603739963484,0,1,100.45806637299857
2024-07-21,DMA_056,31.512638199594427,0,0,100.90623752633012
2024-07-21,DMA_057,34.91342941487018,0,0,100.0785803651682
2024-07-21,DMA_058,25.32421997799465,0,0,97.23875140574961
2024-07-21,DMA_059,33.84075401017954,0,0,98.03131199698984
2024-07-21,DMA_060,28.178387068369787,0,0,99.37790963645257
2024-07-21,DMA_061,33.40072474925853,0,1,95.50522442277185
2024-07-21,DMA_062,34.976210696104175,0,0,96.3450840078728
2024-07-21,DMA_063,26.55624833380329,0,0,97.76968139283717
2024-07-21,DMA_064,31.500080778915553,0,0,98.07171031600235
2024-07-21,DMA_065,35.82957383498569,0,0,100.75734009052557
2024-07-21,DMA_066,21.363893710327815,0,0,98.87561996779068
2024-07-21,DMA_067,28.48648188649638,0,0,100.67415219155276
2024-07-21,DMA_068,28.75569201977254,0,0,99.07962923258259
2024-07-21,DMA_069,31.312664996690113,0,0,96.71818313584649
2024-07-21,DMA_070,29.67561907958244,0,0,96.17492220000996
2024-07-21,DMA_071,27.30133719811721,0,0,100.02806014928096
2024-07-21,DMA_072,33.29453754396834,0,0,96.1109454474573
2024-07-21,DMA_073,18.336266182458417,0,0,98.39661682473181
2024-07-21,DMA_074,40.58806261878976,0,0,97.2823259215712
2024-07-21,DMA_075,29.870161064724506,0,0,101.03594173535033
2024-07-21,DMA_076,26.54379842265827,0,0,100.02904757933405
2024-07-21,DMA_077,28.52497930630032,0,0,97.65767210773424
2024-07-21,DMA_078,23.752431678568435,0,0,98.30058622560529
2024-07-21,DMA_079,28.826186264413742,0,0,96.31959059107271
2024-07-21,DMA_080,30.04909574770791,0,0,98.5474980557378
2024-07-21,DMA_081,38.483037302848246,0,0,98.74514856591506
2024-07-21,DMA_082,32.04353002430409,0,0,101.02247270378405
2024-07-21,DMA_083,29.83720195131433,0,0,96.68093962294537
2024-07-21,DMA_084,23.79764243710682,0,0,99.66833090269702
2024-07-21,DMA_085,34.12658809588186,0,0,98.47119067393378
2024-07-21,DMA_086,31.466233355402192,0,1,99.1434146917297
2024-07-21,DMA_087,41.25357756218364,0,0,98.59824217465584
2024-07-21,DMA_088,27.07799730294923,0,0,95.71654722718309
2024-07-21,DMA_089,21.665380354497543,0,0,97.37303343756518
2024-07-21,DMA_090,35.06443034639876,0,0,96.60190138058734
2024-07-21,DMA_091,29.85046289075861,0,0,96.58533222991474
2024-07-21,DMA_092,28.501966173902634,0,0,95.80839384256141
2024-07-21,DMA_093,30.262839649045365,0,0,96.89578676364687
2024-07-21,DMA_094,31.490734238533935,0,0,96.46631005287877
2024-07-21,DMA_095,14.631398426511087,0,1,100.78298994196746
2024-07-21,DMA_096,31.184290417700073,0,0,98.69836789328163
2024-07-21,DMA_097,35.99409771021873,0,0,99.1891755031837
2024-07-21,DMA_098,32.63747955106377,0,0,98.67633363843633
2024-07-21,DMA_099,23.351191644531053,0,0,96.61104163922765
2024-07-21,DMA_100,21.823457005029496,0,0,100.72675661119308
2024-07-21,DMA_101,27.81178625160112,0,0,95.65078363783829
2024-07-21,DMA_102,32.97344836343518,0,0,96.34084100419693
2024-07-21,DMA_103,29.306449349110103,0,1,99.4056323215997
2024-07-21,DMA_104,26.642112598720402,0,0,96.55246252431178
2024-07-21,DMA_105,40.98212566771035,0,0,97.7068122840912
2024-07-21,DMA_106,37.47364292845978,0,0,92.53207846627025
2024-07-21,DMA_107,36.5761139966995,0,1,97.55246645703376
2024-07-21,DMA_108,34.561646733988674,0,1,99.75317052506556
2024-07-21,DMA_109,29.288679029942017,0,1,97.5857264575136
2024-07-21,DMA_110,33.27094100796785,0,0,95.78532938396287
2024-07-21,DMA_111,38.76184161010272,0,0,96.12875206715493
2024-07-21,DMA_112,23.609324327302623,0,0,95.39283680113313
2024-07-21,DMA_113,23.251732181842875,0,0,99.61049975041729
2024-07-21,DMA_114,40.81096043394795,0,1,96.44987862195734
2024-07-21,DMA_115,37.747752542912764,0,0,99.93234994431532
2024-07-21,DMA_116,18.618383777687797,0,0,100.22057994084817
2024-07-21,DMA_117,33.21630814714242,0,0,98.05958450737334
2024-07-21,DMA_118,31.09479867392956,0,0,95.04262376452537
2024-07-21,DMA_119,33.35997881206719,0,0,99.85344130590384
2024-07-21,DMA_120,33.79542704799866,0,0,96.67748611856734
2024-07-21,DMA_121,38.801651728522145,0,0,97.65802373539897
2024-07-21,DMA_122,24.627362648525065,0,0,100.1851124645593
2024-07-21,DMA_123,35.67809104413363,0,0,97.16611237502885
2024-07-21,DMA_124,26.239120109548924,0,0,101.35512612691757
2024-07-21,DMA_125,28.746461353995763,0,0,99.64193588725517
2024-07-21,DMA_126,33.71518217757933,0,0,95.44532305045976
2024-07-21,DMA_127,41.221011779993816,0,0,98.25059202693821
2024-07-21,DMA_128,31.403255605080485,0,0,98.67542860733184
2024-07-21,DMA_129,24.08626764214807,0,1,98.96066225033442
2024-07-21,DMA_130,30.781802045549103,0,0,98.27251471491834
2024-07-21,DMA_131,30.239830040059935,0,0,99.17469639452464
2024-07-21,DMA_132,24.96049159509736,0,0,101.04381476871255
2024-07-21,DMA_133,29.075912637560428,0,0,99.18516611848574
2024-07-21,DMA_134,38.07560154707545,0,0,97.47205960736227
2024-07-21,DMA_135,24.957198542214144,0,1,97.5973270330008
2024-07-21,DMA_136,37.93448133295997,0,1,99.81379258361316
2024-07-21,DMA_137,25.961725373408957,0,0,96.74046280543925
2024-07-21,DMA_138,39.562596963210346,0,0,99.23884769539075
2024-07-21,DMA_139,28.83163083886073,0,0,94.89704205572555
2024-07-21,DMA_140,30.717745564267794,0,0,98.03841488218684
2024-07-21,DMA_141,26.80817642360589,0,0,97.01564225540376
2024-07-21,DMA_142,30.020560864386248,0,0,99.43781787278955
2024-07-21,DMA_143,26.159260161621724,0,0,101.18888658875004
2024-07-21,DMA_144,37.91604798272344,0,0,99.08037128569273
2024-07-21,DMA_145,30.575460088183213,0,0,98.47966026746158
2024-07-21,DMA_146,24.723822806863637,0,0,100.0197850294497
2024-07-21,DMA_147,33.958625253948384,0,0,96.40410622782096
2024-07-21,DMA_148,33.784063407054276,0,0,98.82838844376764
2024-07-21,DMA_149,31.441645717004018,0,0,98.33062906051266
2024-07-21,DMA_150,28.668367747370898,0,0,98.60277667132983
2024-07-28,DMA_001,34.671318609292015,0,0,101.66120800661497
2024-07-28,DMA_002,39.79034536790401,0,0,96.9490693931751
2024-07-28,DMA_003,41.21036855096065,0,0,97.70362865542562
2024-07-28,DMA_004,36.60611666377873,0,0,99.64178014255504
2024-07-28,DMA_005,29.91310591151537,0,0,95.54575972503429
2024-07-28,DMA_006,42.846938533193054,0,0,98.29359791859768
2024-07-28,DMA_007,33.822879753919835,0,0,97.30871993266047
2024-07-28,DMA_008,26.826940169258616,0,0,98.15811942575345
2024-07-28,DMA_009,24.4862695692091,0,0,93.58073591655278
2024-07-28,DMA_010,34.013685192954384,0,0,97.44078372542658
2024-07-28,DMA_011,36.20747678889621,0,0,97.79815397335392
2024-07-28,DMA_012,30.239535613925106,0,0,98.0019304025567
2024-07-28,DMA_013,23.638718556634025,0,1,99.902728074995
2024-07-28,DMA_014,38.432764420677586,0,1,100.7529391149189
2024-07-28,DMA_015,27.454069800110467,0,0,98.76123616768079
2024-07-28,DMA_016,34.908761750732175,0,0,96.91473130428041
2024-07-28,DMA_017,36.96545600011626,0,0,99.11979416590769
2024-07-28,DMA_018,33.124599450077866,0,0,98.29984553626915
2024-07-28,DMA_019,41.37391397700944,0,0,99.6076742548276
2024-07-28,DMA_020,22.58974556005674,0,0,99.19134943721212
2024-07-28,DMA_021,29.044950342259902,0,1,98.67878221485184
2024-07-28,DMA_022,32.50298000554157,0,0,94.69505033652044
2024-07-28,DMA_023,43.180933628027695,0,0,92.57722459190646
2024-07-28,DMA_024,37.05876988318649,0,0,99.67180978060514
2024-07-28,DMA_025,27.632310547108013,0,0,95.3578635075734
2024-07-28,DMA_026,37.963589911403325,0,0,98.6106826516946
2024-07-28,DMA_027,33.62256010155714,0,0,96.12109822506346
2024-07-28,DMA_028,28.437000615486145,0,0,97.93657345937561
2024-07-28,DMA_029,30.338914817283293,0,0,100.36444599770027
2024-07-28,DMA_030,19.65491414426203,0,0,99.27555521793505
2024-07-28,DMA_031,34.60685817910167,0,0,99.56945208245797
2024-07-28,DMA_032,29.106162988608972,0,0,97.46262706179218
2024-07-28,DMA_033,18.41024489612721,0,0,97.9924508526164
2024-07-28,DMA_034,28.136871033985788,0,0,96.0715021870446
2024-07-28,DMA_035,38.817006811728405,0,1,95.33522384889345
2024-07-28,DMA_036,27.368902100969166,0,0,95.32245286737461
2024-07-28,DMA_037,36.94953810145926,0,1,97.26564182435416
2024-07-28,DMA_038,33.90374297276591,0,0,95.78787777856763
2024-07-28,DMA_039,39.943401084543225,0,0,95.787852942546
2024-07-28,DMA_040,24.11842043675743,0,1,98.81840037923561
2024-07-28,DMA_041,24.61163002643116,0,0,98.88322341741129
2024-07-28,DMA_042,34.275249039024004,0,1,96.38704981215207
2024-07-28,DMA_043,38.06649180442566,0,0,98.90026919289606
2024-07-28,DMA_044,26.70039636372241,0,0,94.69866621284619
2024-07-28,DMA_045,32.08209352400865,0,0,95.8267559995173
2024-07-28,DMA_046,30.753310232020485,0,1,96.37372791431011
2024-07-28,DMA_047,23.802292580753967,0,0,96.26147446401956
2024-07-28,DMA_048,33.6584093042932,0,0,97.20346041974324
2024-07-28,DMA_049,38.02705483210234,0,0,98.23477259251426
2024-07-28,DMA_050,22.999654195204577,0,1,98.07614544957998
2024-07-28,DMA_051,29.36999908678242,0,0,96.0497318850589
2024-07-28,DMA_052,40.47101229453267,0,1,95.69525770147744
2024-07-28,DMA_053,38.772535732766855,0,0,94.71334902253867
2024-07-28,DMA_054,11.497649608149533,0,1,98.0713641431639
2024-07-28,DMA_055,27.90031167070081,0,0,100.05985128453207
2024-07-28,DMA_056,32.25337257926042,0,0,97.44588497092938
2024-07-28,DMA_057,31.582883868737127,0,0,96.14647124819926
2024-07-28,DMA_058,28.24912993004181,0,0,98.74652240378185
2024-07-28,DMA_059,25.841364629176763,0,0,98.60810046794342
2024-07-28,DMA_060,22.779480846241302,0,0,97.30110678340199
2024-07-28,DMA_061,29.18126915796341,0,0,97.17861544450626
2024-07-28,DMA_062,30.13677913921421,0,1,99.13631351751219
2024-07-28,DMA_063,38.13306971266279,0,0,97.15059372707461
2024-07-28,DMA_064,41.38647307161932,0,0,92.16998636640568
2024-07-28,DMA_065,43.44165253418724,0,0,100.47498269371381
2024-07-28,DMA_066,17.797601729276927,0,0,96.42013161808927
2024-07-28,DMA_067,35.50312561404809,0,0,101.028264513065
2024-07-28,DMA_068,30.78962812143584,0,0,96.01816054943743
2024-07-28,DMA_069,26.56739069433515,0,0,98.9017030595941
2024-07-28,DMA_070,37.85819701171759,0,0,100.08386606499235
2024-07-28,DMA_071,35.428465472831874,0,0,100.06124251313433
2024-07-28,DMA_072,23.871852773582987,0,0,97.88182778374865
2024-07-28,DMA_073,33.96134390379952,0,1,96.76572014079613
2024-07-28,DMA_074,28.320662167085295,0,0,97.72499592175147
2024-07-28,DMA_075,34.24214967754442,0,0,97.57557746120072
2024-07-28,DMA_076,32.68593318850191,0,0,94.49358781794105
2024-07-28,DMA_077,34.24698507759203,0,0,96.83937641333772
2024-07-28,DMA_078,39.92702746224188,0,0,98.30798445927891
2024-07-28,DMA_079,29.574513804280656,0,0,100.00725103178007
2024-07-28,DMA_080,35.21669926514569,0,0,99.61276747806386
2024-07-28,DMA_081,32.89088995354525,0,0,99.47047279250457
2024-07-28,DMA_082,27.148652105009834,0,0,98.83337855674453
2024-07-28,DMA_083,37.70945667981342,0,0,98.36607343901504
2024-07-28,DMA_084,29.880646443037175,0,0,95.01023040749747
2024-07-28,DMA_085,38.01633509864312,0,0,93.4090056416047
2024-07-28,DMA_086,39.70291479979009,0,1,95.87559121313103
2024-07-28,DMA_087,29.014201902789036,0,0,97.24358660399939
2024-07-28,DMA_088,38.74740263168948,0,0,96.16783658768999
2024-07-28,DMA_089,37.9360802258218,0,0,95.41244275215442
2024-07-28,DMA_090,44.59896585328039,0,0,96.9664623157864
2024-07-28,DMA_091,36.04128585300545,0,0,97.64510832742658
2024-07-28,DMA_092,34.864436551257185,0,0,93.31648735423268
2024-07-28,DMA_093,25.311032176664767,0,0,96.62902574340858
2024-07-28,DMA_094,19.255232683951434,0,1,98.51265580805975
2024-07-28,DMA_095,28.081985589291072,0,0,99.10283599952102
2024-07-28,DMA_096,33.97047288069975,0,0,98.77558301270588
2024-07-28,DMA_097,15.444244222315344,0,0,99.14974192384234
2024-07-28,DMA_098,32.192631509537996,0,0,98.66731905099476
2024-07-28,DMA_099,35.63147695879391,0,0,98.44515236822869
2024-07-28,DMA_100,25.99484216804695,0,0,102.48122411554938
2024-07-28,DMA_101,37.47378615974487,0,0,100.98670529034759
2024-07-28,DMA_102,28.48728346003721,0,0,98.74570964130969
2024-07-28,DMA_103,30.734339152780215,0,1,99.27112138562698
2024-07-28,DMA_104,42.16119170009799,0,0,98.08860886626307
2024-07-28,DMA_105,31.89656542216513,0,0,99.59947096331263
2024-07-28,DMA_106,44.76931813630098,0,0,95.72277491386099
2024-07-28,DMA_107,20.94655776994449,0,0,96.93305455625756
2024-07-28,DMA_108,25.691551552815138,0,1,96.47975898148879
2024-07-28,DMA_109,31.59135781319975,0,0,96.1935540147106
2024-07-28,DMA_110,28.21970399634254,0,0,96.79146099005105
2024-07-28,DMA_111,36.55227407466316,0,0,98.20377025538936
2024-07-28,DMA_112,33.398559897922325,0,0,100.65522851778579
2024-07-28,DMA_113,31.621091457706225,0,0,99.3904818489187
2024-07-28,DMA_114,24.417773708674424,0,0,94.90920552972743
2024-07-28,DMA_115,15.775805636145122,0,1,98.22983241665864
2024-07-28,DMA_116,28.279951670198006,0,0,98.01391118602899
2024-07-28,DMA_117,36.13480872365435,0,0,98.50693332180386
2024-07-28,DMA_118,47.907290265937775,0,0,95.45457065091139
2024-07-28,DMA_119,31.77369865408642,0,0,97.35536430123864
2024-07-28,DMA_120,35.088494518469474,0,0,98.2621264404082
2024-07-28,DMA_121,22.61538997999125,0,0,95.24213329905038
2024-07-28,DMA_122,41.348552511073144,0,0,97.76633115715649
2024-07-28,DMA_123,31.48007223927292,0,0,96.98534820479453
2024-07-28,DMA_124,32.87946644532342,0,0,96.22821407293982
2024-07-28,DMA_125,38.42125230724172,0,0,95.08126318464998
2024-07-28,DMA_126,29.808542301983582,0,0,99.38861695132508
2024-07-28,DMA_127,23.032015518772745,0,0,96.71614573525557
2024-07-28,DMA_128,31.484580526054717,0,0,96.54220608872176
2024-07-28,DMA_129,25.367636203009248,0,0,101.59796091638529
2024-07-28,DMA_130,30.630862245656754,0,1,99.50333157551393
2024-07-28,DMA_131,33.331839273976215,0,0,101.68586226460437
2024-07-28,DMA_132,35.027713731606305,0,0,96.1443367444774
2024-07-28,DMA_133,31.027947398495417,0,1,98.00550615573674
2024-07-28,DMA_134,35.63892603053813,0,0,94.02489298153942
2024-07-28,DMA_135,25.771002804122183,0,1,96.04129321700455
2024-07-28,DMA_136,33.903824452102356,0,1,97.19589701082087
2024-07-28,DMA_137,32.06727914840496,0,1,94.3393505561156
2024-07-28,DMA_138,34.78600557516182,0,1,98.68482841856674
2024-07-28,DMA_139,42.29440408470531,0,0,96.68867633827695
2024-07-28,DMA_140,31.185065776828317,0,0,95.70365056902544
2024-07-28,DMA_141,32.862739460934364,0,0,97.63470441201369
2024-07-28,DMA_142,29.81486520855359,0,1,98.07984325322265
2024-07-28,DMA_143,17.519085375960948,0,0,98.84241646703464
2024-07-28,DMA_144,23.4656717161048,0,0,96.1138784367879
2024-07-28,DMA_145,37.408120687772715,0,0,95.36652363232353
2024-07-28,DMA_146,25.977934576134903,0,0,95.67125633204097
2024-07-28,DMA_147,30.335683264443162,0,0,94.34950323023014
2024-07-28,DMA_148,32.45923570239683,0,0,95.03247143879825
2024-07-28,DMA_149,31.167347183307893,0,0,98.95186084758204
2024-07-28,DMA_150,30.42093413670407,0,0,94.28781625902863
2024-08-04,DMA_001,32.09544788485419,0,1,94.4418309098023
2024-08-04,DMA_002,31.66229110384846,0,0,94.59572890200201
2024-08-04,DMA_003,39.75204728122996,0,0,97.20135659058641
2024-08-04,DMA_004,34.78480656917783,0,0,97.85990947097683
2024-08-04,DMA_005,35.13472554966133,0,1,96.48302036002787
2024-08-04,DMA_006,31.189255705858056,0,0,97.68184846203177
2024-08-04,DMA_007,30.532379901825465,0,1,95.06270703503853
2024-08-04,DMA_008,28.953958628510758,0,0,98.38989250798699
2024-08-04,DMA_009,29.568041329093006,0,0,96.53569117652121
2024-08-04,DMA_010,31.299016625559837,0,0,97.49590882393841
2024-08-04,DMA_011,26.70496415917216,0,0,96.32452364630586
2024-08-04,DMA_012,40.64330165646375,0,0,98.58344846539308
2024-08-04,DMA_013,36.38613609963484,0,0,99.0391752772657
2024-08-04,DMA_014,34.10725443851238,0,0,95.92993918546136
2024-08-04,DMA_015,34.33903421916435,0,0,95.48403317077238
2024-08-04,DMA_016,32.04722410191045,0,0,100.42143503159954
2024-08-04,DMA_017,34.431772855335275,0,0,98.9654225203596
2024-08-04,DMA_018,25.43337444224256,0,0,95.03416716381018
2024-08-04,DMA_019,33.07847763428437,0,1,97.88678032399787
2024-08-04,DMA_020,41.7665173538168,0,1,94.6560043250289
2024-08-04,DMA_021,38.31772605730505,0,0,99.59525316213893
2024-08-04,DMA_022,33.86980761730008,0,1,95.22679545774717
2024-08-04,DMA_023,35.24621552328876,0,0,93.85811758318334
2024-08-04,DMA_024,31.586647581308643,0,0,95.57662555244761
2024-08-04,DMA_025,24.451255750550835,0,0,95.22521339644314
2024-08-04,DMA_026,27.030932737099796,0,0,99.2247335740634
2024-08-04,DMA_027,40.636025871258944,0,0,98.67036879556761
2024-08-04,DMA_028,28.324881323270045,0,0,98.89975561436214
2024-08-04,DMA_029,26.636747812018964,0,0,95.52049019612615
2024-08-04,DMA_030,29.896250694442884,0,0,97.94785709523859
2024-08-04,DMA_031,32.20187488605047,0,0,94.79891378748688
2024-08-04,DMA_032,30.610135711831695,0,0,98.69184300168159
2024-08-04,DMA_033,32.70233262405481,0,1,94.90834599094899
2024-08-04,DMA_034,30.33944001104601,0,0,97.26800258632224
2024-08-04,DMA_035,32.327158242264765,0,0,97.06168376750183
2024-08-04,DMA_036,31.498961408998163,0,0,93.26607045428138
2024-08-04,DMA_037,27.97144015214283,0,1,99.59232975238304
2024-08-04,DMA_038,43.522466375958,0,0,98.74074816433902
2024-08-04,DMA_039,33.11315847028239,0,0,99.51619277553105
2024-08-04,DMA_040,37.5818632285091,0,0,96.22373620727532
2024-08-04,DMA_041,42.30211560919879,0,0,98.03443212555192
2024-08-04,DMA_042,29.28886754886742,0,0,94.42843666653216
2024-08-04,DMA_043,34.45033811173022,0,0,96.4182332736301
2024-08-04,DMA_044,24.601563353021326,0,0,99.18103866157057
2024-08-04,DMA_045,36.10333003072763,0,1,98.40209826798481
2024-08-04,DMA_046,30.312409974493676,0,1,100.44583689370066
2024-08-04,DMA_047,42.09033561785454,0,0,95.40114333077976
2024-08-04,DMA_048,33.08409029895674,0,0,98.22565416549646
2024-08-04,DMA_049,40.462049534041334,0,0,100.07009425337868
2024-08-04,DMA_050,38.35502964355536,0,0,97.59525027558156
2024-08-04,DMA_051,39.311899297306084,0,0,96.25051151127823
2024-08-04,DMA_052,35.13795943514153,0,0,92.24435781467882
2024-08-04,DMA_053,33.090149508888146,0,0,95.75603308387313
2024-08-04,DMA_054,43.72512493277479,0,0,93.4664607787585
2024-08-04,DMA_055,32.23566331077851,0,0,96.71101449524812
2024-08-04,DMA_056,30.618465230017495,0,0,98.43998964841555
2024-08-04,DMA_057,20.40192457758205,0,0,99.2903309498442
2024-08-04,DMA_058,28.699956733728033,0,0,96.47270537733128
2024-08-04,DMA_059,24.188202008530954,0,0,97.45069428382136
2024-08-04,DMA_060,39.74781371825276,0,0,99.70721970527978
2024-08-04,DMA_061,34.825704378718854,0,0,99.43459102762195
2024-08-04,DMA_062,42.3935241531052,0,0,94.2544181893507
2024-08-04,DMA_063,34.37539564230192,0,0,95.46159081629547
2024-08-04,DMA_064,34.54093388459412,0,0,99.49903797782662
2024-08-04,DMA_065,39.32046596801279,0,0,93.99601665775715
2024-08-04,DMA_066,23.403336571770645,0,0,93.73724166483677
2024-08-04,DMA_067,39.09511609734984,0,0,98.50937294267776
2024-08-04,DMA_068,38.92812393038413,0,1,98.28026191480907
2024-08-04,DMA_069,30.63820620829761,0,0,99.34421910415891
2024-08-04,DMA_070,41.34055058082265,0,0,100.70517712783779
2024-08-04,DMA_071,31.72122502264622,0,0,97.41218148468907
2024-08-04,DMA_072,34.649656074857845,0,0,94.66017270768
2024-08-04,DMA_073,26.4246880097635,0,1,96.47923436427293
2024-08-04,DMA_074,30.013381930850294,0,1,93.8611531927897
2024-08-04,DMA_075,29.381921429375282,0,0,92.29449163743082
2024-08-04,DMA_076,35.183608786423605,0,0,98.02815301428676
2024-08-04,DMA_077,32.9562699291139,0,0,94.86233993525852
2024-08-04,DMA_078,33.553959130553615,0,0,95.26182976124682
2024-08-04,DMA_079,31.122580950008246,0,0,96.55368039735319
2024-08-04,DMA_080,34.16698728233796,0,0,94.18883500396883
2024-08-04,DMA_081,31.147703539992186,0,0,100.01104932077092
2024-08-04,DMA_082,39.10728462498093,0,0,94.12285530430836
2024-08-04,DMA_083,29.604010853289928,0,0,97.02350598915373
2024-08-04,DMA_084,24.616967591585134,0,1,97.42740404815895
2024-08-04,DMA_085,27.787202162773653,0,0,97.82758982975558
2024-08-04,DMA_086,31.70659124570115,0,0,95.55549947391378
2024-08-04,DMA_087,31.403502226386948,0,0,97.77803395155789
2024-08-04,DMA_088,22.942464393714204,0,1,96.00329333384224
2024-08-04,DMA_089,37.182980359935854,0,0,94.73528203927329
2024-08-04,DMA_090,32.85232143524106,0,0,98.05235447601245
2024-08-04,DMA_091,31.45352911379492,0,0,95.54332553414591
2024-08-04,DMA_092,32.15035314981705,0,0,100.45440640752534
2024-08-04,DMA_093,31.14552345118147,0,0,98.08415954700894
2024-08-04,DMA_094,30.696385735696808,0,0,99.76814532240353
2024-08-04,DMA_095,26.68664934961314,0,0,95.93397661112475
2024-08-04,DMA_096,24.885297148407744,0,0,97.4190406377515
2024-08-04,DMA_097,33.06635911443217,0,1,98.03095336004371
2024-08-04,DMA_098,27.216840573628062,0,1,96.32487004586639
2024-08-04,DMA_099,30.74684873067498,0,0,97.96443004501018
2024-08-04,DMA_100,39.00857865624902,0,0,98.46171455882322
2024-08-04,DMA_101,39.244509657016714,0,0,96.99074298753925
2024-08-04,DMA_102,36.426846452467906,0,1,97.27266594867291
2024-08-04,DMA_103,32.251942655039116,0,0,97.73804457408046
2024-08-04,DMA_104,34.502325959399826,0,1,96.35102706801575
2024-08-04,DMA_105,30.86767254935667,0,0,98.33616566714532
2024-08-04,DMA_106,37.05203313462422,0,1,98.69221000610321
2024-08-04,DMA_107,26.48008072639525,0,1,100.34614146303969
2024-08-04,DMA_108,37.862965790907396,0,1,95.03665359392636
2024-08-04,DMA_109,32.154529572077614,0,0,97.57654841155352
2024-08-04,DMA_110,40.783017080387104,0,0,96.69451770405439
2024-08-04,DMA_111,28.940757802450957,0,1,97.6480385144537
2024-08-04,DMA_112,32.60033321887473,0,0,95.58917291112843
2024-08-04,DMA_113,33.021733536088036,0,0,97.3356785806115
2024-08-04,DMA_114,39.515891108285075,0,1,96.08114531459665
2024-08-04,DMA_115,33.8249775954806,0,0,100.53844999952545
2024-08-04,DMA_116,35.773958508075694,0,0,93.88811601389709
2024-08-04,DMA_117,44.23982304933806,0,0,98.59044934238383
2024-08-04,DMA_118,27.401180148886038,0,0,95.84000076884537
2024-08-04,DMA_119,24.162083416507052,0,0,97.14399754204359
2024-08-04,DMA_120,37.472898709321285,0,0,97.86071863824701
2024-08-04,DMA_121,29.38912691516824,0,1,95.88195513333275
2024-08-04,DMA_122,41.13400639329475,0,0,97.81130627385566
2024-08-04,DMA_123,33.09610865267902,0,1,96.60584700624439
2024-08-04,DMA_124,31.82932752506328,0,0,93.08116463863992
2024-08-04,DMA_125,39.034086388033174,0,0,95.24790587424583
2024-08-04,DMA_126,35.526432365480325,0,1,96.3241653329736
2024-08-04,DMA_127,37.24094539245589,0,0,97.83597479082573
2024-08-04,DMA_128,39.84363266874338,0,0,94.4217600438917
2024-08-04,DMA_129,30.2356720794716,0,0,101.14254180210504
2024-08-04,DMA_130,29.589554606147846,0,0,97.82896715349808
2024-08-04,DMA_131,27.897454201163903,0,0,95.76699991469141
2024-08-04,DMA_132,30.19644660937753,0,0,98.12375864298264
2024-08-04,DMA_133,32.72070317255658,0,0,97.62442365848597
2024-08-04,DMA_134,34.53893673861471,0,1,95.01920217186276
2024-08-04,DMA_135,31.219800375501798,0,0,93.55928214217654
2024-08-04,DMA_136,34.07020320655457,0,0,97.82604086658141
2024-08-04,DMA_137,35.353558868326715,0,0,97.42748086334743
2024-08-04,DMA_138,33.64710206401391,0,0,93.73607399565982
2024-08-04,DMA_139,32.39334409746169,0,0,96.33869036005066
2024-08-04,DMA_140,39.771476182051515,0,0,99.50431322889023
2024-08-04,DMA_141,38.04820582687295,0,0,102.2666261302561
2024-08-04,DMA_142,30.83270692678714,0,0,100.95191806157412
2024-08-04,DMA_143,30.46255376703646,0,0,99.46282751650773
2024-08-04,DMA_144,26.233268757414024,0,0,96.03628708257787
2024-08-04,DMA_145,34.826961679207066,0,0,101.30038713722182
2024-08-04,DMA_146,32.66540657454841,0,0,97.05050853370406
2024-08-04,DMA_147,33.47818913689316,0,0,98.1970295141039
2024-08-04,DMA_148,30.430497546363732,0,0,97.28163368397148
2024-08-04,DMA_149,40.42539949208114,0,0,95.95976289210029
2024-08-04,DMA_150,33.65765279334469,0,0,100.34451816940512
2024-08-11,DMA_001,34.59154443521571,0,0,98.6323000925743
2024-08-11,DMA_002,32.13896753768139,0,0,96.50038048532076
2024-08-11,DMA_003,34.393339244184894,0,0,98.61623900700334
2024-08-11,DMA_004,42.400822938885916,0,0,99.44126651841964
2024-08-11,DMA_005,25.850786274373384,0,1,96.24994329323277
2024-08-11,DMA_006,45.91164304296015,0,0,96.69290012205923
2024-08-11,DMA_007,36.53202083274208,0,0,98.82209422484888
2024-08-11,DMA_008,35.20207072145192,0,1,95.23333778896
2024-08-11,DMA_009,36.92971686050313,0,0,97.88190334140849
2024-08-11,DMA_010,36.50775767348311,0,0,95.99265247421309
2024-08-11,DMA_011,32.3824537576203,0,0,99.1832217659466
2024-08-11,DMA_012,32.64139299269198,0,0,97.63020372366339
2024-08-11,DMA_013,38.31116520279329,0,0,96.11918081754399
2024-08-11,DMA_014,31.147365868379225,0,0,97.54909150333272
2024-08-11,DMA_015,27.731879198375708,0,0,98.29115816787825
2024-08-11,DMA_016,33.84327886909534,0,0,96.17725301780963
2024-08-11,DMA_017,35.81163483327184,0,0,98.5217348373453
2024-08-11,DMA_018,35.220109200340794,0,0,95.06426156513632
2024-08-11,DMA_019,41.61298786295299,0,1,96.65213548564643
2024-08-11,DMA_020,28.012938647579908,0,0,94.04714524752069
2024-08-11,DMA_021,35.79484584233614,0,0,97.8001092314747
2024-08-11,DMA_022,38.38114967963247,0,1,91.36389039277121
2024-08-11,DMA_023,38.74377225140172,0,0,97.03083351906068
2024-08-11,DMA_024,34.305134709187094,0,0,95.6148964602398
2024-08-11,DMA_025,44.804087695456445,0,0,92.95799367498134
2024-08-11,DMA_026,48.7256553684002,0,0,97.8636096141332
2024-08-11,DMA_027,38.47159455031371,0,0,94.63890013379053
2024-08-11,DMA_028,33.80234505290636,0,0,98.03647115882907
2024-08-11,DMA_029,30.230402820489374,0,0,100.06447411794115
2024-08-11,DMA_030,20.23565793186753,0,0,99.10652595415317
2024-08-11,DMA_031,32.01228824118298,0,0,94.14836383353669
2024-08-11,DMA_032,38.24657421123154,0,0,97.06398378775485
2024-08-11,DMA_033,25.02072056709231,0,0,96.02924285835782
2024-08-11,DMA_034,39.19091582704535,0,0,95.06003547730916
2024-08-11,DMA_035,32.05561851025498,0,0,99.65501325821305
2024-08-11,DMA_036,36.29406959741387,0,0,97.86269441710672
2024-08-11,DMA_037,30.89641508016399,0,1,94.41609888415694
2024-08-11,DMA_038,42.92998558051903,0,0,95.51184558348247
2024-08-11,DMA_039,37.688505130121136,0,0,95.96128299324204
2024-08-11,DMA_040,41.823858744555025,0,0,97.21884507103505
2024-08-11,DMA_041,22.78596450718565,0,0,93.25364954001931
2024-08-11,DMA_042,38.497827937431765,0,0,96.89768068816686
2024-08-11,DMA_043,42.96340582102325,0,0,96.64865353015684
2024-08-11,DMA_044,35.48378844410163,0,0,100.74469889632435
2024-08-11,DMA_045,26.120683732308933,0,0,96.27320932006228
2024-08-11,DMA_046,36.35739530177397,0,0,95.05771854461538
2024-08-11,DMA_047,38.84541780059928,0,0,96.64934272446565
2024-08-11,DMA_048,33.8658978571606,0,0,94.24956194853536
2024-08-11,DMA_049,56.48693927153981,0,0,97.56854394529422
2024-08-11,DMA_050,28.99217306365276,0,0,96.22206403824661
2024-08-11,DMA_051,35.557627977217045,0,0,95.16108044055822
2024-08-11,DMA_052,30.282067687168656,0,0,97.69486947821754
2024-08-11,DMA_053,28.768503401727237,0,0,96.93871929770648
2024-08-11,DMA_054,39.342155792532935,0,0,96.38025335373896
2024-08-11,DMA_055,40.28442211343176,0,1,98.92131865714444
2024-08-11,DMA_056,27.764645841358583,0,0,95.97404448576259
2024-08-11,DMA_057,46.382925761975464,0,1,94.07228610807314
2024-08-11,DMA_058,31.504438427637123,0,0,97.4809361495348
2024-08-11,DMA_059,29.70240010109176,0,0,95.30870855789145
2024-08-11,DMA_060,32.880661654508295,0,0,100.29315864837112
2024-08-11,DMA_061,36.45459444948347,0,1,96.69827147387656
2024-08-11,DMA_062,25.40894229644613,0,1,93.4796066732382
2024-08-11,DMA_063,32.06097349396498,0,0,100.32125659748118
2024-08-11,DMA_064,38.95202860365921,0,0,98.69670240481325
2024-08-11,DMA_065,36.7855403857669,0,0,94.47875950387474
2024-08-11,DMA_066,27.030234441111645,0,0,95.71598629710452
2024-08-11,DMA_067,41.04628332682255,0,0,96.11532309312183
2024-08-11,DMA_068,34.63425422909119,0,0,94.87520234563421
2024-08-11,DMA_069,34.83217678327044,0,1,95.4504112158217
2024-08-11,DMA_070,36.0503275782802,0,0,97.27535275629496
2024-08-11,DMA_071,33.69639076489805,0,1,95.78619590531306
2024-08-11,DMA_072,27.89793432203151,0,1,91.52438020123746
2024-08-11,DMA_073,28.032894518293176,0,0,97.18940662235035
2024-08-11,DMA_074,31.01339696295569,0,0,95.79486397309931
2024-08-11,DMA_075,34.72888015083949,0,0,94.32061405571834
2024-08-11,DMA_076,39.92845675933285,0,0,99.20216859479568
2024-08-11,DMA_077,34.78928729274015,0,0,96.95925541680825
2024-08-11,DMA_078,31.049501480653465,0,0,98.40665852556543
2024-08-11,DMA_079,31.445266889298367,0,0,93.36645349683674
2024-08-11,DMA_080,28.53531241865217,0,0,99.44419318438868
2024-08-11,DMA_081,38.13325602026528,0,0,99.00487683816243
2024-08-11,DMA_082,32.73360247040105,0,0,93.91874814660052
2024-08-11,DMA_083,36.237487735587095,0,0,96.80046318856796
2024-08-11,DMA_084,33.4789210871707,0,0,97.28157926058533
2024-08-11,DMA_085,37.628254302535076,0,0,97.0967592208311
2024-08-11,DMA_086,29.45872218826712,0,0,96.11900144041417
2024-08-11,DMA_087,35.97256705909356,0,1,96.59351564487898
2024-08-11,DMA_088,30.332086373777255,0,0,95.78225293348316
2024-08-11,DMA_089,40.42299374486983,0,0,92.59711792912238
2024-08-11,DMA_090,30.471516311204436,0,0,95.78379595417869
2024-08-11,DMA_091,32.15714452058437,0,0,98.15852484988262
2024-08-11,DMA_092,34.94747628496062,0,0,95.92380602367267
2024-08-11,DMA_093,37.33944325581227,0,0,101.05346172897522
2024-08-11,DMA_094,36.28093965868815,0,0,96.92432138477307
2024-08-11,DMA_095,45.347718038376094,0,0,94.73613708843773
2024-08-11,DMA_096,36.55284940390947,0,1,100.61768446303188
2024-08-11,DMA_097,39.12415341904201,0,0,94.53263821802622
2024-08-11,DMA_098,28.062381663764075,0,0,98.8366376509932
2024-08-11,DMA_099,39.483803853356356,0,0,96.92993944833265
2024-08-11,DMA_100,27.45357364160217,0,0,95.87269786858839
2024-08-11,DMA_101,37.240143568053504,0,0,92.95552882644387
2024-08-11,DMA_102,36.0109870982774,0,1,93.78717370871645
2024-08-11,DMA_103,49.8845587324422,0,0,95.4466047616575
2024-08-11,DMA_104,47.101313823336795,0,0,97.31124961487028
2024-08-11,DMA_105,34.04761390024891,0,0,95.83018735352725
2024-08-11,DMA_106,35.60564183572714,0,0,94.45052149938888
2024-08-11,DMA_107,33.10285909009513,0,0,98.22921052131102
2024-08-11,DMA_108,33.9672696176229,0,0,97.43554586656853
2024-08-11,DMA_109,24.71201980206798,0,0,94.80507010199584
2024-08-11,DMA_110,30.669063276504286,0,0,95.54672232954134
2024-08-11,DMA_111,30.337379148892495,0,0,96.5330802926108
2024-08-11,DMA_112,34.60184733028115,0,0,96.82597515374792
2024-08-11,DMA_113,29.417524658040616,0,0,95.15195720371044
2024-08-11,DMA_114,38.87392090357999,0,0,97.2988998429594
2024-08-11,DMA_115,33.89263313136403,0,0,95.28882033709709
2024-08-11,DMA_116,30.899582367385705,0,0,97.2443014940637
2024-08-11,DMA_117,31.99550135657554,0,0,95.08261276078872
2024-08-11,DMA_118,31.5141073044906,0,0,94.63152008261311
2024-08-11,DMA_119,26.277513920468937,0,0,98.74997902593965
2024-08-11,DMA_120,30.690468161539147,0,0,99.59055183946109
2024-08-11,DMA_121,29.75930956043303,0,0,95.81906017902936
2024-08-11,DMA_122,37.644180246059655,0,0,96.62443196205855
2024-08-11,DMA_123,29.333592651263732,0,1,96.38614700041069
2024-08-11,DMA_124,32.07710572547989,0,0,96.43798321387784
2024-08-11,DMA_125,37.76235955055623,0,0,94.93748019149982
2024-08-11,DMA_126,36.02655553847327,0,0,96.35537547064631
2024-08-11,DMA_127,38.31296323559344,0,0,97.22300698984068
2024-08-11,DMA_128,33.95827670674727,0,0,94.13351441167214
2024-08-11,DMA_129,33.916895377609336,0,0,91.9093329479627
2024-08-11,DMA_130,42.518544042879576,0,0,99.15116277427046
2024-08-11,DMA_131,21.377203476049612,0,0,95.1988707250824
2024-08-11,DMA_132,39.67179967531288,0,0,98.42162069189575
2024-08-11,DMA_133,37.61078631934903,0,0,99.56650733774697
2024-08-11,DMA_134,47.854987337522616,0,0,96.83103842594386
2024-08-11,DMA_135,33.41218027124544,0,0,94.99062917951845
2024-08-11,DMA_136,37.042626823568334,0,1,97.90042541293771
2024-08-11,DMA_137,31.38558037446444,0,1,100.61352613341847
2024-08-11,DMA_138,32.74445784377394,0,1,97.86798363159144
2024-08-11,DMA_139,30.08417402624019,0,0,95.65751997921102
2024-08-11,DMA_140,35.181620940900956,0,1,97.79465950005185
2024-08-11,DMA_141,26.901961017494614,0,0,97.11925570050988
2024-08-11,DMA_142,28.644422717685803,0,0,97.00446058493274
2024-08-11,DMA_143,36.49462753722543,0,0,95.17472398024833
2024-08-11,DMA_144,28.582023569740443,0,0,96.23664970950144
2024-08-11,DMA_145,41.54526547043451,0,0,101.39722087820778
2024-08-11,DMA_146,35.014525842497676,0,1,97.83429192594244
2024-08-11,DMA_147,31.781703956893633,0,1,97.33643145122599
2024-08-11,DMA_148,32.222333494950185,0,0,96.14966193180939
2024-08-11,DMA_149,33.00002383752208,0,0,93.19933221436288
2024-08-11,DMA_150,29.543055824829807,0,0,94.99540229124507
2024-08-18,DMA_001,44.72662011659693,0,0,93.55331540586863
2024-08-18,DMA_002,41.950362015849855,0,0,99.13504371696636
2024-08-18,DMA_003,35.38237657535488,0,0,94.80152640766225
2024-08-18,DMA_004,33.391542557958566,0,1,90.99932097776569
2024-08-18,DMA_005,36.94064735203125,0,0,94.67948360550592
2024-08-18,DMA_006,37.408751527994575,0,0,99.48908568246499
2024-08-18,DMA_007,35.662227650418245,0,0,97.47985462107236
2024-08-18,DMA_008,37.79405622380503,0,0,96.45185469752793
2024-08-18,DMA_009,29.054092423098936,0,0,95.7810880304442
2024-08-18,DMA_010,32.60441720344962,0,0,93.62817862578929
2024-08-18,DMA_011,30.067432477968254,0,1,96.41351212722907
2024-08-18,DMA_012,27.350092339364117,0,0,94.81680380290834
2024-08-18,DMA_013,30.446670092476687,0,0,95.1737990387964
2024-08-18,DMA_014,47.680851641513506,0,0,93.42856439924664
2024-08-18,DMA_015,42.45943143867048,0,0,100.46866876875407
2024-08-18,DMA_016,39.76975817163822,0,1,93.82409748147334
2024-08-18,DMA_017,40.44730445425581,0,0,96.01096948883574
2024-08-18,DMA_018,34.59615939922879,0,0,92.02341937478558
2024-08-18,DMA_019,37.78540343752564,0,0,96.78793615005839
2024-08-18,DMA_020,39.87126222606084,0,0,94.46334355982854
2024-08-18,DMA_021,31.08291886736546,0,0,98.18668715162953
2024-08-18,DMA_022,39.31384678363352,0,1,96.64390866954206
2024-08-18,DMA_023,33.15321706855019,0,0,96.74968209807253
2024-08-18,DMA_024,37.17790814717734,0,0,96.81964813388569
2024-08-18,DMA_025,26.988475293670568,0,0,95.66258395118606
2024-08-18,DMA_026,37.96143962047559,0,0,94.77389243657886
2024-08-18,DMA_027,43.12288183123853,0,0,91.2361203981283
2024-08-18,DMA_028,36.30012878372703,0,0,95.8560660116109
2024-08-18,DMA_029,36.48643206257681,0,0,98.68469241917515
2024-08-18,DMA_030,39.829569630483256,0,0,98.10433830412994
2024-08-18,DMA_031,34.56099952635131,0,0,97.76257150044992
2024-08-18,DMA_032,37.35961909902707,0,0,99.16413797600325
2024-08-18,DMA_033,36.62151566233833,0,0,95.9340524998289
2024-08-18,DMA_034,33.1778916067517,0,0,95.57324135392203
2024-08-18,DMA_035,38.710684965006564,0,0,95.58691947845276
2024-08-18,DMA_036,29.794525589580253,0,0,94.25338306120071
2024-08-18,DMA_037,37.611729362826665,0,0,94.86158491365654
2024-08-18,DMA_038,46.17302287846899,0,0,98.61131117704873
2024-08-18,DMA_039,32.708117214760875,0,0,99.6715775050036
2024-08-18,DMA_040,40.31116038525582,0,0,94.21069741359302
2024-08-18,DMA_041,39.47227221423612,0,0,97.50144054635997
2024-08-18,DMA_042,46.3498700643935,0,0,98.9559392956617
2024-08-18,DMA_043,33.230437326317784,0,0,95.14623237012401
2024-08-18,DMA_044,36.56345204893902,0,0,96.17971593960543
2024-08-18,DMA_045,24.532505986134264,0,1,99.0789375620453
2024-08-18,DMA_046,45.99303394045379,0,0,96.10026613508646
2024-08-18,DMA_047,41.829621831983445,0,0,95.51552752019062
2024-08-18,DMA_048,34.57040815077068,0,0,97.39356346427851
2024-08-18,DMA_049,23.99957276360948,0,1,94.96837232656728
2024-08-18,DMA_050,28.815819278787632,0,0,99.30649366246777
2024-08-18,DMA_051,30.836212275784312,0,0,91.93724000695073
2024-08-18,DMA_052,37.933304796225414,0,0,97.35029766846893
2024-08-18,DMA_053,35.14686629374556,0,0,95.25869972295118
2024-08-18,DMA_054,42.98491476153347,0,0,92.24209313633504
2024-08-18,DMA_055,27.93370615556465,0,0,93.93449556690439
2024-08-18,DMA_056,47.48020274870029,0,0,96.98560078523765
2024-08-18,DMA_057,52.72359207964898,0,0,96.36042833588654
2024-08-18,DMA_058,33.74756830352708,0,0,96.09478683774712
2024-08-18,DMA_059,44.831660043283385,0,0,93.95141614855959
2024-08-18,DMA_060,39.52457651788005,0,0,95.6928679089203
2024-08-18,DMA_061,30.92069387288351,0,0,101.74875593665854
2024-08-18,DMA_062,36.78021561667611,0,0,94.8312048070703
2024-08-18,DMA_063,30.715367389010368,0,0,96.44180156966695
2024-08-18,DMA_064,25.222752024574934,0,0,97.40372691692953
2024-08-18,DMA_065,31.261491942262175,0,0,93.58013769111282
2024-08-18,DMA_066,26.73887503230815,0,0,98.17102242796851
2024-08-18,DMA_067,38.32134941024451,0,0,97.03596849221508
2024-08-18,DMA_068,45.69406545735063,0,0,94.69698300498644
2024-08-18,DMA_069,30.20065808061358,0,0,96.21135133004947
2024-08-18,DMA_070,37.06128686989292,0,0,94.63761576724322
2024-08-18,DMA_071,45.80047529991741,0,1,99.97446268517533
2024-08-18,DMA_072,36.46365757005276,0,0,97.30837642283795
2024-08-18,DMA_073,39.47176822077822,0,1,96.83426626896048
2024-08-18,DMA_074,34.54117771076612,0,0,95.35184986646297
2024-08-18,DMA_075,36.85486950015498,0,0,95.1151761378673
2024-08-18,DMA_076,37.2947080009664,0,1,94.66936922923738
2024-08-18,DMA_077,35.02170604213335,0,0,98.9490722936974
2024-08-18,DMA_078,40.1380534249859,0,0,94.19310093793926
2024-08-18,DMA_079,35.89002239524065,0,1,93.39891788054761
2024-08-18,DMA_080,36.29279789818502,0,0,96.04133596113928
2024-08-18,DMA_081,27.38056122830961,0,0,95.97334112165977
2024-08-18,DMA_082,31.03636779943016,0,1,95.91624634586393
2024-08-18,DMA_083,28.962492762494087,0,0,94.44362586321348
2024-08-18,DMA_084,33.17087802440446,0,1,97.89934730117514
2024-08-18,DMA_085,39.36522779820689,0,0,97.5564721960141
2024-08-18,DMA_086,35.488279687917384,0,0,96.02946603330021
2024-08-18,DMA_087,36.91242416287806,0,0,93.97910353631009
2024-08-18,DMA_088,36.735469744486174,0,1,96.87156418777396
2024-08-18,DMA_089,31.848997700980874,0,0,92.07336872153701
2024-08-18,DMA_090,38.33807969855803,0,0,97.48760193726609
2024-08-18,DMA_091,38.60335384869344,0,0,96.90925061694283
2024-08-18,DMA_092,47.46668217589736,0,0,95.12708133529983
2024-08-18,DMA_093,39.15855192874439,0,0,100.50484311174557
2024-08-18,DMA_094,42.96256812043222,0,0,95.43674950674465
2024-08-18,DMA_095,32.666865903161465,0,0,96.56635359334098
2024-08-18,DMA_096,34.33788390627835,0,0,98.17463070652451
2024-08-18,DMA_097,33.61842058221772,0,0,95.01518320819487
2024-08-18,DMA_098,31.00565451646004,0,0,96.50632774063124
2024-08-18,DMA_099,34.385729458990575,0,0,95.504661562189
2024-08-18,DMA_100,32.514650582320236,0,0,98.71559296609372
2024-08-18,DMA_101,44.35669547488256,0,1,96.5894545918889
2024-08-18,DMA_102,32.537747244187976,0,0,98.32735959297041
2024-08-18,DMA_103,38.207325563433905,0,0,97.56043049974673
2024-08-18,DMA_104,32.241077266975346,0,0,98.8383668316421
2024-08-18,DMA_105,47.112598767034044,0,0,96.77373781252993
2024-08-18,DMA_106,31.846929078248184,0,0,98.83047732041979
2024-08-18,DMA_107,34.92504644996139,0,1,94.69749577992363
2024-08-18,DMA_108,46.8185387302853,0,1,98.4659758050539
2024-08-18,DMA_109,46.421319549472656,0,0,98.93624154050454
2024-08-18,DMA_110,32.596254039527196,0,0,94.13790961339609
2024-08-18,DMA_111,34.61939777687914,0,0,95.85453301630693
2024-08-18,DMA_112,33.39236978753013,0,0,95.30976214607848
2024-08-18,DMA_113,28.888560857789134,0,0,94.5116450864322
2024-08-18,DMA_114,38.409286250384966,0,0,93.43510857368909
2024-08-18,DMA_115,35.431349485438645,0,0,93.40170680384517
2024-08-18,DMA_116,36.80809700488619,0,0,98.7978741349834
2024-08-18,DMA_117,39.26573492198139,0,0,95.7562292708387
2024-08-18,DMA_118,32.528645101476805,0,0,96.32764483140787
2024-08-18,DMA_119,25.010390432147123,0,0,96.44950172048604
2024-08-18,DMA_120,33.04252131656539,0,0,96.21636127793792
2024-08-18,DMA_121,32.544568393895545,0,0,97.14113404514849
2024-08-18,DMA_122,44.482913297037484,0,0,98.82938007921969
2024-08-18,DMA_123,45.72517273071311,0,0,94.57858964757823
2024-08-18,DMA_124,34.13616087867473,0,1,95.33682088433244
2024-08-18,DMA_125,47.26426215466074,0,0,99.9139685160416
2024-08-18,DMA_126,34.84538361403088,0,1,95.54400964677822
2024-08-18,DMA_127,40.48329766156476,0,0,94.75508862792256
2024-08-18,DMA_128,37.3827321179095,0,1,93.94938863248365
2024-08-18,DMA_129,23.27001988360574,0,0,94.46475883711202
2024-08-18,DMA_130,27.034559064277317,0,0,99.75800669111901
2024-08-18,DMA_131,27.34708400327704,0,1,97.17487105718854
2024-08-18,DMA_132,36.023584146025534,0,0,98.35814271367046
2024-08-18,DMA_133,28.098131657486377,0,0,94.1907011479742
2024-08-18,DMA_134,39.165086693438994,0,0,95.71509091236341
2024-08-18,DMA_135,46.092173554342,0,0,90.9861813174124
2024-08-18,DMA_136,37.02632110461482,0,0,98.10010787253758
2024-08-18,DMA_137,33.74627148067434,0,0,100.83715739254038
2024-08-18,DMA_138,37.116531789269374,0,0,95.78323894726168
2024-08-18,DMA_139,36.13415946518404,0,0,97.15043293028491
2024-08-18,DMA_140,31.915047807868582,0,0,93.55535669348504
2024-08-18,DMA_141,43.43318487284751,0,0,93.14745095404548
2024-08-18,DMA_142,46.65000691768605,0,0,96.1179699363038
2024-08-18,DMA_143,34.82672269292161,0,1,92.50768018605281
2024-08-18,DMA_144,52.25779138495235,0,0,96.72667389968481
2024-08-18,DMA_145,24.527905486085725,0,0,96.94421327307803
2024-08-18,DMA_146,30.71072728354089,0,0,96.6424595158273
2024-08-18,DMA_147,32.85746923979217,0,1,97.57316114880003
2024-08-18,DMA_148,29.21389599654392,0,0,99.05235645376321
2024-08-18,DMA_149,39.223989797913035,0,0,94.57749696142535
2024-08-18,DMA_150,33.06001632012737,0,0,97.81866568277674
2024-08-25,DMA_001,45.23422494711296,0,1,96.67044228493677
2024-08-25,DMA_002,44.35118309336506,0,1,95.33203978025416
2024-08-25,DMA_003,56.14231018069381,0,0,95.68873070606095
2024-08-25,DMA_004,35.609084917236736,0,0,95.86502642456311
2024-08-25,DMA_005,46.00516338586197,0,1,95.64515986368762
2024-08-25,DMA_006,19.69395592731,0,0,96.08088741090212
2024-08-25,DMA_007,43.19303860660342,0,0,94.60348981946524
2024-08-25,DMA_008,39.009588544719676,0,0,97.00596000814151
2024-08-25,DMA_009,29.88154786279668,0,0,95.6078984454191
2024-08-25,DMA_010,30.74436214749367,0,0,97.66124983205887
2024-08-25,DMA_011,43.48257616282143,0,0,91.27204100603227
2024-08-25,DMA_012,36.24366891163134,0,0,94.02100466030673
2024-08-25,DMA_013,37.20434488179841,0,0,99.35550902637625
2024-08-25,DMA_014,36.88859755852859,0,0,96.95888244731584
2024-08-25,DMA_015,44.32344983144395,0,0,98.48037361019563
2024-08-25,DMA_016,37.731474622183036,0,0,95.0334187737233
2024-08-25,DMA_017,41.607172032796605,0,0,96.63980390661064
2024-08-25,DMA_018,31.89856139676633,0,0,95.02359068668844
2024-08-25,DMA_019,38.209696188841846,0,0,93.57650088371662
2024-08-25,DMA_020,38.86114677879671,0,1,96.17693477610945
2024-08-25,DMA_021,42.07136100965531,0,1,90.67142234731251
2024-08-25,DMA_022,39.27409030014836,0,0,95.9882578913589
2024-08-25,DMA_023,32.75163984497584,0,1,98.02315604974872
2024-08-25,DMA_024,36.45311167386054,0,0,97.00737154855922
2024-08-25,DMA_025,31.592613872419808,0,0,99.81915926943803
2024-08-25,DMA_026,46.35122252891092,0,0,95.9408240614495
2024-08-25,DMA_027,36.73665812143326,0,0,93.26577285792676
2024-08-25,DMA_028,41.33397346199267,0,1,95.5492531056039
2024-08-25,DMA_029,39.86892681890725,0,0,93.69574210305075
2024-08-25,DMA_030,44.52610779524427,0,1,95.18105447901245
2024-08-25,DMA_031,37.904709075382776,0,1,97.1964539897104
2024-08-25,DMA_032,34.88846112227091,0,0,94.12520625229105
2024-08-25,DMA_033,35.19491380331908,0,0,98.48047386882502
2024-08-25,DMA_034,42.455043021499534,0,0,97.16632233985759
2024-08-25,DMA_035,37.85230757058857,0,0,97.50454473931114
2024-08-25,DMA_036,38.759251683686124,0,0,96.91107898592787
2024-08-25,DMA_037,37.578023875086814,0,0,96.60093940869083
2024-08-25,DMA_038,33.020571877315646,0,0,99.89631874435295
2024-08-25,DMA_039,37.7332440367869,0,0,96.58421081452639
2024-08-25,DMA_040,41.753044032026544,0,0,95.37392485368284
2024-08-25,DMA_041,33.31001018668064,0,1,97.23644150847963
2024-08-25,DMA_042,28.367665304372757,0,1,93.17057828554316
2024-08-25,DMA_043,44.885398674833006,0,0,97.39779163765131
2024-08-25,DMA_044,39.74263441314469,0,1,96.38639019743533
2024-08-25,DMA_045,39.0943915192775,0,0,94.73778253433402
2024-08-25,DMA_046,39.367863838860686,0,0,93.89074356502884
2024-08-25,DMA_047,35.65733125998771,0,0,94.88788302629906
2024-08-25,DMA_048,46.616668996811484,0,0,95.98014961137834
2024-08-25,DMA_049,44.99624500799621,0,0,93.65475227491861
2024-08-25,DMA_050,48.26026507256574,0,0,99.57547149737118
2024-08-25,DMA_051,31.51218751960624,0,0,94.22062566252835
2024-08-25,DMA_052,46.40660682420379,0,0,95.54623096253152
2024-08-25,DMA_053,41.0998888312308,0,0,94.87271924590831
2024-08-25,DMA_054,40.288881979746336,0,1,98.17783806843812
2024-08-25,DMA_055,29.55443717772079,0,0,97.64680485921626
2024-08-25,DMA_056,41.703996844127886,0,0,93.24781414340352
2024-08-25,DMA_057,33.182428701916116,0,1,99.39749777241774
2024-08-25,DMA_058,41.67127220396833,0,1,98.18329741179684
2024-08-25,DMA_059,36.839258386740994,0,0,98.13895568449487
2024-08-25,DMA_060,36.64411512627208,0,1,98.10851776962268
2024-08-25,DMA_061,49.18604194251851,0,0,98.96360698310505
2024-08-25,DMA_062,47.214334719715076,0,1,94.54527586467458
2024-08-25,DMA_063,29.66725801986266,0,1,96.7586474109946
2024-08-25,DMA_064,39.98604172810933,0,0,98.97470890063802
2024-08-25,DMA_065,32.65951174967435,0,1,96.89277092422844
2024-08-25,DMA_066,35.69494294048931,0,0,98.82952608433692
2024-08-25,DMA_067,34.80020683178208,0,1,96.06943132048195
2024-08-25,DMA_068,31.728583240639715,0,0,95.39069683108316
2024-08-25,DMA_069,35.18193710790701,0,0,93.2283905405352
2024-08-25,DMA_070,41.793687419274875,0,0,97.35017686797168
2024-08-25,DMA_071,30.122631063086757,0,0,93.51338845044398
2024-08-25,DMA_072,42.57390178427652,0,0,94.70311470507473
2024-08-25,DMA_073,41.224439043357194,0,0,96.79180522437896
2024-08-25,DMA_074,27.924920848275075,0,0,97.79643979264561
2024-08-25,DMA_075,32.049518617212286,0,0,93.81140005339776
2024-08-25,DMA_076,45.47900230933528,0,1,95.69991244927262
2024-08-25,DMA_077,38.19551780687036,0,0,93.69965651659918
2024-08-25,DMA_078,31.581173285549795,0,0,98.0910906605659
2024-08-25,DMA_079,44.78515383323125,0,1,94.618917530537
2024-08-25,DMA_080,30.7241575427242,0,0,95.46536454240528
2024-08-25,DMA_081,36.686210596041796,0,0,94.29451552720226
2024-08-25,DMA_082,39.89460351775833,0,0,98.54416326766918
2024-08-25,DMA_083,42.2683914951321,0,0,95.07868735585433
2024-08-25,DMA_084,36.83731810065556,0,1,94.95682056594971
2024-08-25,DMA_085,27.95784665747679,0,0,98.11869502925171
2024-08-25,DMA_086,34.93186609943183,0,0,95.77545862920994
2024-08-25,DMA_087,42.11497496188176,0,1,94.53277193082945
2024-08-25,DMA_088,45.92651855439979,0,0,95.97245605149574
2024-08-25,DMA_089,42.5392990869729,0,0,97.9955986316303
2024-08-25,DMA_090,36.80540454660761,0,1,95.41645939263596
2024-08-25,DMA_091,40.400738873703375,0,0,98.21789775863465
2024-08-25,DMA_092,23.261235731270627,0,0,96.54814167284394
2024-08-25,DMA_093,36.109588309354805,0,0,94.0615047121132
2024-08-25,DMA_094,41.7006075581814,0,0,98.49234036519566
2024-08-25,DMA_095,34.71207296868771,0,0,96.62888431752081
2024-08-25,DMA_096,50.02291469042727,0,0,96.95662668867378
2024-08-25,DMA_097,43.73873456583627,0,0,97.03819750954217
2024-08-25,DMA_098,47.71671725547836,0,0,96.67154087150892
2024-08-25,DMA_099,38.49581072340189,0,0,95.65742425677435
2024-08-25,DMA_100,52.57602484349542,0,0,95.72132540908045
2024-08-25,DMA_101,40.047916576372586,0,0,99.46765353497852
2024-08-25,DMA_102,29.23119479515152,0,1,95.94147906823235
2024-08-25,DMA_103,27.328078380611835,0,0,97.67567971938973
2024-08-25,DMA_104,33.63367403977002,0,0,96.26509111161032
2024-08-25,DMA_105,34.691472777882794,0,0,100.10495002493924
2024-08-25,DMA_106,27.93985539538299,0,0,93.8345849262763
2024-08-25,DMA_107,37.16906399434463,0,1,95.13999134373667
2024-08-25,DMA_108,35.37657005039896,0,0,96.24166481442055
2024-08-25,DMA_109,48.65712667985952,0,0,98.05470377372991
2024-08-25,DMA_110,39.24901888021165,0,1,95.58396217447371
2024-08-25,DMA_111,45.74421514664898,0,0,92.30108919236585
2024-08-25,DMA_112,45.06248602004294,0,0,96.8371959738376
2024-08-25,DMA_113,38.41922865656581,0,0,91.72176189627965
2024-08-25,DMA_114,46.82083214289747,0,0,98.5833794537585
2024-08-25,DMA_115,42.39237436566234,0,0,94.35710944782691
2024-08-25,DMA_116,40.194614182904886,0,0,95.34353911457714
2024-08-25,DMA_117,40.51243932223947,0,0,95.80824889468725
2024-08-25,DMA_118,38.881883434210664,0,0,99.02976573265919
2024-08-25,DMA_119,31.00257668899272,0,0,99.87504432464455
2024-08-25,DMA_120,35.05356071981957,0,1,97.58572904469162
2024-08-25,DMA_121,39.68272650119284,0,0,96.54059851917852
2024-08-25,DMA_122,42.64889935663095,0,0,98.08021329318738
2024-08-25,DMA_123,41.616567537379595,0,0,98.3492895113487
2024-08-25,DMA_124,47.90836714497061,0,0,94.27665159258646
2024-08-25,DMA_125,35.14589625287393,0,1,95.01391609533682
2024-08-25,DMA_126,41.9932343408267,0,1,93.47154582986079
2024-08-25,DMA_127,34.39514927521016,0,0,97.89146997857375
2024-08-25,DMA_128,35.942950204431035,0,0,94.90233478339566
2024-08-25,DMA_129,51.60773748623569,0,1,94.75291684356385
2024-08-25,DMA_130,37.63491149279066,0,0,94.37284857212902
2024-08-25,DMA_131,47.06267651065187,0,1,95.31144828610498
2024-08-25,DMA_132,39.16035560498514,0,0,98.20673173917163
2024-08-25,DMA_133,39.29649291574446,0,0,101.94307904247658
2024-08-25,DMA_134,28.841625305682072,0,1,96.76477403080978
2024-08-25,DMA_135,39.74621841476628,0,0,95.92406703766723
2024-08-25,DMA_136,46.6882619234123,0,0,95.84513834079246
2024-08-25,DMA_137,28.429492063410127,0,0,94.24368694329566
2024-08-25,DMA_138,45.42945788014868,0,0,96.36220737884422
2024-08-25,DMA_139,36.57421135672901,0,1,94.65275735378238
2024-08-25,DMA_140,35.31439477269457,0,0,94.37731033755898
2024-08-25,DMA_141,46.016282259580315,0,0,96.98267337700342
2024-08-25,DMA_142,35.33569333066598,0,0,93.69531791520268
2024-08-25,DMA_143,41.93651685880935,0,0,93.37267558078094
2024-08-25,DMA_144,36.59339619064011,0,0,97.49012896314849
2024-08-25,DMA_145,30.54838483251798,0,0,94.51815378704056
2024-08-25,DMA_146,43.343083077815095,0,0,95.19855648263565
2024-08-25,DMA_147,37.86327101586952,0,0,95.82569414319009
2024-08-25,DMA_148,42.91194386819368,0,0,92.74929855739182
2024-08-25,DMA_149,33.49199011024468,0,0,93.85113117365597
2024-08-25,DMA_150,44.71205406020819,0,0,98.76060453170571
2024-09-01,DMA_001,38.05887855815863,0,0,94.92483542313394
2024-09-01,DMA_002,43.715168057352194,0,0,92.50247764097999
2024-09-01,DMA_003,40.58597586747126,0,0,97.2351082118324
2024-09-01,DMA_004,33.410729601428976,0,0,98.3910193292702
2024-09-01,DMA_005,43.00195602852207,0,1,95.6338729158779
2024-09-01,DMA_006,36.66686266671674,0,0,95.46643282074311
2024-09-01,DMA_007,46.47911078797562,0,0,97.33522520971621
2024-09-01,DMA_008,42.731057986417014,0,1,95.46772720432077
2024-09-01,DMA_009,41.637415028494075,0,0,96.30418393360516
2024-09-01,DMA_010,45.26073161290013,0,0,96.94593734039576
2024-09-01,DMA_011,32.461653219076055,0,0,97.13127246466375
2024-09-01,DMA_012,45.077903635380835,0,0,95.27587608168535
2024-09-01,DMA_013,38.12114404208537,0,0,95.84857421249804
2024-09-01,DMA_014,41.12010815529547,0,0,93.44325958078065
2024-09-01,DMA_015,44.55814034146107,0,0,94.8877951521765
2024-09-01,DMA_016,48.53334376894617,0,0,94.2525741864923
2024-09-01,DMA_017,38.010478247431855,0,0,99.84122349162533
2024-09-01,DMA_018,35.745874789434765,0,1,96.02242359208117
2024-09-01,DMA_019,51.81514566368267,0,0,95.56249823504062
2024-09-01,DMA_020,47.69972005340532,0,0,99.07191125941682
2024-09-01,DMA_021,42.64021116462911,0,0,96.5148631367717
2024-09-01,DMA_022,27.347552560803877,0,0,97.29302170595513
2024-09-01,DMA_023,34.09422282280468,0,0,98.48954817356243
2024-09-01,DMA_024,30.91263302576822,0,0,94.66106812804546
2024-09-01,DMA_025,38.24623729221635,0,0,91.08554226624142
2024-09-01,DMA_026,40.01559311952359,0,0,96.47808988851305
2024-09-01,DMA_027,34.95245826936461,0,0,95.01525636909503
2024-09-01,DMA_028,39.28589565335447,0,1,96.10142721643163
2024-09-01,DMA_029,42.109991655314126,0,0,93.61114374758705
2024-09-01,DMA_030,46.8914943961945,0,0,100.47742590656765
2024-09-01,DMA_031,43.38218625159433,0,0,94.05380546372594
2024-09-01,DMA_032,36.21854287822108,0,0,96.1207248729684
2024-09-01,DMA_033,40.781373509244375,0,0,98.12399125202859
2024-09-01,DMA_034,30.73519310875595,0,0,96.64375328125227
2024-09-01,DMA_035,42.180239430761794,0,0,96.14202822685438
2024-09-01,DMA_036,50.78609810672089,0,0,95.03604493279501
2024-09-01,DMA_037,36.9020692520771,0,0,94.06545477045545
2024-09-01,DMA_038,43.7303135327868,0,0,98.46790037942039
2024-09-01,DMA_039,38.64218036076498,0,0,93.2105652937957
2024-09-01,DMA_040,38.41891766846095,0,0,94.40654688782743
2024-09-01,DMA_041,34.00561743319515,0,0,94.26791368369712
2024-09-01,DMA_042,37.13020992201503,0,0,99.07997243242201
2024-09-01,DMA_043,43.44250191931784,0,0,95.78859535971168
2024-09-01,DMA_044,43.14787767724514,0,0,94.77851635593461
2024-09-01,DMA_045,38.69039836069218,0,0,93.97003576802145
2024-09-01,DMA_046,40.29209317860458,0,0,95.65730145598704
2024-09-01,DMA_047,32.01920747663025,0,0,95.09116754824268
2024-09-01,DMA_048,41.339559964207496,0,0,94.21009481413503
2024-09-01,DMA_049,35.019515698543984,0,0,94.23440523155135
2024-09-01,DMA_050,49.26332168340736,0,1,94.34752820286944
2024-09-01,DMA_051,33.14045518312643,0,0,98.06125789765478
2024-09-01,DMA_052,34.88814300664419,0,0,95.90601826358576
2024-09-01,DMA_053,34.16519071736781,0,0,97.0458579955738
2024-09-01,DMA_054,48.94456656642975,0,0,96.84352960550058
2024-09-01,DMA_055,42.35724507648334,0,0,95.34197140710751
2024-09-01,DMA_056,46.05069937166292,0,0,95.78246198492165
2024-09-01,DMA_057,39.75032732582584,0,1,97.08016407560577
2024-09-01,DMA_058,39.91157889703353,0,0,98.11750478328396
2024-09-01,DMA_059,41.1253966848126,0,0,95.02361220864867
2024-09-01,DMA_060,55.09365677641908,0,0,96.67646596347237
2024-09-01,DMA_061,44.414010184744114,0,0,96.07559495359534
2024-09-01,DMA_062,38.420660726698145,0,0,94.47963212447544
2024-09-01,DMA_063,37.37545910029665,0,0,95.2413756444051
2024-09-01,DMA_064,48.46381176008849,0,0,92.39814809738111
2024-09-01,DMA_065,47.180818858977425,0,0,96.63947841626833
2024-09-01,DMA_066,43.214543019678985,0,0,94.23942990188841
2024-09-01,DMA_067,39.601045712277156,0,1,97.29696496333956
2024-09-01,DMA_068,50.5703076864865,0,0,95.54249737014749
2024-09-01,DMA_069,40.693184545508494,0,1,95.93752121406668
2024-09-01,DMA_070,36.090277211578396,0,0,92.39105334036755
2024-09-01,DMA_071,43.08704506401826,0,0,95.2068950877731
2024-09-01,DMA_072,34.13267149014841,0,0,96.78136147609466
2024-09-01,DMA_073,47.992341409500135,0,0,94.98827569383269
2024-09-01,DMA_074,34.46755369846465,0,0,94.03021443491347
2024-09-01,DMA_075,37.20396308521253,0,0,92.19396363642294
2024-09-01,DMA_076,29.52555317339726,0,0,94.77770242373455
2024-09-01,DMA_077,41.84456122175711,0,0,92.23333882414185
2024-09-01,DMA_078,32.24818553507682,0,0,94.73677485491615
2024-09-01,DMA_079,41.99411837380446,0,0,98.13416071150245
2024-09-01,DMA_080,27.60737530622728,0,0,98.21372644266198
2024-09-01,DMA_081,43.238312630263856,0,0,95.17946174577631
2024-09-01,DMA_082,25.30396909473274,0,1,96.35437633297025
2024-09-01,DMA_083,30.835336269252842,0,0,97.02325572175208
2024-09-01,DMA_084,43.5439001501366,0,0,96.35269312060116
2024-09-01,DMA_085,37.27256303781335,0,0,99.11809976879704
2024-09-01,DMA_086,42.35051300474298,0,0,95.29734367935669
2024-09-01,DMA_087,39.578623448869216,0,0,94.24690577522375
2024-09-01,DMA_088,42.626028175818455,0,0,93.47913831916053
2024-09-01,DMA_089,50.465696268786814,0,0,96.21690390622634
2024-09-01,DMA_090,40.394377038995266,0,0,100.0756391574975
2024-09-01,DMA_091,43.70297199327325,0,0,96.7488619080941
2024-09-01,DMA_092,40.61178883150625,0,0,95.30953789463042
2024-09-01,DMA_093,35.25417740541485,0,0,100.01321212697174
2024-09-01,DMA_094,51.434261514745444,0,0,96.84912780274432
2024-09-01,DMA_095,35.75040326748008,0,0,93.75063125194677
2024-09-01,DMA_096,46.92837497484319,0,0,95.0023050275376
2024-09-01,DMA_097,43.222510231723874,0,0,96.16059949394713
2024-09-01,DMA_098,43.805366560895095,0,0,97.50550702749251
2024-09-01,DMA_099,43.65732313887071,0,0,95.06554276291722
2024-09-01,DMA_100,42.377352105889145,0,0,92.91561627495567
2024-09-01,DMA_101,48.184292094711004,0,0,94.75571729918613
2024-09-01,DMA_102,49.59047710150884,0,0,94.96825371431441
2024-09-01,DMA_103,34.18722875035833,0,0,93.573299266834
2024-09-01,DMA_104,40.30092670628847,0,0,97.55431157564085
2024-09-01,DMA_105,38.99094208971553,0,0,95.44884966265539
2024-09-01,DMA_106,37.100580901088414,0,0,97.64724372785724
2024-09-01,DMA_107,41.47418253175044,0,0,98.4554412542318
2024-09-01,DMA_108,44.879506957318206,0,0,93.95258146217176
2024-09-01,DMA_109,37.58506130389368,0,0,95.6369316048714
2024-09-01,DMA_110,54.63338552082502,0,0,91.16551783394728
2024-09-01,DMA_111,37.849589134435966,0,0,96.35835767627748
2024-09-01,DMA_112,43.93637453124853,0,0,95.88366202441603
2024-09-01,DMA_113,37.534206522665734,0,0,93.3234794788008
2024-09-01,DMA_114,38.7920931322371,0,0,95.05161412664496
2024-09-01,DMA_115,46.895513893214186,0,0,93.23626854967206
2024-09-01,DMA_116,51.249171997596974,0,0,94.51816502799747
2024-09-01,DMA_117,35.34687036187598,0,0,92.83168814910123
2024-09-01,DMA_118,56.32021684052221,0,0,94.34486760144767
2024-09-01,DMA_119,36.10217466890451,0,1,95.36301807182961
2024-09-01,DMA_120,38.31914933905706,0,0,92.19278794214995
2024-09-01,DMA_121,48.01527586698488,0,1,97.02243906822963
2024-09-01,DMA_122,47.11161555398801,0,0,97.93047680805795
2024-09-01,DMA_123,55.6411761285222,0,0,94.41022394074449
2024-09-01,DMA_124,46.4458522292488,0,0,94.66945810069846
2024-09-01,DMA_125,45.386476343399025,0,0,95.44499190181834
2024-09-01,DMA_126,37.97407342463374,0,0,96.83755589296157
2024-09-01,DMA_127,42.543918917983135,0,0,90.27079459540934
2024-09-01,DMA_128,33.789916470281504,0,1,94.67581278784846
2024-09-01,DMA_129,47.35424296544892,0,1,96.67298140212661
2024-09-01,DMA_130,40.12430450597386,0,0,93.34174883123825
2024-09-01,DMA_131,38.195371580870464,0,1,97.78407051616881
2024-09-01,DMA_132,46.60833162292738,0,0,96.01109719366556
2024-09-01,DMA_133,35.60211097078587,0,0,95.9505890456922
2024-09-01,DMA_134,39.056652485361724,0,0,93.84419697613829
2024-09-01,DMA_135,49.66078736498205,0,0,97.43535385785731
2024-09-01,DMA_136,42.01905110332904,0,0,93.81138876988685
2024-09-01,DMA_137,39.448062913473976,0,0,94.3411884149918
2024-09-01,DMA_138,38.15954894189303,0,0,96.07337920316336
2024-09-01,DMA_139,46.34272307875179,0,0,94.88835074728252
2024-09-01,DMA_140,38.31082411445265,0,0,95.93311199892331
2024-09-01,DMA_141,28.22571869188021,0,0,96.96742650445084
2024-09-01,DMA_142,36.745297567740124,0,0,96.637419792543
2024-09-01,DMA_143,38.79050338180454,0,1,93.83179126553416
2024-09-01,DMA_144,44.88832729609293,0,0,99.2808953099837
2024-09-01,DMA_145,42.105713175365864,0,0,92.89560355419589
2024-09-01,DMA_146,48.857086406297654,0,0,91.91568358818579
2024-09-01,DMA_147,40.400634328531005,0,0,92.96651177188673
2024-09-01,DMA_148,37.024928785184215,0,0,93.80677560399806
2024-09-01,DMA_149,32.01567988865004,0,0,96.45342364898272
2024-09-01,DMA_150,29.668560666306895,0,0,94.71668063778404
2024-09-08,DMA_001,37.386688533158875,0,0,93.14939085586282
2024-09-08,DMA_002,42.16424292687552,0,0,98.02623298762127
2024-09-08,DMA_003,45.75982052159244,0,0,97.31698346378741
2024-09-08,DMA_004,46.52882761975047,0,0,97.23048040418698
2024-09-08,DMA_005,41.28825195949707,0,0,96.71699903307808
2024-09-08,DMA_006,44.80417170505226,0,0,93.69619798769914
2024-09-08,DMA_007,48.677475104113725,0,0,93.15540891227803
2024-09-08,DMA_008,48.44995955263757,0,0,96.00003126789423
2024-09-08,DMA_009,39.43180260061105,0,1,98.20442011600713
2024-09-08,DMA_010,47.67324467044749,0,0,93.70602874206841
2024-09-08,DMA_011,44.06047060683488,0,1,96.83064245686026
2024-09-08,DMA_012,41.73375041444052,0,0,96.92749650491363
2024-09-08,DMA_013,40.580322969546245,0,0,92.77977860413382
2024-09-08,DMA_014,45.664544292363615,0,0,96.98694959880301
2024-09-08,DMA_015,45.84974879899444,0,0,93.75772973329173
2024-09-08,DMA_016,50.013009704692955,0,0,95.40753310674016
2024-09-08,DMA_017,42.94082665525288,0,0,93.80741475715787
2024-09-08,DMA_018,37.898637329763105,0,0,94.89584630988261
2024-09-08,DMA_019,43.57095571769983,0,0,97.06449600196937
2024-09-08,DMA_020,42.68869597591539,0,0,100.47872534019845
2024-09-08,DMA_021,42.45185241490585,0,1,98.64417723339633
2024-09-08,DMA_022,39.58534118407213,0,0,97.28919962067482
2024-09-08,DMA_023,44.08921844970069,0,0,96.04055589336008
2024-09-08,DMA_024,54.73240884116572,0,0,98.60843962897755
2024-09-08,DMA_025,41.31482951609439,0,0,94.74268838128911
2024-09-08,DMA_026,37.08891275615717,0,0,93.6944707477307
2024-09-08,DMA_027,39.871921510697575,0,1,95.52825086639206
2024-09-08,DMA_028,47.71905817601985,0,0,92.68728383285382
2024-09-08,DMA_029,40.78654401613323,0,0,96.86707883680774
2024-09-08,DMA_030,40.81756107694361,0,0,97.78367058213166
2024-09-08,DMA_031,38.84685555624502,0,0,98.44551420480033
2024-09-08,DMA_032,33.06329930572652,0,0,95.9357885768488
2024-09-08,DMA_033,35.12252698172391,0,0,95.1031652070885
2024-09-08,DMA_034,36.02593992003195,0,0,94.87339298167484
2024-09-08,DMA_035,41.524954827012046,0,0,93.93357843134979
2024-09-08,DMA_036,40.95516787784774,0,1,94.72554213976642
2024-09-08,DMA_037,43.92071183856173,0,0,94.67733712864454
2024-09-08,DMA_038,47.44480803531231,0,0,95.44888660535382
2024-09-08,DMA_039,48.43424590495137,0,0,97.05715822776523
2024-09-08,DMA_040,45.4466632101235,0,0,94.13266463339377
2024-09-08,DMA_041,53.01506211617636,0,0,99.17854001503626
2024-09-08,DMA_042,36.448073470837954,0,0,98.01324707151693
2024-09-08,DMA_043,42.09095857203875,0,1,94.14325090129667
2024-09-08,DMA_044,45.566985502276296,0,0,95.30287609143531
2024-09-08,DMA_045,41.86021575413997,0,0,98.08819213308905
2024-09-08,DMA_046,42.35767548619198,0,0,90.33165455670876
2024-09-08,DMA_047,36.799345015979846,0,0,93.86471108824048
2024-09-08,DMA_048,44.962941524277156,0,0,95.53535931395999
2024-09-08,DMA_049,36.414054360484776,0,0,96.4695529138887
2024-09-08,DMA_050,41.051040569496315,0,0,95.81722586862615
2024-09-08,DMA_051,47.803701320692355,0,1,96.36393540678301
2024-09-08,DMA_052,46.900651677962344,0,0,99.89820574995369
2024-09-08,DMA_053,43.87244241771276,0,0,97.22111034088209
2024-09-08,DMA_054,47.691334192008,0,0,97.17034170971957
2024-09-08,DMA_055,42.915019146485214,0,0,92.43156012743346
2024-09-08,DMA_056,35.70578349796564,0,0,95.6262027782366
2024-09-08,DMA_057,38.36116570899976,0,0,96.57530175034206
2024-09-08,DMA_058,46.34825320593731,0,0,98.89375341775347
2024-09-08,DMA_059,39.023098846543206,0,0,93.90862873770604
2024-09-08,DMA_060,48.892232421825256,0,0,95.97742295272768
2024-09-08,DMA_061,53.83222694808343,0,1,95.06732970675988
2024-09-08,DMA_062,52.338701253368924,0,0,95.87179173308024
2024-09-08,DMA_063,34.124776563054496,0,0,95.98093114397574
2024-09-08,DMA_064,50.46791199802505,0,0,96.77928269545495
2024-09-08,DMA_065,31.292563957809616,0,0,94.57426380392941
2024-09-08,DMA_066,33.981320308954366,0,0,94.9211866673221
2024-09-08,DMA_067,34.29476964239859,0,1,96.31425317642083
2024-09-08,DMA_068,33.85802906048643,0,0,97.13401599403042
2024-09-08,DMA_069,35.15146896471967,0,0,92.55091102143247
2024-09-08,DMA_070,56.83132508569071,0,0,94.47261437599887
2024-09-08,DMA_071,41.80947992868072,0,0,95.18443300332345
2024-09-08,DMA_072,41.507167931064316,0,1,94.86243039156592
2024-09-08,DMA_073,47.26758196984946,0,1,97.316063595002
2024-09-08,DMA_074,47.532049975532985,0,0,94.60541220259833
2024-09-08,DMA_075,50.77923161907184,0,1,97.69934885152657
2024-09-08,DMA_076,51.64464755481447,0,0,93.49431292572208
2024-09-08,DMA_077,35.01080074104257,0,0,95.37171953501236
2024-09-08,DMA_078,38.49506751102152,0,1,100.09361256845857
2024-09-08,DMA_079,29.583695823026524,0,0,94.53372716207681
2024-09-08,DMA_080,37.29564229279338,0,0,94.84763490964147
2024-09-08,DMA_081,34.95697171866448,0,0,95.18984461108245
2024-09-08,DMA_082,45.82024863864254,0,1,97.32786549928773
2024-09-08,DMA_083,33.420558870750206,0,0,93.84059464042727
2024-09-08,DMA_084,37.35026811186718,0,0,92.376959360379
2024-09-08,DMA_085,37.37158225157002,0,0,97.61228376693471
2024-09-08,DMA_086,37.61373606587039,0,0,97.95479654009553
2024-09-08,DMA_087,43.20239772120542,0,0,96.89135630600492
2024-09-08,DMA_088,41.62517355167478,0,0,94.77015999959468
2024-09-08,DMA_089,32.80424819883274,0,0,98.75849252230668
2024-09-08,DMA_090,44.71052792230072,0,1,100.22198597204225
2024-09-08,DMA_091,43.48167727622682,0,0,96.32989531484137
2024-09-08,DMA_092,53.812490684066994,0,1,95.87949738265289
2024-09-08,DMA_093,47.34892313482985,0,0,94.55621554123394
2024-09-08,DMA_094,47.55341186347324,0,0,97.41086343088963
2024-09-08,DMA_095,42.231375265536684,0,0,95.86650723355105
2024-09-08,DMA_096,49.03414103985177,0,0,92.90299938736287
2024-09-08,DMA_097,37.33980534342667,0,0,96.39534579953543
2024-09-08,DMA_098,44.35263677468787,0,0,95.25664683165823
2024-09-08,DMA_099,43.052336865573096,0,0,93.05635408294084
2024-09-08,DMA_100,37.68743660083526,0,1,96.166457539305
2024-09-08,DMA_101,47.1810859067881,0,0,97.05725109659384
2024-09-08,DMA_102,44.24336714117246,0,1,91.31140066298043
2024-09-08,DMA_103,56.51234956838254,0,0,94.55565476809815
2024-09-08,DMA_104,50.51485109011059,0,0,94.92803333364569
2024-09-08,DMA_105,39.816648993099776,0,0,96.73277031299219
2024-09-08,DMA_106,41.52444903318761,0,0,96.64084866398558
2024-09-08,DMA_107,43.56406989047516,0,0,91.05696644991302
2024-09-08,DMA_108,45.4319908937601,0,1,93.47393856195926
2024-09-08,DMA_109,40.55725062121742,0,0,95.64260874959655
2024-09-08,DMA_110,40.5424854496621,0,0,96.30468211698808
2024-09-08,DMA_111,39.320004391746124,0,0,93.93063323861043
2024-09-08,DMA_112,44.75487942115435,0,0,96.25467003633905
2024-09-08,DMA_113,38.51110331577847,0,0,96.68266818044786
2024-09-08,DMA_114,50.99863740003372,0,0,96.9840722675923
2024-09-08,DMA_115,50.39348367636607,0,0,98.27840743215783
2024-09-08,DMA_116,47.52036192018743,0,0,96.61784569894938
2024-09-08,DMA_117,39.04209342355968,0,0,93.66323332355022
2024-09-08,DMA_118,49.13147676878276,0,0,95.95113132449089
2024-09-08,DMA_119,47.88864983295132,0,0,91.92595791247597
2024-09-08,DMA_120,44.351707317104335,0,0,94.388691392645
2024-09-08,DMA_121,51.29594083794447,0,0,96.110375890456
2024-09-08,DMA_122,47.17333683035115,0,0,97.47876782536024
2024-09-08,DMA_123,43.7419249257124,0,0,95.79580706787468
2024-09-08,DMA_124,37.60179629893482,0,1,96.67548890556017
2024-09-08,DMA_125,43.52363808590522,0,0,93.7733177668394
2024-09-08,DMA_126,44.05567819048806,0,1,94.0502901505838
2024-09-08,DMA_127,37.976786149716204,0,0,96.88965810967686
2024-09-08,DMA_128,43.771380750838055,0,1,93.87869772282599
2024-09-08,DMA_129,45.29025282254915,0,0,97.36092958461842
2024-09-08,DMA_130,50.535865969580534,0,0,98.04406833439161
2024-09-08,DMA_131,45.051977182965466,0,0,94.83355411189807
2024-09-08,DMA_132,39.21356649821055,0,0,95.52333894625464
2024-09-08,DMA_133,45.48394913437552,0,1,94.21844068722332
2024-09-08,DMA_134,55.40500765749469,0,1,96.43681758891687
2024-09-08,DMA_135,23.926690442187134,0,1,95.26295023606245
2024-09-08,DMA_136,43.789189033349345,0,0,92.13147584670537
2024-09-08,DMA_137,46.188807997856095,0,0,95.79885673277856
2024-09-08,DMA_138,38.96883738474095,0,0,94.17636208760312
2024-09-08,DMA_139,54.9995109080242,0,0,94.21612421957805
2024-09-08,DMA_140,42.302057784356556,0,0,92.53263626171189
2024-09-08,DMA_141,45.48161318579198,0,0,94.28098195216519
2024-09-08,DMA_142,46.96669947380364,0,0,94.58653896402878
2024-09-08,DMA_143,48.957306617899285,0,0,99.94358687606837
2024-09-08,DMA_144,41.47971296694778,0,0,98.77582247454615
2024-09-08,DMA_145,37.954411411768376,0,0,95.62195366547886
2024-09-08,DMA_146,44.8047251775784,0,0,92.08016142880768
2024-09-08,DMA_147,37.2802237754521,0,0,95.87108966450288
2024-09-08,DMA_148,44.36699807702468,0,1,98.69897852214548
2024-09-08,DMA_149,39.80585203844827,0,0,94.62005059718236
2024-09-08,DMA_150,46.42172347054512,0,0,97.10807170822991
2024-09-15,DMA_001,51.850712588226294,0,1,93.1992316854655
2024-09-15,DMA_002,37.617067317978986,0,0,97.51967270137108
2024-09-15,DMA_003,46.37152941024495,0,0,91.72868407871631
2024-09-15,DMA_004,40.79134800517329,0,0,94.75483002549025
2024-09-15,DMA_005,55.294391068503046,0,0,95.4200278768264
2024-09-15,DMA_006,40.07967130698143,0,0,96.79827317644636
2024-09-15,DMA_007,48.21997078679356,0,1,91.83335687141518
2024-09-15,DMA_008,38.785164399889496,0,0,95.34239832471052
2024-09-15,DMA_009,38.71601253687841,0,0,97.65274734221404
2024-09-15,DMA_010,45.706494549694696,0,0,95.69601900741361
2024-09-15,DMA_011,49.237746270607154,0,0,93.65426875924686
2024-09-15,DMA_012,52.97036163211789,0,0,97.68429319820231
2024-09-15,DMA_013,46.63415163996776,0,0,94.32446375356425
2024-09-15,DMA_014,40.79831264829009,0,0,96.55179783576055
2024-09-15,DMA_015,45.99402546167678,0,0,92.60022081823078
2024-09-15,DMA_016,43.26244184288598,0,0,97.39366588838595
2024-09-15,DMA_017,45.667873187318875,0,1,96.40343828280798
2024-09-15,DMA_018,52.362903567639044,0,1,96.94233478697075
2024-09-15,DMA_019,49.609529512429326,0,0,95.41079508938306
2024-09-15,DMA_020,33.1014153996516,0,0,93.51696434023845
2024-09-15,DMA_021,48.66678050931884,0,0,96.05060736222313
2024-09-15,DMA_022,45.657952934060496,0,1,93.59205689395583
2024-09-15,DMA_023,41.28223683844266,0,0,94.40804766064657
2024-09-15,DMA_024,54.4692554822246,0,0,92.20708090924354
2024-09-15,DMA_025,48.15306325036138,0,1,94.57184104701106
2024-09-15,DMA_026,46.739003109712925,0,0,96.89950960768523
2024-09-15,DMA_027,49.938471451280655,0,0,93.83564918399105
2024-09-15,DMA_028,45.54803686720809,0,0,96.46671620133301
2024-09-15,DMA_029,49.29691168756028,0,0,91.30043313032834
2024-09-15,DMA_030,45.67378740637874,0,1,94.27048542337134
2024-09-15,DMA_031,45.215262726294995,0,0,93.45353931484811
2024-09-15,DMA_032,53.91080745997395,0,1,96.53009732218898
2024-09-15,DMA_033,36.7538552867931,0,0,99.3982288666657
2024-09-15,DMA_034,56.89040986804523,0,0,97.41631943521013
2024-09-15,DMA_035,39.718169586819165,0,0,90.78437145082256
2024-09-15,DMA_036,46.32942535295955,0,0,95.43629098907313
2024-09-15,DMA_037,33.896007880442525,0,0,98.23746115040602
2024-09-15,DMA_038,46.626176029377824,0,0,96.26800650634607
2024-09-15,DMA_039,49.035002634177246,0,0,91.7475350984489
2024-09-15,DMA_040,43.12412061873439,0,0,97.21203530750357
2024-09-15,DMA_041,54.01821473552285,0,1,91.94787495595286
2024-09-15,DMA_042,42.65292915953888,0,0,94.34192027108652
2024-09-15,DMA_043,49.9377764224965,0,0,99.49097139862087
2024-09-15,DMA_044,32.680766768190864,0,0,95.56460723316364
2024-09-15,DMA_045,46.45757990530925,0,0,91.87701224961556
2024-09-15,DMA_046,42.32254125850784,0,0,93.90225003815962
2024-09-15,DMA_047,46.444859457056026,0,0,96.12730436940356
2024-09-15,DMA_048,50.73362418637057,0,0,94.79054027184922
2024-09-15,DMA_049,44.59585053151092,0,0,96.19515500103235
2024-09-15,DMA_050,36.27273470342182,0,1,94.37372695020177
2024-09-15,DMA_051,40.03946985703838,0,0,97.35239491474702
2024-09-15,DMA_052,55.73812048628824,0,0,97.70059369971192
2024-09-15,DMA_053,43.333587411881545,0,1,94.84423097388515
2024-09-15,DMA_054,43.70788926051313,0,0,100.56786038767173
2024-09-15,DMA_055,48.054457787523354,0,0,93.4966462582958
2024-09-15,DMA_056,39.54813854576844,0,0,96.65467250763518
2024-09-15,DMA_057,53.445141264488356,0,0,91.47326499245654
2024-09-15,DMA_058,40.573561772650066,0,0,96.1694429757227
2024-09-15,DMA_059,40.73413523800069,0,0,93.41165675873998
2024-09-15,DMA_060,47.02142742919248,0,0,95.82269996430924
2024-09-15,DMA_061,46.30218199900782,0,0,94.28754628161097
2024-09-15,DMA_062,47.0614720753601,0,0,93.65845333923221
2024-09-15,DMA_063,57.339521096007545,0,0,96.3463841688137
2024-09-15,DMA_064,41.12254700364028,0,0,97.17029426840064
2024-09-15,DMA_065,43.821287988403476,0,0,92.5366068432095
2024-09-15,DMA_066,40.76926708322313,0,0,98.00436439578102
2024-09-15,DMA_067,36.48849580028161,0,0,96.699263122086
2024-09-15,DMA_068,44.19122910293471,0,1,95.23009065869854
2024-09-15,DMA_069,56.42110285476917,0,1,93.96068993665757
2024-09-15,DMA_070,39.05750153939027,0,0,98.71528714185744
2024-09-15,DMA_071,47.187110861615984,0,0,94.96795208535218
2024-09-15,DMA_072,42.053995922084056,0,0,92.270350527
2024-09-15,DMA_073,52.01433668771242,0,1,93.59356190502521
2024-09-15,DMA_074,44.850914626138625,0,0,98.01320111700788
2024-09-15,DMA_075,38.62046197899525,0,0,96.2249259183244
2024-09-15,DMA_076,43.121277998871065,0,0,96.68989388156209
2024-09-15,DMA_077,38.39295312499559,0,0,96.7335539828304
2024-09-15,DMA_078,47.3952840661591,0,0,96.93685837636681
2024-09-15,DMA_079,48.28244926765771,0,0,94.33918850831502
2024-09-15,DMA_080,44.71209174181332,0,0,93.60523584348827
2024-09-15,DMA_081,53.314270851747175,0,0,94.45709634169256
2024-09-15,DMA_082,41.00448291417493,0,0,93.01407972085646
2024-09-15,DMA_083,49.923147737797315,0,0,97.91457186634455
2024-09-15,DMA_084,43.734455600074966,0,0,96.18529062313026
2024-09-15,DMA_085,58.056915478709136,0,0,93.6743802145376
2024-09-15,DMA_086,41.25959003544634,0,0,95.38225430396291
2024-09-15,DMA_087,48.03067058633725,0,0,96.80080910121433
2024-09-15,DMA_088,48.98525441352848,0,0,94.33820439176425
2024-09-15,DMA_089,40.462766276319535,0,0,95.96343070011704
2024-09-15,DMA_090,45.753498537171794,0,0,93.04162634546513
2024-09-15,DMA_091,43.58288324465083,0,0,95.88187642021899
2024-09-15,DMA_092,51.524934754081016,0,0,96.97528774956939
2024-09-15,DMA_093,38.8497301712853,0,1,94.98084458605928
2024-09-15,DMA_094,39.47690717856216,0,0,94.10505996430551
2024-09-15,DMA_095,42.88727211906839,0,0,93.29991476564213
2024-09-15,DMA_096,43.83662321547551,0,1,99.10193367670134
2024-09-15,DMA_097,49.2729923376961,0,0,94.73385662462584
2024-09-15,DMA_098,39.46429580305522,0,0,96.26531891021523
2024-09-15,DMA_099,43.12775411299564,0,0,94.74825610118648
2024-09-15,DMA_100,54.200136598518796,0,0,93.17639853809678
2024-09-15,DMA_101,46.6407049355839,0,0,92.29482557312224
2024-09-15,DMA_102,49.22096127273992,0,0,93.09575343624904
2024-09-15,DMA_103,44.79668107910918,0,0,95.32854238574993
2024-09-15,DMA_104,42.93642901916585,0,0,94.98766489213749
2024-09-15,DMA_105,41.96725349813221,0,0,94.33667799596401
2024-09-15,DMA_106,40.69320015122953,0,0,93.36905192865231
2024-09-15,DMA_107,49.38964897291859,0,0,96.31697005140377
2024-09-15,DMA_108,41.80399778450042,0,0,94.30880974995335
2024-09-15,DMA_109,55.39958276859768,0,1,95.03296408505538
2024-09-15,DMA_110,42.219401304045405,0,0,97.76600742079252
2024-09-15,DMA_111,43.5133986670936,0,0,95.51215642551068
2024-09-15,DMA_112,48.423297273604184,0,0,93.89998970584409
2024-09-15,DMA_113,41.33763056345895,0,0,93.44004488563917
2024-09-15,DMA_114,55.58225593837796,0,0,93.9198595051919
2024-09-15,DMA_115,37.98630878495486,0,1,93.04096514186043
2024-09-15,DMA_116,55.96787185390174,0,0,95.51639269709493
2024-09-15,DMA_117,38.1028335114289,0,0,94.17058210532271
2024-09-15,DMA_118,54.43109896719319,0,0,98.01051523781443
2024-09-15,DMA_119,38.96215103138992,0,0,95.48703489687429
2024-09-15,DMA_120,49.868856644768236,0,0,92.67654739350463
2024-09-15,DMA_121,53.1102488555525,0,1,95.41928734637311
2024-09-15,DMA_122,41.41550310164351,0,0,94.1825969762715
2024-09-15,DMA_123,41.31050127530057,0,0,91.72115829026595
2024-09-15,DMA_124,49.998684284038966,0,0,98.36056555791674
2024-09-15,DMA_125,40.47586397739491,0,1,94.25369861352576
2024-09-15,DMA_126,48.185320177358065,0,0,97.88456958823521
2024-09-15,DMA_127,46.4113494152601,0,0,95.3916551926238
2024-09-15,DMA_128,39.60780067874542,0,0,97.15844679590097
2024-09-15,DMA_129,39.27582367445744,0,1,95.01583212931251
2024-09-15,DMA_130,41.8368228432495,0,1,95.27884115277658
2024-09-15,DMA_131,50.94070841871433,0,0,98.4525321706778
2024-09-15,DMA_132,49.98099741820157,0,0,95.70318554111083
2024-09-15,DMA_133,44.51654916754716,0,0,94.20372455380748
2024-09-15,DMA_134,47.048286678259004,0,1,96.24922968676427
2024-09-15,DMA_135,35.62059468484479,0,0,95.13255397338406
2024-09-15,DMA_136,52.35760305113248,0,0,93.64460952349074
2024-09-15,DMA_137,40.79415914040912,0,0,94.84693413747594
2024-09-15,DMA_138,55.656454781991,0,0,94.61149739574398
2024-09-15,DMA_139,39.257998844663746,0,0,100.93160542932729
2024-09-15,DMA_140,43.736583605166444,0,0,93.2373483320309
2024-09-15,DMA_141,41.4651125099239,0,0,97.97495758382867
2024-09-15,DMA_142,45.91741764805841,0,1,95.81391612479662
2024-09-15,DMA_143,51.48225690144224,0,0,95.42894883379425
2024-09-15,DMA_144,48.99152005704138,0,0,98.01708154404744
2024-09-15,DMA_145,50.11261601278885,0,0,95.18889374187124
2024-09-15,DMA_146,45.0004399100602,0,0,96.72399463478037
2024-09-15,DMA_147,33.133084398076676,0,1,96.15828984789583
2024-09-15,DMA_148,50.07368102590772,0,0,95.14338790764779
2024-09-15,DMA_149,50.5204260764516,0,0,96.61761803513812
2024-09-15,DMA_150,43.13056216572016,0,1,96.77077744322364
2024-09-22,DMA_001,43.16287373768943,0,0,93.33699899500094
2024-09-22,DMA_002,49.93275996973583,0,1,94.40206645988836
2024-09-22,DMA_003,48.16701187558931,0,0,96.28690127155845
2024-09-22,DMA_004,50.421911902234854,0,0,92.4958331133536
2024-09-22,DMA_005,51.76232568729029,0,0,97.2731535091692
2024-09-22,DMA_006,51.074436632235205,0,0,93.49932600082644
2024-09-22,DMA_007,43.78120432787433,0,0,93.57521676497562
2024-09-22,DMA_008,47.739789369687635,0,0,97.50211931570395
2024-09-22,DMA_009,54.29826329328042,0,1,95.59116569504639
2024-09-22,DMA_010,46.08449758608462,0,0,93.48110198736569
2024-09-22,DMA_011,45.19279740612186,0,0,93.94631973441567
2024-09-22,DMA_012,50.573407255159296,0,0,96.84613115037695
2024-09-22,DMA_013,43.31697904078196,0,0,99.78234621072414
2024-09-22,DMA_014,48.276997007766994,0,0,93.75605665228105
2024-09-22,DMA_015,47.55090119329091,0,1,97.60185907855892
2024-09-22,DMA_016,40.332880780058574,0,0,96.16092223362328
2024-09-22,DMA_017,44.42531711805407,0,0,93.36578370934576
2024-09-22,DMA_018,39.7555568870913,0,0,92.90044260519221
2024-09-22,DMA_019,52.008265753948535,0,0,95.58553722486846
2024-09-22,DMA_020,48.66091755256531,0,0,95.49513217669681
2024-09-22,DMA_021,53.42505303746527,0,0,99.4762269676238
2024-09-22,DMA_022,50.32541101736788,0,0,92.84724299736396
2024-09-22,DMA_023,42.98999519940144,0,0,96.95456423576204
2024-09-22,DMA_024,60.92404764454024,0,0,95.0281699830745
2024-09-22,DMA_025,53.666112933247774,0,0,97.12070018400709
2024-09-22,DMA_026,45.2527184572131,0,0,96.63480421837363
2024-09-22,DMA_027,45.21048810194312,0,0,92.69573872087176
2024-09-22,DMA_028,52.44211357866493,0,0,90.83925981214267
2024-09-22,DMA_029,52.72506560983284,0,0,97.72180664122942
2024-09-22,DMA_030,52.252132670219325,0,0,94.75273331096636
2024-09-22,DMA_031,52.915945222723515,0,0,94.06061463904388
2024-09-22,DMA_032,48.962921333799464,0,0,93.39841275353582
2024-09-22,DMA_033,43.52049123496847,0,0,93.84892779793825
2024-09-22,DMA_034,44.39731394544991,0,0,94.03624993094418
2024-09-22,DMA_035,61.223260749125224,0,0,98.84157081551814
2024-09-22,DMA_036,44.80691179340788,0,0,98.45062290428324
2024-09-22,DMA_037,54.38239202345782,0,0,97.17010281124642
2024-09-22,DMA_038,56.50953711447583,0,0,94.48299730830726
2024-09-22,DMA_039,49.757351196163704,0,0,94.55305114602604
2024-09-22,DMA_040,54.964099438006016,0,0,93.54038596976511
2024-09-22,DMA_041,41.21445067730386,0,1,97.81557023415054
2024-09-22,DMA_042,53.75439689430042,0,0,94.28227528928669
2024-09-22,DMA_043,45.007145944497225,0,0,92.16302142918919
2024-09-22,DMA_044,53.85569803590098,0,0,92.90219999857868
2024-09-22,DMA_045,53.90866995658859,0,0,94.4445242750959
2024-09-22,DMA_046,50.06874825085922,0,0,93.76280462836898
2024-09-22,DMA_047,52.68631701727011,0,0,93.03639156319144
2024-09-22,DMA_048,52.78845353808569,0,0,95.40553012607471
2024-09-22,DMA_049,53.52374726514739,0,0,94.77904822938281
2024-09-22,DMA_050,43.662012027408664,0,0,95.62850041049568
2024-09-22,DMA_051,44.42535547805537,0,0,92.01856548894159
2024-09-22,DMA_052,64.16897906436884,0,0,95.05236202699918
2024-09-22,DMA_053,57.14420886917249,0,0,91.38968749777074
2024-09-22,DMA_054,45.36138415527821,0,0,95.75293343180334
2024-09-22,DMA_055,53.12819666712781,0,0,95.78771615803366
2024-09-22,DMA_056,53.48042709786388,0,1,97.4101874182868
2024-09-22,DMA_057,47.77717568504143,0,0,97.46985440110568
2024-09-22,DMA_058,46.686213429176945,0,0,96.27270303096859
2024-09-22,DMA_059,41.45185273704716,0,0,95.58818835434316
2024-09-22,DMA_060,63.110297043273434,0,0,99.06260606417831
2024-09-22,DMA_061,46.763424578362205,0,0,96.51915748564042
2024-09-22,DMA_062,46.367726799324565,0,0,93.91113034081664
2024-09-22,DMA_063,42.196257835678715,0,0,93.03549270346679
2024-09-22,DMA_064,41.920867525155785,0,0,99.2579288176043
2024-09-22,DMA_065,42.29801041784641,0,0,95.30720835557823
2024-09-22,DMA_066,54.47870151120008,0,0,92.6165493287703
2024-09-22,DMA_067,58.12898457431807,0,0,97.38471785409486
2024-09-22,DMA_068,37.869794089959754,0,0,95.06650403993676
2024-09-22,DMA_069,46.50175998743625,0,0,98.2737961901455
2024-09-22,DMA_070,39.764022441274975,0,1,95.07267330927787
2024-09-22,DMA_071,55.26410022301948,0,1,95.48398887138912
2024-09-22,DMA_072,51.76091811766734,0,0,98.32041637765165
2024-09-22,DMA_073,39.94938430647456,0,0,93.67355337754144
2024-09-22,DMA_074,44.18728001914736,0,0,96.21192456492516
2024-09-22,DMA_075,56.24794380547786,0,0,98.28005704237499
2024-09-22,DMA_076,48.85970371865496,0,0,98.18739393495028
2024-09-22,DMA_077,43.743281844273795,0,0,93.30073420992144
2024-09-22,DMA_078,48.87851036553935,0,1,95.01118782747186
2024-09-22,DMA_079,51.99616734873566,0,0,95.66836546665573
2024-09-22,DMA_080,43.753240972160334,0,0,93.74971372207233
2024-09-22,DMA_081,48.00939328387701,0,0,98.32013370789072
2024-09-22,DMA_082,52.864647701919495,0,0,98.53962626486953
2024-09-22,DMA_083,36.62185586994855,0,0,95.27407758755773
2024-09-22,DMA_084,47.70002997560654,0,0,93.91257252313513
2024-09-22,DMA_085,46.17889537905547,0,0,94.2157837550482
2024-09-22,DMA_086,52.11681463291713,0,0,94.13221415066695
2024-09-22,DMA_087,48.23912370916026,0,0,96.81657947331325
2024-09-22,DMA_088,38.68011376934334,0,0,95.5742821484057
2024-09-22,DMA_089,47.04802258105885,0,0,93.18416767206404
2024-09-22,DMA_090,47.012447062498076,0,0,96.51031660677077
2024-09-22,DMA_091,51.84632719005129,0,0,96.13489924596271
2024-09-22,DMA_092,45.515808320537744,0,0,92.98926497658033
2024-09-22,DMA_093,49.30826053079413,0,0,94.320977591452
2024-09-22,DMA_094,53.939264616158425,0,0,99.20036457007024
2024-09-22,DMA_095,52.488160041376005,0,0,93.59973756916726
2024-09-22,DMA_096,41.54886411293626,0,0,96.37109838601808
2024-09-22,DMA_097,49.100795692218426,0,0,96.54952112430156
2024-09-22,DMA_098,53.36991011939879,0,0,96.1254834802554
2024-09-22,DMA_099,51.84001844418534,0,0,93.34640965021772
2024-09-22,DMA_100,49.556571945166084,0,0,98.35665178313582
2024-09-22,DMA_101,42.53235653100942,0,0,94.2023463355899
2024-09-22,DMA_102,54.45165445371385,0,0,96.82643795075968
2024-09-22,DMA_103,47.811801603763065,0,0,95.48838284850126
2024-09-22,DMA_104,46.50481242868943,0,0,95.56466062351328
2024-09-22,DMA_105,46.92997036963314,0,0,93.45406438425287
2024-09-22,DMA_106,47.53864800921005,0,0,91.7571748015618
2024-09-22,DMA_107,47.63064917131103,0,0,94.3599670629109
2024-09-22,DMA_108,47.04038815365703,0,0,98.7693891865877
2024-09-22,DMA_109,37.159859262130574,0,0,97.08616458659084
2024-09-22,DMA_110,40.91527453914777,0,0,95.99767280406887
2024-09-22,DMA_111,47.893111763104756,0,0,95.05918008616622
2024-09-22,DMA_112,44.4827248783637,0,0,93.70754628818595
2024-09-22,DMA_113,46.78278936092197,0,1,96.89799329372595
2024-09-22,DMA_114,46.56899948871032,0,0,95.28773108609222
2024-09-22,DMA_115,50.06794514677139,0,0,93.22694863921357
2024-09-22,DMA_116,44.35335337219855,0,0,93.95066765011971
2024-09-22,DMA_117,55.48514546762243,0,0,94.4597535326848
2024-09-22,DMA_118,51.69364153673553,0,0,93.53776738604877
2024-09-22,DMA_119,48.560701545445426,0,0,97.3285103090214
2024-09-22,DMA_120,54.1660435219992,0,0,92.97471417861937
2024-09-22,DMA_121,50.64202290013164,0,0,93.30326203664991
2024-09-22,DMA_122,39.517191073824115,0,0,93.43587131449549
2024-09-22,DMA_123,49.04558977975289,0,0,95.40520859914236
2024-09-22,DMA_124,50.11188038260784,0,0,93.91534834901906
2024-09-22,DMA_125,40.11630305609373,0,0,95.42294800690894
2024-09-22,DMA_126,50.033803048725794,0,0,94.69606894790604
2024-09-22,DMA_127,50.69595515045118,0,0,89.42116527567721
2024-09-22,DMA_128,46.903436319393336,0,1,95.69102284829697
2024-09-22,DMA_129,50.169664993687704,0,0,96.8536941867675
2024-09-22,DMA_130,46.13470803749679,0,0,94.7280983366913
2024-09-22,DMA_131,62.56630270269538,0,0,95.73002508024084
2024-09-22,DMA_132,48.91032801411084,0,0,94.59148199804379
2024-09-22,DMA_133,44.613595768700634,0,0,93.9283838824238
2024-09-22,DMA_134,49.041261782397534,0,1,93.5053884222561
2024-09-22,DMA_135,46.20060803128859,0,1,92.2845763363947
2024-09-22,DMA_136,38.713858703814125,0,1,95.55133343755708
2024-09-22,DMA_137,53.76289626318001,0,0,92.81121528794958
2024-09-22,DMA_138,39.218579151786315,0,0,94.12902841310604
2024-09-22,DMA_139,44.10411783294221,0,0,95.01534433316796
2024-09-22,DMA_140,52.33967162805252,0,0,92.43440784027415
2024-09-22,DMA_141,54.58874927581453,0,1,93.8382217851125
2024-09-22,DMA_142,46.44525104353366,0,0,93.36287242029825
2024-09-22,DMA_143,49.643995919094955,0,1,95.64490365427248
2024-09-22,DMA_144,52.59728395353429,0,1,95.40490935810656
2024-09-22,DMA_145,39.09692311982939,0,0,92.16384608855506
2024-09-22,DMA_146,57.63014228364803,0,0,96.39820918156883
2024-09-22,DMA_147,46.830367077057126,0,0,97.19584494995308
2024-09-22,DMA_148,41.81369211392659,0,0,97.38208573173607
2024-09-22,DMA_149,49.4290129565611,0,0,94.66485088179353
2024-09-22,DMA_150,50.57426876751938,0,0,95.0427188064341
2024-09-29,DMA_001,55.549674596907956,0,0,94.00466021386276
2024-09-29,DMA_002,59.12669245997998,0,0,96.2658670121932
2024-09-29,DMA_003,54.89174482630016,0,0,97.58654080281983
2024-09-29,DMA_004,42.77057370637195,0,0,95.33215541881864
2024-09-29,DMA_005,47.233671173482826,0,0,95.68474749897598
2024-09-29,DMA_006,47.393276794807775,0,0,93.57459301824996
2024-09-29,DMA_007,51.43691564880893,0,0,95.43527796040001
2024-09-29,DMA_008,46.82314191703355,0,1,93.63544244381453
2024-09-29,DMA_009,50.16994909152887,0,0,94.10192147788462
2024-09-29,DMA_010,39.727431608511964,0,0,93.2090630127803
2024-09-29,DMA_011,40.29644392270776,0,1,93.52727654817797
2024-09-29,DMA_012,49.69035108950644,0,0,97.33103250769993
2024-09-29,DMA_013,49.899734389595295,0,0,92.05405624907861
2024-09-29,DMA_014,53.228996042617226,0,0,91.98544210667711
2024-09-29,DMA_015,49.73083689420272,0,0,95.75154334020438
2024-09-29,DMA_016,59.252666430153944,0,0,96.87409562822575
2024-09-29,DMA_017,43.572069983398094,0,0,94.76988679828571
2024-09-29,DMA_018,46.34796997221416,0,0,97.1650386922932
2024-09-29,DMA_019,54.03569084963641,0,0,96.88433700128242
2024-09-29,DMA_020,55.54749963972418,0,0,98.95082065374102
2024-09-29,DMA_021,50.945822471728455,0,0,95.30334416390457
2024-09-29,DMA_022,51.910692692792225,0,0,95.80625988295921
2024-09-29,DMA_023,55.67087004451586,0,0,95.8923704505151
2024-09-29,DMA_024,58.646501723893685,0,0,91.42019712082038
2024-09-29,DMA_025,46.486232818347396,0,1,96.33657377057241
2024-09-29,DMA_026,59.327559963914034,0,0,95.26259664626792
2024-09-29,DMA_027,57.732830813353864,0,0,95.78050119728971
2024-09-29,DMA_028,55.28516348885802,0,0,93.97226470106449
2024-09-29,DMA_029,44.720650656285244,0,0,95.98747542236556
2024-09-29,DMA_030,56.550526281461835,0,0,93.37361885543588
2024-09-29,DMA_031,53.18093258297895,0,0,94.85015601444418
2024-09-29,DMA_032,62.201337766695374,0,0,92.43918897486712
2024-09-29,DMA_033,46.7315253044306,0,0,92.1597406288648
2024-09-29,DMA_034,49.75171293831064,0,0,94.2721011422184
2024-09-29,DMA_035,41.78641794131953,0,0,96.19912036838413
2024-09-29,DMA_036,54.62668067552881,0,0,95.96406053600154
2024-09-29,DMA_037,48.48477255517361,0,0,99.75956130667804
2024-09-29,DMA_038,52.774557852008755,0,0,95.10225987325842
2024-09-29,DMA_039,43.47864561018576,0,0,92.96486811852279
2024-09-29,DMA_040,49.91375020534567,0,0,94.09588656004777
2024-09-29,DMA_041,45.6437537666484,0,0,93.78381563493228
2024-09-29,DMA_042,47.13328873879051,0,0,94.05011229614514
2024-09-29,DMA_043,58.75747728426176,0,0,95.53721124634988
2024-09-29,DMA_044,44.781256579223,0,0,93.951837563876
2024-09-29,DMA_045,55.80145499801576,0,0,92.02007502889177
2024-09-29,DMA_046,50.410403464477675,0,0,97.92041817401065
2024-09-29,DMA_047,55.00285190173596,0,0,95.90728037897378
2024-09-29,DMA_048,39.272318358664634,0,0,97.50932175347177
2024-09-29,DMA_049,54.21156129717191,0,0,94.15960813601541
2024-09-29,DMA_050,60.03535745968833,0,0,96.41356464388404
2024-09-29,DMA_051,54.87501137600354,0,0,96.13894184065335
2024-09-29,DMA_052,44.91135001557282,0,0,94.23610697591722
2024-09-29,DMA_053,51.43674811525796,0,0,91.26862993180713
2024-09-29,DMA_054,46.191897078016396,0,0,93.11247930975264
2024-09-29,DMA_055,52.376800768446635,0,0,95.65842966920751
2024-09-29,DMA_056,59.51258618689786,0,1,94.89706493726443
2024-09-29,DMA_057,56.85186142208861,0,0,93.97533183061344
2024-09-29,DMA_058,55.93794525143882,0,0,95.54312319110682
2024-09-29,DMA_059,46.91647523314843,0,0,90.14253847227593
2024-09-29,DMA_060,51.439252502405445,0,0,96.46215930448946
2024-09-29,DMA_061,51.234152103872646,0,0,93.38327094919129
2024-09-29,DMA_062,48.44397247241397,0,0,97.0872347099472
2024-09-29,DMA_063,54.58745759761404,0,0,93.73076337428624
2024-09-29,DMA_064,51.117185015858276,0,0,97.94091961685135
2024-09-29,DMA_065,53.3822783538555,0,0,93.18900048635571
2024-09-29,DMA_066,43.16287109143353,0,0,95.69323899133752
2024-09-29,DMA_067,50.9576892559707,0,0,95.90054174212435
2024-09-29,DMA_068,45.24879914783624,0,0,95.00614836985564
2024-09-29,DMA_069,54.028269784018,0,0,91.7828238017423
2024-09-29,DMA_070,52.92832602175436,0,0,93.5880729780228
2024-09-29,DMA_071,58.58635214070121,0,0,94.85064543026817
2024-09-29,DMA_072,56.21656136098377,0,0,93.50765011348135
2024-09-29,DMA_073,58.715508313249124,0,0,93.72661492181324
2024-09-29,DMA_074,51.488235326241515,0,0,93.15227802985731
2024-09-29,DMA_075,53.46055723481091,0,0,93.8264230062852
2024-09-29,DMA_076,57.92373422663906,0,0,94.92353335458182
2024-09-29,DMA_077,36.92900186073533,0,0,95.48336315989663
2024-09-29,DMA_078,40.125685130505744,0,0,93.78375532950886
2024-09-29,DMA_079,51.47696286438875,0,0,95.70007793228427
2024-09-29,DMA_080,47.651206528253454,0,1,94.68232314580908
2024-09-29,DMA_081,52.097995632084476,0,0,96.42351354636413
2024-09-29,DMA_082,54.5405311097409,0,0,96.61429646760594
2024-09-29,DMA_083,45.14584586445801,0,0,96.03978439609071
2024-09-29,DMA_084,51.09902563684184,0,0,95.80417137804184
2024-09-29,DMA_085,51.84624439889392,0,0,93.24926054439635
2024-09-29,DMA_086,52.43633473218924,0,0,99.51582647655776
2024-09-29,DMA_087,60.66046954132192,0,0,94.87938415419848
2024-09-29,DMA_088,52.5734930020165,0,0,94.17807614938296
2024-09-29,DMA_089,34.954553559760406,0,0,94.1260310270178
2024-09-29,DMA_090,55.86936310298757,0,0,95.19577816711028
2024-09-29,DMA_091,53.40094239716979,0,0,93.22699601021021
2024-09-29,DMA_092,50.42989974852572,0,0,95.48548100022094
2024-09-29,DMA_093,52.43096751460952,0,0,98.63169662113773
2024-09-29,DMA_094,56.02228351032802,0,0,94.53824008879013
2024-09-29,DMA_095,61.393980370549635,0,0,94.95540981057718
2024-09-29,DMA_096,51.98593304520266,0,0,90.52116167073
2024-09-29,DMA_097,64.29687833628853,0,0,89.80454335117216
2024-09-29,DMA_098,61.80878810839895,0,0,97.29061331061351
2024-09-29,DMA_099,52.07969952787689,0,0,95.44291941366636
2024-09-29,DMA_100,52.386909958884175,0,0,93.99138691908118
2024-09-29,DMA_101,51.72401152860133,0,0,95.20357160752957
2024-09-29,DMA_102,46.97074086135581,0,0,93.96632907114346
2024-09-29,DMA_103,49.146740565531985,0,0,96.6060309339394
2024-09-29,DMA_104,37.634278242838846,0,0,96.49073010332988
2024-09-29,DMA_105,61.9551299256414,0,0,96.11981848671643
2024-09-29,DMA_106,43.55911061161767,0,0,96.36547055729179
2024-09-29,DMA_107,49.40881755428961,0,0,93.99731726652615
2024-09-29,DMA_108,52.78554592619531,0,0,94.42233186398336
2024-09-29,DMA_109,55.3687831289664,0,0,94.11989502527366
2024-09-29,DMA_110,66.13616551808451,0,0,95.09967691236962
2024-09-29,DMA_111,53.26078015933345,0,0,94.78896626625745
2024-09-29,DMA_112,58.837558663807755,0,0,94.19644873311333
2024-09-29,DMA_113,44.065433369512164,0,0,95.62278512408288
2024-09-29,DMA_114,48.52853849996367,0,0,94.72792599594212
2024-09-29,DMA_115,52.72518325453726,0,0,93.33903395605623
2024-09-29,DMA_116,54.04219081926431,0,0,96.63734067005318
2024-09-29,DMA_117,41.36265498348165,0,0,97.02768060057521
2024-09-29,DMA_118,49.05699995545061,0,0,95.6723593371814
2024-09-29,DMA_119,59.721190898206885,0,0,98.3955038516003
2024-09-29,DMA_120,44.08640045531076,0,0,92.40878763938969
2024-09-29,DMA_121,61.9811239040461,0,0,94.89192042171372
2024-09-29,DMA_122,51.743114866306385,0,0,94.10465879898234
2024-09-29,DMA_123,48.69492989320458,0,0,94.83107702136671
2024-09-29,DMA_124,56.30058520755641,0,1,93.71650535499006
2024-09-29,DMA_125,54.37765020418718,0,0,95.1316387631947
2024-09-29,DMA_126,49.0887186399884,0,0,96.8276386536308
2024-09-29,DMA_127,47.46420940019304,0,0,98.22923422714145
2024-09-29,DMA_128,62.34894017606605,0,1,96.2104900591708
2024-09-29,DMA_129,53.02402291203342,0,0,97.83803368444782
2024-09-29,DMA_130,55.60536342451832,0,0,94.76740635956534
2024-09-29,DMA_131,47.37277907987068,0,0,96.23995734189934
2024-09-29,DMA_132,57.712816368495105,0,1,94.30683332613008
2024-09-29,DMA_133,61.14051055446072,0,0,92.39995526545903
2024-09-29,DMA_134,57.48450692047012,0,0,101.29681456905325
2024-09-29,DMA_135,46.91813224057206,0,0,90.97785985326824
2024-09-29,DMA_136,56.38849869666433,0,0,94.6729474988185
2024-09-29,DMA_137,62.03121162983636,0,0,97.13252496239033
2024-09-29,DMA_138,56.319317977957446,0,0,94.09296285010484
2024-09-29,DMA_139,47.17134791554842,0,0,94.35570073086072
2024-09-29,DMA_140,49.14167380426753,0,0,94.9216067305175
2024-09-29,DMA_141,40.92391860620649,0,0,95.09166889267588
2024-09-29,DMA_142,57.52156589414912,0,0,97.07679467836856
2024-09-29,DMA_143,64.90470667555437,0,0,96.06540977504585
2024-09-29,DMA_144,49.07702897325124,0,0,95.80160211720028
2024-09-29,DMA_145,54.54831952585678,0,0,94.1078563746597
2024-09-29,DMA_146,61.7759136767184,0,0,91.87173930483479
2024-09-29,DMA_147,54.38072459652329,0,0,93.66767854485023
2024-09-29,DMA_148,48.34326688562557,0,0,97.50848175899736
2024-09-29,DMA_149,58.56806247530258,0,0,89.77420538265254
2024-09-29,DMA_150,46.79981249931023,0,1,95.29173331767966
2024-10-06,DMA_001,50.67630404388409,0,0,96.62325163666877
2024-10-06,DMA_002,44.59847316746273,0,0,95.65725067762556
2024-10-06,DMA_003,49.29045038845963,0,0,96.39419854417335
2024-10-06,DMA_004,59.08675507545453,0,0,91.5976039921955
2024-10-06,DMA_005,52.41283170971904,0,0,93.78831641577523
2024-10-06,DMA_006,58.652471878892825,0,0,93.66485273803698
2024-10-06,DMA_007,65.64269038422576,0,0,95.0309368808459
2024-10-06,DMA_008,55.417028534357975,0,0,94.33374351911296
2024-10-06,DMA_009,51.78801348024356,0,0,94.77162613355449
2024-10-06,DMA_010,65.12526451749528,0,0,96.10116151117812
2024-10-06,DMA_011,56.40159411653923,0,0,93.06617242271103
2024-10-06,DMA_012,58.60402658585754,0,0,95.76136358389792
2024-10-06,DMA_013,54.39120616863309,0,0,96.15300278634051
2024-10-06,DMA_014,45.861661701398205,0,0,94.07136417292388
2024-10-06,DMA_015,55.15149942449194,0,0,95.09653273496293
2024-10-06,DMA_016,57.29445165917036,0,0,94.89427046125952
2024-10-06,DMA_017,52.452691864721245,0,0,93.03842824295182
2024-10-06,DMA_018,55.34470424551204,0,0,94.77458343607431
2024-10-06,DMA_019,59.38971514667546,0,0,97.16123091110465
2024-10-06,DMA_020,52.525305174290075,0,0,94.70396982855904
2024-10-06,DMA_021,53.998798905060646,0,1,90.54170446107537
2024-10-06,DMA_022,60.7543976170783,0,0,95.32315745267839
2024-10-06,DMA_023,61.907713504393,0,0,97.11024812014978
2024-10-06,DMA_024,58.91019013897912,0,0,96.09266558003365
2024-10-06,DMA_025,52.08144396064553,0,0,94.35307288570594
2024-10-06,DMA_026,49.35178952170933,0,0,97.81075732025585
2024-10-06,DMA_027,55.35857292701882,0,1,97.57874960975272
2024-10-06,DMA_028,52.99960752890558,0,0,97.10278691365617
2024-10-06,DMA_029,55.616090097656894,0,0,93.6141656728556
2024-10-06,DMA_030,42.0159418670512,0,0,98.41741892935036
2024-10-06,DMA_031,55.069481179691806,0,0,99.38715522181806
2024-10-06,DMA_032,66.10767961630106,0,0,95.90759735095672
2024-10-06,DMA_033,54.366416190845285,0,0,95.01863774293729
2024-10-06,DMA_034,48.759683190977825,0,0,93.17735746324233
2024-10-06,DMA_035,51.376808100927306,0,0,93.99337739810761
2024-10-06,DMA_036,54.12444680821447,0,0,94.3551711093426
2024-10-06,DMA_037,57.863157873536515,0,0,96.62725202524474
2024-10-06,DMA_038,55.395015783818224,0,0,95.6741095495669
2024-10-06,DMA_039,56.066124225690636,0,0,99.84299712662906
2024-10-06,DMA_040,56.121356654954944,0,0,93.11785323161713
2024-10-06,DMA_041,57.50009781416326,0,0,100.02337949481127
2024-10-06,DMA_042,55.14578332965709,0,0,98.68220652702789
2024-10-06,DMA_043,54.45583040377893,0,0,93.93424879258542
2024-10-06,DMA_044,50.61426198051005,0,1,95.72150030676481
2024-10-06,DMA_045,47.15926938305995,0,0,95.71765859231881
2024-10-06,DMA_046,49.62666131875795,0,0,95.50077441141791
2024-10-06,DMA_047,55.64174149015447,0,1,94.42613704041806
2024-10-06,DMA_048,47.93767888875213,0,0,92.18540896525154
2024-10-06,DMA_049,52.07248154676699,0,0,95.42891450117706
2024-10-06,DMA_050,64.66103351357506,0,0,95.1562605153921
2024-10-06,DMA_051,57.489826992308856,0,0,96.44585862230952
2024-10-06,DMA_052,49.91376839019314,0,1,95.12694514890067
2024-10-06,DMA_053,61.83576653272568,0,0,94.72692760753546
2024-10-06,DMA_054,51.00863147955225,0,0,97.06838556424476
2024-10-06,DMA_055,48.23426019387422,0,0,96.41743580409779
2024-10-06,DMA_056,53.97960200220939,0,0,91.80182128631905
2024-10-06,DMA_057,61.19466660163252,0,0,94.05243604909306
2024-10-06,DMA_058,55.32125584076607,0,0,96.63351573501828
2024-10-06,DMA_059,60.32915326292831,0,0,98.67909493104345
2024-10-06,DMA_060,54.877552182261596,0,0,95.30459941764724
2024-10-06,DMA_061,52.228975816777094,0,0,90.96513982661655
2024-10-06,DMA_062,51.41447100649843,0,1,91.50792206303727
2024-10-06,DMA_063,44.34292088645152,0,0,95.97578964625357
2024-10-06,DMA_064,56.66963546061079,0,0,96.6488552518954
2024-10-06,DMA_065,63.46440212788137,0,0,95.40771926440458
2024-10-06,DMA_066,52.27656736433989,0,1,98.19374299130821
2024-10-06,DMA_067,67.07337867749062,0,0,95.57273429481795
2024-10-06,DMA_068,57.701818947748734,0,0,93.52150572881855
2024-10-06,DMA_069,55.613962455662694,0,1,95.62650682242784
2024-10-06,DMA_070,55.42321653267304,0,0,92.19809905873028
2024-10-06,DMA_071,64.58612084259063,0,1,91.55510902987506
2024-10-06,DMA_072,38.99828859285009,0,0,95.27240452840567
2024-10-06,DMA_073,54.26367558490139,0,0,94.06633452150759
2024-10-06,DMA_074,50.06834761428727,0,0,91.97474664220046
2024-10-06,DMA_075,60.14022335724272,0,0,94.34923880891787
2024-10-06,DMA_076,68.09261347088446,0,0,95.52409852037039
2024-10-06,DMA_077,57.1579651752219,0,0,93.85684686529402
2024-10-06,DMA_078,53.340686555628444,0,0,92.86029958475848
2024-10-06,DMA_079,54.72118420364883,0,0,94.18056150491498
2024-10-06,DMA_080,57.026583001084724,0,0,92.29300622768437
2024-10-06,DMA_081,47.42947236230015,0,0,97.1065664041458
2024-10-06,DMA_082,52.63136625526671,0,0,94.52335501687692
2024-10-06,DMA_083,64.71061881155931,0,0,95.40917728156289
2024-10-06,DMA_084,63.492977598885716,0,0,91.5072793034508
2024-10-06,DMA_085,47.46515353474768,0,0,97.78745471572728
2024-10-06,DMA_086,55.23567568155052,0,1,96.46259805950369
2024-10-06,DMA_087,45.645671493281895,0,0,93.71821761152495
2024-10-06,DMA_088,53.82895723880387,0,0,95.41006766481172
2024-10-06,DMA_089,61.46200405931277,0,0,95.35437401516907
2024-10-06,DMA_090,48.989985148617194,0,1,91.51777928145866
2024-10-06,DMA_091,61.14741242562826,0,0,96.72180472008945
2024-10-06,DMA_092,50.141618164772844,0,0,94.69921833977503
2024-10-06,DMA_093,54.24512863071559,0,1,95.19164972430659
2024-10-06,DMA_094,64.48313747199198,0,0,92.20863161137439
2024-10-06,DMA_095,61.98989260776087,0,0,96.23815043798092
2024-10-06,DMA_096,68.0636603649172,0,0,91.43221217186647
2024-10-06,DMA_097,43.97594804466985,0,0,98.49751136751422
2024-10-06,DMA_098,57.34756161074736,0,0,93.80941630645214
2024-10-06,DMA_099,58.291494185187155,0,0,90.40995053730104
2024-10-06,DMA_100,67.00344612810044,0,0,95.48749887851939
2024-10-06,DMA_101,55.6563090496648,0,0,96.31763046828432
2024-10-06,DMA_102,62.8648987631371,0,0,94.97619243103755
2024-10-06,DMA_103,58.22042773926354,0,0,93.47316211174575
2024-10-06,DMA_104,54.064801043405105,0,0,94.63979455507919
2024-10-06,DMA_105,53.36200443656626,0,0,95.80485906067587
2024-10-06,DMA_106,58.73006119814475,0,0,89.37202034047878
2024-10-06,DMA_107,55.665532291301616,0,0,91.95214631593296
2024-10-06,DMA_108,55.421965328326046,0,0,98.35789455491121
2024-10-06,DMA_109,48.70907979679917,0,0,93.06526619618644
2024-10-06,DMA_110,55.487173869855816,0,0,95.82943643996896
2024-10-06,DMA_111,53.579092071429876,0,0,97.4403808121224
2024-10-06,DMA_112,57.02272787215773,0,1,95.71313494693625
2024-10-06,DMA_113,55.170913765582235,0,1,97.27560199297798
2024-10-06,DMA_114,54.413736051814936,0,0,98.26626453721188
2024-10-06,DMA_115,66.92850069340479,0,0,94.6850000798634
2024-10-06,DMA_116,54.72880634027949,0,0,97.273509815742
2024-10-06,DMA_117,56.19668357424864,0,1,98.46425815020896
2024-10-06,DMA_118,64.98865656348687,0,0,93.7094406217168
2024-10-06,DMA_119,61.867594376964306,0,0,93.89809448196473
2024-10-06,DMA_120,51.13860280781276,0,0,95.50411955077605
2024-10-06,DMA_121,60.99925987044496,0,0,97.1011558688072
2024-10-06,DMA_122,46.877817086651405,0,1,93.82318194495156
2024-10-06,DMA_123,47.87146011316479,0,0,94.95890393873236
2024-10-06,DMA_124,59.98838517762549,0,0,97.97072617070944
2024-10-06,DMA_125,56.79007559064412,0,0,96.03128487604788
2024-10-06,DMA_126,60.49832615020035,0,0,93.05045300112877
2024-10-06,DMA_127,48.25416089756482,0,1,94.22956485710537
2024-10-06,DMA_128,53.911233113906746,0,0,93.26204063536761
2024-10-06,DMA_129,49.829718148706036,0,0,94.75973271308033
2024-10-06,DMA_130,60.497329696362684,0,0,96.53243709286141
2024-10-06,DMA_131,59.264998908245616,0,0,96.58514672383299
2024-10-06,DMA_132,55.87452435955193,0,0,93.25646359761012
2024-10-06,DMA_133,51.39468684927713,0,0,94.05623754652625
2024-10-06,DMA_134,61.55691414864754,0,0,93.37356220370836
2024-10-06,DMA_135,59.492983420777094,0,0,91.44486253192325
2024-10-06,DMA_136,48.35302072565099,0,0,98.06737077061065
2024-10-06,DMA_137,46.055174894796174,0,1,97.13079091648738
2024-10-06,DMA_138,60.237548306171874,0,1,97.70571995549717
2024-10-06,DMA_139,59.2420676373242,0,0,95.28383442787214
2024-10-06,DMA_140,43.45673324171734,0,0,96.9669757183358
2024-10-06,DMA_141,53.00576349418292,0,0,98.58410147356786
2024-10-06,DMA_142,48.924288418720565,0,0,94.72791524734103
2024-10-06,DMA_143,58.066910784836494,0,0,96.88072042461819
2024-10-06,DMA_144,44.4523938038887,0,0,94.24751270239797
2024-10-06,DMA_145,60.34840011381057,0,0,93.35992071346759
2024-10-06,DMA_146,47.47420781941152,0,0,93.27731944069345
2024-10-06,DMA_147,49.38872608292663,0,1,97.72708777545819
2024-10-06,DMA_148,52.93555491541938,0,0,98.1979076457317
2024-10-06,DMA_149,46.519601413044185,0,0,95.03178418469744
2024-10-06,DMA_150,59.976921043899054,0,0,95.80189103078897
2024-10-13,DMA_001,65.00672099158854,0,1,95.3035324314161
2024-10-13,DMA_002,70.54233181538919,0,0,95.5623641626912
2024-10-13,DMA_003,54.3652635072251,0,0,91.18326142106014
2024-10-13,DMA_004,54.066010095348375,0,0,94.37684542806464
2024-10-13,DMA_005,48.686576597000744,0,0,95.15087274772668
2024-10-13,DMA_006,60.16823036310246,0,0,90.90695090337488
2024-10-13,DMA_007,61.65578090522672,0,1,97.45216124313552
2024-10-13,DMA_008,50.0589781475709,0,0,94.86098672154917
2024-10-13,DMA_009,55.87158368933313,0,0,97.37382836320597
2024-10-13,DMA_010,59.74634401071545,0,0,95.87902507693921
2024-10-13,DMA_011,48.38415027643231,0,1,98.72845096604753
2024-10-13,DMA_012,53.85790103128814,0,0,95.31671609663884
2024-10-13,DMA_013,59.33946006223474,0,0,93.93681251894397
2024-10-13,DMA_014,53.782088896278935,0,0,97.07914303092467
2024-10-13,DMA_015,54.78776339483992,0,0,92.95967964243025
2024-10-13,DMA_016,57.20770698742232,0,0,94.76804882594818
2024-10-13,DMA_017,65.64469691317791,0,1,96.24154981537497
2024-10-13,DMA_018,55.567494344907374,0,0,93.68946555491975
2024-10-13,DMA_019,53.72157317464716,0,0,95.38686775472965
2024-10-13,DMA_020,54.73381900671445,0,1,93.9851957964242
2024-10-13,DMA_021,58.71770307426771,0,0,93.57889201187267
2024-10-13,DMA_022,58.684405545862695,0,0,95.76521334833555
2024-10-13,DMA_023,57.39429124011717,0,0,98.48981665489346
2024-10-13,DMA_024,63.20313073205523,0,0,97.80191397457224
2024-10-13,DMA_025,55.112727252701085,0,0,94.04117067418105
2024-10-13,DMA_026,56.04372475073326,0,0,95.08993824123623
2024-10-13,DMA_027,49.09734794485787,0,0,98.91643241236969
2024-10-13,DMA_028,59.98318526709993,0,0,97.73806491026981
2024-10-13,DMA_029,51.66881202542503,0,1,96.55144526600758
2024-10-13,DMA_030,58.47883571019974,0,0,96.61110947181282
2024-10-13,DMA_031,58.57084289222803,0,1,96.54685737233658
2024-10-13,DMA_032,54.995334614617285,0,0,93.4246385418562
2024-10-13,DMA_033,60.13379867024315,0,1,96.212607831127
2024-10-13,DMA_034,60.338327680637065,0,0,95.93652732338832
2024-10-13,DMA_035,54.52689741448152,0,0,94.7420639490574
2024-10-13,DMA_036,57.15739757478471,0,0,97.05236424607455
2024-10-13,DMA_037,51.04059017884254,0,0,93.94557141482403
2024-10-13,DMA_038,60.23835775909401,0,0,95.54236130168192
2024-10-13,DMA_039,57.62941149659165,0,0,94.7503980439273
2024-10-13,DMA_040,73.38116400774187,0,0,95.48173905766068
2024-10-13,DMA_041,67.75942988251376,0,0,95.5632275431966
2024-10-13,DMA_042,59.24343460303001,0,0,92.62883881054557
2024-10-13,DMA_043,55.42137189314602,0,0,95.86971463668968
2024-10-13,DMA_044,61.1502665968459,0,0,96.23722992465547
2024-10-13,DMA_045,57.09794594408568,0,0,95.37999063877821
2024-10-13,DMA_046,62.58185515326715,0,0,91.87637222651709
2024-10-13,DMA_047,47.42195108263261,0,0,95.806886768125
2024-10-13,DMA_048,48.86147819672116,0,0,95.77278912898916
2024-10-13,DMA_049,58.57000505456129,0,1,95.87542749691018
2024-10-13,DMA_050,54.15756387612847,0,0,91.8360506980095
2024-10-13,DMA_051,61.866538494672625,0,1,96.8603531037409
2024-10-13,DMA_052,44.78542799083867,0,0,94.4920697984417
2024-10-13,DMA_053,65.37371220420216,0,0,97.12006503088476
2024-10-13,DMA_054,57.75733193346408,0,0,96.52920266398255
2024-10-13,DMA_055,51.384672133715796,0,0,96.13473188285293
2024-10-13,DMA_056,52.39153819529884,0,0,92.3962038685439
2024-10-13,DMA_057,56.97139985227554,0,0,98.68308626437421
2024-10-13,DMA_058,54.74599403796919,0,0,94.30328527641605
2024-10-13,DMA_059,57.14666874593133,0,0,96.87497243636534
2024-10-13,DMA_060,69.98498835770096,0,0,95.8864185637676
2024-10-13,DMA_061,50.871713893633284,0,0,97.94231131100976
2024-10-13,DMA_062,59.523428271108074,0,0,95.53489116599596
2024-10-13,DMA_063,52.350158642529884,0,0,98.08534195101184
2024-10-13,DMA_064,55.2926132605695,0,0,95.81153877688448
2024-10-13,DMA_065,60.60083501599609,0,0,94.45364378317181
2024-10-13,DMA_066,57.84772301743853,0,0,96.19266813135403
2024-10-13,DMA_067,62.08433492561567,0,1,94.41813230283735
2024-10-13,DMA_068,63.2974407751453,0,1,91.75689969681297
2024-10-13,DMA_069,66.79505658296756,0,1,96.02380236533634
2024-10-13,DMA_070,56.15396533418041,0,0,94.55699204753904
2024-10-13,DMA_071,64.63540589389478,0,0,94.09825951688839
2024-10-13,DMA_072,52.78463251836075,0,0,94.48650142497641
2024-10-13,DMA_073,56.517044360915875,0,0,97.35052203629628
2024-10-13,DMA_074,46.86384435449323,0,0,94.874281117768
2024-10-13,DMA_075,61.053386160479704,0,0,97.58232659325326
2024-10-13,DMA_076,55.28595282001052,0,0,94.84808680631228
2024-10-13,DMA_077,54.36004736533307,0,0,94.89034542069896
2024-10-13,DMA_078,60.52869275896621,0,0,99.4528253149425
2024-10-13,DMA_079,56.9798190470728,0,0,97.12977151219818
2024-10-13,DMA_080,69.92753380572506,0,0,95.58586703602022
2024-10-13,DMA_081,48.558467181022436,0,0,96.14110609171114
2024-10-13,DMA_082,64.84990205466418,0,1,98.08997833061322
2024-10-13,DMA_083,72.49247537923976,0,0,98.8741639843791
2024-10-13,DMA_084,55.89243132020702,0,0,96.72335602233655
2024-10-13,DMA_085,62.81595619719286,0,0,96.14838759905318
2024-10-13,DMA_086,54.73189771218517,0,0,96.59224723278753
2024-10-13,DMA_087,61.09619749978899,0,0,94.2362874025998
2024-10-13,DMA_088,56.40153705939759,0,0,93.04642310664369
2024-10-13,DMA_089,45.05714361710574,0,0,94.02885282235087
2024-10-13,DMA_090,57.417438318861244,0,0,97.41056151050616
2024-10-13,DMA_091,51.06326347533432,0,0,94.64463271266845
2024-10-13,DMA_092,52.19789777596884,0,0,93.564744707416
2024-10-13,DMA_093,66.24160239829962,0,0,91.72269648519519
2024-10-13,DMA_094,60.121882679427266,0,0,95.08557413519827
2024-10-13,DMA_095,54.66429256135814,0,0,95.4019340504688
2024-10-13,DMA_096,61.0188884900818,0,0,98.16628932046763
2024-10-13,DMA_097,49.336189064606685,0,0,92.47911059702493
2024-10-13,DMA_098,57.70000568253126,0,1,96.3747096171627
2024-10-13,DMA_099,52.34947792657242,0,0,97.04667567070048
2024-10-13,DMA_100,60.67785359276357,0,0,93.78600757298537
2024-10-13,DMA_101,54.08433848545177,0,0,97.23859876593683
2024-10-13,DMA_102,52.853930480095684,0,0,94.09523803811742
2024-10-13,DMA_103,51.85734693309294,0,0,98.3889153097612
2024-10-13,DMA_104,61.492012052244384,0,0,95.76492278421237
2024-10-13,DMA_105,61.67447938281407,0,0,95.4133500339914
2024-10-13,DMA_106,63.1279185655459,0,0,97.3233556502838
2024-10-13,DMA_107,62.31174233724829,0,0,95.61614907775487
2024-10-13,DMA_108,64.25449578879919,0,1,95.69033176327777
2024-10-13,DMA_109,49.609567907306236,0,1,94.05789166634021
2024-10-13,DMA_110,61.8828699081225,0,0,93.78418238431895
2024-10-13,DMA_111,61.15965384488912,0,1,100.44390880782633
2024-10-13,DMA_112,61.37923041559359,0,0,94.49579136083861
2024-10-13,DMA_113,58.746032806853954,0,0,94.42704155084375
2024-10-13,DMA_114,56.087102820614284,0,0,94.74322662033906
2024-10-13,DMA_115,57.796129965039384,0,0,94.52641477830981
2024-10-13,DMA_116,62.33003958472757,0,0,95.36801333744238
2024-10-13,DMA_117,57.04316557225343,0,0,98.01042736366344
2024-10-13,DMA_118,60.44678628036697,0,0,92.23474504575672
2024-10-13,DMA_119,64.42421351496213,0,0,94.48120655679216
2024-10-13,DMA_120,62.07883212725831,0,0,95.39719640473639
2024-10-13,DMA_121,67.96140082856073,0,0,93.72877829295537
2024-10-13,DMA_122,51.57540175031287,0,0,97.77905247727233
2024-10-13,DMA_123,49.52472581701984,0,0,96.55444380439613
2024-10-13,DMA_124,48.793960631044484,0,1,95.62351057962572
2024-10-13,DMA_125,54.311218502764824,0,0,92.80533953572187
2024-10-13,DMA_126,59.79296177334139,0,1,91.62631583040566
2024-10-13,DMA_127,60.80818246545111,0,1,93.46621113900947
2024-10-13,DMA_128,52.095760284104585,0,0,93.86679055440653
2024-10-13,DMA_129,69.97162840282125,0,0,94.89171518209734
2024-10-13,DMA_130,53.60948064406027,0,0,96.49069925536762
2024-10-13,DMA_131,53.293766773083945,0,0,97.35424863585614
2024-10-13,DMA_132,55.34424511753177,0,0,93.14997179360086
2024-10-13,DMA_133,55.893747474467474,0,0,96.71091740222356
2024-10-13,DMA_134,54.154719034004245,0,1,97.39722183393562
2024-10-13,DMA_135,56.67957450118401,0,0,98.14912041526777
2024-10-13,DMA_136,50.509051539307606,0,0,96.03735800427418
2024-10-13,DMA_137,70.07042133810504,0,0,98.14129877398443
2024-10-13,DMA_138,59.78610125270396,0,0,94.76394859585415
2024-10-13,DMA_139,55.38993327059412,0,0,93.40325004602192
2024-10-13,DMA_140,55.193148456725595,0,1,94.24280112152323
2024-10-13,DMA_141,57.82097728005143,0,0,94.14094443086113
2024-10-13,DMA_142,45.35280941276464,0,0,93.86304464247544
2024-10-13,DMA_143,54.031376301893275,0,0,95.51629874749838
2024-10-13,DMA_144,59.6807474319302,0,0,93.32010033941748
2024-10-13,DMA_145,47.306457616173205,0,0,94.0395336826905
2024-10-13,DMA_146,59.93747272934465,0,0,89.91858817288484
2024-10-13,DMA_147,61.64779959821691,0,1,93.36670724603715
2024-10-13,DMA_148,59.423332757098585,0,0,95.04787615980345
2024-10-13,DMA_149,66.62896208449382,0,0,95.91704050881215
2024-10-13,DMA_150,63.70476162613895,0,0,97.51172790157547
2024-10-20,DMA_001,52.60676055447334,0,0,94.57928603240626
2024-10-20,DMA_002,50.25510484876233,0,0,93.86184365724232
2024-10-20,DMA_003,69.76313777575095,0,0,92.82303982703456
2024-10-20,DMA_004,51.305725837468685,0,0,95.12265469296915
2024-10-20,DMA_005,59.115381211099276,0,0,96.06908752490212
2024-10-20,DMA_006,58.95917833351169,0,1,95.78820690506987
2024-10-20,DMA_007,60.85206895682106,0,0,94.72208392089065
2024-10-20,DMA_008,63.42818435540524,0,0,94.63230717477688
2024-10-20,DMA_009,60.64184172154559,0,0,95.95383668970365
2024-10-20,DMA_010,58.58998121798004,0,0,92.69362564834097
2024-10-20,DMA_011,57.583382105759576,0,0,92.31164522530669
2024-10-20,DMA_012,64.320743840911,0,0,93.59870691623227
2024-10-20,DMA_013,64.29517872283404,0,0,96.26556304726617
2024-10-20,DMA_014,60.07314381360312,0,0,94.26498377032857
2024-10-20,DMA_015,62.49339702874693,0,0,93.63966340348911
2024-10-20,DMA_016,71.67584481203957,0,0,95.4280657255363
2024-10-20,DMA_017,55.760927867940985,0,0,96.48023992407751
2024-10-20,DMA_018,57.576580675827856,0,0,97.54522158348742
2024-10-20,DMA_019,62.351794759485514,0,0,94.08558005668267
2024-10-20,DMA_020,59.50212460997857,0,0,96.69016751196065
2024-10-20,DMA_021,46.11832495350828,0,0,93.12049408924844
2024-10-20,DMA_022,66.24078700045845,0,0,95.87729449988645
2024-10-20,DMA_023,59.67737525479159,0,1,98.03070182824912
2024-10-20,DMA_024,61.08276535526877,0,0,93.21561762555307
2024-10-20,DMA_025,76.86468197608485,0,0,95.54805849691203
2024-10-20,DMA_026,61.493868238632665,0,0,92.20699385277233
2024-10-20,DMA_027,62.50869668066356,0,0,98.42311873902129
2024-10-20,DMA_028,64.10396721959003,0,0,89.98171616971474
2024-10-20,DMA_029,68.82066605830147,0,0,91.97330253384719
2024-10-20,DMA_030,64.49991563767949,0,0,97.0797557204722
2024-10-20,DMA_031,60.617222446459714,0,0,99.95949934070718
2024-10-20,DMA_032,51.78209877996383,0,0,96.67494682202218
2024-10-20,DMA_033,63.804677371190024,0,0,94.31358443187757
2024-10-20,DMA_034,72.98626182228487,0,0,93.78544650922356
2024-10-20,DMA_035,52.631163467442754,0,0,96.37898120746391
2024-10-20,DMA_036,56.10615245316701,0,0,94.81988105512147
2024-10-20,DMA_037,71.75818354729003,0,0,94.4505852542325
2024-10-20,DMA_038,50.12569270796999,0,0,97.44099570124654
2024-10-20,DMA_039,63.35966708233377,0,0,96.86043952369522
2024-10-20,DMA_040,54.51957229350969,0,0,94.879836965321
2024-10-20,DMA_041,57.23822503512004,0,0,95.66451968465888
2024-10-20,DMA_042,63.779275722269546,0,0,98.0135348096361
2024-10-20,DMA_043,60.09851280590082,0,0,97.10853461202635
2024-10-20,DMA_044,56.35273096967832,0,0,95.19627466932748
2024-10-20,DMA_045,64.21490702227324,0,1,94.21213059778863
2024-10-20,DMA_046,53.01059674558085,0,0,96.42532149605924
2024-10-20,DMA_047,73.85507021641268,0,0,93.32186262724554
2024-10-20,DMA_048,65.03866112153159,0,1,96.97778337783372
2024-10-20,DMA_049,60.092365453040195,0,0,94.04299094478303
2024-10-20,DMA_050,60.68905598780798,0,0,93.15620053293861
2024-10-20,DMA_051,60.6314264633787,0,0,95.64448604973333
2024-10-20,DMA_052,61.58239197438307,0,0,93.06666664490591
2024-10-20,DMA_053,67.42066194780836,0,0,91.38721226045942
2024-10-20,DMA_054,57.59068218350937,0,0,93.3009755885022
2024-10-20,DMA_055,61.10199264203819,0,0,94.0245127270648
2024-10-20,DMA_056,55.518115775377126,0,0,95.23076730628733
2024-10-20,DMA_057,57.51637544244228,0,0,90.40542789449633
2024-10-20,DMA_058,67.78027225850681,0,1,97.11180120102549
2024-10-20,DMA_059,63.20611740990652,0,0,94.51166594705995
2024-10-20,DMA_060,73.03611687461756,0,0,93.78482441563781
2024-10-20,DMA_061,66.98961358598429,0,1,94.3940175514295
2024-10-20,DMA_062,51.29338817757106,0,0,95.7657325377074
2024-10-20,DMA_063,60.33734095021928,0,0,95.32510894939624
2024-10-20,DMA_064,61.81815666493211,0,0,95.59993880495378
2024-10-20,DMA_065,60.281904217792246,0,0,92.28607511553399
2024-10-20,DMA_066,53.636924411729225,0,0,94.79652034422064
2024-10-20,DMA_067,56.94775391966597,0,0,92.79825571994053
2024-10-20,DMA_068,61.19218876739943,0,0,96.73385785876226
2024-10-20,DMA_069,62.06391744650836,0,0,97.57540083870005
2024-10-20,DMA_070,55.41597420705729,0,0,94.62270518562073
2024-10-20,DMA_071,57.59827744064644,0,0,96.50610263629933
2024-10-20,DMA_072,52.76959508595246,0,0,94.7825810287103
2024-10-20,DMA_073,79.1716573182698,0,0,93.84742510740622
2024-10-20,DMA_074,54.65152452783907,0,0,97.63275570371091
2024-10-20,DMA_075,63.595061540445656,0,0,94.70902147221855
2024-10-20,DMA_076,59.76255031397983,0,0,99.40839447402418
2024-10-20,DMA_077,56.04761924400295,0,0,99.13282289262074
2024-10-20,DMA_078,54.36416543940633,0,0,94.63507625355888
2024-10-20,DMA_079,65.96773330881985,0,0,98.54929432250887
2024-10-20,DMA_080,77.80811319198284,0,0,94.88023408897527
2024-10-20,DMA_081,64.41323330504471,0,1,95.23114466604197
2024-10-20,DMA_082,70.85026878183486,0,0,91.43435629958738
2024-10-20,DMA_083,58.79655336865226,0,0,93.85179720676253
2024-10-20,DMA_084,61.43812544892856,0,0,94.70737649970397
2024-10-20,DMA_085,60.06852890908136,0,0,93.66297917224593
2024-10-20,DMA_086,81.57157057368391,0,1,90.92725589508504
2024-10-20,DMA_087,56.09876205093585,0,0,96.74066578468434
2024-10-20,DMA_088,56.48316855820047,0,0,99.16050890082884
2024-10-20,DMA_089,67.60282616636259,0,1,100.69462474049504
2024-10-20,DMA_090,53.225407239079374,0,0,97.2621998138991
2024-10-20,DMA_091,65.3481230459955,0,0,94.7081980226753
2024-10-20,DMA_092,53.859938975356776,0,0,97.41384466187154
2024-10-20,DMA_093,66.1511295752325,0,0,95.38623998715128
2024-10-20,DMA_094,67.06071397832267,0,0,94.37619603568405
2024-10-20,DMA_095,61.663822141545225,0,0,97.52076149541581
2024-10-20,DMA_096,55.08137993091986,0,0,94.4192160853726
2024-10-20,DMA_097,57.17781946995425,0,1,95.33075184127769
2024-10-20,DMA_098,68.52797143398901,0,0,98.8397782708197
2024-10-20,DMA_099,63.04760626794651,0,0,97.554620707022
2024-10-20,DMA_100,60.96744337658955,0,0,96.28960973091237
2024-10-20,DMA_101,58.69042495830308,0,1,96.83980598227642
2024-10-20,DMA_102,64.7926221609191,0,0,96.65472188297825
2024-10-20,DMA_103,65.767484182394,0,0,98.17700286712513
2024-10-20,DMA_104,60.637766836441756,0,1,98.07756064519862
2024-10-20,DMA_105,57.98288238580664,0,0,95.19278852180686
2024-10-20,DMA_106,54.48954962420629,0,1,93.04452793768876
2024-10-20,DMA_107,60.50487796059485,0,0,98.08597880862725
2024-10-20,DMA_108,59.106147699011984,0,0,94.35874884104574
2024-10-20,DMA_109,63.894217685525724,0,0,94.60714860643989
2024-10-20,DMA_110,64.39632613884672,0,0,95.2402899771266
2024-10-20,DMA_111,51.509882899379775,0,0,94.60130399665468
2024-10-20,DMA_112,63.6849367039876,0,0,93.12426255918844
2024-10-20,DMA_113,59.73214417881902,0,0,94.98762729926456
2024-10-20,DMA_114,69.00159733206485,0,0,96.237421338186
2024-10-20,DMA_115,66.75943628390633,0,0,94.98978228900712
2024-10-20,DMA_116,63.05007432348755,0,0,98.4495190202273
2024-10-20,DMA_117,56.26488954741555,0,0,94.44766818476688
2024-10-20,DMA_118,58.094853568314186,0,1,97.9533315817159
2024-10-20,DMA_119,60.27227840528104,0,1,95.48066619768915
2024-10-20,DMA_120,55.07404281419936,0,0,94.59003909750516
2024-10-20,DMA_121,63.415416273682126,0,0,98.81881646146921
2024-10-20,DMA_122,66.45619160606451,0,0,97.2160224543427
2024-10-20,DMA_123,67.8321440982675,0,0,98.95724529163739
2024-10-20,DMA_124,62.556694274600446,0,0,95.38359743678683
2024-10-20,DMA_125,74.49036652710517,0,0,96.44040480319151
2024-10-20,DMA_126,61.78514533425901,0,0,96.09385587589105
2024-10-20,DMA_127,56.16273292889172,0,0,96.13565984110475
2024-10-20,DMA_128,56.49973954254442,0,0,94.98604231713375
2024-10-20,DMA_129,69.08567875930665,0,0,95.7597968210429
2024-10-20,DMA_130,65.50355684756525,0,0,92.82837699279504
2024-10-20,DMA_131,54.21922691089893,0,0,94.41107983760757
2024-10-20,DMA_132,48.329531304345814,0,0,97.09114069331746
2024-10-20,DMA_133,53.600309200829436,0,0,98.47416659365562
2024-10-20,DMA_134,50.53271174201191,0,1,93.80391830883156
2024-10-20,DMA_135,59.56866767455791,0,0,94.63668995750331
2024-10-20,DMA_136,56.531712075759316,0,0,95.96725167884297
2024-10-20,DMA_137,54.057566110453045,0,0,92.2891080951944
2024-10-20,DMA_138,62.98534518850533,0,0,94.26288882204464
2024-10-20,DMA_139,66.83694409386015,0,0,96.43794509493813
2024-10-20,DMA_140,62.10503471433776,0,0,94.61010385517044
2024-10-20,DMA_141,61.75585730766238,0,0,96.82608899765262
2024-10-20,DMA_142,67.46707568546796,0,0,94.66354047732611
2024-10-20,DMA_143,62.34614484684204,0,0,96.4994790981483
2024-10-20,DMA_144,70.12580839379035,0,1,92.43641620510795
2024-10-20,DMA_145,57.81456747111295,0,0,98.11039803473301
2024-10-20,DMA_146,63.80168726692155,0,0,95.09343782064266
2024-10-20,DMA_147,61.78941402430923,0,1,98.91264792193454
2024-10-20,DMA_148,59.17251811928384,0,0,92.56198395719514
2024-10-20,DMA_149,60.87614433844544,0,0,101.79527767193677
2024-10-20,DMA_150,57.909223433095605,0,0,90.68458367345637
2024-10-27,DMA_001,63.400287864400724,0,0,98.25111337228712
2024-10-27,DMA_002,64.64384481585596,0,0,97.85306896496597
2024-10-27,DMA_003,66.21743231007152,0,0,93.72198026810723
2024-10-27,DMA_004,65.23177636609051,0,0,96.31315940098975
2024-10-27,DMA_005,58.559044259741036,0,0,96.05240226043247
2024-10-27,DMA_006,61.86274209301288,0,0,96.71917426390763
2024-10-27,DMA_007,56.89569633126878,0,0,95.3648408076123
2024-10-27,DMA_008,53.344136884775395,0,0,96.7576631542321
2024-10-27,DMA_009,59.86381273201846,0,1,98.25167508212729
2024-10-27,DMA_010,59.30313117365223,0,0,95.59220582502668
2024-10-27,DMA_011,55.00972875571954,0,0,93.87558001693404
2024-10-27,DMA_012,61.925798097612045,0,0,96.32317337718162
2024-10-27,DMA_013,63.31507859487921,0,0,93.73462539646853
2024-10-27,DMA_014,63.06412233008296,0,0,95.03335325404808
2024-10-27,DMA_015,61.95503178529569,0,1,98.1811592509872
2024-10-27,DMA_016,59.21958886128897,0,0,101.67364033789869
2024-10-27,DMA_017,63.07491061122046,0,0,97.46788224586517
2024-10-27,DMA_018,76.90373183405147,0,0,94.75372260956411
2024-10-27,DMA_019,68.7375546505278,0,0,97.92545650699779
2024-10-27,DMA_020,59.113992775188926,0,0,91.98154114438172
2024-10-27,DMA_021,66.33334546878719,0,0,96.78266559734814
2024-10-27,DMA_022,62.51416828919979,0,0,98.56394411688623
2024-10-27,DMA_023,75.30358626207631,0,0,94.61703232151605
2024-10-27,DMA_024,64.57290006695538,0,0,97.0304574065874
2024-10-27,DMA_025,59.64507938183153,0,0,98.94811406883237
2024-10-27,DMA_026,60.76646424124809,0,0,95.97929081725113
2024-10-27,DMA_027,64.3193790177172,0,0,96.1720005749377
2024-10-27,DMA_028,61.907220805587265,0,0,94.00058292506343
2024-10-27,DMA_029,65.83045512271875,0,0,100.44050749281894
2024-10-27,DMA_030,61.89846529213833,0,0,93.21007891275013
2024-10-27,DMA_031,73.71305307160222,0,0,98.39113447208844
2024-10-27,DMA_032,66.0747910874372,0,1,96.49424707775512
2024-10-27,DMA_033,59.30594508484772,0,0,95.00054660269677
2024-10-27,DMA_034,58.57790473987298,0,0,97.78510869799925
2024-10-27,DMA_035,64.60049015982305,0,0,94.74320271400693
2024-10-27,DMA_036,67.43993834084105,0,0,98.27745057575271
2024-10-27,DMA_037,76.7425012594256,0,1,94.23068378456207
2024-10-27,DMA_038,73.84124876763504,0,0,97.85264706651958
2024-10-27,DMA_039,63.673207295363554,0,0,97.49142702185434
2024-10-27,DMA_040,64.93917961999172,0,0,97.01378745345794
2024-10-27,DMA_041,69.16715473340439,0,0,96.42824826439993
2024-10-27,DMA_042,69.69895455591256,0,1,95.78590251014487
2024-10-27,DMA_043,57.74588723174873,0,0,97.51580005333619
2024-10-27,DMA_044,65.98277178496593,0,0,97.80876415675213
2024-10-27,DMA_045,68.74750124635673,0,1,94.98228079854144
2024-10-27,DMA_046,63.42618336455646,0,0,95.95076521880617
2024-10-27,DMA_047,74.41536015943726,0,0,94.79243400424605
2024-10-27,DMA_048,75.13344914801365,0,0,96.23832518762595
2024-10-27,DMA_049,58.77456048890054,0,0,99.91159415843074
2024-10-27,DMA_050,71.48308898283207,0,0,95.67377208030237
2024-10-27,DMA_051,65.43836694403294,0,0,94.9566475252274
2024-10-27,DMA_052,59.45843238615139,0,0,93.66691072845647
2024-10-27,DMA_053,58.689617298615254,0,0,97.66229628498043
2024-10-27,DMA_054,58.701948639058045,0,0,94.52636735811903
2024-10-27,DMA_055,69.60762621827715,0,0,95.73569113133718
2024-10-27,DMA_056,69.00769854819411,0,0,97.30508757094907
2024-10-27,DMA_057,61.059867543237274,0,0,98.15491239906734
2024-10-27,DMA_058,66.76239162023653,0,0,97.05855106563237
2024-10-27,DMA_059,66.73176974362407,0,0,94.3133815765227
2024-10-27,DMA_060,63.3322716040919,0,0,95.40951834042335
2024-10-27,DMA_061,65.99005816110272,0,0,93.96099016364361
2024-10-27,DMA_062,60.66912681945508,0,0,94.00569666167262
2024-10-27,DMA_063,62.25920900892537,0,1,95.32759557356353
2024-10-27,DMA_064,61.221108823508665,0,0,92.56927337466045
2024-10-27,DMA_065,59.17214832686838,0,0,92.25390958370265
2024-10-27,DMA_066,67.25570563522875,0,0,95.95160208289413
2024-10-27,DMA_067,79.15755362548973,0,0,98.36849089238868
2024-10-27,DMA_068,75.23096539543904,0,0,94.3847304649047
2024-10-27,DMA_069,66.80794132801098,0,0,93.02884198571684
2024-10-27,DMA_070,61.47691229343702,0,0,95.29697472676551
2024-10-27,DMA_071,66.78363338137636,0,1,95.41886067066903
2024-10-27,DMA_072,56.17044202346841,0,0,94.9635345247369
2024-10-27,DMA_073,78.43825148381293,0,0,97.47860552534885
2024-10-27,DMA_074,59.26262506549577,0,0,92.60643576391334
2024-10-27,DMA_075,60.51127182949383,0,0,93.69013698774816
2024-10-27,DMA_076,63.508724387836715,0,1,96.22626926618915
2024-10-27,DMA_077,63.26874905530506,0,1,94.25482012816467
2024-10-27,DMA_078,69.10704916642044,0,1,95.2793257289715
2024-10-27,DMA_079,61.634698729553044,0,0,95.64693650344987
2024-10-27,DMA_080,55.3166016109093,0,0,92.71779397132946
2024-10-27,DMA_081,60.326870312145765,0,1,98.32900472127123
2024-10-27,DMA_082,52.959366622231116,0,0,97.08482594404985
2024-10-27,DMA_083,60.35155730159837,0,1,96.01696659866516
2024-10-27,DMA_084,75.53159745839623,0,0,93.61493894128522
2024-10-27,DMA_085,61.06291898477449,0,0,94.6590776722691
2024-10-27,DMA_086,54.99352276324283,0,1,95.03480600680989
2024-10-27,DMA_087,63.83020938618872,0,0,95.05141772586312
2024-10-27,DMA_088,68.7064524981533,0,0,94.43260350354535
2024-10-27,DMA_089,59.66238375237576,0,0,97.43134647083522
2024-10-27,DMA_090,50.540504595249864,0,1,92.545428207122
2024-10-27,DMA_091,62.57111696577995,0,1,95.69576945385178
2024-10-27,DMA_092,67.86284730351898,0,0,96.91196122265194
2024-10-27,DMA_093,56.94250101365206,0,0,94.09111936646022
2024-10-27,DMA_094,61.62205076540809,0,0,96.47636142325615
2024-10-27,DMA_095,53.75461441406726,0,0,96.78179809938372
2024-10-27,DMA_096,68.23239790651145,0,0,98.52791186240917
2024-10-27,DMA_097,58.0270864207497,0,0,96.61219384090168
2024-10-27,DMA_098,48.253477478362186,0,0,95.92284350336952
2024-10-27,DMA_099,68.13264170324045,0,0,95.56205848360061
2024-10-27,DMA_100,62.60280632981263,0,0,95.36985423602874
2024-10-27,DMA_101,64.42611939653776,0,0,96.369659297925
2024-10-27,DMA_102,69.65338094097181,0,0,96.77726872339385
2024-10-27,DMA_103,62.59961416458736,0,0,97.68260512633623
2024-10-27,DMA_104,63.10497950852425,0,0,97.16315149505974
2024-10-27,DMA_105,56.02217053296032,0,0,93.64991279220797
2024-10-27,DMA_106,67.98514294639787,0,1,98.24563894170728
2024-10-27,DMA_107,59.1600774981185,0,0,98.17013244439565
2024-10-27,DMA_108,57.12579461242729,0,0,95.70627251802077
2024-10-27,DMA_109,65.97732814357434,0,1,95.39063260681775
2024-10-27,DMA_110,69.61414867767421,0,0,94.68243949094469
2024-10-27,DMA_111,71.43936382225087,0,0,90.18400052070189
2024-10-27,DMA_112,62.60983986878855,0,0,94.72368951795931
2024-10-27,DMA_113,53.414207309271646,0,0,99.68390885900715
2024-10-27,DMA_114,45.52909352952987,0,0,95.515570481543
2024-10-27,DMA_115,62.119959633049795,0,0,94.54173168082131
2024-10-27,DMA_116,57.211318598293815,0,0,93.93756842661686
2024-10-27,DMA_117,76.78043205524563,0,0,96.7274781064629
2024-10-27,DMA_118,51.94556314129099,0,0,95.96889419505786
2024-10-27,DMA_119,61.18053783021935,0,0,93.74322399412073
2024-10-27,DMA_120,67.84620068640663,0,0,95.47501988127883
2024-10-27,DMA_121,57.75852907936013,0,0,95.9979998778148
2024-10-27,DMA_122,65.5729890290338,0,0,96.60563669409935
2024-10-27,DMA_123,71.04037020575409,0,0,92.0696167210397
2024-10-27,DMA_124,74.7699966024911,0,0,96.96425821707092
2024-10-27,DMA_125,49.114376444315894,0,0,92.43160809291555
2024-10-27,DMA_126,71.96990887980334,0,0,99.04065434786091
2024-10-27,DMA_127,50.60613560550524,0,0,94.47496586367718
2024-10-27,DMA_128,62.23588251774559,0,0,93.09451669129162
2024-10-27,DMA_129,65.77331382723905,0,1,94.34816432683478
2024-10-27,DMA_130,72.3005150073916,0,1,96.60887272494655
2024-10-27,DMA_131,67.94630680055552,0,0,96.0739406605654
2024-10-27,DMA_132,61.07846037656266,0,0,92.83875578186705
2024-10-27,DMA_133,67.93407880557051,0,0,95.48610879583288
2024-10-27,DMA_134,67.06567606012214,0,0,98.0747883620277
2024-10-27,DMA_135,67.83937158941885,0,0,97.22303097465054
2024-10-27,DMA_136,68.95164376123469,0,1,93.23642402416785
2024-10-27,DMA_137,58.99450918031183,0,0,88.86372960831615
2024-10-27,DMA_138,66.61586945771876,0,0,94.48625051820531
2024-10-27,DMA_139,75.99360512666452,0,0,97.172253346387
2024-10-27,DMA_140,58.91365685205508,0,1,97.55175672759749
2024-10-27,DMA_141,62.31087863198062,0,0,98.06718429047942
2024-10-27,DMA_142,63.324492881562975,0,0,92.23979248954291
2024-10-27,DMA_143,66.7267479605302,0,1,98.72703911239931
2024-10-27,DMA_144,69.77937345516345,0,0,98.02018065183375
2024-10-27,DMA_145,72.6814230550952,0,1,90.94147471146405
2024-10-27,DMA_146,65.7546308190496,0,0,93.47949764598499
2024-10-27,DMA_147,63.60719153947621,0,1,94.97236580910607
2024-10-27,DMA_148,63.41354091055883,0,0,98.4558224300352
2024-10-27,DMA_149,67.49572198945975,0,0,97.0212686055299
2024-10-27,DMA_150,56.16955332103444,0,0,92.6448320346819
2024-11-03,DMA_001,57.53573469985398,0,0,95.5950053480339
2024-11-03,DMA_002,55.270920024490515,0,0,94.19911905436746
2024-11-03,DMA_003,67.80572122425242,0,0,96.89880033183339
2024-11-03,DMA_004,51.504551390449336,0,0,96.76499301959493
2024-11-03,DMA_005,69.58911360565422,0,0,95.8454723907153
2024-11-03,DMA_006,65.97026165763639,0,1,98.40035043956371
2024-11-03,DMA_007,62.53846878106043,0,0,98.62845563430632
2024-11-03,DMA_008,65.8754141478459,0,1,93.67932870560158
2024-11-03,DMA_009,70.11219068230842,0,0,93.5876007772985
2024-11-03,DMA_010,67.88986888081865,0,0,93.82568839053387
2024-11-03,DMA_011,61.59982746592719,0,0,96.28238581241835
2024-11-03,DMA_012,70.39652156531459,0,0,92.86281721259206
2024-11-03,DMA_013,57.942273591960316,0,0,98.9597358215341
2024-11-03,DMA_014,66.23750259913511,0,1,99.62302172544281
2024-11-03,DMA_015,59.04791345682979,0,0,98.57896211742268
2024-11-03,DMA_016,67.03563762496161,0,0,95.0661353178781
2024-11-03,DMA_017,59.784377077663116,0,0,95.47523386692373
2024-11-03,DMA_018,80.62287723102897,0,0,94.26796961396995
2024-11-03,DMA_019,61.66631287555868,0,1,93.64143112868246
2024-11-03,DMA_020,68.30110526414562,0,0,97.83019069020727
2024-11-03,DMA_021,65.75088711630431,0,1,95.31019026782919
2024-11-03,DMA_022,65.95142443320167,0,1,95.01512480608638
2024-11-03,DMA_023,71.21623566479126,0,0,95.73247549993076
2024-11-03,DMA_024,66.95017834554045,0,0,97.16820276180873
2024-11-03,DMA_025,62.38527929371519,0,1,96.69473520880116
2024-11-03,DMA_026,66.72800456455806,0,0,97.97920115207903
2024-11-03,DMA_027,61.94215293269995,0,0,98.78456686288233
2024-11-03,DMA_028,62.618655920535325,0,0,96.46517404829596
2024-11-03,DMA_029,69.17629764256431,0,0,98.72659471588334
2024-11-03,DMA_030,66.57509688261878,0,1,95.45954211566597
2024-11-03,DMA_031,65.50652615167317,0,0,96.49215967756453
2024-11-03,DMA_032,65.68834344654991,0,0,92.67139874375717
2024-11-03,DMA_033,67.02403546481774,0,0,99.30543517527677
2024-11-03,DMA_034,63.01169546670916,0,0,93.67219518955119
2024-11-03,DMA_035,65.1691084891366,0,0,98.45051837238618
2024-11-03,DMA_036,71.32754982857125,0,0,99.00074218308737
2024-11-03,DMA_037,67.1338020858018,0,0,94.98341222586649
2024-11-03,DMA_038,64.58694872068858,0,0,99.37648112895246
2024-11-03,DMA_039,67.80639291834945,0,0,94.9052223870275
2024-11-03,DMA_040,83.5726330910019,0,0,96.08720367546005
2024-11-03,DMA_041,75.03431491344068,0,0,93.71506505016997
2024-11-03,DMA_042,68.44845671756013,0,0,95.06262784879267
2024-11-03,DMA_043,63.827209971927076,0,0,95.76156156995523
2024-11-03,DMA_044,70.72125993880525,0,0,92.76038727160669
2024-11-03,DMA_045,57.211159203686364,0,0,97.76930025537844
2024-11-03,DMA_046,48.30503108389027,0,1,93.75641904421545
2024-11-03,DMA_047,69.40928209068696,0,0,94.0544579953658
2024-11-03,DMA_048,63.60620293280798,0,0,96.43648673336618
2024-11-03,DMA_049,59.13842152664844,0,0,94.38673578584921
2024-11-03,DMA_050,64.08203429643481,0,1,92.98244789434506
2024-11-03,DMA_051,76.13795626394,0,0,97.03569288941384
2024-11-03,DMA_052,59.72697423941,0,0,100.53172824734592
2024-11-03,DMA_053,71.16679411286898,0,1,95.39716481988309
2024-11-03,DMA_054,69.08842669011469,0,0,99.9654330066994
2024-11-03,DMA_055,64.67860016344126,0,0,96.26303935601833
2024-11-03,DMA_056,68.09467412653203,0,1,95.33164850969182
2024-11-03,DMA_057,62.069939295041095,0,0,95.52547106233845
2024-11-03,DMA_058,58.04431929842056,0,1,94.11632231224156
2024-11-03,DMA_059,70.20287410082892,0,0,95.79861490840861
2024-11-03,DMA_060,75.54395269212033,0,0,94.90171716123142
2024-11-03,DMA_061,67.38259713984169,0,0,98.72410999263302
2024-11-03,DMA_062,62.51497879541739,0,0,98.17159697944265
2024-11-03,DMA_063,73.52894852019821,0,0,93.97958561092736
2024-11-03,DMA_064,61.7246492906009,0,0,96.94729038011124
2024-11-03,DMA_065,70.68815560319345,0,0,93.08701293834476
2024-11-03,DMA_066,68.26336465014946,0,0,95.05798951978147
2024-11-03,DMA_067,75.37256985576819,0,0,94.43262108195088
2024-11-03,DMA_068,62.544850543733496,0,0,96.02908804405483
2024-11-03,DMA_069,61.63101033402944,0,1,94.30503137406525
2024-11-03,DMA_070,62.92486491444814,0,0,97.86382045466668
2024-11-03,DMA_071,70.52975080748273,0,0,97.81065461732604
2024-11-03,DMA_072,68.84370998611675,0,0,96.72299146047091
2024-11-03,DMA_073,57.62638782392358,0,0,91.91807408317494
2024-11-03,DMA_074,68.9007783982097,0,0,96.29453982270337
2024-11-03,DMA_075,71.67243467082578,0,0,98.31412333637499
2024-11-03,DMA_076,69.35259897783152,0,0,99.4993091853764
2024-11-03,DMA_077,77.74823565518017,0,0,95.77118440445938
2024-11-03,DMA_078,65.82033375944364,0,0,94.78847128965802
2024-11-03,DMA_079,68.55676043327824,0,0,93.41503648449843
2024-11-03,DMA_080,70.3430693946607,0,0,98.16058033545464
2024-11-03,DMA_081,75.11017108541448,0,0,97.40388356927849
2024-11-03,DMA_082,68.77013700646238,0,0,97.54521798642259
2024-11-03,DMA_083,68.88102675339886,0,0,95.75749649397741
2024-11-03,DMA_084,61.8783154749933,0,1,95.67653492269966
2024-11-03,DMA_085,62.812906182730984,0,0,95.35007364866031
2024-11-03,DMA_086,62.38038030210329,0,0,98.67795402352832
2024-11-03,DMA_087,66.89386555191123,0,0,95.8413907202237
2024-11-03,DMA_088,54.3347278223847,0,0,93.89762300761693
2024-11-03,DMA_089,64.4640040701282,0,0,95.61446494003971
2024-11-03,DMA_090,61.960103493554506,0,0,97.31392469143407
2024-11-03,DMA_091,73.53462280793333,0,1,94.91272345033242
2024-11-03,DMA_092,66.44853192082104,0,0,94.24405528640197
2024-11-03,DMA_093,56.15878294842048,0,0,93.16504072124118
2024-11-03,DMA_094,67.18164867675672,0,0,98.37120849970809
2024-11-03,DMA_095,74.49333926309794,0,0,99.19986901602114
2024-11-03,DMA_096,74.85001756196172,0,0,98.8304223182835
2024-11-03,DMA_097,69.9214829714139,0,0,96.6419745397948
2024-11-03,DMA_098,66.79708486302982,0,0,96.97578712775282
2024-11-03,DMA_099,75.74175039962105,0,0,96.64857742317571
2024-11-03,DMA_100,55.82653865239381,0,0,101.03059784831294
2024-11-03,DMA_101,64.81877114652796,0,0,95.36713104086536
2024-11-03,DMA_102,59.73683962840968,0,1,96.33311801754043
2024-11-03,DMA_103,64.38530705033895,0,0,96.32481622605697
2024-11-03,DMA_104,69.01651704313936,0,0,97.48152174327947
2024-11-03,DMA_105,67.59565762658474,0,1,92.61357405874494
2024-11-03,DMA_106,64.81137215047293,0,1,95.47931524541525
2024-11-03,DMA_107,75.86492716607759,0,0,96.89786191376378
2024-11-03,DMA_108,66.46063769262103,0,0,97.4067813809739
2024-11-03,DMA_109,65.1176889930235,0,0,97.46071278103845
2024-11-03,DMA_110,65.8170004803354,0,0,95.37022062528239
2024-11-03,DMA_111,66.65010039513021,0,0,97.32484635281563
2024-11-03,DMA_112,79.28136012555638,0,0,93.58979743003151
2024-11-03,DMA_113,74.1169735498431,0,0,96.49680336353482
2024-11-03,DMA_114,60.87356998950121,0,0,89.4901301818364
2024-11-03,DMA_115,71.71326229776251,0,0,95.59582025917096
2024-11-03,DMA_116,59.778938042180755,0,0,91.86718876561265
2024-11-03,DMA_117,74.33782865466593,0,1,96.93319357337279
2024-11-03,DMA_118,67.3078397471285,0,0,98.11269266052146
2024-11-03,DMA_119,65.59857849021735,0,1,101.56175083320521
2024-11-03,DMA_120,71.15669531032037,0,0,93.49813224373266
2024-11-03,DMA_121,66.55850465545925,0,0,98.81105080496022
2024-11-03,DMA_122,65.78727088307743,0,0,96.38263055515417
2024-11-03,DMA_123,56.73059161640337,0,0,100.96105460642387
2024-11-03,DMA_124,62.65750698077547,0,0,96.69650837829374
2024-11-03,DMA_125,72.55737265599798,0,0,97.53232847413578
2024-11-03,DMA_126,62.264481163758916,0,0,96.88198310685658
2024-11-03,DMA_127,56.25306643399647,0,0,93.72311783027345
2024-11-03,DMA_128,72.80068837931302,0,0,94.46244428728933
2024-11-03,DMA_129,56.1782268299724,0,0,93.57509796840392
2024-11-03,DMA_130,67.6756891696456,0,1,92.6431872637647
2024-11-03,DMA_131,67.41777967099851,0,0,94.39791297910106
2024-11-03,DMA_132,67.66321350031706,0,1,95.92687248762402
2024-11-03,DMA_133,60.65344310629138,0,1,93.93932695053512
2024-11-03,DMA_134,67.24917672772428,0,0,98.73879709496842
2024-11-03,DMA_135,68.91520292796424,0,0,95.26867371584261
2024-11-03,DMA_136,68.28254385548476,0,0,95.92437720498964
2024-11-03,DMA_137,61.980440448090995,0,0,94.75244918047952
2024-11-03,DMA_138,71.17070060193963,0,0,97.0288250421721
2024-11-03,DMA_139,71.1464104281509,0,0,97.05410470655555
2024-11-03,DMA_140,60.30360351084427,0,0,94.01421119050792
2024-11-03,DMA_141,77.67667803594244,0,0,97.84689726905327
2024-11-03,DMA_142,70.46564463887508,0,0,96.00960763902728
2024-11-03,DMA_143,69.85278003725729,0,0,93.86823629896867
2024-11-03,DMA_144,66.99619117323279,0,0,98.18246947937243
2024-11-03,DMA_145,69.83036187983818,0,0,99.06424774202556
2024-11-03,DMA_146,72.39979234688461,0,0,96.04881228557535
2024-11-03,DMA_147,74.52949662747744,0,1,95.26091998646238
2024-11-03,DMA_148,66.22467789437087,0,1,93.86259610039545
2024-11-03,DMA_149,67.22129047388906,0,0,95.4470881753675
2024-11-03,DMA_150,66.01259697624691,0,0,96.50237580704561
2024-11-10,DMA_001,78.1926319827536,0,0,94.93780769522824
2024-11-10,DMA_002,72.744022745744,0,0,99.63654998912973
2024-11-10,DMA_003,74.78091448976352,0,0,98.1560009213125
2024-11-10,DMA_004,78.55772887754539,0,0,97.24897728018131
2024-11-10,DMA_005,67.43760606221825,0,0,93.63393534404487
2024-11-10,DMA_006,66.58092990387294,0,0,95.60846490803841
2024-11-10,DMA_007,63.5045905566479,0,0,100.36243749128577
2024-11-10,DMA_008,65.62622333285938,0,0,96.65046106139015
2024-11-10,DMA_009,62.21961521985457,0,0,96.74576987202713
2024-11-10,DMA_010,70.66813712797354,0,0,93.32721079809026
2024-11-10,DMA_011,72.00134513456308,0,0,95.96811907985722
2024-11-10,DMA_012,58.358131709305496,0,0,96.29578723796084
2024-11-10,DMA_013,65.46818400301714,0,0,99.00043320791988
2024-11-10,DMA_014,73.27222668793279,0,0,94.22947833553147
2024-11-10,DMA_015,62.72319101032384,0,0,98.7845071696371
2024-11-10,DMA_016,67.17285839937361,0,0,94.60127521125389
2024-11-10,DMA_017,64.19672793804808,0,0,97.06738214953315
2024-11-10,DMA_018,75.17816751233606,0,0,92.94641492899986
2024-11-10,DMA_019,60.8111228088966,0,0,97.15253069508287
2024-11-10,DMA_020,68.28670106960212,0,1,98.08294187472559
2024-11-10,DMA_021,72.81793680096548,0,0,95.62186598806416
2024-11-10,DMA_022,73.15283835558111,0,0,96.41699532844952
2024-11-10,DMA_023,68.43641385609347,0,1,94.72141530003748
2024-11-10,DMA_024,71.6267635756181,0,1,90.74962812063713
2024-11-10,DMA_025,78.41723431017915,0,0,96.64587865724658
2024-11-10,DMA_026,71.80005626004434,0,0,99.06004375081152
2024-11-10,DMA_027,82.21746364423525,0,0,97.9433520949647
2024-11-10,DMA_028,66.05326022184869,0,0,95.63551063265206
2024-11-10,DMA_029,71.58023545402074,0,0,96.89729004799779
2024-11-10,DMA_030,74.48085579440003,0,0,94.92346194495187
2024-11-10,DMA_031,68.24058615662899,0,1,98.22569901817648
2024-11-10,DMA_032,67.4847521975961,0,0,98.38631551916762
2024-11-10,DMA_033,73.09301390901857,0,0,96.32569877087639
2024-11-10,DMA_034,69.4561201332167,0,0,97.41020993229473
2024-11-10,DMA_035,68.8887226572382,0,1,97.8481480428775
2024-11-10,DMA_036,71.9352725752982,0,0,98.59399532849812
2024-11-10,DMA_037,66.53443381859971,0,0,101.24594935738713
2024-11-10,DMA_038,71.4483855447115,0,0,95.10359530198636
2024-11-10,DMA_039,68.63005672590563,0,0,98.18841479932732
2024-11-10,DMA_040,64.05078333686289,0,0,98.34984353783297
2024-11-10,DMA_041,67.37779346511503,0,0,97.13029937739026
2024-11-10,DMA_042,69.44838297596178,0,0,93.1656860924875
2024-11-10,DMA_043,68.28464913359284,0,0,96.07669852581402
2024-11-10,DMA_044,65.81167302924199,0,0,101.01020241366682
2024-11-10,DMA_045,70.93738048602165,0,0,95.45549583297048
2024-11-10,DMA_046,72.60295371380006,0,0,98.59725203714324
2024-11-10,DMA_047,60.10605274029468,0,0,91.71975363477095
2024-11-10,DMA_048,74.54858555992479,0,0,94.9724230167689
2024-11-10,DMA_049,74.11160853626114,0,0,97.06280566964483
2024-11-10,DMA_050,81.6742332175583,0,0,95.87292411831345
2024-11-10,DMA_051,68.28594968703732,0,0,100.82705201304957
2024-11-10,DMA_052,64.94295926119305,0,0,98.66195632768583
2024-11-10,DMA_053,63.49717888780673,0,0,101.11699125727954
2024-11-10,DMA_054,65.40280694263524,0,0,96.44796863089753
2024-11-10,DMA_055,75.41631766592629,0,0,94.45036778223312
2024-11-10,DMA_056,70.51469045623818,0,1,94.0273985223066
2024-11-10,DMA_057,69.04647460519234,0,0,99.7574830921047
2024-11-10,DMA_058,68.30155630618069,0,1,98.95982998767892
2024-11-10,DMA_059,57.90098289561425,0,0,95.97911769867187
2024-11-10,DMA_060,63.466763492890266,0,0,97.69095587893341
2024-11-10,DMA_061,73.84277222001722,0,0,96.53639293121935
2024-11-10,DMA_062,65.39059896495067,0,0,96.0146270767068
2024-11-10,DMA_063,68.19791904846952,0,0,97.00881187299699
2024-11-10,DMA_064,64.74736357060732,0,1,96.7856701366185
2024-11-10,DMA_065,61.911936960357664,0,0,97.62969538973279
2024-11-10,DMA_066,75.68992886458857,0,0,96.64848390912405
2024-11-10,DMA_067,68.22095489212306,0,0,94.51009019107791
2024-11-10,DMA_068,72.48163255438885,0,0,94.45517972754408
2024-11-10,DMA_069,73.11514418858286,0,0,94.6289956586616
2024-11-10,DMA_070,69.84570247560353,0,1,96.96570119355188
2024-11-10,DMA_071,70.07317345025632,0,1,95.90240412766259
2024-11-10,DMA_072,77.66855434433825,0,0,95.8229855470039
2024-11-10,DMA_073,64.04245763288966,0,0,95.49573653237871
2024-11-10,DMA_074,78.49792438711378,0,0,98.47008611909894
2024-11-10,DMA_075,67.54579580627384,0,0,94.0680752809326
2024-11-10,DMA_076,74.72344922417633,0,0,95.97740633734333
2024-11-10,DMA_077,78.94525413148318,0,1,93.42504624557078
2024-11-10,DMA_078,64.61681955807198,0,0,98.79997396154502
2024-11-10,DMA_079,74.61573296980855,0,0,94.71451018869887
2024-11-10,DMA_080,76.92683904953827,0,0,94.43578342923631
2024-11-10,DMA_081,67.43502720179106,0,0,96.91578335277251
2024-11-10,DMA_082,73.17605839036287,0,1,96.83911538166015
2024-11-10,DMA_083,68.43440572215187,0,0,94.45799278002457
2024-11-10,DMA_084,65.22627008032786,0,0,99.29253803543844
2024-11-10,DMA_085,72.08568188842169,0,0,96.49281399560672
2024-11-10,DMA_086,68.28897928278205,0,0,96.08963122451387
2024-11-10,DMA_087,77.24896597360993,0,0,96.33238698460048
2024-11-10,DMA_088,71.81119328168265,0,0,94.59053789114176
2024-11-10,DMA_089,67.8564847862856,0,0,97.8495589973704
2024-11-10,DMA_090,68.28745844370316,0,0,98.02267648159854
2024-11-10,DMA_091,65.7284701783027,0,0,93.43995833820199
2024-11-10,DMA_092,74.35315033482082,0,0,97.2395585596072
2024-11-10,DMA_093,67.06255225107051,0,0,96.43719909210199
2024-11-10,DMA_094,72.52746097565274,0,0,97.1216024588142
2024-11-10,DMA_095,66.41609375179155,0,1,96.51593937460298
2024-11-10,DMA_096,62.41190584682499,0,0,95.3381091828978
2024-11-10,DMA_097,74.45243971535345,0,1,96.20650023458201
2024-11-10,DMA_098,69.8987819588446,0,0,97.15131563012605
2024-11-10,DMA_099,59.32040153588859,0,0,93.49302961033824
2024-11-10,DMA_100,69.480198502373,0,1,95.97282733642285
2024-11-10,DMA_101,74.71760616994185,0,0,97.83277069455882
2024-11-10,DMA_102,70.13210383256039,0,0,94.99987888775581
2024-11-10,DMA_103,70.41738621228791,0,1,95.28407429364671
2024-11-10,DMA_104,82.2833127348725,0,0,96.22967513061607
2024-11-10,DMA_105,64.41284149067263,0,0,96.56427824924829
2024-11-10,DMA_106,69.32616229739324,0,0,97.85161932390497
2024-11-10,DMA_107,76.13175868494356,0,0,94.20672644396495
2024-11-10,DMA_108,75.03315063628273,0,0,98.3169002633617
2024-11-10,DMA_109,72.9946303190698,0,0,95.48804595474674
2024-11-10,DMA_110,72.19437591940847,0,0,90.850850201034
2024-11-10,DMA_111,64.60106257674491,0,0,96.20040890351815
2024-11-10,DMA_112,67.04800605667906,0,1,96.21790049550123
2024-11-10,DMA_113,75.6617820164691,0,0,95.84386646484707
2024-11-10,DMA_114,86.03355156676659,0,0,95.4580537026349
2024-11-10,DMA_115,67.07934956716466,0,0,93.50213650310906
2024-11-10,DMA_116,68.60422047863678,0,1,91.62907368855396
2024-11-10,DMA_117,69.20579396482582,0,0,94.51127165746816
2024-11-10,DMA_118,64.06099539672988,0,0,93.85513455200076
2024-11-10,DMA_119,66.41094624672533,0,0,98.0096970839349
2024-11-10,DMA_120,68.41771360041038,0,1,98.29968950928489
2024-11-10,DMA_121,71.94602381541023,0,0,94.87908653048052
2024-11-10,DMA_122,72.43159997637714,0,0,96.48895633039581
2024-11-10,DMA_123,80.76112533729675,0,0,98.7458037833937
2024-11-10,DMA_124,68.05259307333108,0,0,92.28540982838427
2024-11-10,DMA_125,71.15308394041725,0,0,98.19185278014857
2024-11-10,DMA_126,61.26070790496243,0,0,93.05956433746385
2024-11-10,DMA_127,71.03708588669052,0,1,93.16553645086738
2024-11-10,DMA_128,69.24431789181664,0,0,96.87031553079497
2024-11-10,DMA_129,62.754728176429936,0,1,96.03653396518082
2024-11-10,DMA_130,64.5695384766343,0,0,95.47632740705804
2024-11-10,DMA_131,69.86224480897378,0,0,95.1648773217795
2024-11-10,DMA_132,68.22409370246953,0,0,95.00639232304948
2024-11-10,DMA_133,75.9758620367679,0,0,98.48783695178967
2024-11-10,DMA_134,82.91664609440227,0,0,94.91985060185762
2024-11-10,DMA_135,67.86246408610687,0,0,94.1226548861303
2024-11-10,DMA_136,76.11658455764325,0,0,96.04536702797695
2024-11-10,DMA_137,61.907889083221754,0,0,95.33788783038196
2024-11-10,DMA_138,79.2909789027944,0,0,95.36965051965878
2024-11-10,DMA_139,65.17486987828441,0,0,93.57112045668252
2024-11-10,DMA_140,62.66934895874473,0,0,95.75285867862934
2024-11-10,DMA_141,59.098407606529406,0,0,94.5720568520145
2024-11-10,DMA_142,72.6400607653226,0,0,99.5039700455158
2024-11-10,DMA_143,67.75459928993496,0,0,96.81706511105217
2024-11-10,DMA_144,65.58682964347207,0,0,95.90681859197423
2024-11-10,DMA_145,70.19947358618928,0,0,90.84363348886289
2024-11-10,DMA_146,63.58591044871801,0,0,96.72734943645695
2024-11-10,DMA_147,60.773767734833534,0,0,94.37617542724179
2024-11-10,DMA_148,72.34316999849901,0,0,93.2494315725533
2024-11-10,DMA_149,61.870983141818265,0,1,95.74334533166247
2024-11-10,DMA_150,65.68931616301927,0,0,91.83799860062207
2024-11-17,DMA_001,71.10880473305156,0,1,93.43249717576884
2024-11-17,DMA_002,67.67809058709742,0,0,96.71068180255936
2024-11-17,DMA_003,67.81423064972334,0,1,96.72360977335022
2024-11-17,DMA_004,79.57431839477188,0,0,95.82258662717
2024-11-17,DMA_005,66.28344401368861,0,0,95.18079548603657
2024-11-17,DMA_006,74.01457918667286,0,1,95.90961227149033
2024-11-17,DMA_007,66.44591946203111,0,0,98.5256699616828
2024-11-17,DMA_008,66.75048543134096,0,0,94.469045427605
2024-11-17,DMA_009,67.4786696895151,0,0,98.31479414691385
2024-11-17,DMA_010,67.64132935785773,0,0,97.05128496217738
2024-11-17,DMA_011,85.04692370655802,0,0,98.1638424651147
2024-11-17,DMA_012,76.87070461096914,0,1,100.15482976765001
2024-11-17,DMA_013,78.72299880650728,0,0,97.75253135449243
2024-11-17,DMA_014,68.56472545723072,0,0,97.0778453026676
2024-11-17,DMA_015,78.21239242287483,0,0,96.439697922019
2024-11-17,DMA_016,66.02500070572468,0,0,95.45322370564014
2024-11-17,DMA_017,64.92045624169114,0,0,97.12164757568495
2024-11-17,DMA_018,69.47616996264249,0,0,98.32438766976666
2024-11-17,DMA_019,74.59614262536851,0,0,102.57230893289042
2024-11-17,DMA_020,81.23694553996299,0,0,98.77241824086062
2024-11-17,DMA_021,69.47765525385141,0,1,96.86528804831656
2024-11-17,DMA_022,78.84364831215652,0,0,95.48112597422322
2024-11-17,DMA_023,72.38325141376228,0,0,96.08657081927869
2024-11-17,DMA_024,71.16539240107697,0,1,94.94038588930597
2024-11-17,DMA_025,73.93238124514788,0,0,97.45059050485442
2024-11-17,DMA_026,78.2901146699136,0,0,94.38254155383945
2024-11-17,DMA_027,71.68516741114371,0,0,99.59848545022827
2024-11-17,DMA_028,70.91038024048423,0,1,97.74204713298487
2024-11-17,DMA_029,70.36002499251119,0,1,97.00199272916403
2024-11-17,DMA_030,65.32926864086076,0,0,94.46898580130454
2024-11-17,DMA_031,69.22924453187002,0,0,101.85094370472339
2024-11-17,DMA_032,69.75591314429792,0,0,90.76668810957074
2024-11-17,DMA_033,75.10718133832451,0,0,96.46002298907638
2024-11-17,DMA_034,77.82163269906539,0,0,96.76537569741674
2024-11-17,DMA_035,66.6886007711478,0,1,98.07576515488275
2024-11-17,DMA_036,67.86750424477113,0,1,99.0761632220931
2024-11-17,DMA_037,71.35463984452194,0,0,96.31312229108816
2024-11-17,DMA_038,55.22581756089306,0,0,95.08334203480169
2024-11-17,DMA_039,67.01965496836672,0,0,98.30667251031714
2024-11-17,DMA_040,82.80091130378398,0,0,92.09251474991918
2024-11-17,DMA_041,71.34077503015665,0,1,94.59796765957651
2024-11-17,DMA_042,82.00720697018656,0,0,96.93438828924083
2024-11-17,DMA_043,69.17316251139995,0,1,94.47019215973647
2024-11-17,DMA_044,79.74182231644623,0,1,94.13388515873572
2024-11-17,DMA_045,68.6706279388596,0,0,98.97131815684433
2024-11-17,DMA_046,76.63555626870087,0,0,98.3105864106125
2024-11-17,DMA_047,74.55487232831747,0,0,99.38538147134051
2024-11-17,DMA_048,66.88848385617977,0,0,97.71260502301091
2024-11-17,DMA_049,66.85614061091987,0,0,96.41648071571409
2024-11-17,DMA_050,78.68286754309608,0,0,99.03192158661929
2024-11-17,DMA_051,75.18816503410322,0,0,98.30534793818518
2024-11-17,DMA_052,80.1414742999964,0,0,95.69854230975955
2024-11-17,DMA_053,74.9908085640218,0,1,94.30900424361569
2024-11-17,DMA_054,71.52557454192078,0,0,98.35799744430093
2024-11-17,DMA_055,73.95488804841725,0,0,90.57463290050335
2024-11-17,DMA_056,71.13606638906846,0,0,97.34833062145472
2024-11-17,DMA_057,70.21686058626882,0,0,97.21479706752577
2024-11-17,DMA_058,82.69092524796496,0,0,96.9367639625521
2024-11-17,DMA_059,78.72162402700947,0,0,96.45714301178522
2024-11-17,DMA_060,71.08537594060245,0,0,93.97375725822594
2024-11-17,DMA_061,74.75763450423254,0,0,96.17079278506796
2024-11-17,DMA_062,71.62231961924854,0,0,95.49686347765774
2024-11-17,DMA_063,72.53091770385534,0,0,96.45035235029957
2024-11-17,DMA_064,58.03094266574432,0,0,96.86791826467287
2024-11-17,DMA_065,77.69041897114424,0,1,91.82001595341492
2024-11-17,DMA_066,63.53353318181894,0,0,96.12366020746737
2024-11-17,DMA_067,74.5185641078048,0,0,96.17194758880707
2024-11-17,DMA_068,84.92598719899857,0,0,96.59781021439649
2024-11-17,DMA_069,73.57281135169997,0,0,97.73162849173016
2024-11-17,DMA_070,73.5862764132326,0,0,98.79771495554637
2024-11-17,DMA_071,80.87504705063213,0,0,97.69039312908974
2024-11-17,DMA_072,64.2754272913727,0,0,95.94789809720211
2024-11-17,DMA_073,71.40680332357528,0,0,95.86301822389078
2024-11-17,DMA_074,75.19750929031925,0,0,98.41632088812399
2024-11-17,DMA_075,74.88387591065215,0,0,93.92809771507436
2024-11-17,DMA_076,70.23170947076613,0,0,93.39432791782754
2024-11-17,DMA_077,68.23453046001625,0,0,97.31949896060549
2024-11-17,DMA_078,66.27103088844112,0,0,95.86742068363276
2024-11-17,DMA_079,70.67173051969418,0,0,94.75794775346806
2024-11-17,DMA_080,65.91995005461638,0,0,94.49189013649446
2024-11-17,DMA_081,75.74008911907467,0,0,94.27918894478653
2024-11-17,DMA_082,66.03252492196171,0,1,93.32139790620806
2024-11-17,DMA_083,67.71149830874697,0,0,100.21694751473613
2024-11-17,DMA_084,62.406179550012624,0,1,97.94569352979505
2024-11-17,DMA_085,69.29343211005052,0,0,97.11363625645215
2024-11-17,DMA_086,83.98469269830309,0,0,95.66916669932893
2024-11-17,DMA_087,74.7767122987485,0,0,92.44207797111571
2024-11-17,DMA_088,69.85432376750784,0,1,96.38982786611103
2024-11-17,DMA_089,74.98381383579212,0,1,93.16384196449404
2024-11-17,DMA_090,68.16037725900628,0,0,95.85483982486002
2024-11-17,DMA_091,71.57347474732826,0,0,97.00269047355506
2024-11-17,DMA_092,74.94154866334601,0,0,94.90714538622007
2024-11-17,DMA_093,63.81670246875977,0,0,95.42666299981265
2024-11-17,DMA_094,62.920372495055496,0,0,96.20477233102524
2024-11-17,DMA_095,73.92009689461446,0,0,98.20525646541805
2024-11-17,DMA_096,73.39288091962962,0,0,95.31150290581365
2024-11-17,DMA_097,66.68253069191418,0,0,100.54180805602849
2024-11-17,DMA_098,70.59430547582335,0,0,101.76185504202672
2024-11-17,DMA_099,70.17775087998807,0,0,98.3412510762575
2024-11-17,DMA_100,67.62401286230318,0,0,97.3854219383909
2024-11-17,DMA_101,72.41932120259173,0,0,98.73917605964469
2024-11-17,DMA_102,66.70792607410729,0,1,95.99477532319355
2024-11-17,DMA_103,63.85359003382749,0,0,95.4945963251591
2024-11-17,DMA_104,68.0962307718448,0,0,93.84663423613102
2024-11-17,DMA_105,60.941713280109255,0,0,95.88859882607328
2024-11-17,DMA_106,66.98444409707533,0,1,96.70619080611549
2024-11-17,DMA_107,81.32029642486856,0,0,96.49219391117305
2024-11-17,DMA_108,68.7246686227699,0,0,95.4594554116532
2024-11-17,DMA_109,72.93518664096717,0,0,98.12898135344508
2024-11-17,DMA_110,72.27328595564438,0,0,99.14688611627392
2024-11-17,DMA_111,67.89946945863092,0,0,98.24621857810385
2024-11-17,DMA_112,79.75544908695915,0,0,96.3474812416401
2024-11-17,DMA_113,71.69378802058087,0,0,93.4278227263968
2024-11-17,DMA_114,76.99362431837457,0,0,97.14810623671124
2024-11-17,DMA_115,66.54567077916984,0,1,98.26086954345278
2024-11-17,DMA_116,67.31063739335457,0,0,99.11878060983902
2024-11-17,DMA_117,70.76800438092582,0,1,96.84371973080663
2024-11-17,DMA_118,59.38018805812975,0,0,93.21617939294616
2024-11-17,DMA_119,68.2492741727388,0,1,96.66685001249465
2024-11-17,DMA_120,81.34957158293696,0,0,97.18672730004265
2024-11-17,DMA_121,76.97961924316209,0,0,95.89100422694352
2024-11-17,DMA_122,74.88616624235192,0,0,100.6186304483322
2024-11-17,DMA_123,65.0602804684522,0,0,96.05851443464903
2024-11-17,DMA_124,78.88036949347479,0,0,95.01454700669322
2024-11-17,DMA_125,67.19140086818666,0,0,99.5816565448392
2024-11-17,DMA_126,72.87329492429248,0,0,96.68903961318463
2024-11-17,DMA_127,70.37826052701332,0,0,97.34935685133225
2024-11-17,DMA_128,74.47542478563462,0,0,97.96930024244847
2024-11-17,DMA_129,66.8948160834017,0,0,97.0861183615663
2024-11-17,DMA_130,64.34665918254919,0,0,90.94920440572722
2024-11-17,DMA_131,67.02328123324652,0,0,97.7940045078914
2024-11-17,DMA_132,67.01359569197618,0,0,98.5408073109085
2024-11-17,DMA_133,74.36243461093929,0,0,99.74144806556946
2024-11-17,DMA_134,68.32397404261295,0,0,96.82892162923144
2024-11-17,DMA_135,62.367508271791195,0,0,98.5171046139278
2024-11-17,DMA_136,65.79692660953337,0,0,95.51896170322212
2024-11-17,DMA_137,68.52138881480465,0,0,97.79536240206959
2024-11-17,DMA_138,73.79811309031813,0,0,98.35525291814947
2024-11-17,DMA_139,63.657741117053035,0,1,96.30432387276348
2024-11-17,DMA_140,71.435052815414,0,0,95.45994200302697
2024-11-17,DMA_141,75.5240563396847,0,0,97.66624085432031
2024-11-17,DMA_142,79.41379440948054,0,0,97.80373266278723
2024-11-17,DMA_143,77.32470351745276,0,0,96.86678238660872
2024-11-17,DMA_144,77.72051847546311,0,1,94.02740961179288
2024-11-17,DMA_145,77.06239662212946,0,0,98.87522208832452
2024-11-17,DMA_146,62.47082796651072,0,0,97.43725186294886
2024-11-17,DMA_147,68.50463328949496,0,0,96.27547202005859
2024-11-17,DMA_148,75.1321303000438,0,0,97.07981760367977
2024-11-17,DMA_149,79.93416230681561,0,0,97.12157567001766
2024-11-17,DMA_150,65.68519153367183,0,0,94.36561288132684
2024-11-24,DMA_001,76.32395844848375,1,0,96.88758569953812
2024-11-24,DMA_002,60.552811117256894,1,0,96.00310133282512
2024-11-24,DMA_003,67.84240430310716,1,1,94.48008105257654
2024-11-24,DMA_004,69.89938406024433,1,0,95.78272392962273
2024-11-24,DMA_005,74.71918123429573,1,0,95.93167990004355
2024-11-24,DMA_006,74.2323097670206,1,0,95.37937858653778
2024-11-24,DMA_007,70.13751436051918,1,0,100.95912459851226
2024-11-24,DMA_008,77.46053933440349,1,0,98.84533850876295
2024-11-24,DMA_009,65.11833539120492,1,0,97.73273604890608
2024-11-24,DMA_010,70.12531260118993,1,0,98.58160137606717
2024-11-24,DMA_011,74.87048589896355,1,0,97.77993434169782
2024-11-24,DMA_012,75.35314639591813,1,1,96.54082447822755
2024-11-24,DMA_013,76.2699282837647,1,0,95.55650775238716
2024-11-24,DMA_014,66.44078356902054,1,0,96.27240000858411
2024-11-24,DMA_015,68.7715692657217,1,0,95.63156541776172
2024-11-24,DMA_016,80.01158656256098,1,0,98.65461043403651
2024-11-24,DMA_017,68.14729358851889,1,0,96.52967843537522
2024-11-24,DMA_018,68.67059352390969,1,0,98.36386760906844
2024-11-24,DMA_019,76.42696022574573,1,0,95.52519343419824
2024-11-24,DMA_020,71.73123005940809,1,0,95.07223364331442
2024-11-24,DMA_021,77.01550300639839,1,0,96.01363512620783
2024-11-24,DMA_022,69.96634495549387,1,0,102.8366304122615
2024-11-24,DMA_023,68.91567447903537,1,1,94.39185888659763
2024-11-24,DMA_024,70.42934091213688,1,0,94.64860365679462
2024-11-24,DMA_025,63.59970688332632,1,0,94.6101649629454
2024-11-24,DMA_026,77.94418614174221,1,0,96.08538746315308
2024-11-24,DMA_027,67.61195820041672,1,0,97.2233735540208
2024-11-24,DMA_028,80.93430549367615,1,0,93.1882784534386
2024-11-24,DMA_029,77.99487282857498,1,0,98.18714080065374
2024-11-24,DMA_030,78.57770673653509,1,1,94.04325487478907
2024-11-24,DMA_031,61.6543811729165,1,1,97.13828880415778
2024-11-24,DMA_032,68.2349288108358,1,0,96.29724285302254
2024-11-24,DMA_033,84.26699245886273,1,0,97.39528676324262
2024-11-24,DMA_034,72.57394646525809,1,0,93.00127840689045
2024-11-24,DMA_035,77.28205231771275,1,1,97.8768925129687
2024-11-24,DMA_036,77.61818221372117,1,1,96.107988898564
2024-11-24,DMA_037,76.5346475872424,1,0,95.65795524787254
2024-11-24,DMA_038,75.3079697474454,1,0,96.05360951788735
2024-11-24,DMA_039,80.42351214480817,1,0,96.82470805936019
2024-11-24,DMA_040,71.63141780027836,1,1,96.63315100201166
2024-11-24,DMA_041,76.15642656055621,1,0,97.4019614164186
2024-11-24,DMA_042,72.11172807811273,1,0,99.75037276611324
2024-11-24,DMA_043,81.22000360687099,1,0,95.71428923571015
2024-11-24,DMA_044,80.37071703799569,1,1,97.87894447641692
2024-11-24,DMA_045,73.06378464865956,1,0,99.04255749205825
2024-11-24,DMA_046,75.37407525264351,1,0,96.48739082109009
2024-11-24,DMA_047,71.40458381103868,1,0,96.46052838528188
2024-11-24,DMA_048,66.58579675437682,1,1,95.75621685153409
2024-11-24,DMA_049,73.44016503606169,1,0,96.25581554549453
2024-11-24,DMA_050,67.88482351009847,1,0,101.16395893078851
2024-11-24,DMA_051,69.35035180567965,1,0,96.04035885123086
2024-11-24,DMA_052,71.97720224255814,1,0,96.40844779930906
2024-11-24,DMA_053,81.86132429352189,1,0,97.17802864871467
2024-11-24,DMA_054,71.66436988034881,1,0,96.73920901475519
2024-11-24,DMA_055,61.81405567540025,1,0,96.04909585287426
2024-11-24,DMA_056,78.04469490664965,1,0,99.20072742010292
2024-11-24,DMA_057,74.57476682850638,1,0,97.6954100288779
2024-11-24,DMA_058,87.32092083761978,1,1,100.15396232520763
2024-11-24,DMA_059,65.8544746611226,1,0,95.32877536347698
2024-11-24,DMA_060,76.15813003250649,1,0,97.54119252949674
2024-11-24,DMA_061,71.68908920935172,1,0,98.77119171319139
2024-11-24,DMA_062,77.02627789587174,1,0,95.20713134378754
2024-11-24,DMA_063,73.4903048983103,1,0,98.046552551961
2024-11-24,DMA_064,76.68761844897334,1,0,96.48449680715515
2024-11-24,DMA_065,69.38934174738338,1,0,100.45017564202561
2024-11-24,DMA_066,78.34676195354942,1,0,97.61838736924655
2024-11-24,DMA_067,72.30935358437566,1,0,98.98893592927222
2024-11-24,DMA_068,73.91572983554124,1,0,96.27449655911252
2024-11-24,DMA_069,71.38827983846542,1,0,98.44251749117078
2024-11-24,DMA_070,77.83951409147639,1,0,94.20427028344157
2024-11-24,DMA_071,66.04786203727488,1,0,98.31459384228691
2024-11-24,DMA_072,65.84097069958776,1,0,96.26811921520215
2024-11-24,DMA_073,78.89515714658145,1,1,96.13954786097581
2024-11-24,DMA_074,77.39356250356792,1,1,98.33271913780672
2024-11-24,DMA_075,76.83471807839418,1,0,95.25773652808022
2024-11-24,DMA_076,83.5775413062459,1,0,97.42180165640382
2024-11-24,DMA_077,68.56372181335584,1,0,98.40133700121369
2024-11-24,DMA_078,71.76978040366143,1,0,96.61080749775174
2024-11-24,DMA_079,76.89243711715926,1,0,98.74923146863769
2024-11-24,DMA_080,72.934750915345,1,0,97.99419539734545
2024-11-24,DMA_081,75.60379231748018,1,0,93.20315075955126
2024-11-24,DMA_082,87.82330755770884,1,0,101.58622062890844
2024-11-24,DMA_083,80.31818884944859,1,1,97.00773069940804
2024-11-24,DMA_084,77.09608520210024,1,0,98.4478388624969
2024-11-24,DMA_085,74.6035793480868,1,1,97.23945958645554
2024-11-24,DMA_086,74.40069804738395,1,0,95.8279281189068
2024-11-24,DMA_087,70.74223457214086,1,1,96.702372894019
2024-11-24,DMA_088,84.17069306815125,1,0,96.44590542523994
2024-11-24,DMA_089,69.74699057680465,1,0,96.95256053170122
2024-11-24,DMA_090,80.38501462350852,1,0,98.65398879295753
2024-11-24,DMA_091,73.99196501277369,1,0,96.22204525538541
2024-11-24,DMA_092,84.32808624348165,1,0,93.81195411040943
2024-11-24,DMA_093,69.71907075509822,1,0,98.40626476073027
2024-11-24,DMA_094,81.7853543884236,1,1,92.56630351479421
2024-11-24,DMA_095,82.81067392354784,1,0,98.64229201626046
2024-11-24,DMA_096,72.33395416904753,1,0,99.58632958136599
2024-11-24,DMA_097,73.57275227105612,1,0,97.03696483705927
2024-11-24,DMA_098,60.27642990874193,1,1,100.42844100223907
2024-11-24,DMA_099,79.2721422822301,1,0,100.81795182816172
2024-11-24,DMA_100,67.9832183250187,1,0,96.61799438372717
2024-11-24,DMA_101,72.73333795528443,1,0,97.53435050534125
2024-11-24,DMA_102,68.7735208517742,1,0,97.97463248098039
2024-11-24,DMA_103,74.16391101905067,1,0,98.69184988126769
2024-11-24,DMA_104,79.54212706230746,1,0,94.37512507082323
2024-11-24,DMA_105,61.71294196752536,1,0,97.76327756580301
2024-11-24,DMA_106,70.42572980580833,1,0,100.46155955635157
2024-11-24,DMA_107,69.66212125152163,1,0,95.14741539760651
2024-11-24,DMA_108,63.21602526085501,1,0,99.13404214731392
2024-11-24,DMA_109,79.99504675161181,1,1,93.29828354609496
2024-11-24,DMA_110,78.06069123814669,1,0,98.70998165260616
2024-11-24,DMA_111,72.19416766117057,1,1,95.80132890879247
2024-11-24,DMA_112,73.16766385655727,1,0,95.86411127098489
2024-11-24,DMA_113,70.1845483716787,1,0,99.51055584207063
2024-11-24,DMA_114,75.66711434914907,1,0,95.28806409199426
2024-11-24,DMA_115,74.90096134938511,1,0,98.04345053935828
2024-11-24,DMA_116,81.10421225700253,1,0,93.45451753394362
2024-11-24,DMA_117,73.07033701057924,1,0,97.6247699384498
2024-11-24,DMA_118,77.65804080452592,1,0,98.43404503076943
2024-11-24,DMA_119,64.31579666278589,1,0,98.46289270906914
2024-11-24,DMA_120,77.67330930756275,1,0,97.67407739656767
2024-11-24,DMA_121,91.35569397147546,1,0,99.0237951204307
2024-11-24,DMA_122,74.79571164500327,1,0,94.5918232839151
2024-11-24,DMA_123,69.470940093,1,0,94.44691711727302
2024-11-24,DMA_124,74.33573067681921,1,0,97.29861966489642
2024-11-24,DMA_125,69.25894439840496,1,0,99.38175664526028
2024-11-24,DMA_126,78.20158765526878,1,0,96.68430800206642
2024-11-24,DMA_127,81.13916069332572,1,0,93.66080628822682
2024-11-24,DMA_128,77.7000285315743,1,0,98.80505235025277
2024-11-24,DMA_129,68.9519864042939,1,0,98.97049111721742
2024-11-24,DMA_130,69.64136700696598,1,0,98.25048613430755
2024-11-24,DMA_131,70.07521747979618,1,0,95.79081834615008
2024-11-24,DMA_132,82.97008844928672,1,0,94.24096036737961
2024-11-24,DMA_133,79.335493748841,1,0,98.590681637029
2024-11-24,DMA_134,65.92102538417492,1,0,103.32548383973308
2024-11-24,DMA_135,67.22275607025769,1,0,93.1572171028944
2024-11-24,DMA_136,83.01009401416393,1,0,98.82086378712664
2024-11-24,DMA_137,74.06502635159032,1,1,95.38985282847852
2024-11-24,DMA_138,73.47856369674959,1,0,97.41933201148565
2024-11-24,DMA_139,73.5793177691351,1,0,99.6588573472206
2024-11-24,DMA_140,67.72028289835447,1,0,99.28774957048903
2024-11-24,DMA_141,69.62039217097063,1,1,98.81798248692274
2024-11-24,DMA_142,74.72712281016169,1,1,100.08256754619318
2024-11-24,DMA_143,64.9727649330854,1,0,95.0026601062131
2024-11-24,DMA_144,74.97234751061492,1,0,96.29588769551064
2024-11-24,DMA_145,80.64206966201021,1,0,101.1005735865568
2024-11-24,DMA_146,65.65335789109568,1,0,97.06700420142532
2024-11-24,DMA_147,66.12352948445672,1,0,96.57817201015229
2024-11-24,DMA_148,80.23366978950253,1,0,95.20585554295953
2024-11-24,DMA_149,77.15700870496516,1,0,92.02290132540901
2024-11-24,DMA_150,71.90817244535681,1,1,97.97619648586206
2024-12-01,DMA_001,65.36184514292972,0,0,101.37059964572248
2024-12-01,DMA_002,77.23848200127745,0,0,96.66247870859829
2024-12-01,DMA_003,74.71989038260382,0,1,98.83879921994188
2024-12-01,DMA_004,74.27155928395337,0,0,97.37142457533929
2024-12-01,DMA_005,73.09111461738374,0,0,99.6803641277388
2024-12-01,DMA_006,78.64245882097445,0,0,97.83035023421299
2024-12-01,DMA_007,72.12478323967481,0,0,100.47817310333488
2024-12-01,DMA_008,63.369535499343044,0,0,97.71389792722951
2024-12-01,DMA_009,66.33334491280993,0,1,96.3131418125162
2024-12-01,DMA_010,62.94328788894853,0,1,95.69412744128238
2024-12-01,DMA_011,75.1435996194636,0,1,94.17781724473325
2024-12-01,DMA_012,88.61476689288956,0,0,95.5870437265685
2024-12-01,DMA_013,80.5411009465428,0,0,95.6202173100784
2024-12-01,DMA_014,83.72377069435525,0,0,99.1270610039701
2024-12-01,DMA_015,70.30161992079691,0,0,95.93775973574043
2024-12-01,DMA_016,78.84797458685898,0,0,96.31896350732494
2024-12-01,DMA_017,74.60760403681095,0,0,95.40181146699696
2024-12-01,DMA_018,72.1093741328159,0,0,100.28831714876858
2024-12-01,DMA_019,74.76516758445615,0,0,95.72577277990489
2024-12-01,DMA_020,73.43477933233521,0,0,96.74662728340147
2024-12-01,DMA_021,74.37708293578619,0,0,93.42360065272085
2024-12-01,DMA_022,75.0218730092818,0,0,97.90958320839525
2024-12-01,DMA_023,81.5137952148772,0,1,99.54790629774716
2024-12-01,DMA_024,77.9878291112225,0,1,99.98821868206124
2024-12-01,DMA_025,82.73448882269079,0,0,97.56374654302589
2024-12-01,DMA_026,82.39248057109283,0,1,99.10616973846976
2024-12-01,DMA_027,68.95508260987488,0,0,98.98161056022677
2024-12-01,DMA_028,74.60199799594932,0,0,99.40168904478
2024-12-01,DMA_029,68.9804014892232,0,0,95.25481080693747
2024-12-01,DMA_030,76.06166568448504,0,1,99.19653424914596
2024-12-01,DMA_031,69.23406245602189,0,0,98.2518181810186
2024-12-01,DMA_032,77.41314322546195,0,0,100.13097367637569
2024-12-01,DMA_033,75.31902227817265,0,0,96.25070060094028
2024-12-01,DMA_034,85.69797789158949,0,0,97.89932074892066
2024-12-01,DMA_035,67.91648211526724,0,0,92.61037112995713
2024-12-01,DMA_036,75.05835993413052,0,0,97.35028400033717
2024-12-01,DMA_037,76.4031893385119,0,0,98.04856758018035
2024-12-01,DMA_038,78.68509458366061,0,1,98.17097443297993
2024-12-01,DMA_039,75.74269635068966,0,0,98.20317708368336
2024-12-01,DMA_040,67.14447765888322,0,0,99.81855667980577
2024-12-01,DMA_041,72.31702749903896,0,0,96.70149001381147
2024-12-01,DMA_042,84.3060767464282,0,0,97.41266475248872
2024-12-01,DMA_043,69.10976314350715,0,0,100.23042307979156
2024-12-01,DMA_044,72.33394412387939,0,0,98.57282702939509
2024-12-01,DMA_045,81.10330995148152,0,0,99.04473344211206
2024-12-01,DMA_046,67.24505523954932,0,0,97.70728955368723
2024-12-01,DMA_047,74.23036065772419,0,0,94.94955788941984
2024-12-01,DMA_048,74.23164058007137,0,0,93.16659305194358
2024-12-01,DMA_049,82.83863817095623,0,0,94.70060675601185
2024-12-01,DMA_050,77.19019153090943,0,1,96.81608454143
2024-12-01,DMA_051,74.25629857512686,0,0,100.57362004615717
2024-12-01,DMA_052,77.69836241647235,0,1,98.80279262391363
2024-12-01,DMA_053,78.71408015319416,0,0,100.22273371245211
2024-12-01,DMA_054,60.75319239680749,0,0,93.64357114748357
2024-12-01,DMA_055,73.46754320608024,0,0,96.88359529120447
2024-12-01,DMA_056,75.80005685228099,0,0,99.71769547710123
2024-12-01,DMA_057,86.19043421208332,0,0,97.2398321976749
2024-12-01,DMA_058,86.64778986034239,0,0,93.20452761020827
2024-12-01,DMA_059,72.58208581942873,0,1,98.08570669110603
2024-12-01,DMA_060,74.19527397774998,0,0,97.7096943054388
2024-12-01,DMA_061,77.4455820722656,0,0,96.04573463669783
2024-12-01,DMA_062,78.7134012126586,0,0,97.41103661107458
2024-12-01,DMA_063,69.34165821377219,0,0,95.65734458362435
2024-12-01,DMA_064,83.33635508418156,0,0,101.50764677628801
2024-12-01,DMA_065,72.84950956967582,0,0,97.58698847720461
2024-12-01,DMA_066,80.14676047454573,0,0,92.04838893781603
2024-12-01,DMA_067,69.61468125765171,0,0,95.53303652499876
2024-12-01,DMA_068,73.80378718904221,0,0,101.41670838401761
2024-12-01,DMA_069,64.63858357996175,0,0,96.21975724834901
2024-12-01,DMA_070,74.43551337004652,0,0,99.96379548102296
2024-12-01,DMA_071,74.7467321557572,0,0,96.7120241089926
2024-12-01,DMA_072,76.17756409480756,0,0,94.62000118487875
2024-12-01,DMA_073,73.54507719176013,0,0,94.58055447343474
2024-12-01,DMA_074,84.16893735191977,0,0,100.25513671553384
2024-12-01,DMA_075,77.44533487646314,0,0,99.97028892990481
2024-12-01,DMA_076,79.6376583372707,0,0,97.74659667206546
2024-12-01,DMA_077,78.06548370997152,0,0,98.60497639577886
2024-12-01,DMA_078,79.23006129349017,0,0,95.33343515418397
2024-12-01,DMA_079,90.33447547536791,0,0,98.46276669788166
2024-12-01,DMA_080,70.88234371040986,0,1,95.19048045622012
2024-12-01,DMA_081,65.49101897662509,0,0,97.95641340945807
2024-12-01,DMA_082,80.01808097438962,0,0,105.43281789541503
2024-12-01,DMA_083,75.32193328903746,0,0,96.44528116291085
2024-12-01,DMA_084,80.76080280238656,0,0,99.89522915541187
2024-12-01,DMA_085,75.15345092015038,0,0,92.73360279761039
2024-12-01,DMA_086,83.18335578970321,0,1,95.21469985902473
2024-12-01,DMA_087,67.19185181828277,0,0,97.995660157352
2024-12-01,DMA_088,72.80639350721985,0,0,96.35376490823971
2024-12-01,DMA_089,81.46303651533746,0,0,95.33751859133886
2024-12-01,DMA_090,75.19377075506337,0,1,98.7640873426419
2024-12-01,DMA_091,70.6674652221754,0,0,97.33445127045513
2024-12-01,DMA_092,73.91899010692613,0,0,94.10787090228092
2024-12-01,DMA_093,65.75542889368337,0,0,96.79896506520207
2024-12-01,DMA_094,78.55654533582096,0,0,96.72018135249138
2024-12-01,DMA_095,66.7976437886808,0,0,98.07101273003721
2024-12-01,DMA_096,72.56709445538192,0,0,98.35421899472762
2024-12-01,DMA_097,73.65368022060949,0,1,98.75380030817313
2024-12-01,DMA_098,87.13148225631387,0,0,96.14750039475574
2024-12-01,DMA_099,83.85698604461984,0,1,96.62332441409099
2024-12-01,DMA_100,90.05571044709558,0,0,97.36247737488533
2024-12-01,DMA_101,75.90370444597332,0,0,93.10772623383927
2024-12-01,DMA_102,78.44481790795662,0,1,97.85540107559423
2024-12-01,DMA_103,71.6181345813964,0,0,100.30572383883545
2024-12-01,DMA_104,69.99601128468542,0,0,95.94812955685538
2024-12-01,DMA_105,76.88398978886615,0,0,95.42970343032245
2024-12-01,DMA_106,74.90391133496816,0,0,95.56234153947673
2024-12-01,DMA_107,70.98758279795585,0,0,100.6251750955781
2024-12-01,DMA_108,71.91554662256823,0,0,96.7135392036344
2024-12-01,DMA_109,76.25424299535456,0,0,97.21548287871876
2024-12-01,DMA_110,62.39847014846214,0,0,94.10841096829982
2024-12-01,DMA_111,70.70365478120935,0,0,97.54251488605468
2024-12-01,DMA_112,75.3899505491001,0,0,98.4716888806836
2024-12-01,DMA_113,69.34594792808474,0,0,99.3285922190072
2024-12-01,DMA_114,72.15961108520912,0,0,98.49337906135325
2024-12-01,DMA_115,67.0572543405771,0,0,97.46863590872599
2024-12-01,DMA_116,66.05038099672973,0,0,96.23226509847089
2024-12-01,DMA_117,72.04986020578892,0,0,99.10041584634915
2024-12-01,DMA_118,79.77112262626594,0,0,95.54896946533862
2024-12-01,DMA_119,84.39671586458743,0,1,99.52732024050462
2024-12-01,DMA_120,74.60665917069775,0,0,98.83874981524096
2024-12-01,DMA_121,94.00493509863121,0,0,97.96601674167161
2024-12-01,DMA_122,86.48636248884563,0,0,99.20304503971917
2024-12-01,DMA_123,73.15155668689177,0,1,94.7587523989038
2024-12-01,DMA_124,67.55162279334424,0,0,98.24606708708156
2024-12-01,DMA_125,76.85811132848688,0,0,100.50090159998705
2024-12-01,DMA_126,77.01704150353883,0,0,101.54983052831437
2024-12-01,DMA_127,82.16503021424155,0,0,98.04635581262613
2024-12-01,DMA_128,81.6051013092932,0,0,93.28408686261234
2024-12-01,DMA_129,73.97316755340161,0,0,95.8178776795052
2024-12-01,DMA_130,72.30687934022168,0,0,97.76293980109317
2024-12-01,DMA_131,78.36161044552982,0,0,102.23530703019334
2024-12-01,DMA_132,78.38182155944133,0,0,99.74657036758943
2024-12-01,DMA_133,76.27576264752314,0,0,98.52770380823539
2024-12-01,DMA_134,79.97475358236782,0,0,99.45053832931055
2024-12-01,DMA_135,75.42168215983455,0,0,101.96052308392267
2024-12-01,DMA_136,89.64585898924169,0,0,97.53014959437161
2024-12-01,DMA_137,72.81587913163335,0,0,95.36903578775761
2024-12-01,DMA_138,78.9768899851936,0,0,98.69547449420469
2024-12-01,DMA_139,68.73224535839977,0,0,98.71506772696907
2024-12-01,DMA_140,81.25037573074586,0,0,96.27824769652747
2024-12-01,DMA_141,73.27748885037037,0,0,96.38340851720783
2024-12-01,DMA_142,79.24567129293834,0,1,96.38639443568779
2024-12-01,DMA_143,67.47374612757747,0,0,102.37009711671631
2024-12-01,DMA_144,78.2436177933008,0,0,100.11159592388557
2024-12-01,DMA_145,80.63459584219565,0,0,92.94728707581092
2024-12-01,DMA_146,75.96291877181397,0,0,96.0946805665548
2024-12-01,DMA_147,79.10570871197531,0,0,98.61008007759278
2024-12-01,DMA_148,75.06874530922522,0,0,99.15333604568522
2024-12-01,DMA_149,75.23515471030538,0,0,93.95976821121099
2024-12-01,DMA_150,74.80289653724596,0,1,97.45427546195317
2024-12-08,DMA_001,81.66086739948717,0,1,99.34772645147127
2024-12-08,DMA_002,78.86488750412711,0,0,97.66618708561339
2024-12-08,DMA_003,71.85192470855137,0,0,97.65283102336862
2024-12-08,DMA_004,74.71796282487695,0,0,98.01110965135447
2024-12-08,DMA_005,91.195849708782,0,0,98.25828895042744
2024-12-08,DMA_006,70.68388454805618,0,0,99.38077828332567
2024-12-08,DMA_007,78.34025090119475,0,0,93.34585343578327
2024-12-08,DMA_008,76.4387769158391,0,0,101.88956007439806
2024-12-08,DMA_009,74.15489995314483,0,0,99.84245361510116
2024-12-08,DMA_010,74.0166871310554,0,0,95.69025596919185
2024-12-08,DMA_011,78.6898990675669,0,0,99.10039264233886
2024-12-08,DMA_012,69.97320695279554,0,0,99.27412806665782
2024-12-08,DMA_013,81.99656085940428,0,0,96.99250615554584
2024-12-08,DMA_014,68.83515485595974,0,0,98.21636503930993
2024-12-08,DMA_015,80.24610041008037,0,0,98.87630574277594
2024-12-08,DMA_016,80.72903539875635,0,0,98.02058490003674
2024-12-08,DMA_017,70.86345353270949,0,0,98.4267751096862
2024-12-08,DMA_018,72.652879693096,0,0,98.81097850445452
2024-12-08,DMA_019,84.81341316417071,0,0,95.82085643251976
2024-12-08,DMA_020,75.07001035033979,0,1,98.92501685340754
2024-12-08,DMA_021,87.28338808896201,0,0,96.64810443676015
2024-12-08,DMA_022,82.49250874648722,0,1,96.51606913588911
2024-12-08,DMA_023,75.71224807459392,0,0,97.22464014456379
2024-12-08,DMA_024,76.53284908637217,0,0,95.4102305082797
2024-12-08,DMA_025,76.533834784764,0,1,99.65382647811577
2024-12-08,DMA_026,74.52112774398229,0,0,95.20889430877139
2024-12-08,DMA_027,82.74425171032489,0,0,100.05550068515147
2024-12-08,DMA_028,78.81696239851989,0,0,100.28107007180559
2024-12-08,DMA_029,85.0726528642553,0,0,96.9074102122694
2024-12-08,DMA_030,77.92490442500225,0,0,98.25538823765501
2024-12-08,DMA_031,85.5136770802068,0,0,100.46642389780084
2024-12-08,DMA_032,92.78272188673611,0,0,98.66136710790767
2024-12-08,DMA_033,70.40497955039817,0,0,95.26911247982984
2024-12-08,DMA_034,75.67503710691862,0,1,97.54235888082218
2024-12-08,DMA_035,79.89910092253871,0,0,98.48329123265817
2024-12-08,DMA_036,67.9593653658754,0,1,98.37715566331684
2024-12-08,DMA_037,74.17862318700679,0,0,97.28214191977726
2024-12-08,DMA_038,79.27303701347891,0,0,94.89944696820785
2024-12-08,DMA_039,72.31309617061302,0,0,97.76278029326306
2024-12-08,DMA_040,77.20655422711015,0,1,99.4977001069492
2024-12-08,DMA_041,80.19138105358459,0,0,100.33536794985031
2024-12-08,DMA_042,75.91828101999317,0,0,97.84109512065048
2024-12-08,DMA_043,78.84632881636824,0,0,96.2175449689772
2024-12-08,DMA_044,76.25508502905195,0,0,96.96673892864843
2024-12-08,DMA_045,83.0379511688052,0,0,97.04936282257374
2024-12-08,DMA_046,79.8117155203412,0,0,100.91193098682743
2024-12-08,DMA_047,79.39973799712268,0,0,93.91855319472526
2024-12-08,DMA_048,82.93106296193976,0,0,99.61554056607756
2024-12-08,DMA_049,63.88403877199516,0,0,100.44619755618871
2024-12-08,DMA_050,79.17184778534862,0,0,99.33035015975243
2024-12-08,DMA_051,76.92002726318164,0,0,98.52630074347942
2024-12-08,DMA_052,82.22985478052968,0,0,97.31423573268479
2024-12-08,DMA_053,86.14187382938626,0,0,97.77692833589799
2024-12-08,DMA_054,83.79322586711302,0,0,96.5597603834081
2024-12-08,DMA_055,67.36924256358509,0,0,96.3976444610871
2024-12-08,DMA_056,75.1021304875884,0,0,98.39963356541193
2024-12-08,DMA_057,80.25297193733908,0,0,95.81405777991773
2024-12-08,DMA_058,66.66507114597836,0,0,98.36854179926392
2024-12-08,DMA_059,78.18308143591611,0,0,97.90099990384184
2024-12-08,DMA_060,73.13824155869223,0,0,98.08539441620141
2024-12-08,DMA_061,81.99972573628534,0,0,97.45677266723138
2024-12-08,DMA_062,75.22143393076378,0,0,96.08539091295388
2024-12-08,DMA_063,68.33776707053597,0,0,102.08887595422057
2024-12-08,DMA_064,80.2788399125399,0,1,98.21588070590158
2024-12-08,DMA_065,73.56575527646619,0,0,99.00326205643618
2024-12-08,DMA_066,73.04964187131652,0,0,98.84491287758283
2024-12-08,DMA_067,74.71561374466103,0,0,97.26933611732707
2024-12-08,DMA_068,84.183799142632,0,0,96.45244432855797
2024-12-08,DMA_069,82.53790765766689,0,0,94.79175817396559
2024-12-08,DMA_070,78.04714540885438,0,0,99.05299360759041
2024-12-08,DMA_071,76.34359987485416,0,0,98.70248657529343
2024-12-08,DMA_072,76.16020741531548,0,0,99.30744813346642
2024-12-08,DMA_073,60.25360404268355,0,0,98.52423301063888
2024-12-08,DMA_074,78.3837647380609,0,0,98.82723373908951
2024-12-08,DMA_075,77.40603919340005,0,0,101.86817630214026
2024-12-08,DMA_076,82.72390099586225,0,0,97.71760671151887
2024-12-08,DMA_077,74.21613075588134,0,0,97.13190459404055
2024-12-08,DMA_078,80.55962678344623,0,0,99.08037495910636
2024-12-08,DMA_079,82.71974531039135,0,0,95.18379635402121
2024-12-08,DMA_080,71.45369573644571,0,0,100.45594953593731
2024-12-08,DMA_081,77.88640799564946,0,0,99.48150213944574
2024-12-08,DMA_082,79.49770687935748,0,0,99.54992171048362
2024-12-08,DMA_083,82.3694408301047,0,0,97.07667746831068
2024-12-08,DMA_084,68.13765089517767,0,0,95.8575822670193
2024-12-08,DMA_085,92.40393896058661,0,1,97.0265908903014
2024-12-08,DMA_086,86.36888735603638,0,0,94.5610866008548
2024-12-08,DMA_087,76.67274341455014,0,0,96.5565923230586
2024-12-08,DMA_088,82.85054638729864,0,0,95.74104840342086
2024-12-08,DMA_089,91.59343837620544,0,0,100.28764788933701
2024-12-08,DMA_090,83.93367431105607,0,0,97.88575051753939
2024-12-08,DMA_091,73.15603018297955,0,0,98.45157703733327
2024-12-08,DMA_092,61.99230309399824,0,0,98.65740411381314
2024-12-08,DMA_093,74.52904225723998,0,0,97.69893475596372
2024-12-08,DMA_094,81.86231959094009,0,0,103.99706151830146
2024-12-08,DMA_095,75.75711502233555,0,1,96.63744690687841
2024-12-08,DMA_096,72.77316860031317,0,0,102.02705019246653
2024-12-08,DMA_097,66.93569884191378,0,0,95.24013917887477
2024-12-08,DMA_098,74.2693895171962,0,0,101.15248973591827
2024-12-08,DMA_099,75.73822906371501,0,0,94.23731243643047
2024-12-08,DMA_100,71.41507726414764,0,0,98.39913798040786
2024-12-08,DMA_101,75.89855112589322,0,0,96.86455072722595
2024-12-08,DMA_102,75.26644474287207,0,0,100.45505089915477
2024-12-08,DMA_103,77.75783790247023,0,0,95.40107293525737
2024-12-08,DMA_104,84.33738253825688,0,1,100.69036061182189
2024-12-08,DMA_105,71.22525420893254,0,0,94.97575936241853
2024-12-08,DMA_106,80.97467129520125,0,0,98.41543461335786
2024-12-08,DMA_107,79.927467738803,0,0,97.0692014873553
2024-12-08,DMA_108,76.16651487576776,0,0,99.34762261669178
2024-12-08,DMA_109,75.49741941747519,0,0,100.06191085290888
2024-12-08,DMA_110,74.61810822268555,0,0,98.37927680009905
2024-12-08,DMA_111,74.39323250139239,0,1,98.2790663207466
2024-12-08,DMA_112,70.92278181774947,0,0,94.5818144145243
2024-12-08,DMA_113,86.57117537605998,0,0,98.31967555401394
2024-12-08,DMA_114,71.16857553778468,0,0,98.55741334042382
2024-12-08,DMA_115,78.34862226444413,0,0,101.86094219447813
2024-12-08,DMA_116,78.2560013607775,0,0,96.98534130823421
2024-12-08,DMA_117,82.82186719794656,0,0,96.46900976669215
2024-12-08,DMA_118,75.13524083641937,0,1,95.52653917396289
2024-12-08,DMA_119,71.85781411702197,0,0,98.13752839255032
2024-12-08,DMA_120,71.95800502541645,0,0,93.32393719708904
2024-12-08,DMA_121,64.37057835775282,0,0,97.95928558203262
2024-12-08,DMA_122,72.63317999247293,0,0,99.68969989756954
2024-12-08,DMA_123,79.09439968978919,0,0,97.10425237228046
2024-12-08,DMA_124,74.29063034915868,0,0,97.49857962201503
2024-12-08,DMA_125,80.06653316164049,0,0,99.68274647418176
2024-12-08,DMA_126,73.35679593412786,0,0,96.81501380154036
2024-12-08,DMA_127,71.06258312106864,0,0,95.81216940640837
2024-12-08,DMA_128,81.37367725674366,0,0,96.45788604166793
2024-12-08,DMA_129,86.02338407275626,0,0,99.42028665567933
2024-12-08,DMA_130,71.66421112586427,0,0,100.30601642901576
2024-12-08,DMA_131,74.78571103358315,0,1,95.05931896825848
2024-12-08,DMA_132,68.9192777401514,0,0,96.49878669117086
2024-12-08,DMA_133,84.4875057771831,0,0,96.73839954453794
2024-12-08,DMA_134,81.0514120614494,0,0,101.30042602849124
2024-12-08,DMA_135,88.34766736281954,0,1,94.35886956459743
2024-12-08,DMA_136,79.13673828416957,0,1,99.88392468882942
2024-12-08,DMA_137,73.46007210396277,0,0,98.22968578027364
2024-12-08,DMA_138,78.62396780430896,0,0,97.08980463483161
2024-12-08,DMA_139,69.68755308006897,0,0,100.76360984245508
2024-12-08,DMA_140,82.6172900951063,0,0,99.06113574897195
2024-12-08,DMA_141,82.64024702502961,0,0,96.54111092178329
2024-12-08,DMA_142,86.93346499162446,0,0,101.08934309061759
2024-12-08,DMA_143,82.84896149820888,0,1,99.01739161730026
2024-12-08,DMA_144,83.92833184947585,0,1,94.69300403361638
2024-12-08,DMA_145,71.85436148236948,0,0,100.11069913466703
2024-12-08,DMA_146,78.92654993372477,0,0,98.15652242862346
2024-12-08,DMA_147,68.87335157882698,0,1,95.19756856536652
2024-12-08,DMA_148,70.23718994531193,0,0,97.52532927941041
2024-12-08,DMA_149,81.13755852434717,0,0,98.72752799861766
2024-12-08,DMA_150,66.98360871376495,0,0,94.08968737750277
2024-12-15,DMA_001,84.28457537651943,0,1,98.33004432241425
2024-12-15,DMA_002,71.18112505420949,0,0,100.75407292838698
2024-12-15,DMA_003,78.90553278747824,0,1,97.02386144810963
2024-12-15,DMA_004,78.03268751843721,0,0,97.48267383987461
2024-12-15,DMA_005,80.98675715315854,0,0,98.92549909129026
2024-12-15,DMA_006,78.03922523168617,0,0,98.49594260806438
2024-12-15,DMA_007,79.58701559763877,0,0,101.60279468526066
2024-12-15,DMA_008,69.62040189236359,0,0,100.09004308321379
2024-12-15,DMA_009,80.22468029211873,0,0,96.16513954042193
2024-12-15,DMA_010,80.01651863071223,0,0,97.63352409235394
2024-12-15,DMA_011,79.77170581104566,0,1,99.85886322923676
2024-12-15,DMA_012,82.18028185823768,0,0,100.7841526011953
2024-12-15,DMA_013,78.39034199725691,0,0,98.32966692361218
2024-12-15,DMA_014,76.61151899072897,0,0,99.0327540372844
2024-12-15,DMA_015,82.70215618648173,0,0,104.39488543474747
2024-12-15,DMA_016,77.85496742392067,0,0,98.93198621264607
2024-12-15,DMA_017,79.41128603155273,0,0,100.91810340282225
2024-12-15,DMA_018,84.26509281831375,0,0,97.11807068837274
2024-12-15,DMA_019,85.68377576988124,0,0,98.4446761482298
2024-12-15,DMA_020,78.95881711843519,0,0,98.51156483073821
2024-12-15,DMA_021,74.72381600006352,0,0,98.03827249530083
2024-12-15,DMA_022,90.87191559015653,0,0,100.93781231595243
2024-12-15,DMA_023,76.0901925789543,0,0,98.7996852825703
2024-12-15,DMA_024,73.3590826695675,0,0,98.98638085086415
2024-12-15,DMA_025,75.62318206132127,0,0,96.85500012111113
2024-12-15,DMA_026,82.00751305652372,0,0,98.5236002821665
2024-12-15,DMA_027,85.10222467244006,0,1,99.65240443534584
2024-12-15,DMA_028,70.90512297581093,0,1,98.28504775470284
2024-12-15,DMA_029,77.84600326656543,0,0,101.15344591091831
2024-12-15,DMA_030,81.16523837559713,0,1,95.69531307707993
2024-12-15,DMA_031,71.72582133554582,0,0,101.30177449685596
2024-12-15,DMA_032,82.09487614914383,0,0,99.78381327551854
2024-12-15,DMA_033,83.31707499509626,0,0,99.16443605438542
2024-12-15,DMA_034,86.14329905187579,0,0,98.61814182174797
2024-12-15,DMA_035,78.75244746497428,0,0,100.95102862264311
2024-12-15,DMA_036,83.00206869229292,0,0,101.38351347725362
2024-12-15,DMA_037,83.1235492488425,0,1,97.85937141460974
2024-12-15,DMA_038,87.7132756688538,0,0,97.01302883140814
2024-12-15,DMA_039,82.7624527231294,0,0,99.86154757128615
2024-12-15,DMA_040,72.85373363012198,0,0,98.96495454126058
2024-12-15,DMA_041,73.20228955891929,0,0,98.40323731190962
2024-12-15,DMA_042,75.18390314543869,0,0,98.01419623586757
2024-12-15,DMA_043,69.15040182382921,0,1,97.43559433455093
2024-12-15,DMA_044,72.40360392498832,0,0,102.2285160114037
2024-12-15,DMA_045,94.9732246550825,0,0,97.98802874879125
2024-12-15,DMA_046,76.89800417391595,0,0,98.15479490177295
2024-12-15,DMA_047,63.365857156556395,0,0,98.63167000614428
2024-12-15,DMA_048,78.47823929105,0,0,94.98546325915095
2024-12-15,DMA_049,77.91429384665328,0,0,100.36745063730442
2024-12-15,DMA_050,82.46764979129107,0,0,98.09273423055532
2024-12-15,DMA_051,83.1544612774386,0,0,99.6759338575529
2024-12-15,DMA_052,85.30765708413918,0,0,102.16395242576516
2024-12-15,DMA_053,67.12916221773001,0,0,96.98555587293637
2024-12-15,DMA_054,81.33055885137699,0,0,102.64938173101385
2024-12-15,DMA_055,77.0529849156116,0,0,98.83222578936201
2024-12-15,DMA_056,72.21359870099323,0,0,97.36502946218204
2024-12-15,DMA_057,73.28412933077036,0,0,100.33156073602481
2024-12-15,DMA_058,78.82374199072694,0,0,100.27754370021924
2024-12-15,DMA_059,85.5234129856964,0,0,98.47911198038288
2024-12-15,DMA_060,84.5185898961336,0,1,96.74085394415062
2024-12-15,DMA_061,83.30412318718841,0,0,103.51514690034435
2024-12-15,DMA_062,80.44998576244197,0,1,99.07909847499995
2024-12-15,DMA_063,82.65511376138943,0,0,100.54292585037952
2024-12-15,DMA_064,77.94540907502855,0,0,104.41839064147283
2024-12-15,DMA_065,88.77518143078517,0,0,97.89103590616075
2024-12-15,DMA_066,88.80854867037768,0,0,94.4776417179111
2024-12-15,DMA_067,84.42499988412781,0,0,98.95150565229261
2024-12-15,DMA_068,70.39040650334056,0,0,101.4007034942207
2024-12-15,DMA_069,71.72704321708208,0,0,99.14880542388882
2024-12-15,DMA_070,82.9913982320615,0,0,98.52544830851238
2024-12-15,DMA_071,74.31953285600423,0,0,98.01756715848819
2024-12-15,DMA_072,79.98782626278377,0,0,93.73444156816184
2024-12-15,DMA_073,73.84614185102085,0,0,99.59013925748391
2024-12-15,DMA_074,79.43229050880988,0,0,100.2341767592746
2024-12-15,DMA_075,73.24107409732324,0,0,93.5842322756269
2024-12-15,DMA_076,77.69439828773223,0,0,105.43569588687025
2024-12-15,DMA_077,79.2238063696877,0,0,99.47986801295461
2024-12-15,DMA_078,77.571973518394,0,0,99.95114492754279
2024-12-15,DMA_079,72.01047332751526,0,0,97.76657883182754
2024-12-15,DMA_080,80.4514533018924,0,0,100.36855296144341
2024-12-15,DMA_081,75.10137040005391,0,0,98.81740745990045
2024-12-15,DMA_082,80.57950592839582,0,0,102.10188767800149
2024-12-15,DMA_083,73.9149142837196,0,0,99.04420641010928
2024-12-15,DMA_084,82.47658666801934,0,0,97.64995236268109
2024-12-15,DMA_085,79.33091629475905,0,0,98.47018551877511
2024-12-15,DMA_086,81.24583456524742,0,0,99.92138973074393
2024-12-15,DMA_087,78.77926165010925,0,1,95.81504665668056
2024-12-15,DMA_088,79.09749233547875,0,0,94.73004500531081
2024-12-15,DMA_089,79.76360508353501,0,0,96.14985116255775
2024-12-15,DMA_090,80.78226119933359,0,0,98.09041884838348
2024-12-15,DMA_091,83.65661922751866,0,0,95.904142133237
2024-12-15,DMA_092,79.90158279824917,0,0,100.94123079746703
2024-12-15,DMA_093,71.1923039582001,0,0,97.30189287291206
2024-12-15,DMA_094,79.29158773262972,0,0,98.64532219365894
2024-12-15,DMA_095,83.79057373027175,0,0,95.45370935712766
2024-12-15,DMA_096,66.93572642740041,0,1,99.02878075920103
2024-12-15,DMA_097,62.526259643213386,0,0,97.91524136641884
2024-12-15,DMA_098,67.42581674556243,0,0,101.65676153075445
2024-12-15,DMA_099,79.77412196954535,0,0,96.74397769839567
2024-12-15,DMA_100,82.29191679872142,0,0,97.59717194320672
2024-12-15,DMA_101,80.6404494586333,0,0,98.66683346346592
2024-12-15,DMA_102,74.85192953676349,0,0,99.15395491400413
2024-12-15,DMA_103,89.16451099785493,0,0,97.29964969416423
2024-12-15,DMA_104,75.58686798758143,0,0,98.77449220319933
2024-12-15,DMA_105,71.11377656083957,0,0,102.82848158570229
2024-12-15,DMA_106,76.56155947021489,0,1,101.38805102716694
2024-12-15,DMA_107,80.29916618131367,0,0,100.32896857324953
2024-12-15,DMA_108,83.80501023860887,0,0,95.31551719733822
2024-12-15,DMA_109,74.9685162820004,0,0,101.04956038219824
2024-12-15,DMA_110,72.60346226924555,0,0,97.99881995011869
2024-12-15,DMA_111,79.29786941683692,0,0,98.54407495131788
2024-12-15,DMA_112,84.93077646202073,0,0,98.48504443271985
2024-12-15,DMA_113,80.10145868342919,0,0,99.94529765407925
2024-12-15,DMA_114,84.92963888040869,0,0,100.22954015312196
2024-12-15,DMA_115,80.13711692598692,0,0,100.80071862044267
2024-12-15,DMA_116,68.46287088454518,0,0,98.18608018792276
2024-12-15,DMA_117,81.12521434119024,0,0,99.4838787025937
2024-12-15,DMA_118,81.42931547267135,0,0,96.18523668750395
2024-12-15,DMA_119,82.517299582535,0,0,103.0302951269457
2024-12-15,DMA_120,79.01897907467453,0,0,100.53039752829478
2024-12-15,DMA_121,73.6631184631361,0,0,95.14401722992488
2024-12-15,DMA_122,68.7183108876589,0,0,99.5385163601376
2024-12-15,DMA_123,76.7234903295503,0,0,98.23611087791937
2024-12-15,DMA_124,88.14875176326325,0,0,97.99735355261677
2024-12-15,DMA_125,78.4036552499372,0,0,98.88320604115809
2024-12-15,DMA_126,77.83136613613354,0,0,99.4170193248246
2024-12-15,DMA_127,75.06210073917194,0,0,98.2648343708827
2024-12-15,DMA_128,81.88040365464602,0,0,102.37437272387129
2024-12-15,DMA_129,82.37283854111274,0,0,97.12935629468616
2024-12-15,DMA_130,80.99135654150946,0,0,97.66717019405985
2024-12-15,DMA_131,80.41185229260222,0,0,96.38687129892175
2024-12-15,DMA_132,80.66039063055509,0,0,97.55269148251028
2024-12-15,DMA_133,84.15842814475361,0,1,99.56415715806368
2024-12-15,DMA_134,86.9071732908771,0,1,98.08122958142019
2024-12-15,DMA_135,82.09410553464015,0,0,101.08931316604902
2024-12-15,DMA_136,66.92668010443032,0,0,102.46647924063008
2024-12-15,DMA_137,80.8665377972159,0,0,101.0092858825243
2024-12-15,DMA_138,94.52440653773485,0,0,98.38434190171549
2024-12-15,DMA_139,84.91859023220438,0,0,101.38090148870275
2024-12-15,DMA_140,76.52300458202868,0,0,99.50142911312585
2024-12-15,DMA_141,85.41936183052577,0,0,99.98993836353216
2024-12-15,DMA_142,80.5346038648592,0,0,100.91200941545108
2024-12-15,DMA_143,79.2638177396737,0,1,96.45948904420126
2024-12-15,DMA_144,87.64005988825869,0,0,100.06315594901027
2024-12-15,DMA_145,81.88848611059022,0,0,98.03394282870353
2024-12-15,DMA_146,81.2954153777033,0,0,96.89566644437781
2024-12-15,DMA_147,82.44403518371067,0,0,98.29094352018437
2024-12-15,DMA_148,69.52019350316621,0,0,98.71975759146873
2024-12-15,DMA_149,64.70884969411844,0,0,98.88593248128592
2024-12-15,DMA_150,87.4766586919185,0,0,96.85949045709863
2024-12-22,DMA_001,88.79816453242455,0,0,97.33070627823246
2024-12-22,DMA_002,86.13601353221819,0,0,97.18513450231997
2024-12-22,DMA_003,68.69626796531153,0,0,98.43057969444789
2024-12-22,DMA_004,86.25852413306646,0,0,96.9295753833401
2024-12-22,DMA_005,81.69011959533243,0,0,100.85633710388375
2024-12-22,DMA_006,75.43583753299015,0,0,100.78529877720617
2024-12-22,DMA_007,85.34384654068302,0,0,98.46412927651781
2024-12-22,DMA_008,77.3592666069062,0,0,99.28899162228785
2024-12-22,DMA_009,93.18388112145358,0,0,97.97056294593469
2024-12-22,DMA_010,84.39831489172124,0,0,98.48870092707575
2024-12-22,DMA_011,76.80667032378521,0,0,104.46340945935808
2024-12-22,DMA_012,72.34887587325865,0,0,97.70093177477267
2024-12-22,DMA_013,72.75795737256041,0,0,97.25043886130004
2024-12-22,DMA_014,79.22260490564126,0,1,101.95624081431032
2024-12-22,DMA_015,83.99445465440655,0,0,100.9628202425069
2024-12-22,DMA_016,73.76476472270517,0,0,100.81295753249725
2024-12-22,DMA_017,70.5233851086054,0,0,96.64182718855152
2024-12-22,DMA_018,77.77948860698004,0,0,98.7113481757571
2024-12-22,DMA_019,79.0784819106798,0,0,100.65663498375052
2024-12-22,DMA_020,86.22451788452247,0,1,98.34621447512102
2024-12-22,DMA_021,73.33478024263249,0,0,95.09713386954103
2024-12-22,DMA_022,89.88576958065586,0,0,96.94421692113858
2024-12-22,DMA_023,76.87972025071525,0,0,97.07415203308413
2024-12-22,DMA_024,80.25932853924763,0,0,102.8889161857163
2024-12-22,DMA_025,77.1401380995097,0,0,96.54666429911519
2024-12-22,DMA_026,76.38459293414817,0,0,101.25103343205585
2024-12-22,DMA_027,78.87178162430148,0,0,97.55420565631032
2024-12-22,DMA_028,84.28340936568834,0,0,98.44021098750561
2024-12-22,DMA_029,79.90970059383416,0,0,100.24928326341694
2024-12-22,DMA_030,79.5862725843001,0,0,98.86255996085289
2024-12-22,DMA_031,90.70155216721915,0,0,101.88154266668701
2024-12-22,DMA_032,69.9021116634662,0,1,103.38446457120277
2024-12-22,DMA_033,76.25343180422479,0,0,98.20469228804807
2024-12-22,DMA_034,81.08479845524191,0,0,102.29420506346256
2024-12-22,DMA_035,74.00738997107581,0,0,99.26493037709194
2024-12-22,DMA_036,74.50493500292569,0,1,99.04300129398027
2024-12-22,DMA_037,81.96099758202793,0,0,93.5132897068969
2024-12-22,DMA_038,83.05458509935896,0,0,102.9168790789678
2024-12-22,DMA_039,78.99628400968304,0,0,99.49817664873892
2024-12-22,DMA_040,71.84556863677844,0,0,98.96996662960704
2024-12-22,DMA_041,86.0045381563999,0,0,96.87497355083885
2024-12-22,DMA_042,66.25606426207224,0,1,97.61082841470373
2024-12-22,DMA_043,86.42422863967636,0,0,102.02348423578644
2024-12-22,DMA_044,76.54545370906831,0,0,98.09807533922175
2024-12-22,DMA_045,90.79859364257872,0,0,96.78788597032157
2024-12-22,DMA_046,82.4212249933056,0,0,98.15183450137148
2024-12-22,DMA_047,84.21590808319834,0,0,97.63651564393399
2024-12-22,DMA_048,80.21568669557766,0,0,94.97294601818773
2024-12-22,DMA_049,76.07197173414396,0,0,96.92435567975676
2024-12-22,DMA_050,92.41569306065728,0,1,101.59443288009534
2024-12-22,DMA_051,82.25246452940536,0,0,98.81648683065094
2024-12-22,DMA_052,79.16153865062167,0,0,102.51128827358721
2024-12-22,DMA_053,75.09726164394397,0,0,97.69390216379517
2024-12-22,DMA_054,84.63798779815349,0,0,100.96769336404171
2024-12-22,DMA_055,77.02433058161706,0,1,98.98968733833364
2024-12-22,DMA_056,81.03044245643662,0,0,99.58103012532231
2024-12-22,DMA_057,79.97917246927899,0,0,100.34446226301121
2024-12-22,DMA_058,77.27650318554069,0,0,99.44647571954242
2024-12-22,DMA_059,69.46347253919447,0,0,100.46629674416187
2024-12-22,DMA_060,71.04210690728135,0,0,95.86656860782229
2024-12-22,DMA_061,82.92090489580784,0,0,97.69444118570576
2024-12-22,DMA_062,79.01330412991196,0,0,100.03045733101153
2024-12-22,DMA_063,80.74147739407647,0,0,98.20108996113535
2024-12-22,DMA_064,79.41676074721198,0,0,100.01855092838032
2024-12-22,DMA_065,89.9554709567231,0,0,103.1029045338392
2024-12-22,DMA_066,67.34020128177042,0,0,99.85789191242793
2024-12-22,DMA_067,80.17827118792823,0,0,98.3237644728498
2024-12-22,DMA_068,78.50580230514139,0,0,98.72100491326724
2024-12-22,DMA_069,77.95507146034618,0,0,96.51432661620318
2024-12-22,DMA_070,83.94611856938198,0,0,101.10896066590011
2024-12-22,DMA_071,84.10756618922429,0,0,96.92223640199502
2024-12-22,DMA_072,71.50462308110774,0,0,97.17366491046036
2024-12-22,DMA_073,82.12624921023752,0,0,99.31319284406057
2024-12-22,DMA_074,74.80095430625019,0,0,100.98626200972734
2024-12-22,DMA_075,92.41012518629732,0,1,97.73475134785602
2024-12-22,DMA_076,71.20937857045698,0,0,98.78992065964096
2024-12-22,DMA_077,81.39564520175188,0,0,94.52959580946342
2024-12-22,DMA_078,79.97163124725273,0,0,102.38086718891498
2024-12-22,DMA_079,72.03207755524302,0,0,100.58350588498284
2024-12-22,DMA_080,85.992253012595,0,0,99.53040302389276
2024-12-22,DMA_081,68.22297096474111,0,0,99.14712256529756
2024-12-22,DMA_082,76.98284570014556,0,0,95.0177008057987
2024-12-22,DMA_083,91.0047719344139,0,0,98.94832697726703
2024-12-22,DMA_084,79.6918806150841,0,0,97.98291868165461
2024-12-22,DMA_085,85.19325796654647,0,0,98.10346288516159
2024-12-22,DMA_086,81.9743606029785,0,0,98.3405703240633
2024-12-22,DMA_087,88.36007746544784,0,0,101.32832463947523
2024-12-22,DMA_088,69.6267673069303,0,1,95.51434549208791
2024-12-22,DMA_089,86.91238365387274,0,0,95.61933168402544
2024-12-22,DMA_090,82.43879419070502,0,0,99.15472046996949
2024-12-22,DMA_091,76.37518171540975,0,1,101.34277825443961
2024-12-22,DMA_092,70.75620733099548,0,0,100.72160765115699
2024-12-22,DMA_093,64.74414347002745,0,0,100.12746032744536
2024-12-22,DMA_094,86.4244018775249,0,0,99.16591005147235
2024-12-22,DMA_095,78.73795609114121,0,1,99.06253000915873
2024-12-22,DMA_096,72.36933857744762,0,0,98.20388472327517
2024-12-22,DMA_097,78.23744808504723,0,1,97.52777322870224
2024-12-22,DMA_098,73.90308368971613,0,0,95.06620948286063
2024-12-22,DMA_099,88.68977821794742,0,0,100.58530591984069
2024-12-22,DMA_100,79.61648879699094,0,0,98.66333791653497
2024-12-22,DMA_101,72.53298725500457,0,0,99.78001659453382
2024-12-22,DMA_102,72.93246903921407,0,1,98.26671909684342
2024-12-22,DMA_103,70.25384390989272,0,1,96.28792504034544
2024-12-22,DMA_104,79.94070121937929,0,1,99.0198785002803
2024-12-22,DMA_105,87.15660857078558,0,1,98.33751440333938
2024-12-22,DMA_106,80.07331468546302,0,1,98.5400059566436
2024-12-22,DMA_107,70.24632703976667,0,0,96.92218016280772
2024-12-22,DMA_108,86.2321414475134,0,0,100.04480351486889
2024-12-22,DMA_109,83.65441787180978,0,1,99.47975975157453
2024-12-22,DMA_110,84.64018890337435,0,0,100.28503578371716
2024-12-22,DMA_111,85.20708472733304,0,0,97.16050036309616
2024-12-22,DMA_112,85.36286097830879,0,1,100.26948023820485
2024-12-22,DMA_113,63.79597145270509,0,0,96.82243565263809
2024-12-22,DMA_114,74.86293964886376,0,0,99.3262356943112
2024-12-22,DMA_115,83.22952464704626,0,0,100.2546612135207
2024-12-22,DMA_116,82.37768609601908,0,0,99.04878030033909
2024-12-22,DMA_117,81.67694097963587,0,1,101.22992653417779
2024-12-22,DMA_118,79.29119777355295,0,0,98.7961741555586
2024-12-22,DMA_119,81.53450822718125,0,1,99.65470424050574
2024-12-22,DMA_120,80.82291857047393,0,0,100.76883181091209
2024-12-22,DMA_121,80.48942393372101,0,0,99.86514472163476
2024-12-22,DMA_122,82.59185660981743,0,0,101.57298418179548
2024-12-22,DMA_123,66.50777480899066,0,0,99.73339240482537
2024-12-22,DMA_124,78.83970828329912,0,0,100.34940356517612
2024-12-22,DMA_125,77.2521285317969,0,0,101.19609338135791
2024-12-22,DMA_126,76.03437265171382,0,0,100.26511771617963
2024-12-22,DMA_127,81.29825402389145,0,0,98.31516666605691
2024-12-22,DMA_128,74.52227247528018,0,1,100.70465460340881
2024-12-22,DMA_129,85.50191452955293,0,0,99.98817291521804
2024-12-22,DMA_130,78.15347316658746,0,0,99.89756134049668
2024-12-22,DMA_131,75.2337354359615,0,0,96.85064990037017
2024-12-22,DMA_132,81.98586512599441,0,0,98.5109522055601
2024-12-22,DMA_133,81.8468316185813,0,0,103.16309771700631
2024-12-22,DMA_134,81.09965371177957,0,0,99.66400130145333
2024-12-22,DMA_135,73.8720622156118,0,0,103.74888025303454
2024-12-22,DMA_136,81.24216122265678,0,0,103.13173714744266
2024-12-22,DMA_137,83.49793966961613,0,0,98.44805972433014
2024-12-22,DMA_138,79.98581425266332,0,0,103.30592877594297
2024-12-22,DMA_139,76.83925324467869,0,0,100.79299121744418
2024-12-22,DMA_140,66.20183458847993,0,1,99.40180483629015
2024-12-22,DMA_141,79.07390421277951,0,0,96.76234744719564
2024-12-22,DMA_142,80.5124294070873,0,1,101.61127584625739
2024-12-22,DMA_143,74.5811175143429,0,1,99.4973665579252
2024-12-22,DMA_144,74.63343336310592,0,0,97.76933572815787
2024-12-22,DMA_145,80.72973703867746,0,0,98.883074679924
2024-12-22,DMA_146,71.53208719206748,0,0,97.59138188733446
2024-12-22,DMA_147,73.11736559985202,0,0,98.74172712678664
2024-12-22,DMA_148,86.8719174366024,0,0,99.10737782105296
2024-12-22,DMA_149,74.18981144663343,0,1,95.89101745415688
2024-12-22,DMA_150,70.18461609702432,0,1,98.21525770046912
