date,geo_id,temperature,holiday_flag,competitor_promo
2023-01-01,DMA_001,84.93716352922242,1,0
2023-01-01,DMA_002,74.92360499423205,1,0
2023-01-01,DMA_003,83.25694382409011,1,0
2023-01-01,DMA_004,83.89893542063477,1,0
2023-01-01,DMA_005,77.38437858126127,1,0
2023-01-01,DMA_006,75.31900014915698,1,0
2023-01-01,DMA_007,76.21628943875825,1,0
2023-01-01,DMA_008,82.72085785082682,1,0
2023-01-01,DMA_009,69.97947338585944,1,0
2023-01-01,DMA_010,75.64116485346959,1,0
2023-01-01,DMA_011,84.6347015329302,1,0
2023-01-01,DMA_012,80.87371584628227,1,0
2023-01-01,DMA_013,84.7219990091288,1,0
2023-01-01,DMA_014,73.59645856513586,1,1
2023-01-01,DMA_015,78.2735930738313,1,0
2023-01-01,DMA_016,85.47915200825072,1,0
2023-01-01,DMA_017,91.71969291497413,1,0
2023-01-01,DMA_018,76.84752320854315,1,0
2023-01-01,DMA_019,83.60288144104726,1,1
2023-01-01,DMA_020,88.01820668506667,1,0
2023-01-01,DMA_021,77.33264957574261,1,0
2023-01-01,DMA_022,85.79211015092233,1,0
2023-01-01,DMA_023,75.55695814902542,1,0
2023-01-01,DMA_024,72.32467144224496,1,0
2023-01-01,DMA_025,80.77294910098148,1,0
2023-01-01,DMA_026,70.69743206047558,1,0
2023-01-01,DMA_027,85.25143865482526,1,0
2023-01-01,DMA_028,85.94194552209694,1,0
2023-01-01,DMA_029,88.85204370009774,1,0
2023-01-01,DMA_030,84.96897456041887,1,0
2023-01-01,DMA_031,90.03732666685815,1,0
2023-01-01,DMA_032,89.28940054609112,1,0
2023-01-01,DMA_033,90.5069241555908,1,0
2023-01-01,DMA_034,81.8271033130632,1,0
2023-01-01,DMA_035,85.04578167833331,1,0
2023-01-01,DMA_036,86.13885225490955,1,0
2023-01-01,DMA_037,76.96103941058193,1,0
2023-01-01,DMA_038,82.45563443246725,1,0
2023-01-01,DMA_039,80.68582953288592,1,0
2023-01-01,DMA_040,75.10496397256568,1,0
2023-01-01,DMA_041,83.6117610941668,1,0
2023-01-01,DMA_042,82.20626182783508,1,0
2023-01-01,DMA_043,73.54779607956213,1,0
2023-01-01,DMA_044,69.69519117784901,1,0
2023-01-01,DMA_045,87.89820953484956,1,0
2023-01-01,DMA_046,82.81649631583903,1,0
2023-01-01,DMA_047,80.28901527415806,1,0
2023-01-01,DMA_048,74.53662308426927,1,0
2023-01-01,DMA_049,77.72421951460281,1,0
2023-01-01,DMA_050,77.1489983783749,1,0
2023-01-01,DMA_051,76.83231754386999,1,0
2023-01-01,DMA_052,77.52114097806103,1,0
2023-01-01,DMA_053,77.16571905629918,1,0
2023-01-01,DMA_054,79.22628264410811,1,0
2023-01-01,DMA_055,74.62795948043055,1,0
2023-01-01,DMA_056,75.97363804303862,1,1
2023-01-01,DMA_057,71.2316916011288,1,0
2023-01-01,DMA_058,82.2454316179646,1,1
2023-01-01,DMA_059,83.29098094406771,1,0
2023-01-01,DMA_060,80.87628967036895,1,0
2023-01-01,DMA_061,84.89534227573084,1,0
2023-01-01,DMA_062,74.23845317375651,1,1
2023-01-01,DMA_063,87.15897679222402,1,0
2023-01-01,DMA_064,72.32096768256856,1,0
2023-01-01,DMA_065,82.98999647980276,1,0
2023-01-01,DMA_066,81.88119173660982,1,0
2023-01-01,DMA_067,86.69003789958886,1,0
2023-01-01,DMA_068,71.2498796345866,1,0
2023-01-01,DMA_069,75.38156882282742,1,0
2023-01-01,DMA_070,82.82779809588429,1,0
2023-01-01,DMA_071,83.55948610958765,1,0
2023-01-01,DMA_072,69.55573152883395,1,0
2023-01-01,DMA_073,75.24951119059318,1,0
2023-01-01,DMA_074,71.9665829131299,1,1
2023-01-01,DMA_075,76.08085907373653,1,0
2023-01-01,DMA_076,84.46652939039977,1,0
2023-01-01,DMA_077,77.62396423830309,1,0
2023-01-01,DMA_078,90.8663434636828,1,0
2023-01-01,DMA_079,90.16607577341422,1,0
2023-01-01,DMA_080,79.23623006052428,1,0
2023-01-01,DMA_081,82.57190755487612,1,0
2023-01-01,DMA_082,82.6443518708613,1,0
2023-01-01,DMA_083,86.91528393026738,1,0
2023-01-01,DMA_084,82.16421739546028,1,1
2023-01-01,DMA_085,62.40830957005267,1,0
2023-01-01,DMA_086,79.97486611030165,1,0
2023-01-01,DMA_087,88.92127014335908,1,0
2023-01-01,DMA_088,80.74870071712083,1,0
2023-01-01,DMA_089,77.96177178044015,1,0
2023-01-01,DMA_090,85.1998921682553,1,0
2023-01-01,DMA_091,85.29106653926681,1,0
2023-01-01,DMA_092,76.56120562768947,1,1
2023-01-01,DMA_093,83.87925974923652,1,0
2023-01-01,DMA_094,84.23049961476411,1,0
2023-01-01,DMA_095,69.25871099644556,1,1
2023-01-01,DMA_096,87.94233881717494,1,0
2023-01-01,DMA_097,90.30904932255012,1,0
2023-01-01,DMA_098,85.91900562659748,1,0
2023-01-01,DMA_099,86.42198064212141,1,1
2023-01-01,DMA_100,84.39710589650399,1,1
2023-01-01,DMA_101,79.08446741037807,1,1
2023-01-01,DMA_102,78.39596396616341,1,0
2023-01-01,DMA_103,82.02183725480332,1,0
2023-01-01,DMA_104,84.17822950637047,1,1
2023-01-01,DMA_105,76.48194762521959,1,0
2023-01-01,DMA_106,87.44735900751927,1,0
2023-01-01,DMA_107,78.64133141377033,1,0
2023-01-01,DMA_108,77.08502021843437,1,0
2023-01-01,DMA_109,77.33447717088897,1,0
2023-01-01,DMA_110,85.13191922060153,1,0
2023-01-01,DMA_111,77.3720599853278,1,0
2023-01-01,DMA_112,84.89109848621575,1,0
2023-01-01,DMA_113,78.48789939435196,1,1
2023-01-01,DMA_114,87.92090387647652,1,0
2023-01-01,DMA_115,92.8749818887238,1,1
2023-01-01,DMA_116,77.58501468255483,1,0
2023-01-01,DMA_117,74.76986329022795,1,0
2023-01-01,DMA_118,75.54549957428465,1,0
2023-01-01,DMA_119,79.71448440085311,1,0
2023-01-01,DMA_120,80.75801772022419,1,0
2023-01-01,DMA_121,72.40783662078923,1,0
2023-01-01,DMA_122,72.74819431106255,1,0
2023-01-01,DMA_123,77.15100043674893,1,0
2023-01-01,DMA_124,86.86505030719361,1,0
2023-01-01,DMA_125,69.62410097827092,1,0
2023-01-01,DMA_126,79.66105854664174,1,0
2023-01-01,DMA_127,79.44273927937003,1,1
2023-01-01,DMA_128,74.74488501645085,1,0
2023-01-01,DMA_129,74.12764225342102,1,0
2023-01-01,DMA_130,87.51555324406768,1,0
2023-01-01,DMA_131,87.13199001101108,1,0
2023-01-01,DMA_132,82.91104184539059,1,0
2023-01-01,DMA_133,77.73256316659773,1,0
2023-01-01,DMA_134,78.20482850300368,1,0
2023-01-01,DMA_135,73.6049892008859,1,1
2023-01-01,DMA_136,80.21609719219428,1,0
2023-01-01,DMA_137,72.74725361435095,1,1
2023-01-01,DMA_138,86.59834144807063,1,0
2023-01-01,DMA_139,73.63443032810905,1,0
2023-01-01,DMA_140,86.54413602685146,1,0
2023-01-01,DMA_141,83.36559253538674,1,1
2023-01-01,DMA_142,69.74501846141139,1,0
2023-01-01,DMA_143,75.26995150481109,1,1
2023-01-01,DMA_144,77.93719832232657,1,0
2023-01-01,DMA_145,86.673266177227,1,0
2023-01-01,DMA_146,78.8526037854255,1,0
2023-01-01,DMA_147,64.28763860892313,1,0
2023-01-01,DMA_148,83.50301258369217,1,0
2023-01-01,DMA_149,77.1501253387821,1,0
2023-01-01,DMA_150,84.39962544765058,1,0
2023-01-08,DMA_001,71.76965297246892,1,0
2023-01-08,DMA_002,73.34474528920617,1,0
2023-01-08,DMA_003,81.15876505818163,1,1
2023-01-08,DMA_004,79.75819667734308,1,0
2023-01-08,DMA_005,86.61643321672263,1,0
2023-01-08,DMA_006,86.74745874792684,1,0
2023-01-08,DMA_007,86.80437382758073,1,0
2023-01-08,DMA_008,83.274546009354,1,0
2023-01-08,DMA_009,74.40486391733612,1,1
2023-01-08,DMA_010,86.2652547151178,1,0
2023-01-08,DMA_011,85.71193316849808,1,1
2023-01-08,DMA_012,77.47388124637492,1,0
2023-01-08,DMA_013,80.54936687708393,1,0
2023-01-08,DMA_014,82.86995302486109,1,0
2023-01-08,DMA_015,77.66496966751072,1,0
2023-01-08,DMA_016,76.53846778845566,1,1
2023-01-08,DMA_017,79.6877236177194,1,0
2023-01-08,DMA_018,82.15689383439623,1,0
2023-01-08,DMA_019,77.20848944493362,1,0
2023-01-08,DMA_020,79.59281080125234,1,0
2023-01-08,DMA_021,79.9483199242911,1,1
2023-01-08,DMA_022,74.61764938082852,1,0
2023-01-08,DMA_023,73.51740479963537,1,1
2023-01-08,DMA_024,85.6944475076579,1,0
2023-01-08,DMA_025,80.98257522233507,1,0
2023-01-08,DMA_026,78.41290678595944,1,0
2023-01-08,DMA_027,78.92002955177841,1,0
2023-01-08,DMA_028,79.86110401128808,1,0
2023-01-08,DMA_029,59.87573056672872,1,0
2023-01-08,DMA_030,88.91691338827496,1,0
2023-01-08,DMA_031,81.09560401785076,1,0
2023-01-08,DMA_032,68.75381078724499,1,0
2023-01-08,DMA_033,77.83487704657209,1,1
2023-01-08,DMA_034,84.12839602718357,1,0
2023-01-08,DMA_035,71.68008234888748,1,0
2023-01-08,DMA_036,71.71291142036063,1,1
2023-01-08,DMA_037,75.47891332140594,1,0
2023-01-08,DMA_038,80.09357900236283,1,0
2023-01-08,DMA_039,94.71503669158388,1,0
2023-01-08,DMA_040,81.80779315994143,1,0
2023-01-08,DMA_041,86.87543025288659,1,0
2023-01-08,DMA_042,81.77313305589388,1,0
2023-01-08,DMA_043,72.9714280294781,1,0
2023-01-08,DMA_044,73.39781461042728,1,0
2023-01-08,DMA_045,68.29343922370781,1,0
2023-01-08,DMA_046,76.45051658392231,1,0
2023-01-08,DMA_047,78.5695141840389,1,1
2023-01-08,DMA_048,83.33446621687496,1,0
2023-01-08,DMA_049,84.3359923084965,1,0
2023-01-08,DMA_050,74.63842379047964,1,0
2023-01-08,DMA_051,85.25945456461213,1,0
2023-01-08,DMA_052,82.4274582451582,1,0
2023-01-08,DMA_053,73.94574842560802,1,0
2023-01-08,DMA_054,84.07721342859091,1,0
2023-01-08,DMA_055,75.5034958551138,1,0
2023-01-08,DMA_056,74.45722110648853,1,0
2023-01-08,DMA_057,87.31991805954478,1,0
2023-01-08,DMA_058,78.71606097546226,1,0
2023-01-08,DMA_059,82.28957241698377,1,0
2023-01-08,DMA_060,77.01957719465938,1,0
2023-01-08,DMA_061,75.02681104665548,1,0
2023-01-08,DMA_062,77.27102921395152,1,0
2023-01-08,DMA_063,83.97898154761515,1,0
2023-01-08,DMA_064,79.01423755400542,1,0
2023-01-08,DMA_065,79.75592254237839,1,0
2023-01-08,DMA_066,89.06129918339593,1,0
2023-01-08,DMA_067,80.72147050773374,1,0
2023-01-08,DMA_068,84.125623529946,1,0
2023-01-08,DMA_069,84.5657826780896,1,0
2023-01-08,DMA_070,75.86907767685337,1,1
2023-01-08,DMA_071,84.52991619730618,1,0
2023-01-08,DMA_072,74.35586406930334,1,0
2023-01-08,DMA_073,84.7287337310326,1,0
2023-01-08,DMA_074,72.1146514289665,1,0
2023-01-08,DMA_075,73.88013401465953,1,0
2023-01-08,DMA_076,94.64301702107272,1,0
2023-01-08,DMA_077,71.90290782873726,1,0
2023-01-08,DMA_078,76.69448326365757,1,0
2023-01-08,DMA_079,86.32640938839914,1,0
2023-01-08,DMA_080,90.92209701944924,1,1
2023-01-08,DMA_081,69.601861795849,1,0
2023-01-08,DMA_082,86.99756340740488,1,1
2023-01-08,DMA_083,74.21633648725718,1,0
2023-01-08,DMA_084,85.6217327052652,1,0
2023-01-08,DMA_085,80.52194572985148,1,0
2023-01-08,DMA_086,78.36563066790099,1,0
2023-01-08,DMA_087,88.11526316761676,1,0
2023-01-08,DMA_088,75.4301193637265,1,0
2023-01-08,DMA_089,82.09316479062296,1,0
2023-01-08,DMA_090,86.22384961912455,1,1
2023-01-08,DMA_091,75.14973320009457,1,1
2023-01-08,DMA_092,76.58526207527191,1,0
2023-01-08,DMA_093,73.25219150875748,1,0
2023-01-08,DMA_094,73.91796042589364,1,0
2023-01-08,DMA_095,69.22476899172516,1,0
2023-01-08,DMA_096,85.20832307056554,1,0
2023-01-08,DMA_097,87.76215827492894,1,0
2023-01-08,DMA_098,82.3852695439906,1,0
2023-01-08,DMA_099,84.44866471309821,1,0
2023-01-08,DMA_100,82.35495796836963,1,0
2023-01-08,DMA_101,85.73386777437535,1,0
2023-01-08,DMA_102,91.92556514645236,1,0
2023-01-08,DMA_103,74.91975049228553,1,0
2023-01-08,DMA_104,83.90057728854825,1,1
2023-01-08,DMA_105,74.90673133653449,1,0
2023-01-08,DMA_106,81.48503164596814,1,0
2023-01-08,DMA_107,83.2905363694731,1,0
2023-01-08,DMA_108,74.39351291502884,1,1
2023-01-08,DMA_109,76.16472435389277,1,0
2023-01-08,DMA_110,85.97547347232188,1,0
2023-01-08,DMA_111,81.15521851721017,1,0
2023-01-08,DMA_112,72.4174351823822,1,0
2023-01-08,DMA_113,80.27906547649837,1,0
2023-01-08,DMA_114,71.25148228689811,1,0
2023-01-08,DMA_115,75.39542127100782,1,0
2023-01-08,DMA_116,98.87347743498903,1,0
2023-01-08,DMA_117,71.9171513924595,1,0
2023-01-08,DMA_118,73.97612981507214,1,0
2023-01-08,DMA_119,78.00936275266511,1,1
2023-01-08,DMA_120,77.43385504149316,1,0
2023-01-08,DMA_121,76.24721734903497,1,1
2023-01-08,DMA_122,83.80819353122604,1,0
2023-01-08,DMA_123,77.90424413682042,1,0
2023-01-08,DMA_124,81.64580256108218,1,0
2023-01-08,DMA_125,77.2212227118504,1,0
2023-01-08,DMA_126,83.52728344794201,1,0
2023-01-08,DMA_127,75.03871414991934,1,0
2023-01-08,DMA_128,82.63601932400617,1,0
2023-01-08,DMA_129,84.66995743640061,1,0
2023-01-08,DMA_130,86.10357225490901,1,0
2023-01-08,DMA_131,71.46589511343555,1,0
2023-01-08,DMA_132,74.97871246319168,1,0
2023-01-08,DMA_133,82.43955526624787,1,1
2023-01-08,DMA_134,68.304044046792,1,0
2023-01-08,DMA_135,84.69392264783225,1,0
2023-01-08,DMA_136,83.7911141692221,1,0
2023-01-08,DMA_137,69.1599929759024,1,0
2023-01-08,DMA_138,83.2296280512692,1,0
2023-01-08,DMA_139,91.85664096773917,1,0
2023-01-08,DMA_140,69.18760613182631,1,0
2023-01-08,DMA_141,73.33968017922659,1,0
2023-01-08,DMA_142,79.07403283327294,1,0
2023-01-08,DMA_143,82.37600362093282,1,1
2023-01-08,DMA_144,82.03824344457581,1,0
2023-01-08,DMA_145,83.60331423707933,1,0
2023-01-08,DMA_146,83.31343544462906,1,1
2023-01-08,DMA_147,82.4521124524044,1,0
2023-01-08,DMA_148,69.43145987649596,1,0
2023-01-08,DMA_149,82.25919102469909,1,0
2023-01-08,DMA_150,73.13301206187374,1,1
2023-01-15,DMA_001,81.82560400789696,0,0
2023-01-15,DMA_002,90.83719880050458,0,0
2023-01-15,DMA_003,83.75587139806251,0,0
2023-01-15,DMA_004,84.49096525115274,0,0
2023-01-15,DMA_005,76.85135857231792,0,1
2023-01-15,DMA_006,64.49795766565451,0,0
2023-01-15,DMA_007,91.61673665527087,0,0
2023-01-15,DMA_008,86.15769243387186,0,1
2023-01-15,DMA_009,74.6044118945932,0,0
2023-01-15,DMA_010,79.65404895932865,0,0
2023-01-15,DMA_011,87.34975769586164,0,0
2023-01-15,DMA_012,90.20677848191795,0,1
2023-01-15,DMA_013,87.44945598165366,0,0
2023-01-15,DMA_014,84.93148147053698,0,0
2023-01-15,DMA_015,76.96586541487056,0,0
2023-01-15,DMA_016,82.03753280347723,0,0
2023-01-15,DMA_017,84.38732228143535,0,0
2023-01-15,DMA_018,88.2397720142047,0,0
2023-01-15,DMA_019,83.7377781445658,0,0
2023-01-15,DMA_020,88.99886635535887,0,0
2023-01-15,DMA_021,83.25767381669189,0,0
2023-01-15,DMA_022,74.90233566687414,0,0
2023-01-15,DMA_023,79.15012563178834,0,0
2023-01-15,DMA_024,79.52921090397625,0,0
2023-01-15,DMA_025,83.46718718681743,0,1
2023-01-15,DMA_026,69.22416402392841,0,0
2023-01-15,DMA_027,86.65217381379112,0,0
2023-01-15,DMA_028,90.0540788574206,0,1
2023-01-15,DMA_029,70.3686442971356,0,0
2023-01-15,DMA_030,89.6913011736981,0,0
2023-01-15,DMA_031,82.18972876928333,0,0
2023-01-15,DMA_032,88.89508655280346,0,0
2023-01-15,DMA_033,79.77413283068361,0,0
2023-01-15,DMA_034,86.41168890424316,0,1
2023-01-15,DMA_035,76.76518881291919,0,0
2023-01-15,DMA_036,75.91979614655388,0,1
2023-01-15,DMA_037,81.33188559190693,0,0
2023-01-15,DMA_038,67.55142000446155,0,0
2023-01-15,DMA_039,77.8303777360411,0,0
2023-01-15,DMA_040,78.12166757960776,0,0
2023-01-15,DMA_041,77.48297747216071,0,0
2023-01-15,DMA_042,78.84620097621581,0,0
2023-01-15,DMA_043,83.28994948041975,0,0
2023-01-15,DMA_044,97.30087655924177,0,0
2023-01-15,DMA_045,77.53485329304749,0,0
2023-01-15,DMA_046,83.04473922885585,0,0
2023-01-15,DMA_047,90.08406109011584,0,0
2023-01-15,DMA_048,83.91281922713836,0,0
2023-01-15,DMA_049,71.45587501779751,0,0
2023-01-15,DMA_050,83.05396787907762,0,0
2023-01-15,DMA_051,81.66218600737544,0,0
2023-01-15,DMA_052,75.78228926575441,0,0
2023-01-15,DMA_053,73.15881449425868,0,0
2023-01-15,DMA_054,71.24352013350227,0,0
2023-01-15,DMA_055,70.14768562157316,0,0
2023-01-15,DMA_056,79.91014935433458,0,0
2023-01-15,DMA_057,84.15003009356981,0,0
2023-01-15,DMA_058,73.39581295366906,0,0
2023-01-15,DMA_059,87.8505140729325,0,0
2023-01-15,DMA_060,82.24756410545555,0,0
2023-01-15,DMA_061,81.29991959767541,0,0
2023-01-15,DMA_062,87.69309895570625,0,1
2023-01-15,DMA_063,77.89309297070159,0,0
2023-01-15,DMA_064,79.62760523999971,0,0
2023-01-15,DMA_065,88.53687329708794,0,0
2023-01-15,DMA_066,74.82076553142184,0,0
2023-01-15,DMA_067,81.05162877629577,0,0
2023-01-15,DMA_068,76.46444549957101,0,0
2023-01-15,DMA_069,84.74605581895015,0,0
2023-01-15,DMA_070,84.285831208208,0,0
2023-01-15,DMA_071,92.59510998439306,0,1
2023-01-15,DMA_072,81.58304506718069,0,1
2023-01-15,DMA_073,88.9286276428916,0,0
2023-01-15,DMA_074,73.78521356215194,0,0
2023-01-15,DMA_075,91.05786870645433,0,0
2023-01-15,DMA_076,88.17109562856454,0,0
2023-01-15,DMA_077,76.6192670860103,0,0
2023-01-15,DMA_078,79.11067143040952,0,0
2023-01-15,DMA_079,77.44728546871697,0,0
2023-01-15,DMA_080,86.5019726992027,0,1
2023-01-15,DMA_081,67.35294731696298,0,0
2023-01-15,DMA_082,72.36511509743833,0,0
2023-01-15,DMA_083,80.5595245580427,0,1
2023-01-15,DMA_084,80.87886330446383,0,1
2023-01-15,DMA_085,92.05468887420805,0,1
2023-01-15,DMA_086,85.797110447543,0,1
2023-01-15,DMA_087,86.73531968375367,0,0
2023-01-15,DMA_088,71.53187781727873,0,0
2023-01-15,DMA_089,84.07255618743258,0,0
2023-01-15,DMA_090,73.79960216488698,0,0
2023-01-15,DMA_091,76.97824603875489,0,1
2023-01-15,DMA_092,79.1095429605098,0,0
2023-01-15,DMA_093,75.27364704823509,0,0
2023-01-15,DMA_094,74.140554295939,0,0
2023-01-15,DMA_095,66.64724843943387,0,0
2023-01-15,DMA_096,78.76736345219801,0,0
2023-01-15,DMA_097,79.63300487253342,0,0
2023-01-15,DMA_098,79.725372004723,0,0
2023-01-15,DMA_099,91.4364363459097,0,0
2023-01-15,DMA_100,86.36881039094334,0,0
2023-01-15,DMA_101,79.92922880783256,0,0
2023-01-15,DMA_102,77.90175109013062,0,0
2023-01-15,DMA_103,82.86662576714457,0,0
2023-01-15,DMA_104,78.91226231348409,0,0
2023-01-15,DMA_105,82.99834986037445,0,0
2023-01-15,DMA_106,74.95833945486947,0,1
2023-01-15,DMA_107,75.81069620571718,0,1
2023-01-15,DMA_108,75.42095697736539,0,0
2023-01-15,DMA_109,77.79191157691123,0,0
2023-01-15,DMA_110,82.78252499000357,0,0
2023-01-15,DMA_111,87.7849886791913,0,0
2023-01-15,DMA_112,77.79269579953943,0,0
2023-01-15,DMA_113,89.57914160200018,0,0
2023-01-15,DMA_114,84.88632901945498,0,0
2023-01-15,DMA_115,85.13177846642955,0,0
2023-01-15,DMA_116,83.38143853787736,0,1
2023-01-15,DMA_117,81.37646514170291,0,0
2023-01-15,DMA_118,80.08302448854855,0,0
2023-01-15,DMA_119,70.38823697846215,0,0
2023-01-15,DMA_120,68.79676048332537,0,0
2023-01-15,DMA_121,87.74847861275664,0,0
2023-01-15,DMA_122,87.37925411168136,0,0
2023-01-15,DMA_123,69.18665455468151,0,0
2023-01-15,DMA_124,82.334362702119,0,0
2023-01-15,DMA_125,81.39375286133581,0,0
2023-01-15,DMA_126,83.85285799671516,0,0
2023-01-15,DMA_127,79.47192153281217,0,0
2023-01-15,DMA_128,77.57945430420405,0,1
2023-01-15,DMA_129,88.43007375482031,0,0
2023-01-15,DMA_130,81.24841319819733,0,0
2023-01-15,DMA_131,93.50059626383577,0,0
2023-01-15,DMA_132,86.4924026730695,0,0
2023-01-15,DMA_133,81.71051386236444,0,0
2023-01-15,DMA_134,84.7000670289458,0,0
2023-01-15,DMA_135,80.46405048151185,0,0
2023-01-15,DMA_136,88.5770311498987,0,0
2023-01-15,DMA_137,75.62403492051959,0,0
2023-01-15,DMA_138,85.07684975479842,0,0
2023-01-15,DMA_139,73.82246117018443,0,0
2023-01-15,DMA_140,77.29343744841461,0,0
2023-01-15,DMA_141,81.5541777686202,0,0
2023-01-15,DMA_142,90.2798208351076,0,0
2023-01-15,DMA_143,69.83230636861794,0,0
2023-01-15,DMA_144,73.32209895969727,0,0
2023-01-15,DMA_145,81.46154443990336,0,0
2023-01-15,DMA_146,96.42371280565405,0,0
2023-01-15,DMA_147,80.36607815649833,0,0
2023-01-15,DMA_148,79.63693013850617,0,0
2023-01-15,DMA_149,71.9844988842954,0,0
2023-01-15,DMA_150,81.1810277857382,0,0
2023-01-22,DMA_001,77.29827841015616,0,1
2023-01-22,DMA_002,69.27323632381315,0,0
2023-01-22,DMA_003,79.56376203023989,0,1
2023-01-22,DMA_004,74.50592367744285,0,0
2023-01-22,DMA_005,78.86847899977667,0,0
2023-01-22,DMA_006,72.32783903262956,0,0
2023-01-22,DMA_007,66.48092763799538,0,0
2023-01-22,DMA_008,83.69502793692938,0,0
2023-01-22,DMA_009,84.04703557134997,0,0
2023-01-22,DMA_010,88.8079289790245,0,0
2023-01-22,DMA_011,79.05046875115035,0,0
2023-01-22,DMA_012,80.70351041616551,0,0
2023-01-22,DMA_013,76.64510347369574,0,0
2023-01-22,DMA_014,75.00532986983956,0,0
2023-01-22,DMA_015,85.06720656410567,0,0
2023-01-22,DMA_016,76.31939313360716,0,0
2023-01-22,DMA_017,76.33152056987667,0,1
2023-01-22,DMA_018,70.89461325370758,0,0
2023-01-22,DMA_019,75.22585919418921,0,0
2023-01-22,DMA_020,81.79021126974988,0,0
2023-01-22,DMA_021,77.90594660468439,0,1
2023-01-22,DMA_022,79.21501673076712,0,0
2023-01-22,DMA_023,77.70288523111256,0,0
2023-01-22,DMA_024,76.32204351906967,0,0
2023-01-22,DMA_025,78.47747599671573,0,0
2023-01-22,DMA_026,81.4985879697386,0,1
2023-01-22,DMA_027,72.82050444860182,0,0
2023-01-22,DMA_028,83.15519332060046,0,1
2023-01-22,DMA_029,78.42187435878816,0,0
2023-01-22,DMA_030,79.35038284873703,0,0
2023-01-22,DMA_031,81.7467228607798,0,0
2023-01-22,DMA_032,80.45612076706811,0,0
2023-01-22,DMA_033,77.05480410466988,0,1
2023-01-22,DMA_034,68.12967440773153,0,1
2023-01-22,DMA_035,76.75035231027329,0,0
2023-01-22,DMA_036,75.53788454971787,0,0
2023-01-22,DMA_037,72.26959132811555,0,1
2023-01-22,DMA_038,80.68154695392977,0,0
2023-01-22,DMA_039,79.61152149391475,0,0
2023-01-22,DMA_040,74.5242038688511,0,0
2023-01-22,DMA_041,81.98478067049474,0,0
2023-01-22,DMA_042,81.75607285677758,0,1
2023-01-22,DMA_043,71.15231018352573,0,0
2023-01-22,DMA_044,78.86287073620157,0,0
2023-01-22,DMA_045,74.645518482965,0,0
2023-01-22,DMA_046,84.6600432636675,0,0
2023-01-22,DMA_047,77.57405600002535,0,0
2023-01-22,DMA_048,82.89253818342854,0,0
2023-01-22,DMA_049,69.22990627897518,0,0
2023-01-22,DMA_050,75.17417161126379,0,0
2023-01-22,DMA_051,77.49512872663853,0,0
2023-01-22,DMA_052,66.67833028611398,0,0
2023-01-22,DMA_053,83.44152750388051,0,0
2023-01-22,DMA_054,86.71206808538952,0,0
2023-01-22,DMA_055,85.51515213206316,0,0
2023-01-22,DMA_056,75.15957609771638,0,0
2023-01-22,DMA_057,81.75025914699945,0,1
2023-01-22,DMA_058,85.89203402779516,0,0
2023-01-22,DMA_059,74.13052247663049,0,0
2023-01-22,DMA_060,83.59041695668925,0,0
2023-01-22,DMA_061,85.48163033036437,0,1
2023-01-22,DMA_062,75.19360989015054,0,0
2023-01-22,DMA_063,90.37802601915828,0,0
2023-01-22,DMA_064,64.85103537041397,0,0
2023-01-22,DMA_065,64.31112709653236,0,1
2023-01-22,DMA_066,82.40057755331298,0,0
2023-01-22,DMA_067,73.18021319365897,0,1
2023-01-22,DMA_068,77.08436785839453,0,0
2023-01-22,DMA_069,82.47159651054076,0,0
2023-01-22,DMA_070,86.73249919485373,0,0
2023-01-22,DMA_071,80.76309684594577,0,0
2023-01-22,DMA_072,65.13727177662832,0,1
2023-01-22,DMA_073,79.79444132167015,0,0
2023-01-22,DMA_074,82.7333187842791,0,0
2023-01-22,DMA_075,70.59687758209947,0,0
2023-01-22,DMA_076,72.30834568205788,0,0
2023-01-22,DMA_077,83.1805490828331,0,0
2023-01-22,DMA_078,67.75809790989328,0,0
2023-01-22,DMA_079,85.6636161110065,0,0
2023-01-22,DMA_080,82.19134033292333,0,0
2023-01-22,DMA_081,83.41145509425994,0,0
2023-01-22,DMA_082,73.96600446656373,0,1
2023-01-22,DMA_083,82.22885012308632,0,1
2023-01-22,DMA_084,84.40420081070496,0,1
2023-01-22,DMA_085,70.57873803797251,0,0
2023-01-22,DMA_086,79.03409152160805,0,0
2023-01-22,DMA_087,82.15391169694657,0,0
2023-01-22,DMA_088,82.79204669937546,0,1
2023-01-22,DMA_089,75.27893501237222,0,0
2023-01-22,DMA_090,82.10152632528363,0,0
2023-01-22,DMA_091,82.5381877354203,0,0
2023-01-22,DMA_092,71.91255134562964,0,0
2023-01-22,DMA_093,85.08607004755204,0,0
2023-01-22,DMA_094,83.34586625315018,0,0
2023-01-22,DMA_095,72.77351036276104,0,1
2023-01-22,DMA_096,71.4120261081312,0,0
2023-01-22,DMA_097,75.20939623370901,0,0
2023-01-22,DMA_098,85.91178757074212,0,0
2023-01-22,DMA_099,80.7701820888492,0,0
2023-01-22,DMA_100,81.40972183575425,0,0
2023-01-22,DMA_101,64.08134773571021,0,0
2023-01-22,DMA_102,77.59820548204877,0,0
2023-01-22,DMA_103,77.74855526798406,0,0
2023-01-22,DMA_104,87.83237675930232,0,0
2023-01-22,DMA_105,85.49559560686403,0,0
2023-01-22,DMA_106,70.26582150220702,0,1
2023-01-22,DMA_107,82.07418610996028,0,0
2023-01-22,DMA_108,71.87618049713313,0,1
2023-01-22,DMA_109,82.72260369365435,0,1
2023-01-22,DMA_110,81.19400682971748,0,0
2023-01-22,DMA_111,78.46108207074398,0,1
2023-01-22,DMA_112,87.71082440044313,0,0
2023-01-22,DMA_113,69.33267139038783,0,0
2023-01-22,DMA_114,82.29727276999542,0,0
2023-01-22,DMA_115,72.58000286358316,0,0
2023-01-22,DMA_116,73.9543202731033,0,0
2023-01-22,DMA_117,89.95007683988118,0,0
2023-01-22,DMA_118,80.96637971280667,0,0
2023-01-22,DMA_119,79.09824761243264,0,1
2023-01-22,DMA_120,89.12579566512161,0,1
2023-01-22,DMA_121,81.61288717082547,0,1
2023-01-22,DMA_122,87.20599194402972,0,0
2023-01-22,DMA_123,77.41234883932873,0,0
2023-01-22,DMA_124,74.69517905225533,0,0
2023-01-22,DMA_125,83.21910516131294,0,0
2023-01-22,DMA_126,73.26528380339379,0,0
2023-01-22,DMA_127,69.70860600042714,0,1
2023-01-22,DMA_128,78.21386805264805,0,0
2023-01-22,DMA_129,74.40685314690496,0,1
2023-01-22,DMA_130,79.21486821735236,0,0
2023-01-22,DMA_131,77.08340394757684,0,0
2023-01-22,DMA_132,77.93314785520705,0,0
2023-01-22,DMA_133,83.33850566459802,0,0
2023-01-22,DMA_134,86.84792254449383,0,0
2023-01-22,DMA_135,77.74999669144236,0,0
2023-01-22,DMA_136,80.51335284571002,0,0
2023-01-22,DMA_137,85.51960994202456,0,0
2023-01-22,DMA_138,76.07230209471751,0,0
2023-01-22,DMA_139,78.27007142345354,0,0
2023-01-22,DMA_140,77.38543556708329,0,0
2023-01-22,DMA_141,72.0282334590634,0,0
2023-01-22,DMA_142,69.79954195824769,0,0
2023-01-22,DMA_143,76.96633905373561,0,0
2023-01-22,DMA_144,73.38969394930137,0,0
2023-01-22,DMA_145,73.00213118675971,0,1
2023-01-22,DMA_146,83.04110631109353,0,1
2023-01-22,DMA_147,81.41880079388076,0,1
2023-01-22,DMA_148,70.6283649957131,0,0
2023-01-22,DMA_149,81.4889327415868,0,0
2023-01-22,DMA_150,87.17808823187305,0,0
2023-01-29,DMA_001,92.19860118386501,0,0
2023-01-29,DMA_002,82.63588413045245,0,0
2023-01-29,DMA_003,78.05442985728376,0,0
2023-01-29,DMA_004,76.00393493027296,0,0
2023-01-29,DMA_005,86.67929061422878,0,0
2023-01-29,DMA_006,77.74976401655081,0,0
2023-01-29,DMA_007,79.32195316564676,0,0
2023-01-29,DMA_008,77.79268597673419,0,0
2023-01-29,DMA_009,74.62334207262569,0,0
2023-01-29,DMA_010,78.91190458161653,0,1
2023-01-29,DMA_011,80.16248344259577,0,0
2023-01-29,DMA_012,79.08429429932774,0,0
2023-01-29,DMA_013,81.47207418826068,0,1
2023-01-29,DMA_014,77.09662706987044,0,0
2023-01-29,DMA_015,83.24388807544538,0,0
2023-01-29,DMA_016,73.95024830837856,0,1
2023-01-29,DMA_017,87.83044803319979,0,0
2023-01-29,DMA_018,90.90336851409268,0,0
2023-01-29,DMA_019,76.54668549029863,0,0
2023-01-29,DMA_020,76.87552929324399,0,0
2023-01-29,DMA_021,78.9728270962241,0,0
2023-01-29,DMA_022,76.7988967463116,0,0
2023-01-29,DMA_023,66.7685182854337,0,0
2023-01-29,DMA_024,82.88291996493726,0,0
2023-01-29,DMA_025,74.92345909423443,0,0
2023-01-29,DMA_026,75.17424903332007,0,0
2023-01-29,DMA_027,73.63397851311096,0,1
2023-01-29,DMA_028,83.74792872652309,0,0
2023-01-29,DMA_029,84.52313024229477,0,0
2023-01-29,DMA_030,86.8947558727647,0,0
2023-01-29,DMA_031,73.66797734226526,0,0
2023-01-29,DMA_032,82.73405434057786,0,0
2023-01-29,DMA_033,77.0034317033127,0,0
2023-01-29,DMA_034,68.85936622124555,0,0
2023-01-29,DMA_035,80.70297496569779,0,0
2023-01-29,DMA_036,81.49285097037847,0,0
2023-01-29,DMA_037,79.35899438532748,0,0
2023-01-29,DMA_038,79.83511556483322,0,1
2023-01-29,DMA_039,87.04419713889608,0,0
2023-01-29,DMA_040,77.48632659531418,0,0
2023-01-29,DMA_041,71.91328795611452,0,0
2023-01-29,DMA_042,70.45181648617748,0,0
2023-01-29,DMA_043,80.77019806932502,0,0
2023-01-29,DMA_044,74.93484090974219,0,0
2023-01-29,DMA_045,88.9351935427272,0,0
2023-01-29,DMA_046,81.87113915545959,0,0
2023-01-29,DMA_047,79.13732307070165,0,0
2023-01-29,DMA_048,81.0734012131055,0,0
2023-01-29,DMA_049,75.94163106047938,0,1
2023-01-29,DMA_050,77.86390586202168,0,1
2023-01-29,DMA_051,83.86892036031001,0,0
2023-01-29,DMA_052,76.21726496330821,0,0
2023-01-29,DMA_053,81.84049387394766,0,0
2023-01-29,DMA_054,81.5732291993607,0,0
2023-01-29,DMA_055,76.91427713190414,0,0
2023-01-29,DMA_056,87.92708312637407,0,0
2023-01-29,DMA_057,79.56752160356504,0,0
2023-01-29,DMA_058,82.62889049980346,0,0
2023-01-29,DMA_059,78.90390343110708,0,0
2023-01-29,DMA_060,69.16415284517467,0,0
2023-01-29,DMA_061,87.88796099121753,0,0
2023-01-29,DMA_062,77.35579418584564,0,1
2023-01-29,DMA_063,67.70558631134995,0,0
2023-01-29,DMA_064,82.39012713447711,0,0
2023-01-29,DMA_065,77.16874221028533,0,0
2023-01-29,DMA_066,79.22269654667322,0,0
2023-01-29,DMA_067,70.7895335462104,0,0
2023-01-29,DMA_068,80.87230895578186,0,0
2023-01-29,DMA_069,75.49579487902109,0,0
2023-01-29,DMA_070,78.24867316389921,0,0
2023-01-29,DMA_071,71.81191489503149,0,0
2023-01-29,DMA_072,76.12198081047495,0,0
2023-01-29,DMA_073,77.85638422369722,0,0
2023-01-29,DMA_074,84.55793860677157,0,0
2023-01-29,DMA_075,76.33586473580593,0,1
2023-01-29,DMA_076,86.79809308578587,0,0
2023-01-29,DMA_077,78.72558064429678,0,0
2023-01-29,DMA_078,69.28164500107093,0,1
2023-01-29,DMA_079,81.04169765862599,0,1
2023-01-29,DMA_080,85.56069064656822,0,0
2023-01-29,DMA_081,80.34805850444636,0,0
2023-01-29,DMA_082,83.93437380529222,0,0
2023-01-29,DMA_083,75.30598453648486,0,0
2023-01-29,DMA_084,84.68298574150019,0,1
2023-01-29,DMA_085,74.71979158715158,0,1
2023-01-29,DMA_086,78.6196035256917,0,1
2023-01-29,DMA_087,73.47211524901074,0,0
2023-01-29,DMA_088,75.80801111827371,0,0
2023-01-29,DMA_089,83.19284825114808,0,0
2023-01-29,DMA_090,82.32502536637463,0,0
2023-01-29,DMA_091,76.07141136886344,0,0
2023-01-29,DMA_092,78.64789128988289,0,0
2023-01-29,DMA_093,69.7938174273616,0,0
2023-01-29,DMA_094,74.65140381148598,0,0
2023-01-29,DMA_095,84.83776664691293,0,0
2023-01-29,DMA_096,75.51107834350519,0,0
2023-01-29,DMA_097,83.42435935900441,0,0
2023-01-29,DMA_098,78.5109942239082,0,0
2023-01-29,DMA_099,80.05628067662059,0,0
2023-01-29,DMA_100,80.13808676947446,0,1
2023-01-29,DMA_101,72.30295606137595,0,0
2023-01-29,DMA_102,69.76436933553312,0,0
2023-01-29,DMA_103,78.88236155496733,0,1
2023-01-29,DMA_104,64.9975869021379,0,0
2023-01-29,DMA_105,81.05518306411967,0,0
2023-01-29,DMA_106,79.8511621147426,0,1
2023-01-29,DMA_107,93.02963127007698,0,0
2023-01-29,DMA_108,82.5042652793619,0,0
2023-01-29,DMA_109,83.01830152716283,0,0
2023-01-29,DMA_110,82.47913179480582,0,0
2023-01-29,DMA_111,80.07142509729269,0,0
2023-01-29,DMA_112,69.19119484924468,0,0
2023-01-29,DMA_113,74.2343828229874,0,0
2023-01-29,DMA_114,86.72884330504,0,0
2023-01-29,DMA_115,80.45191838249394,0,0
2023-01-29,DMA_116,78.27841202460871,0,0
2023-01-29,DMA_117,77.15756097411958,0,0
2023-01-29,DMA_118,67.98032142813824,0,0
2023-01-29,DMA_119,78.68065692481716,0,0
2023-01-29,DMA_120,81.34392996057784,0,0
2023-01-29,DMA_121,82.36914380971487,0,0
2023-01-29,DMA_122,80.23467581662429,0,1
2023-01-29,DMA_123,76.00278508376161,0,0
2023-01-29,DMA_124,76.06764221477167,0,0
2023-01-29,DMA_125,81.23739088567868,0,0
2023-01-29,DMA_126,73.62535871339365,0,0
2023-01-29,DMA_127,89.67532264648823,0,1
2023-01-29,DMA_128,75.49302670245442,0,0
2023-01-29,DMA_129,86.2288596473361,0,0
2023-01-29,DMA_130,74.33484089621298,0,0
2023-01-29,DMA_131,81.72798337053744,0,1
2023-01-29,DMA_132,70.42682287787044,0,1
2023-01-29,DMA_133,76.38005952114719,0,0
2023-01-29,DMA_134,74.8912148763226,0,0
2023-01-29,DMA_135,75.10380152297611,0,0
2023-01-29,DMA_136,72.7396260678267,0,0
2023-01-29,DMA_137,76.86558605524661,0,0
2023-01-29,DMA_138,81.43333979897876,0,0
2023-01-29,DMA_139,82.21838044457934,0,1
2023-01-29,DMA_140,88.39688644798704,0,0
2023-01-29,DMA_141,80.43865625848194,0,0
2023-01-29,DMA_142,64.8435657360501,0,0
2023-01-29,DMA_143,85.77619895290329,0,0
2023-01-29,DMA_144,88.11281176748157,0,0
2023-01-29,DMA_145,79.35268732912388,0,1
2023-01-29,DMA_146,81.08716486515083,0,0
2023-01-29,DMA_147,78.6544371074843,0,1
2023-01-29,DMA_148,83.4268127224816,0,0
2023-01-29,DMA_149,84.13217010911302,0,0
2023-01-29,DMA_150,91.7750017153986,0,0
2023-02-05,DMA_001,77.3182180868191,0,1
2023-02-05,DMA_002,63.49348830914063,0,0
2023-02-05,DMA_003,78.16015176337655,0,0
2023-02-05,DMA_004,67.51422570914065,0,0
2023-02-05,DMA_005,72.89833281175036,0,0
2023-02-05,DMA_006,84.2955604144816,0,0
2023-02-05,DMA_007,73.71059522475123,0,0
2023-02-05,DMA_008,64.12371587840195,0,0
2023-02-05,DMA_009,78.62053884029599,0,0
2023-02-05,DMA_010,82.5165648359865,0,0
2023-02-05,DMA_011,96.1830517440586,0,0
2023-02-05,DMA_012,82.01914957021272,0,0
2023-02-05,DMA_013,82.63269807900753,0,0
2023-02-05,DMA_014,74.72983187250173,0,1
2023-02-05,DMA_015,69.33530473490168,0,0
2023-02-05,DMA_016,77.56011770892785,0,0
2023-02-05,DMA_017,72.90741825899322,0,0
2023-02-05,DMA_018,87.65462272910688,0,0
2023-02-05,DMA_019,77.39590254408347,0,0
2023-02-05,DMA_020,76.91617951718801,0,0
2023-02-05,DMA_021,78.63085512058113,0,0
2023-02-05,DMA_022,88.9209044931466,0,0
2023-02-05,DMA_023,85.57842084286918,0,0
2023-02-05,DMA_024,76.26921284554885,0,1
2023-02-05,DMA_025,76.5470142484193,0,0
2023-02-05,DMA_026,88.7065181533701,0,1
2023-02-05,DMA_027,73.35978330797745,0,0
2023-02-05,DMA_028,79.48192272526985,0,1
2023-02-05,DMA_029,69.68289278818747,0,0
2023-02-05,DMA_030,69.34731232164195,0,1
2023-02-05,DMA_031,66.84100527026791,0,0
2023-02-05,DMA_032,90.4682998311744,0,1
2023-02-05,DMA_033,80.52243198888566,0,0
2023-02-05,DMA_034,69.59208120064854,0,1
2023-02-05,DMA_035,71.26007369307253,0,0
2023-02-05,DMA_036,74.94390716540539,0,0
2023-02-05,DMA_037,73.64159626244633,0,0
2023-02-05,DMA_038,73.38889902401314,0,0
2023-02-05,DMA_039,77.97343265345792,0,0
2023-02-05,DMA_040,66.94674274698725,0,0
2023-02-05,DMA_041,77.4812972947088,0,0
2023-02-05,DMA_042,87.98867389989033,0,0
2023-02-05,DMA_043,79.48629706812395,0,0
2023-02-05,DMA_044,73.6861718232204,0,0
2023-02-05,DMA_045,72.55948413299788,0,0
2023-02-05,DMA_046,76.54245361241396,0,0
2023-02-05,DMA_047,75.4063605065847,0,0
2023-02-05,DMA_048,70.7933211420005,0,0
2023-02-05,DMA_049,68.26381414405179,0,1
2023-02-05,DMA_050,83.02647327703426,0,0
2023-02-05,DMA_051,89.5904360871114,0,0
2023-02-05,DMA_052,81.00052053745083,0,0
2023-02-05,DMA_053,77.5177825341275,0,1
2023-02-05,DMA_054,84.56801832969639,0,0
2023-02-05,DMA_055,78.34741759013166,0,0
2023-02-05,DMA_056,82.57394817398732,0,1
2023-02-05,DMA_057,71.66939326234599,0,0
2023-02-05,DMA_058,76.76231555858779,0,0
2023-02-05,DMA_059,83.74090796651602,0,0
2023-02-05,DMA_060,75.26756689387382,0,0
2023-02-05,DMA_061,86.52068199858434,0,0
2023-02-05,DMA_062,79.77891468888147,0,0
2023-02-05,DMA_063,84.99631398525872,0,0
2023-02-05,DMA_064,84.00189621192474,0,1
2023-02-05,DMA_065,78.12183013244957,0,0
2023-02-05,DMA_066,79.01720772117368,0,0
2023-02-05,DMA_067,85.36159080461289,0,0
2023-02-05,DMA_068,89.07198651712478,0,0
2023-02-05,DMA_069,83.99399638910234,0,0
2023-02-05,DMA_070,80.59285418178058,0,1
2023-02-05,DMA_071,80.63275692661057,0,0
2023-02-05,DMA_072,76.81525060807544,0,0
2023-02-05,DMA_073,85.42463434642856,0,0
2023-02-05,DMA_074,73.99264170991829,0,0
2023-02-05,DMA_075,67.69131681321079,0,0
2023-02-05,DMA_076,68.54340217738252,0,0
2023-02-05,DMA_077,79.8524040636833,0,0
2023-02-05,DMA_078,68.36697705262708,0,0
2023-02-05,DMA_079,88.00892374183996,0,0
2023-02-05,DMA_080,74.61310501144345,0,0
2023-02-05,DMA_081,66.57287467715646,0,0
2023-02-05,DMA_082,77.31712816072427,0,0
2023-02-05,DMA_083,67.09438890845432,0,0
2023-02-05,DMA_084,88.32820903645965,0,1
2023-02-05,DMA_085,81.03304406587705,0,0
2023-02-05,DMA_086,75.27880047407318,0,0
2023-02-05,DMA_087,76.83664842385572,0,0
2023-02-05,DMA_088,67.44540715073857,0,0
2023-02-05,DMA_089,87.10808511842951,0,0
2023-02-05,DMA_090,72.23439421963879,0,0
2023-02-05,DMA_091,73.09331938239718,0,1
2023-02-05,DMA_092,79.9755841623253,0,1
2023-02-05,DMA_093,69.54869312307488,0,0
2023-02-05,DMA_094,79.8209867295087,0,0
2023-02-05,DMA_095,80.10825133544384,0,1
2023-02-05,DMA_096,79.89512478970043,0,0
2023-02-05,DMA_097,69.10146856270578,0,0
2023-02-05,DMA_098,77.04713384544937,0,0
2023-02-05,DMA_099,67.44824304612281,0,0
2023-02-05,DMA_100,61.71807054076193,0,0
2023-02-05,DMA_101,61.84195191807149,0,0
2023-02-05,DMA_102,79.16624730759699,0,1
2023-02-05,DMA_103,81.27204719310751,0,0
2023-02-05,DMA_104,81.27429394452547,0,0
2023-02-05,DMA_105,73.64428027525247,0,0
2023-02-05,DMA_106,79.0389484429943,0,0
2023-02-05,DMA_107,72.41394526746352,0,0
2023-02-05,DMA_108,83.22429871299293,0,0
2023-02-05,DMA_109,83.29083135004473,0,0
2023-02-05,DMA_110,75.1381224226112,0,0
2023-02-05,DMA_111,78.25781999813958,0,0
2023-02-05,DMA_112,79.14431615104527,0,0
2023-02-05,DMA_113,83.2325333507001,0,0
2023-02-05,DMA_114,85.19027482866592,0,0
2023-02-05,DMA_115,72.36227564661813,0,0
2023-02-05,DMA_116,76.05971476912853,0,0
2023-02-05,DMA_117,74.00949912706174,0,0
2023-02-05,DMA_118,76.92317848580267,0,0
2023-02-05,DMA_119,86.24172927399252,0,0
2023-02-05,DMA_120,73.01573079658925,0,0
2023-02-05,DMA_121,76.3571221905709,0,0
2023-02-05,DMA_122,76.29218684852204,0,0
2023-02-05,DMA_123,78.22805990378579,0,0
2023-02-05,DMA_124,83.39976097066244,0,0
2023-02-05,DMA_125,66.22742846589188,0,0
2023-02-05,DMA_126,69.73463016606523,0,0
2023-02-05,DMA_127,85.12435076700736,0,1
2023-02-05,DMA_128,76.50293157388913,0,0
2023-02-05,DMA_129,77.87219890838226,0,0
2023-02-05,DMA_130,74.44489031387275,0,1
2023-02-05,DMA_131,72.29255395778601,0,0
2023-02-05,DMA_132,86.90429237206538,0,0
2023-02-05,DMA_133,92.29424532640473,0,0
2023-02-05,DMA_134,76.34307287590454,0,0
2023-02-05,DMA_135,84.71005014594762,0,0
2023-02-05,DMA_136,81.01271287487245,0,0
2023-02-05,DMA_137,74.9011658950387,0,0
2023-02-05,DMA_138,66.42552351875999,0,0
2023-02-05,DMA_139,79.05238005843486,0,0
2023-02-05,DMA_140,70.95754866163564,0,1
2023-02-05,DMA_141,69.02031301758834,0,0
2023-02-05,DMA_142,86.56697194097353,0,1
2023-02-05,DMA_143,73.22612322712017,0,0
2023-02-05,DMA_144,69.01673968239425,0,0
2023-02-05,DMA_145,81.29531962845127,0,0
2023-02-05,DMA_146,75.58653301318446,0,0
2023-02-05,DMA_147,91.96349965355839,0,0
2023-02-05,DMA_148,83.46088505652774,0,0
2023-02-05,DMA_149,75.25714111160218,0,1
2023-02-05,DMA_150,72.04395784482328,0,1
2023-02-12,DMA_001,69.33174255871563,0,0
2023-02-12,DMA_002,76.4629814141766,0,0
2023-02-12,DMA_003,75.79063316384901,0,0
2023-02-12,DMA_004,73.59914131453365,0,0
2023-02-12,DMA_005,76.82148940765083,0,0
2023-02-12,DMA_006,82.95101813891442,0,0
2023-02-12,DMA_007,74.38436298306866,0,0
2023-02-12,DMA_008,81.52777538808778,0,0
2023-02-12,DMA_009,66.46451111041029,0,0
2023-02-12,DMA_010,80.95033282325883,0,0
2023-02-12,DMA_011,75.42755685957644,0,0
2023-02-12,DMA_012,67.26541729102159,0,0
2023-02-12,DMA_013,77.4906590321735,0,0
2023-02-12,DMA_014,66.77465830633379,0,0
2023-02-12,DMA_015,76.51204257805097,0,0
2023-02-12,DMA_016,75.57584399858925,0,0
2023-02-12,DMA_017,76.39719333970008,0,0
2023-02-12,DMA_018,86.9524626970277,0,0
2023-02-12,DMA_019,76.32206167947267,0,0
2023-02-12,DMA_020,74.56155921597328,0,0
2023-02-12,DMA_021,74.4767333048354,0,0
2023-02-12,DMA_022,73.06239817694025,0,0
2023-02-12,DMA_023,74.5990839410989,0,0
2023-02-12,DMA_024,74.38477772212653,0,1
2023-02-12,DMA_025,79.13962006473648,0,1
2023-02-12,DMA_026,79.1661674156711,0,0
2023-02-12,DMA_027,64.73474492486255,0,0
2023-02-12,DMA_028,81.78944294204847,0,0
2023-02-12,DMA_029,77.56189523021547,0,0
2023-02-12,DMA_030,79.6084118434777,0,1
2023-02-12,DMA_031,81.25893431346094,0,1
2023-02-12,DMA_032,84.30877755166969,0,0
2023-02-12,DMA_033,77.5303607678568,0,1
2023-02-12,DMA_034,67.58815296298735,0,1
2023-02-12,DMA_035,85.88243871385907,0,0
2023-02-12,DMA_036,82.73576693705704,0,0
2023-02-12,DMA_037,70.3557925448168,0,0
2023-02-12,DMA_038,71.64859092743949,0,1
2023-02-12,DMA_039,70.82324521723824,0,0
2023-02-12,DMA_040,67.40579722884742,0,0
2023-02-12,DMA_041,76.15352737255232,0,0
2023-02-12,DMA_042,77.3878743449377,0,1
2023-02-12,DMA_043,65.35839305464978,0,0
2023-02-12,DMA_044,77.6103301797272,0,0
2023-02-12,DMA_045,80.374237135939,0,0
2023-02-12,DMA_046,75.54665295318067,0,0
2023-02-12,DMA_047,72.35818591196731,0,0
2023-02-12,DMA_048,88.25239331920625,0,0
2023-02-12,DMA_049,70.09329804622688,0,0
2023-02-12,DMA_050,81.19000239976907,0,0
2023-02-12,DMA_051,74.196248942435,0,0
2023-02-12,DMA_052,77.94837038530393,0,0
2023-02-12,DMA_053,83.72493541053251,0,1
2023-02-12,DMA_054,72.04414123078827,0,1
2023-02-12,DMA_055,81.58851061279994,0,0
2023-02-12,DMA_056,72.72221261645659,0,0
2023-02-12,DMA_057,65.41339194343252,0,0
2023-02-12,DMA_058,79.28723326850405,0,0
2023-02-12,DMA_059,67.00111840377511,0,0
2023-02-12,DMA_060,70.3239315889852,0,0
2023-02-12,DMA_061,76.03051854118067,0,1
2023-02-12,DMA_062,76.21967391072462,0,0
2023-02-12,DMA_063,75.30499604156027,0,0
2023-02-12,DMA_064,82.84889283753849,0,0
2023-02-12,DMA_065,80.90888426069397,0,0
2023-02-12,DMA_066,80.43455467199745,0,0
2023-02-12,DMA_067,68.00909528337833,0,0
2023-02-12,DMA_068,81.83281436715782,0,0
2023-02-12,DMA_069,82.28548099842646,0,0
2023-02-12,DMA_070,80.30575899865644,0,0
2023-02-12,DMA_071,73.31168539818506,0,0
2023-02-12,DMA_072,80.78490905428772,0,0
2023-02-12,DMA_073,70.05810976318627,0,0
2023-02-12,DMA_074,66.19397844916348,0,0
2023-02-12,DMA_075,68.59846412018184,0,1
2023-02-12,DMA_076,84.96222427872098,0,0
2023-02-12,DMA_077,76.64096991071486,0,0
2023-02-12,DMA_078,69.06301075017805,0,0
2023-02-12,DMA_079,78.41275524630042,0,0
2023-02-12,DMA_080,68.97641380211684,0,0
2023-02-12,DMA_081,81.1805578018495,0,0
2023-02-12,DMA_082,65.13505028377394,0,0
2023-02-12,DMA_083,60.293662042134535,0,1
2023-02-12,DMA_084,76.84428556479826,0,0
2023-02-12,DMA_085,74.20155601192981,0,1
2023-02-12,DMA_086,78.07782201612085,0,0
2023-02-12,DMA_087,82.80442932363125,0,0
2023-02-12,DMA_088,64.03682776741698,0,1
2023-02-12,DMA_089,87.0261657291423,0,0
2023-02-12,DMA_090,81.64309775430463,0,1
2023-02-12,DMA_091,75.31259636883094,0,0
2023-02-12,DMA_092,78.73014322124855,0,0
2023-02-12,DMA_093,71.70052442829201,0,0
2023-02-12,DMA_094,71.99449052360328,0,0
2023-02-12,DMA_095,78.53013599274513,0,0
2023-02-12,DMA_096,78.3236432257292,0,0
2023-02-12,DMA_097,81.38722533312811,0,0
2023-02-12,DMA_098,82.13086074931536,0,0
2023-02-12,DMA_099,62.50331898598776,0,0
2023-02-12,DMA_100,76.59809672866508,0,0
2023-02-12,DMA_101,82.95148605912107,0,0
2023-02-12,DMA_102,67.46563077198154,0,0
2023-02-12,DMA_103,70.5015423269478,0,0
2023-02-12,DMA_104,72.33844141375837,0,0
2023-02-12,DMA_105,74.96311715395035,0,0
2023-02-12,DMA_106,69.62999346791761,0,0
2023-02-12,DMA_107,71.29370045292133,0,0
2023-02-12,DMA_108,86.73127420498176,0,0
2023-02-12,DMA_109,76.16942936223141,0,1
2023-02-12,DMA_110,68.09146664879114,0,0
2023-02-12,DMA_111,90.84081357111357,0,0
2023-02-12,DMA_112,70.4412416276059,0,0
2023-02-12,DMA_113,77.6281647596742,0,0
2023-02-12,DMA_114,78.67200500971416,0,0
2023-02-12,DMA_115,80.171893621719,0,0
2023-02-12,DMA_116,73.07717320855701,0,0
2023-02-12,DMA_117,67.05801428929341,0,1
2023-02-12,DMA_118,82.95957740825799,0,0
2023-02-12,DMA_119,72.19516446202427,0,0
2023-02-12,DMA_120,84.48410425310837,0,0
2023-02-12,DMA_121,67.67266108262471,0,0
2023-02-12,DMA_122,71.75661264232654,0,0
2023-02-12,DMA_123,74.57332081722372,0,0
2023-02-12,DMA_124,75.87717970245713,0,0
2023-02-12,DMA_125,69.40726559961558,0,0
2023-02-12,DMA_126,80.5411750705825,0,0
2023-02-12,DMA_127,87.80499725991294,0,0
2023-02-12,DMA_128,76.63141342427102,0,0
2023-02-12,DMA_129,62.25180523377613,0,0
2023-02-12,DMA_130,68.85230703243657,0,1
2023-02-12,DMA_131,81.80557552582755,0,0
2023-02-12,DMA_132,86.48910954222384,0,1
2023-02-12,DMA_133,71.1928703775884,0,0
2023-02-12,DMA_134,86.66658094644386,0,0
2023-02-12,DMA_135,74.12208741473641,0,0
2023-02-12,DMA_136,65.17435248573831,0,0
2023-02-12,DMA_137,89.5426350569266,0,0
2023-02-12,DMA_138,82.47100051148477,0,0
2023-02-12,DMA_139,69.6801227524127,0,0
2023-02-12,DMA_140,78.33829873008136,0,0
2023-02-12,DMA_141,80.88368833972591,0,0
2023-02-12,DMA_142,71.2680528926887,0,1
2023-02-12,DMA_143,73.81225039139298,0,0
2023-02-12,DMA_144,77.05383884863858,0,0
2023-02-12,DMA_145,78.38904670640733,0,0
2023-02-12,DMA_146,74.21064292439398,0,0
2023-02-12,DMA_147,70.89262425657901,0,0
2023-02-12,DMA_148,75.45400835116997,0,0
2023-02-12,DMA_149,67.31865235287404,0,0
2023-02-12,DMA_150,70.6159065260006,0,0
2023-02-19,DMA_001,72.97476538443804,0,0
2023-02-19,DMA_002,66.06297405400413,0,0
2023-02-19,DMA_003,82.8926232273355,0,1
2023-02-19,DMA_004,66.73832639336953,0,0
2023-02-19,DMA_005,79.55567855176257,0,0
2023-02-19,DMA_006,62.17734332185884,0,0
2023-02-19,DMA_007,62.98026661178792,0,1
2023-02-19,DMA_008,78.68112859625373,0,0
2023-02-19,DMA_009,69.5629161914519,0,0
2023-02-19,DMA_010,67.47742261317546,0,0
2023-02-19,DMA_011,80.22739904757574,0,0
2023-02-19,DMA_012,71.82575900699072,0,0
2023-02-19,DMA_013,75.1995090544663,0,0
2023-02-19,DMA_014,62.4560169551932,0,0
2023-02-19,DMA_015,77.59899777748733,0,1
2023-02-19,DMA_016,81.6235512175964,0,0
2023-02-19,DMA_017,71.47470077422244,0,0
2023-02-19,DMA_018,74.90531662793249,0,0
2023-02-19,DMA_019,75.85837957868266,0,1
2023-02-19,DMA_020,79.70617171477693,0,0
2023-02-19,DMA_021,83.8944319784152,0,0
2023-02-19,DMA_022,75.1335599715132,0,0
2023-02-19,DMA_023,79.84241379715836,0,0
2023-02-19,DMA_024,85.91334620304994,0,0
2023-02-19,DMA_025,65.79430302544668,0,0
2023-02-19,DMA_026,75.29700289179566,0,0
2023-02-19,DMA_027,63.6389443781079,0,1
2023-02-19,DMA_028,70.95094788876372,0,1
2023-02-19,DMA_029,71.8962053663961,0,0
2023-02-19,DMA_030,73.63312374939731,0,0
2023-02-19,DMA_031,72.06851987470152,0,0
2023-02-19,DMA_032,65.80243313764251,0,0
2023-02-19,DMA_033,69.30718105189536,0,0
2023-02-19,DMA_034,75.5008798580449,0,0
2023-02-19,DMA_035,71.39330951840415,0,0
2023-02-19,DMA_036,77.21446362906727,0,0
2023-02-19,DMA_037,72.50848581287134,0,0
2023-02-19,DMA_038,71.55920238264493,0,1
2023-02-19,DMA_039,75.0275057327063,0,1
2023-02-19,DMA_040,71.6104638229272,0,0
2023-02-19,DMA_041,64.27746795481711,0,1
2023-02-19,DMA_042,71.07332969977502,0,0
2023-02-19,DMA_043,56.798913878855814,0,0
2023-02-19,DMA_044,84.31718286092644,0,0
2023-02-19,DMA_045,73.25910971666124,0,0
2023-02-19,DMA_046,64.19623663534843,0,0
2023-02-19,DMA_047,86.6846782540326,0,0
2023-02-19,DMA_048,78.65526782704357,0,0
2023-02-19,DMA_049,73.93782754831227,0,0
2023-02-19,DMA_050,73.37780908768984,0,0
2023-02-19,DMA_051,69.91882822175151,0,0
2023-02-19,DMA_052,79.77046530073763,0,0
2023-02-19,DMA_053,77.17805578289682,0,0
2023-02-19,DMA_054,70.38911058370877,0,0
2023-02-19,DMA_055,67.57025518804375,0,0
2023-02-19,DMA_056,66.94673397423892,0,0
2023-02-19,DMA_057,75.3869088523862,0,0
2023-02-19,DMA_058,68.43360238583257,0,0
2023-02-19,DMA_059,87.46229310354454,0,0
2023-02-19,DMA_060,84.87184149827169,0,0
2023-02-19,DMA_061,80.1418466970379,0,0
2023-02-19,DMA_062,79.47527565218411,0,0
2023-02-19,DMA_063,70.45047560771032,0,0
2023-02-19,DMA_064,74.40828051691749,0,0
2023-02-19,DMA_065,61.74680087536214,0,0
2023-02-19,DMA_066,72.87022466227725,0,0
2023-02-19,DMA_067,76.30426524813359,0,0
2023-02-19,DMA_068,74.95652065420882,0,0
2023-02-19,DMA_069,69.16050666595365,0,0
2023-02-19,DMA_070,79.97223205999056,0,1
2023-02-19,DMA_071,74.1876673823634,0,0
2023-02-19,DMA_072,84.16302271314524,0,0
2023-02-19,DMA_073,78.08927860260768,0,0
2023-02-19,DMA_074,73.30990090442043,0,0
2023-02-19,DMA_075,71.87331028263317,0,0
2023-02-19,DMA_076,74.27974498515539,0,0
2023-02-19,DMA_077,72.28585351311895,0,0
2023-02-19,DMA_078,65.13003441604971,0,0
2023-02-19,DMA_079,76.90394559577996,0,0
2023-02-19,DMA_080,70.49429449281185,0,0
2023-02-19,DMA_081,75.47332954179853,0,0
2023-02-19,DMA_082,73.67217526272736,0,1
2023-02-19,DMA_083,63.782773694243126,0,1
2023-02-19,DMA_084,77.9299237033241,0,0
2023-02-19,DMA_085,75.35735826160013,0,0
2023-02-19,DMA_086,73.91039348132301,0,0
2023-02-19,DMA_087,86.58467802307172,0,0
2023-02-19,DMA_088,70.4248859366818,0,0
2023-02-19,DMA_089,69.02331436616139,0,0
2023-02-19,DMA_090,77.62561019330862,0,0
2023-02-19,DMA_091,72.77401587654603,0,0
2023-02-19,DMA_092,77.29389312200286,0,0
2023-02-19,DMA_093,75.64043851227268,0,1
2023-02-19,DMA_094,75.35516970645673,0,1
2023-02-19,DMA_095,72.88935016962029,0,1
2023-02-19,DMA_096,84.21106037586962,0,0
2023-02-19,DMA_097,82.8315042545144,0,0
2023-02-19,DMA_098,75.5025845179497,0,0
2023-02-19,DMA_099,77.98817396087587,0,0
2023-02-19,DMA_100,65.27227111292122,0,0
2023-02-19,DMA_101,64.79086762889314,0,0
2023-02-19,DMA_102,74.76005728974314,0,0
2023-02-19,DMA_103,82.45144056505212,0,1
2023-02-19,DMA_104,75.3670930683475,0,0
2023-02-19,DMA_105,88.62472947894423,0,0
2023-02-19,DMA_106,75.96918093701628,0,0
2023-02-19,DMA_107,74.59094603198925,0,0
2023-02-19,DMA_108,71.61075388959837,0,0
2023-02-19,DMA_109,74.57400664590071,0,1
2023-02-19,DMA_110,83.23393544251317,0,0
2023-02-19,DMA_111,60.24683575539285,0,0
2023-02-19,DMA_112,67.88164825505244,0,0
2023-02-19,DMA_113,66.2670981548611,0,0
2023-02-19,DMA_114,84.91941538820703,0,0
2023-02-19,DMA_115,65.61224217979985,0,1
2023-02-19,DMA_116,85.57533749265907,0,0
2023-02-19,DMA_117,72.85943092458825,0,1
2023-02-19,DMA_118,87.58245887249672,0,0
2023-02-19,DMA_119,63.242901098677066,0,0
2023-02-19,DMA_120,80.75278063752177,0,0
2023-02-19,DMA_121,74.52784210950614,0,0
2023-02-19,DMA_122,69.478147912316,0,0
2023-02-19,DMA_123,76.43844111982331,0,0
2023-02-19,DMA_124,73.66785283295017,0,0
2023-02-19,DMA_125,76.40674191513435,0,0
2023-02-19,DMA_126,63.061303894006514,0,0
2023-02-19,DMA_127,79.77979065926795,0,0
2023-02-19,DMA_128,73.74615741538996,0,0
2023-02-19,DMA_129,68.66452874543086,0,0
2023-02-19,DMA_130,67.15947922626981,0,0
2023-02-19,DMA_131,59.734993447604005,0,0
2023-02-19,DMA_132,70.09353448229606,0,0
2023-02-19,DMA_133,67.47519062942186,0,0
2023-02-19,DMA_134,69.04396243214883,0,0
2023-02-19,DMA_135,82.35106177937462,0,0
2023-02-19,DMA_136,74.22708858666694,0,0
2023-02-19,DMA_137,71.01638508464085,0,0
2023-02-19,DMA_138,83.00430063865932,0,1
2023-02-19,DMA_139,72.62992557559022,0,0
2023-02-19,DMA_140,71.68635452735927,0,0
2023-02-19,DMA_141,77.2153874923772,0,0
2023-02-19,DMA_142,73.86225980798362,0,0
2023-02-19,DMA_143,74.86763552677057,0,0
2023-02-19,DMA_144,65.73377669495122,0,0
2023-02-19,DMA_145,78.52015435145154,0,0
2023-02-19,DMA_146,70.67861708378923,0,0
2023-02-19,DMA_147,83.96576334689345,0,0
2023-02-19,DMA_148,82.2237391033445,0,0
2023-02-19,DMA_149,71.74204271390734,0,1
2023-02-19,DMA_150,80.16707894249922,0,0
2023-02-26,DMA_001,71.92674938892414,0,0
2023-02-26,DMA_002,61.487787149811766,0,0
2023-02-26,DMA_003,72.8461669490167,0,0
2023-02-26,DMA_004,76.6109949773304,0,0
2023-02-26,DMA_005,73.42888395014853,0,0
2023-02-26,DMA_006,68.69686721158237,0,0
2023-02-26,DMA_007,76.32360016743958,0,0
2023-02-26,DMA_008,68.85487379461277,0,1
2023-02-26,DMA_009,67.90213182126517,0,1
2023-02-26,DMA_010,73.35852154782897,0,0
2023-02-26,DMA_011,66.99512761984565,0,0
2023-02-26,DMA_012,79.57555404895531,0,0
2023-02-26,DMA_013,68.49620626669716,0,0
2023-02-26,DMA_014,65.27009360780079,0,0
2023-02-26,DMA_015,67.60035933871885,0,0
2023-02-26,DMA_016,69.30811560081382,0,0
2023-02-26,DMA_017,72.82323228985868,0,0
2023-02-26,DMA_018,76.8950913090346,0,1
2023-02-26,DMA_019,85.86630843902755,0,0
2023-02-26,DMA_020,74.17441220265282,0,0
2023-02-26,DMA_021,62.71437829573304,0,1
2023-02-26,DMA_022,77.17865159911597,0,0
2023-02-26,DMA_023,75.35198103748655,0,1
2023-02-26,DMA_024,66.8218402964103,0,0
2023-02-26,DMA_025,68.1378141160178,0,0
2023-02-26,DMA_026,74.38421412338234,0,1
2023-02-26,DMA_027,64.23476389567566,0,0
2023-02-26,DMA_028,73.99171634780048,0,0
2023-02-26,DMA_029,77.84356485683051,0,0
2023-02-26,DMA_030,69.91378536310684,0,0
2023-02-26,DMA_031,74.73657813864718,0,1
2023-02-26,DMA_032,74.30688060320625,0,0
2023-02-26,DMA_033,73.6421304036314,0,1
2023-02-26,DMA_034,67.6856188895137,0,0
2023-02-26,DMA_035,64.6993107692383,0,1
2023-02-26,DMA_036,74.72860840978706,0,0
2023-02-26,DMA_037,69.65323647339093,0,0
2023-02-26,DMA_038,73.51074351329876,0,0
2023-02-26,DMA_039,82.24587273395076,0,0
2023-02-26,DMA_040,73.60815135801724,0,0
2023-02-26,DMA_041,77.55374990081897,0,0
2023-02-26,DMA_042,76.61688465770055,0,0
2023-02-26,DMA_043,74.81646084726117,0,0
2023-02-26,DMA_044,81.0086173724394,0,0
2023-02-26,DMA_045,71.02904759138015,0,0
2023-02-26,DMA_046,74.99361986685176,0,0
2023-02-26,DMA_047,68.72306549661302,0,0
2023-02-26,DMA_048,74.19402242004985,0,0
2023-02-26,DMA_049,74.33313485155284,0,0
2023-02-26,DMA_050,72.38742945876358,0,0
2023-02-26,DMA_051,75.45752491585338,0,0
2023-02-26,DMA_052,77.10312305395323,0,1
2023-02-26,DMA_053,62.43151325193694,0,0
2023-02-26,DMA_054,80.4412205655473,0,0
2023-02-26,DMA_055,76.69110118919082,0,1
2023-02-26,DMA_056,58.58313185512198,0,0
2023-02-26,DMA_057,74.78070296847734,0,1
2023-02-26,DMA_058,76.10991080819767,0,0
2023-02-26,DMA_059,64.6052220820903,0,0
2023-02-26,DMA_060,68.0855604728639,0,0
2023-02-26,DMA_061,75.82958880961165,0,0
2023-02-26,DMA_062,72.65013714344167,0,1
2023-02-26,DMA_063,69.29415062859461,0,0
2023-02-26,DMA_064,65.76082032779256,0,0
2023-02-26,DMA_065,82.50626861468419,0,0
2023-02-26,DMA_066,72.72963996993754,0,0
2023-02-26,DMA_067,77.23338597688881,0,0
2023-02-26,DMA_068,72.4277269148884,0,0
2023-02-26,DMA_069,78.12223877444256,0,0
2023-02-26,DMA_070,65.41272104538203,0,1
2023-02-26,DMA_071,64.56096066683438,0,0
2023-02-26,DMA_072,75.30887804853585,0,0
2023-02-26,DMA_073,71.94249997348506,0,0
2023-02-26,DMA_074,72.5531484257553,0,0
2023-02-26,DMA_075,67.28251427813325,0,0
2023-02-26,DMA_076,63.04994090068026,0,0
2023-02-26,DMA_077,62.06168894888391,0,0
2023-02-26,DMA_078,65.66567305730635,0,0
2023-02-26,DMA_079,65.66478127923396,0,0
2023-02-26,DMA_080,74.09049469169183,0,0
2023-02-26,DMA_081,72.42855001133083,0,0
2023-02-26,DMA_082,75.28382904750794,0,0
2023-02-26,DMA_083,71.32502831811495,0,0
2023-02-26,DMA_084,67.52279181501812,0,0
2023-02-26,DMA_085,79.15777565309844,0,0
2023-02-26,DMA_086,64.98778890561334,0,0
2023-02-26,DMA_087,64.41698923815431,0,0
2023-02-26,DMA_088,75.72990171716474,0,0
2023-02-26,DMA_089,73.5271294944243,0,0
2023-02-26,DMA_090,65.91944590602465,0,0
2023-02-26,DMA_091,69.96095490530737,0,0
2023-02-26,DMA_092,68.85058725006738,0,0
2023-02-26,DMA_093,67.33412704823947,0,0
2023-02-26,DMA_094,70.70363468804842,0,1
2023-02-26,DMA_095,65.86749871684634,0,0
2023-02-26,DMA_096,67.19768228388853,0,1
2023-02-26,DMA_097,73.17707874952463,0,0
2023-02-26,DMA_098,69.53984934459916,0,1
2023-02-26,DMA_099,68.17549264050852,0,0
2023-02-26,DMA_100,72.98521448689164,0,0
2023-02-26,DMA_101,79.75751726145417,0,1
2023-02-26,DMA_102,76.33744581717497,0,0
2023-02-26,DMA_103,73.04086498025568,0,0
2023-02-26,DMA_104,75.16549697336704,0,0
2023-02-26,DMA_105,67.38705788494752,0,0
2023-02-26,DMA_106,81.22436146279917,0,0
2023-02-26,DMA_107,71.88878313879262,0,1
2023-02-26,DMA_108,67.76786197852871,0,0
2023-02-26,DMA_109,81.61998981184077,0,0
2023-02-26,DMA_110,74.07396399042877,0,1
2023-02-26,DMA_111,67.15116430287722,0,1
2023-02-26,DMA_112,79.42808873016162,0,0
2023-02-26,DMA_113,75.5649503379192,0,0
2023-02-26,DMA_114,75.87704034150408,0,0
2023-02-26,DMA_115,72.66125179198929,0,0
2023-02-26,DMA_116,72.67867725767618,0,0
2023-02-26,DMA_117,80.63321319314225,0,0
2023-02-26,DMA_118,70.24097178205196,0,0
2023-02-26,DMA_119,71.30340557091878,0,1
2023-02-26,DMA_120,74.3030706506614,0,1
2023-02-26,DMA_121,66.96479234782531,0,0
2023-02-26,DMA_122,66.03336948287287,0,0
2023-02-26,DMA_123,66.87484362768001,0,0
2023-02-26,DMA_124,72.14775765802734,0,0
2023-02-26,DMA_125,64.36988370799627,0,0
2023-02-26,DMA_126,66.95653892054466,0,0
2023-02-26,DMA_127,76.6444077575049,0,1
2023-02-26,DMA_128,75.5271100409278,0,1
2023-02-26,DMA_129,79.75111694835863,0,1
2023-02-26,DMA_130,65.29936972395353,0,0
2023-02-26,DMA_131,76.26153085009356,0,0
2023-02-26,DMA_132,66.61173057364847,0,0
2023-02-26,DMA_133,66.20142959413869,0,0
2023-02-26,DMA_134,69.80315358171681,0,0
2023-02-26,DMA_135,74.35490180726123,0,0
2023-02-26,DMA_136,70.1982840730136,0,0
2023-02-26,DMA_137,70.86553751932448,0,0
2023-02-26,DMA_138,91.60496025002536,0,0
2023-02-26,DMA_139,70.66613112431058,0,1
2023-02-26,DMA_140,64.56447974933839,0,0
2023-02-26,DMA_141,71.7530179015634,0,0
2023-02-26,DMA_142,75.86007979970002,0,0
2023-02-26,DMA_143,72.69690324244169,0,0
2023-02-26,DMA_144,66.11904047775153,0,0
2023-02-26,DMA_145,73.83495868950865,0,0
2023-02-26,DMA_146,69.72444070348033,0,0
2023-02-26,DMA_147,73.8467686613411,0,0
2023-02-26,DMA_148,78.09472048893367,0,0
2023-02-26,DMA_149,68.18928217377996,0,0
2023-02-26,DMA_150,59.758983363093506,0,0
2023-03-05,DMA_001,63.61124439886222,0,1
2023-03-05,DMA_002,66.89373452831099,0,0
2023-03-05,DMA_003,63.169540199518586,0,0
2023-03-05,DMA_004,70.14466279527949,0,0
2023-03-05,DMA_005,68.33678816466484,0,1
2023-03-05,DMA_006,75.75278339857404,0,1
2023-03-05,DMA_007,72.16111462268466,0,0
2023-03-05,DMA_008,64.2983850326623,0,0
2023-03-05,DMA_009,62.17820668940474,0,1
2023-03-05,DMA_010,70.80331792628824,0,0
2023-03-05,DMA_011,68.34400094352934,0,0
2023-03-05,DMA_012,69.03697793780697,0,0
2023-03-05,DMA_013,63.97175382708327,0,1
2023-03-05,DMA_014,66.30001729385052,0,0
2023-03-05,DMA_015,65.87830511251373,0,0
2023-03-05,DMA_016,56.89436320466872,0,1
2023-03-05,DMA_017,73.99903921434412,0,0
2023-03-05,DMA_018,76.09469116287411,0,0
2023-03-05,DMA_019,66.45863141292145,0,0
2023-03-05,DMA_020,64.71088711457492,0,0
2023-03-05,DMA_021,69.50912386727981,0,0
2023-03-05,DMA_022,59.29278150186403,0,0
2023-03-05,DMA_023,64.83998243526526,0,0
2023-03-05,DMA_024,72.72112275560524,0,1
2023-03-05,DMA_025,72.69172970580635,0,0
2023-03-05,DMA_026,66.28894783113752,0,1
2023-03-05,DMA_027,71.62701036483406,0,0
2023-03-05,DMA_028,64.86635210623157,0,0
2023-03-05,DMA_029,79.63439869605786,0,0
2023-03-05,DMA_030,62.91412697627621,0,0
2023-03-05,DMA_031,59.90323582304659,0,0
2023-03-05,DMA_032,72.89865809417206,0,0
2023-03-05,DMA_033,65.64875931284203,0,0
2023-03-05,DMA_034,66.39120492345762,0,0
2023-03-05,DMA_035,72.25662711246063,0,0
2023-03-05,DMA_036,66.3278613513206,0,0
2023-03-05,DMA_037,83.1026492711,0,0
2023-03-05,DMA_038,70.23855628084324,0,1
2023-03-05,DMA_039,69.82508215434929,0,0
2023-03-05,DMA_040,76.45752883178397,0,0
2023-03-05,DMA_041,73.20075866052231,0,0
2023-03-05,DMA_042,72.25890075362865,0,1
2023-03-05,DMA_043,71.68467404767406,0,0
2023-03-05,DMA_044,62.78173155768821,0,0
2023-03-05,DMA_045,67.88961855835221,0,0
2023-03-05,DMA_046,74.5936520919607,0,0
2023-03-05,DMA_047,66.04298467524718,0,0
2023-03-05,DMA_048,76.72606323729309,0,0
2023-03-05,DMA_049,61.161358398455235,0,0
2023-03-05,DMA_050,77.30438377134708,0,1
2023-03-05,DMA_051,71.79473170044736,0,1
2023-03-05,DMA_052,66.1002590680048,0,0
2023-03-05,DMA_053,67.84882515394709,0,0
2023-03-05,DMA_054,67.96829563003136,0,0
2023-03-05,DMA_055,64.89023861466619,0,0
2023-03-05,DMA_056,68.1003265335204,0,0
2023-03-05,DMA_057,60.838506909043296,0,0
2023-03-05,DMA_058,78.65871607429719,0,1
2023-03-05,DMA_059,68.6552224396128,0,0
2023-03-05,DMA_060,65.67366516592104,0,0
2023-03-05,DMA_061,70.18453146761158,0,0
2023-03-05,DMA_062,61.8267662710606,0,0
2023-03-05,DMA_063,61.43079908500372,0,0
2023-03-05,DMA_064,69.30535009126912,0,0
2023-03-05,DMA_065,65.74093226773245,0,0
2023-03-05,DMA_066,82.52396272714495,0,1
2023-03-05,DMA_067,75.04502676344322,0,0
2023-03-05,DMA_068,65.86804697013758,0,0
2023-03-05,DMA_069,74.442279950875,0,1
2023-03-05,DMA_070,72.67644725120563,0,0
2023-03-05,DMA_071,72.8000857367524,0,0
2023-03-05,DMA_072,69.7046378191098,0,0
2023-03-05,DMA_073,69.81396682834615,0,0
2023-03-05,DMA_074,58.583350247473916,0,0
2023-03-05,DMA_075,62.73016673985062,0,0
2023-03-05,DMA_076,74.5470156731334,0,0
2023-03-05,DMA_077,68.70982002257189,0,0
2023-03-05,DMA_078,65.70512021466266,0,0
2023-03-05,DMA_079,72.3062641441904,0,0
2023-03-05,DMA_080,56.0042825764937,0,0
2023-03-05,DMA_081,57.81011075561022,0,0
2023-03-05,DMA_082,73.70129152705765,0,0
2023-03-05,DMA_083,70.84186850367377,0,0
2023-03-05,DMA_084,62.4460866838361,0,0
2023-03-05,DMA_085,64.2892628752354,0,0
2023-03-05,DMA_086,68.49180918582894,0,0
2023-03-05,DMA_087,65.9312710790607,0,1
2023-03-05,DMA_088,70.0678602585311,0,0
2023-03-05,DMA_089,66.76844813118237,0,1
2023-03-05,DMA_090,71.49521937803196,0,0
2023-03-05,DMA_091,61.36087565457281,0,0
2023-03-05,DMA_092,79.84700640812136,0,1
2023-03-05,DMA_093,69.45405057170672,0,0
2023-03-05,DMA_094,75.32955394831464,0,0
2023-03-05,DMA_095,61.57566909167235,0,0
2023-03-05,DMA_096,68.66048396652333,0,0
2023-03-05,DMA_097,79.50034357503101,0,0
2023-03-05,DMA_098,65.4756244185716,0,0
2023-03-05,DMA_099,64.08316959711156,0,1
2023-03-05,DMA_100,75.41962347836163,0,1
2023-03-05,DMA_101,70.24386369454754,0,0
2023-03-05,DMA_102,68.65647144625706,0,0
2023-03-05,DMA_103,73.28279547827582,0,1
2023-03-05,DMA_104,71.67963891852433,0,0
2023-03-05,DMA_105,69.31374917101283,0,0
2023-03-05,DMA_106,72.15662318319289,0,0
2023-03-05,DMA_107,65.56803299794865,0,0
2023-03-05,DMA_108,65.82769101412629,0,0
2023-03-05,DMA_109,71.13445088973263,0,0
2023-03-05,DMA_110,62.22777370766831,0,0
2023-03-05,DMA_111,73.6070357591781,0,0
2023-03-05,DMA_112,70.38037782694897,0,0
2023-03-05,DMA_113,69.95227747133914,0,0
2023-03-05,DMA_114,79.21094418992148,0,0
2023-03-05,DMA_115,79.21552653345799,0,0
2023-03-05,DMA_116,76.98678799755712,0,0
2023-03-05,DMA_117,66.76323070328014,0,0
2023-03-05,DMA_118,61.82300433666171,0,0
2023-03-05,DMA_119,61.59183720687562,0,0
2023-03-05,DMA_120,72.85367525236013,0,0
2023-03-05,DMA_121,76.35289387632648,0,1
2023-03-05,DMA_122,73.3488255024065,0,0
2023-03-05,DMA_123,67.42208272298781,0,0
2023-03-05,DMA_124,74.52011757351205,0,0
2023-03-05,DMA_125,65.41434361968577,0,0
2023-03-05,DMA_126,73.79373756222883,0,0
2023-03-05,DMA_127,72.10985211375996,0,1
2023-03-05,DMA_128,71.54910771742249,0,1
2023-03-05,DMA_129,66.87637020371983,0,0
2023-03-05,DMA_130,72.1364676584917,0,0
2023-03-05,DMA_131,83.03781983523567,0,0
2023-03-05,DMA_132,77.02870592119875,0,0
2023-03-05,DMA_133,72.62425294300212,0,0
2023-03-05,DMA_134,74.85397125187035,0,0
2023-03-05,DMA_135,58.905628479808584,0,0
2023-03-05,DMA_136,63.63175967673253,0,0
2023-03-05,DMA_137,64.20499274840563,0,0
2023-03-05,DMA_138,74.37574994325355,0,0
2023-03-05,DMA_139,66.51511204081211,0,0
2023-03-05,DMA_140,66.73714239663485,0,0
2023-03-05,DMA_141,60.04026606912112,0,0
2023-03-05,DMA_142,64.42262045048516,0,0
2023-03-05,DMA_143,67.96353269377263,0,0
2023-03-05,DMA_144,79.5328986342337,0,0
2023-03-05,DMA_145,77.75203388431748,0,0
2023-03-05,DMA_146,69.60659356361289,0,0
2023-03-05,DMA_147,70.09185448426497,0,0
2023-03-05,DMA_148,76.63377836333896,0,0
2023-03-05,DMA_149,65.07707575622729,0,0
2023-03-05,DMA_150,66.23919966955103,0,1
2023-03-12,DMA_001,73.44532864908669,0,0
2023-03-12,DMA_002,64.7173879752604,0,0
2023-03-12,DMA_003,73.88291541192903,0,0
2023-03-12,DMA_004,64.62534893300291,0,0
2023-03-12,DMA_005,76.7076965833555,0,1
2023-03-12,DMA_006,66.65097394635076,0,0
2023-03-12,DMA_007,70.19085955387187,0,0
2023-03-12,DMA_008,70.73367365302809,0,1
2023-03-12,DMA_009,70.64006162462724,0,0
2023-03-12,DMA_010,60.759589606708346,0,0
2023-03-12,DMA_011,60.6373461364347,0,0
2023-03-12,DMA_012,72.56253761322328,0,1
2023-03-12,DMA_013,75.33855810308674,0,0
2023-03-12,DMA_014,60.68546668820066,0,0
2023-03-12,DMA_015,65.41338041085285,0,0
2023-03-12,DMA_016,68.98382946149309,0,0
2023-03-12,DMA_017,67.473739798479,0,1
2023-03-12,DMA_018,64.52335063883622,0,0
2023-03-12,DMA_019,74.65966878695026,0,1
2023-03-12,DMA_020,63.24559226639573,0,0
2023-03-12,DMA_021,67.56044520056689,0,0
2023-03-12,DMA_022,63.48047926764171,0,0
2023-03-12,DMA_023,58.811609233529815,0,0
2023-03-12,DMA_024,64.91795015667856,0,0
2023-03-12,DMA_025,71.06703502497047,0,0
2023-03-12,DMA_026,68.41645367962907,0,0
2023-03-12,DMA_027,68.81477741079382,0,0
2023-03-12,DMA_028,64.44757128170393,0,0
2023-03-12,DMA_029,66.61492081731305,0,0
2023-03-12,DMA_030,75.14181652217889,0,0
2023-03-12,DMA_031,66.77868429747141,0,0
2023-03-12,DMA_032,60.658261409758424,0,0
2023-03-12,DMA_033,66.97933408741005,0,0
2023-03-12,DMA_034,59.843191921417855,0,0
2023-03-12,DMA_035,63.26067263813169,0,0
2023-03-12,DMA_036,69.5181265961659,0,0
2023-03-12,DMA_037,58.02355705611777,0,0
2023-03-12,DMA_038,72.1616866953717,0,0
2023-03-12,DMA_039,65.75382818159028,0,1
2023-03-12,DMA_040,77.60843600263865,0,0
2023-03-12,DMA_041,73.91048872186612,0,0
2023-03-12,DMA_042,57.607117292643025,0,0
2023-03-12,DMA_043,62.15693115400766,0,0
2023-03-12,DMA_044,72.52577801753799,0,0
2023-03-12,DMA_045,82.35796529845838,0,0
2023-03-12,DMA_046,64.09571690938566,0,0
2023-03-12,DMA_047,66.68084714751924,0,0
2023-03-12,DMA_048,63.06153792179964,0,0
2023-03-12,DMA_049,69.12152409256943,0,0
2023-03-12,DMA_050,55.72513648008607,0,0
2023-03-12,DMA_051,68.40176787512632,0,0
2023-03-12,DMA_052,71.93532212426496,0,1
2023-03-12,DMA_053,73.50154706099083,0,0
2023-03-12,DMA_054,60.264734249417664,0,0
2023-03-12,DMA_055,63.566890479142906,0,0
2023-03-12,DMA_056,58.525524480916005,0,0
2023-03-12,DMA_057,64.82306505075086,0,1
2023-03-12,DMA_058,65.24751864012781,0,0
2023-03-12,DMA_059,69.51117880396995,0,0
2023-03-12,DMA_060,80.78794857323597,0,0
2023-03-12,DMA_061,79.35472769837536,0,0
2023-03-12,DMA_062,70.59851371423292,0,0
2023-03-12,DMA_063,63.08569325085966,0,0
2023-03-12,DMA_064,67.15438860442109,0,0
2023-03-12,DMA_065,73.24049894317318,0,1
2023-03-12,DMA_066,64.13559228986288,0,0
2023-03-12,DMA_067,63.14686198948954,0,0
2023-03-12,DMA_068,64.62777677400129,0,0
2023-03-12,DMA_069,70.74176098100584,0,0
2023-03-12,DMA_070,65.16724115105973,0,0
2023-03-12,DMA_071,67.03989891658028,0,1
2023-03-12,DMA_072,61.3828903168072,0,0
2023-03-12,DMA_073,56.50986845702358,0,0
2023-03-12,DMA_074,60.25168300393494,0,0
2023-03-12,DMA_075,67.23391303401621,0,1
2023-03-12,DMA_076,57.55064086174481,0,1
2023-03-12,DMA_077,61.5380110066856,0,1
2023-03-12,DMA_078,67.58103338960123,0,0
2023-03-12,DMA_079,68.8489084614725,0,0
2023-03-12,DMA_080,69.90123801405606,0,0
2023-03-12,DMA_081,69.19259706892406,0,0
2023-03-12,DMA_082,61.29903468652914,0,1
2023-03-12,DMA_083,68.6419084296977,0,0
2023-03-12,DMA_084,74.38643102132072,0,0
2023-03-12,DMA_085,71.86071962418394,0,0
2023-03-12,DMA_086,59.246156559774334,0,0
2023-03-12,DMA_087,66.75299344454149,0,0
2023-03-12,DMA_088,58.577651859789945,0,0
2023-03-12,DMA_089,77.56774662839557,0,0
2023-03-12,DMA_090,73.44073673561547,0,1
2023-03-12,DMA_091,60.24173581517973,0,0
2023-03-12,DMA_092,62.875552181962,0,0
2023-03-12,DMA_093,73.95485186746173,0,0
2023-03-12,DMA_094,60.971750860072426,0,0
2023-03-12,DMA_095,57.58526561302844,0,1
2023-03-12,DMA_096,75.08418100581089,0,0
2023-03-12,DMA_097,68.17485158561564,0,0
2023-03-12,DMA_098,54.44392105595823,0,0
2023-03-12,DMA_099,75.49693417903187,0,0
2023-03-12,DMA_100,68.31974555198332,0,0
2023-03-12,DMA_101,63.91696470314672,0,0
2023-03-12,DMA_102,72.77150856741741,0,0
2023-03-12,DMA_103,66.94204326935761,0,0
2023-03-12,DMA_104,65.88101886494269,0,0
2023-03-12,DMA_105,64.29057492653227,0,0
2023-03-12,DMA_106,61.88896910678729,0,0
2023-03-12,DMA_107,65.54306115316926,0,0
2023-03-12,DMA_108,64.68159856585896,0,0
2023-03-12,DMA_109,64.37116557671114,0,0
2023-03-12,DMA_110,68.8076669796257,0,0
2023-03-12,DMA_111,73.04409964440606,0,0
2023-03-12,DMA_112,62.57511870574316,0,1
2023-03-12,DMA_113,58.641411860873674,0,1
2023-03-12,DMA_114,65.47827444012424,0,0
2023-03-12,DMA_115,55.993273221235015,0,0
2023-03-12,DMA_116,68.91066398169284,0,0
2023-03-12,DMA_117,78.74178962938907,0,0
2023-03-12,DMA_118,59.56780352875097,0,0
2023-03-12,DMA_119,74.25619256786776,0,0
2023-03-12,DMA_120,61.96500407426224,0,0
2023-03-12,DMA_121,69.85267443857104,0,0
2023-03-12,DMA_122,63.9656790725774,0,0
2023-03-12,DMA_123,66.32089048705706,0,0
2023-03-12,DMA_124,64.62757948219141,0,0
2023-03-12,DMA_125,53.390950541714204,0,0
2023-03-12,DMA_126,60.93498154840132,0,1
2023-03-12,DMA_127,67.61097583693785,0,0
2023-03-12,DMA_128,67.49500088297319,0,0
2023-03-12,DMA_129,61.01003257262795,0,0
2023-03-12,DMA_130,56.94490669785646,0,1
2023-03-12,DMA_131,74.3114797781713,0,0
2023-03-12,DMA_132,66.17856325092252,0,0
2023-03-12,DMA_133,65.35145302394595,0,0
2023-03-12,DMA_134,56.33268505069483,0,0
2023-03-12,DMA_135,65.52074129635275,0,0
2023-03-12,DMA_136,68.8170748511833,0,1
2023-03-12,DMA_137,70.00047814793683,0,0
2023-03-12,DMA_138,66.13660798417361,0,0
2023-03-12,DMA_139,63.487903114926496,0,0
2023-03-12,DMA_140,75.6446890705698,0,0
2023-03-12,DMA_141,68.71797952201561,0,0
2023-03-12,DMA_142,71.12325908904539,0,0
2023-03-12,DMA_143,68.0348323631929,0,0
2023-03-12,DMA_144,67.272932741931,0,0
2023-03-12,DMA_145,65.45967522329869,0,1
2023-03-12,DMA_146,67.41018986672181,0,0
2023-03-12,DMA_147,65.02985742952481,0,0
2023-03-12,DMA_148,57.62856065945421,0,0
2023-03-12,DMA_149,61.313724641844594,0,0
2023-03-12,DMA_150,64.50568160352452,0,0
2023-03-19,DMA_001,68.85338261551632,0,1
2023-03-19,DMA_002,70.04244805839717,0,0
2023-03-19,DMA_003,55.903672040874206,0,0
2023-03-19,DMA_004,68.46174972818304,0,0
2023-03-19,DMA_005,71.89395288173971,0,1
2023-03-19,DMA_006,52.77741152815166,0,0
2023-03-19,DMA_007,62.114306269954724,0,0
2023-03-19,DMA_008,58.56590439481355,0,0
2023-03-19,DMA_009,61.767027253368816,0,1
2023-03-19,DMA_010,69.50579417722122,0,0
2023-03-19,DMA_011,59.61464360258217,0,0
2023-03-19,DMA_012,74.6157552079505,0,0
2023-03-19,DMA_013,63.24209280273325,0,0
2023-03-19,DMA_014,69.71601723930776,0,0
2023-03-19,DMA_015,61.81339350203016,0,0
2023-03-19,DMA_016,58.89437229297769,0,1
2023-03-19,DMA_017,56.1661186487189,0,0
2023-03-19,DMA_018,70.31915928670475,0,0
2023-03-19,DMA_019,68.44701856790077,0,1
2023-03-19,DMA_020,49.301986103190444,0,0
2023-03-19,DMA_021,76.60129868525962,0,0
2023-03-19,DMA_022,71.18626612671841,0,1
2023-03-19,DMA_023,59.68429285954464,0,0
2023-03-19,DMA_024,64.76439664061107,0,0
2023-03-19,DMA_025,65.62165764307758,0,1
2023-03-19,DMA_026,60.6924808341322,0,0
2023-03-19,DMA_027,58.590226236907874,0,0
2023-03-19,DMA_028,61.00007766239801,0,0
2023-03-19,DMA_029,62.442167372666084,0,1
2023-03-19,DMA_030,60.52986705018548,0,0
2023-03-19,DMA_031,64.99202543930902,0,0
2023-03-19,DMA_032,64.35508002762586,0,0
2023-03-19,DMA_033,69.93055559491052,0,0
2023-03-19,DMA_034,65.42443494158223,0,0
2023-03-19,DMA_035,69.39061703432321,0,0
2023-03-19,DMA_036,76.4944892638141,0,0
2023-03-19,DMA_037,68.44271369433528,0,0
2023-03-19,DMA_038,64.23180104561612,0,0
2023-03-19,DMA_039,62.82134498800114,0,0
2023-03-19,DMA_040,70.03547782424408,0,0
2023-03-19,DMA_041,57.45693015295928,0,0
2023-03-19,DMA_042,69.28847099953282,0,1
2023-03-19,DMA_043,65.22413622450252,0,0
2023-03-19,DMA_044,61.71271006121089,0,0
2023-03-19,DMA_045,59.12050094477419,0,0
2023-03-19,DMA_046,68.38984341468556,0,0
2023-03-19,DMA_047,69.27851302709334,0,0
2023-03-19,DMA_048,52.979483175184306,0,0
2023-03-19,DMA_049,78.01380717834911,0,1
2023-03-19,DMA_050,63.38717857590678,0,0
2023-03-19,DMA_051,71.84091683892741,0,0
2023-03-19,DMA_052,58.51011899238582,0,0
2023-03-19,DMA_053,62.713262014927444,0,0
2023-03-19,DMA_054,63.833567103157904,0,0
2023-03-19,DMA_055,64.84516321690003,0,0
2023-03-19,DMA_056,67.02965960452642,0,0
2023-03-19,DMA_057,58.97078122561947,0,0
2023-03-19,DMA_058,67.77104097538637,0,0
2023-03-19,DMA_059,67.15037188207172,0,0
2023-03-19,DMA_060,60.960330694994134,0,0
2023-03-19,DMA_061,62.835870595980026,0,0
2023-03-19,DMA_062,71.61702603658645,0,0
2023-03-19,DMA_063,58.54176754255499,0,0
2023-03-19,DMA_064,62.375958925124046,0,0
2023-03-19,DMA_065,67.69919450849127,0,0
2023-03-19,DMA_066,59.37412518029324,0,1
2023-03-19,DMA_067,68.73513241211779,0,0
2023-03-19,DMA_068,70.30063919765307,0,0
2023-03-19,DMA_069,57.149629326487826,0,0
2023-03-19,DMA_070,63.68222761167006,0,0
2023-03-19,DMA_071,69.19109447808171,0,0
2023-03-19,DMA_072,58.129583291847545,0,0
2023-03-19,DMA_073,64.2049787853721,0,0
2023-03-19,DMA_074,61.87681163341001,0,0
2023-03-19,DMA_075,81.43008799077978,0,0
2023-03-19,DMA_076,60.74458851185871,0,0
2023-03-19,DMA_077,58.74465242610246,0,0
2023-03-19,DMA_078,77.10170270325085,0,0
2023-03-19,DMA_079,65.8675660203245,0,0
2023-03-19,DMA_080,65.22202008315978,0,0
2023-03-19,DMA_081,66.49256850252308,0,0
2023-03-19,DMA_082,66.74778499895262,0,0
2023-03-19,DMA_083,69.35175365872965,0,0
2023-03-19,DMA_084,62.660177298860845,0,0
2023-03-19,DMA_085,61.192409033734236,0,0
2023-03-19,DMA_086,70.34638288850593,0,0
2023-03-19,DMA_087,62.18319823776656,0,1
2023-03-19,DMA_088,66.51384559098233,0,0
2023-03-19,DMA_089,65.40308834934748,0,0
2023-03-19,DMA_090,57.1919898712763,0,0
2023-03-19,DMA_091,66.31743933777628,0,0
2023-03-19,DMA_092,70.28936362621677,0,0
2023-03-19,DMA_093,51.42582844627866,0,0
2023-03-19,DMA_094,68.25786996886417,0,0
2023-03-19,DMA_095,70.18803584604133,0,0
2023-03-19,DMA_096,68.01947012021164,0,1
2023-03-19,DMA_097,51.7116196483441,0,0
2023-03-19,DMA_098,59.03242273574738,0,1
2023-03-19,DMA_099,67.92272436437042,0,0
2023-03-19,DMA_100,58.39350673461826,0,0
2023-03-19,DMA_101,53.05371771121618,0,0
2023-03-19,DMA_102,69.58720980004647,0,0
2023-03-19,DMA_103,60.319842442013574,0,0
2023-03-19,DMA_104,65.45738121109922,0,0
2023-03-19,DMA_105,78.98575918137472,0,0
2023-03-19,DMA_106,69.17616998999668,0,1
2023-03-19,DMA_107,55.70598953908723,0,0
2023-03-19,DMA_108,54.62424351493431,0,0
2023-03-19,DMA_109,66.14088955508355,0,0
2023-03-19,DMA_110,61.394138825160375,0,0
2023-03-19,DMA_111,65.9557241076931,0,0
2023-03-19,DMA_112,57.91687069828387,0,0
2023-03-19,DMA_113,66.3461252440141,0,0
2023-03-19,DMA_114,54.725490433457544,0,0
2023-03-19,DMA_115,59.74448455452267,0,0
2023-03-19,DMA_116,59.28842408427408,0,0
2023-03-19,DMA_117,72.10729222101725,0,0
2023-03-19,DMA_118,70.04972988601173,0,1
2023-03-19,DMA_119,60.501309108369426,0,0
2023-03-19,DMA_120,55.38728967665327,0,0
2023-03-19,DMA_121,61.20352041711874,0,0
2023-03-19,DMA_122,54.8619208324273,0,0
2023-03-19,DMA_123,64.28609649123679,0,0
2023-03-19,DMA_124,63.85968755759383,0,0
2023-03-19,DMA_125,62.88304003589304,0,0
2023-03-19,DMA_126,66.77096491185331,0,0
2023-03-19,DMA_127,54.40997740369781,0,0
2023-03-19,DMA_128,58.74065556116135,0,0
2023-03-19,DMA_129,59.82950822664267,0,1
2023-03-19,DMA_130,66.73654298709707,0,1
2023-03-19,DMA_131,63.03722173514194,0,0
2023-03-19,DMA_132,56.077684640416095,0,1
2023-03-19,DMA_133,68.40712275717841,0,0
2023-03-19,DMA_134,71.69330316413821,0,0
2023-03-19,DMA_135,55.56961018707214,0,0
2023-03-19,DMA_136,69.91251278961674,0,0
2023-03-19,DMA_137,65.82627186626132,0,0
2023-03-19,DMA_138,62.984753834359275,0,0
2023-03-19,DMA_139,69.79542916948233,0,0
2023-03-19,DMA_140,63.75514251546095,0,0
2023-03-19,DMA_141,67.29665344481427,0,0
2023-03-19,DMA_142,60.0841011282483,0,0
2023-03-19,DMA_143,53.1670743582632,0,0
2023-03-19,DMA_144,71.2474401985426,0,0
2023-03-19,DMA_145,64.02300344711213,0,1
2023-03-19,DMA_146,62.04580457092021,0,0
2023-03-19,DMA_147,63.14213207386419,0,1
2023-03-19,DMA_148,70.48615209879931,0,0
2023-03-19,DMA_149,61.25996893599684,0,0
2023-03-19,DMA_150,64.13116505247537,0,0
2023-03-26,DMA_001,52.284112340580094,0,1
2023-03-26,DMA_002,61.50390076677132,0,0
2023-03-26,DMA_003,56.700460366658,0,0
2023-03-26,DMA_004,71.23449926525211,0,0
2023-03-26,DMA_005,52.84684231701772,0,0
2023-03-26,DMA_006,61.859366827013076,0,0
2023-03-26,DMA_007,61.59231880297232,0,1
2023-03-26,DMA_008,64.09290172225177,0,0
2023-03-26,DMA_009,72.3544176520503,0,0
2023-03-26,DMA_010,60.357551737830065,0,0
2023-03-26,DMA_011,66.45187227093172,0,0
2023-03-26,DMA_012,59.110541445028666,0,0
2023-03-26,DMA_013,62.39383039807613,0,0
2023-03-26,DMA_014,47.25027715672821,0,0
2023-03-26,DMA_015,58.098243347002516,0,0
2023-03-26,DMA_016,58.12623332835899,0,0
2023-03-26,DMA_017,63.706805923430586,0,1
2023-03-26,DMA_018,67.50228613764655,0,0
2023-03-26,DMA_019,46.76072655996012,0,0
2023-03-26,DMA_020,61.520151961991274,0,0
2023-03-26,DMA_021,58.398149636174026,0,1
2023-03-26,DMA_022,59.11846198899625,0,0
2023-03-26,DMA_023,61.06091856743115,0,1
2023-03-26,DMA_024,46.27485741422521,0,0
2023-03-26,DMA_025,52.392506172037784,0,0
2023-03-26,DMA_026,59.032887159907446,0,0
2023-03-26,DMA_027,69.09841270515109,0,0
2023-03-26,DMA_028,59.85042202465946,0,0
2023-03-26,DMA_029,68.28270293226097,0,0
2023-03-26,DMA_030,56.492593060632466,0,0
2023-03-26,DMA_031,59.9706389835773,0,0
2023-03-26,DMA_032,65.68869722512306,0,1
2023-03-26,DMA_033,68.6591970108545,0,0
2023-03-26,DMA_034,59.06792796244631,0,0
2023-03-26,DMA_035,52.81077221765155,0,0
2023-03-26,DMA_036,64.48708599638803,0,0
2023-03-26,DMA_037,69.60292504082706,0,0
2023-03-26,DMA_038,66.90431684175519,0,0
2023-03-26,DMA_039,60.49641933810601,0,0
2023-03-26,DMA_040,58.95412333655903,0,0
2023-03-26,DMA_041,53.79256747739838,0,0
2023-03-26,DMA_042,59.35212733345616,0,0
2023-03-26,DMA_043,59.80209832177009,0,0
2023-03-26,DMA_044,59.98143220809634,0,0
2023-03-26,DMA_045,67.13597985364548,0,0
2023-03-26,DMA_046,48.64448188936351,0,1
2023-03-26,DMA_047,58.80645662053292,0,0
2023-03-26,DMA_048,62.21637197914135,0,0
2023-03-26,DMA_049,57.10135186547812,0,0
2023-03-26,DMA_050,53.370521184078726,0,0
2023-03-26,DMA_051,62.49642219136773,0,0
2023-03-26,DMA_052,59.620520745624596,0,0
2023-03-26,DMA_053,52.584645903339435,0,0
2023-03-26,DMA_054,52.11917949625335,0,0
2023-03-26,DMA_055,71.82744377146415,0,0
2023-03-26,DMA_056,62.245009982293716,0,0
2023-03-26,DMA_057,58.681107451372505,0,0
2023-03-26,DMA_058,55.91841798156846,0,0
2023-03-26,DMA_059,67.45992172630986,0,0
2023-03-26,DMA_060,67.9716256967499,0,0
2023-03-26,DMA_061,63.318458650717126,0,0
2023-03-26,DMA_062,61.5035458733429,0,0
2023-03-26,DMA_063,55.18976293112781,0,0
2023-03-26,DMA_064,54.40423147012872,0,0
2023-03-26,DMA_065,70.01419603456483,0,0
2023-03-26,DMA_066,57.49556518698274,0,0
2023-03-26,DMA_067,57.17728247453391,0,1
2023-03-26,DMA_068,66.15488401814949,0,0
2023-03-26,DMA_069,62.76672231013236,0,0
2023-03-26,DMA_070,59.257621738713425,0,0
2023-03-26,DMA_071,57.42596082645677,0,0
2023-03-26,DMA_072,50.600910348655155,0,0
2023-03-26,DMA_073,48.99639287759277,0,0
2023-03-26,DMA_074,56.21150758645172,0,1
2023-03-26,DMA_075,60.75781548252507,0,0
2023-03-26,DMA_076,53.11413517205905,0,0
2023-03-26,DMA_077,72.11984998144362,0,0
2023-03-26,DMA_078,50.82329619616191,0,1
2023-03-26,DMA_079,67.65777327360416,0,0
2023-03-26,DMA_080,62.189644521731054,0,0
2023-03-26,DMA_081,57.52720100551399,0,0
2023-03-26,DMA_082,54.569208169000966,0,0
2023-03-26,DMA_083,66.18931423430246,0,1
2023-03-26,DMA_084,66.00646341671079,0,0
2023-03-26,DMA_085,56.04355355071729,0,0
2023-03-26,DMA_086,60.29478769970525,0,0
2023-03-26,DMA_087,56.67046462220001,0,0
2023-03-26,DMA_088,69.16344932853107,0,0
2023-03-26,DMA_089,56.97345927388638,0,0
2023-03-26,DMA_090,65.28657159939208,0,0
2023-03-26,DMA_091,63.58507963588537,0,0
2023-03-26,DMA_092,58.72982745101131,0,0
2023-03-26,DMA_093,49.914694895628514,0,1
2023-03-26,DMA_094,70.74225686298378,0,0
2023-03-26,DMA_095,62.195210873359756,0,0
2023-03-26,DMA_096,66.84382979886891,0,0
2023-03-26,DMA_097,72.71995756739287,0,1
2023-03-26,DMA_098,63.73610394524055,0,1
2023-03-26,DMA_099,55.49214924999249,0,0
2023-03-26,DMA_100,71.2298575429918,0,0
2023-03-26,DMA_101,62.70047792814726,0,0
2023-03-26,DMA_102,55.787940263565446,0,0
2023-03-26,DMA_103,64.014343205925,0,0
2023-03-26,DMA_104,69.2725281868578,0,0
2023-03-26,DMA_105,61.06889858533975,0,1
2023-03-26,DMA_106,60.48918110728308,0,0
2023-03-26,DMA_107,52.97936839125741,0,0
2023-03-26,DMA_108,68.09320085014653,0,0
2023-03-26,DMA_109,64.9906055294522,0,0
2023-03-26,DMA_110,56.535555261530284,0,0
2023-03-26,DMA_111,61.439371470182195,0,0
2023-03-26,DMA_112,59.1434425434828,0,1
2023-03-26,DMA_113,80.17642160044565,0,0
2023-03-26,DMA_114,49.740342412226305,0,0
2023-03-26,DMA_115,64.30570695615349,0,0
2023-03-26,DMA_116,63.86322944390633,0,0
2023-03-26,DMA_117,61.74496816104099,0,0
2023-03-26,DMA_118,59.6293830790024,0,0
2023-03-26,DMA_119,58.32831039546822,0,0
2023-03-26,DMA_120,67.66654676756343,0,0
2023-03-26,DMA_121,61.972577780143034,0,0
2023-03-26,DMA_122,59.557102297524715,0,0
2023-03-26,DMA_123,64.65179779117841,0,0
2023-03-26,DMA_124,70.23127511038346,0,0
2023-03-26,DMA_125,73.95843220979194,0,0
2023-03-26,DMA_126,56.17261698997738,0,0
2023-03-26,DMA_127,56.07575493634562,0,0
2023-03-26,DMA_128,66.1646042060176,0,1
2023-03-26,DMA_129,77.5791850997563,0,0
2023-03-26,DMA_130,68.96477844426273,0,0
2023-03-26,DMA_131,59.74944456926321,0,0
2023-03-26,DMA_132,58.76717054679119,0,0
2023-03-26,DMA_133,60.662649568415475,0,0
2023-03-26,DMA_134,56.51429199804788,0,0
2023-03-26,DMA_135,65.2477067840563,0,0
2023-03-26,DMA_136,62.87868692705335,0,0
2023-03-26,DMA_137,57.528125594567136,0,0
2023-03-26,DMA_138,53.69957974385368,0,0
2023-03-26,DMA_139,50.3731214327816,0,1
2023-03-26,DMA_140,70.11948818456776,0,0
2023-03-26,DMA_141,61.48107170411595,0,0
2023-03-26,DMA_142,55.48218918140042,0,0
2023-03-26,DMA_143,58.39488607562888,0,0
2023-03-26,DMA_144,61.56901605410742,0,0
2023-03-26,DMA_145,62.479309982146894,0,1
2023-03-26,DMA_146,68.7762748895308,0,0
2023-03-26,DMA_147,62.75568511964393,0,0
2023-03-26,DMA_148,68.26112161103013,0,0
2023-03-26,DMA_149,54.989107207464315,0,0
2023-03-26,DMA_150,50.07263790373956,0,0
2023-04-02,DMA_001,56.430509806554475,0,0
2023-04-02,DMA_002,59.810928485076204,0,0
2023-04-02,DMA_003,47.97289259507286,0,0
2023-04-02,DMA_004,56.10705685299113,0,0
2023-04-02,DMA_005,57.33260360344111,0,0
2023-04-02,DMA_006,52.22996418110014,0,0
2023-04-02,DMA_007,59.95579549592884,0,0
2023-04-02,DMA_008,64.75445789058689,0,1
2023-04-02,DMA_009,54.112514924073544,0,1
2023-04-02,DMA_010,50.645188559102266,0,0
2023-04-02,DMA_011,54.10342244445048,0,0
2023-04-02,DMA_012,64.0766978013049,0,0
2023-04-02,DMA_013,55.36969888267152,0,1
2023-04-02,DMA_014,65.66788357050211,0,0
2023-04-02,DMA_015,59.7295186906362,0,0
2023-04-02,DMA_016,50.691253909119354,0,0
2023-04-02,DMA_017,56.23400370102441,0,0
2023-04-02,DMA_018,58.29137201171701,0,0
2023-04-02,DMA_019,58.00395317612672,0,0
2023-04-02,DMA_020,64.34372767633599,0,1
2023-04-02,DMA_021,70.79125724648539,0,0
2023-04-02,DMA_022,54.68482448556799,0,1
2023-04-02,DMA_023,53.41255780047297,0,1
2023-04-02,DMA_024,57.853107460102855,0,0
2023-04-02,DMA_025,58.44941146342797,0,0
2023-04-02,DMA_026,76.08339610760919,0,0
2023-04-02,DMA_027,67.93330249218893,0,0
2023-04-02,DMA_028,70.7300565746388,0,0
2023-04-02,DMA_029,52.73586242981483,0,0
2023-04-02,DMA_030,52.90629463754283,0,0
2023-04-02,DMA_031,61.90566271655318,0,0
2023-04-02,DMA_032,57.1754591014417,0,1
2023-04-02,DMA_033,54.523967227424556,0,0
2023-04-02,DMA_034,45.41038738943728,0,0
2023-04-02,DMA_035,59.787564065466064,0,0
2023-04-02,DMA_036,57.784206655108285,0,0
2023-04-02,DMA_037,61.33936899892015,0,0
2023-04-02,DMA_038,53.21933566661733,0,0
2023-04-02,DMA_039,54.26802698371501,0,0
2023-04-02,DMA_040,53.83405379787755,0,0
2023-04-02,DMA_041,57.70857119870974,0,0
2023-04-02,DMA_042,49.40965471761021,0,0
2023-04-02,DMA_043,64.57136844674383,0,0
2023-04-02,DMA_044,58.77311570051348,0,0
2023-04-02,DMA_045,48.699084557382065,0,0
2023-04-02,DMA_046,60.989024397848226,0,1
2023-04-02,DMA_047,64.25682177721527,0,0
2023-04-02,DMA_048,64.98638861527442,0,1
2023-04-02,DMA_049,45.32818887676724,0,1
2023-04-02,DMA_050,55.05021043541423,0,0
2023-04-02,DMA_051,54.70882776077731,0,0
2023-04-02,DMA_052,53.78950179837447,0,0
2023-04-02,DMA_053,61.651925674947435,0,0
2023-04-02,DMA_054,59.42393683069239,0,0
2023-04-02,DMA_055,51.533812457953694,0,0
2023-04-02,DMA_056,59.19867525931722,0,0
2023-04-02,DMA_057,49.85894973551394,0,0
2023-04-02,DMA_058,55.928341421532075,0,0
2023-04-02,DMA_059,49.79112520389381,0,0
2023-04-02,DMA_060,63.42347476506978,0,0
2023-04-02,DMA_061,61.9818546149906,0,0
2023-04-02,DMA_062,48.501074443154025,0,0
2023-04-02,DMA_063,54.90663805394865,0,0
2023-04-02,DMA_064,62.168424209126606,0,0
2023-04-02,DMA_065,70.896500651575,0,0
2023-04-02,DMA_066,74.54921027844257,0,1
2023-04-02,DMA_067,52.01555370355777,0,0
2023-04-02,DMA_068,57.931439666349576,0,0
2023-04-02,DMA_069,56.61471623948422,0,1
2023-04-02,DMA_070,58.409116730350995,0,0
2023-04-02,DMA_071,48.89273017215842,0,0
2023-04-02,DMA_072,65.29151326151955,0,0
2023-04-02,DMA_073,60.121716859482234,0,0
2023-04-02,DMA_074,65.82034055962458,0,1
2023-04-02,DMA_075,56.20398899867315,0,0
2023-04-02,DMA_076,61.638945717292174,0,1
2023-04-02,DMA_077,46.5117614662527,0,0
2023-04-02,DMA_078,65.1264710953468,0,0
2023-04-02,DMA_079,58.938604676033215,0,0
2023-04-02,DMA_080,47.93315779643319,0,0
2023-04-02,DMA_081,50.48929414989582,0,0
2023-04-02,DMA_082,64.71769183539726,0,0
2023-04-02,DMA_083,48.46018771491026,0,0
2023-04-02,DMA_084,58.10969946208114,0,1
2023-04-02,DMA_085,53.56871074460112,0,0
2023-04-02,DMA_086,63.17219553397149,0,0
2023-04-02,DMA_087,57.029343736326396,0,1
2023-04-02,DMA_088,64.95633309225497,0,0
2023-04-02,DMA_089,63.733493375295865,0,0
2023-04-02,DMA_090,70.08149100857838,0,1
2023-04-02,DMA_091,61.080489314153304,0,0
2023-04-02,DMA_092,56.854571081612114,0,0
2023-04-02,DMA_093,62.77598366368935,0,0
2023-04-02,DMA_094,55.16413517758594,0,0
2023-04-02,DMA_095,54.07853223038704,0,0
2023-04-02,DMA_096,56.39045734130432,0,0
2023-04-02,DMA_097,66.99870820885371,0,1
2023-04-02,DMA_098,49.88651889012247,0,0
2023-04-02,DMA_099,50.27728756819306,0,0
2023-04-02,DMA_100,62.21694823279668,0,0
2023-04-02,DMA_101,59.118050965851815,0,0
2023-04-02,DMA_102,59.7862666900922,0,0
2023-04-02,DMA_103,57.888995126441884,0,0
2023-04-02,DMA_104,58.1075996063113,0,0
2023-04-02,DMA_105,50.585361902592595,0,0
2023-04-02,DMA_106,53.12197486436421,0,1
2023-04-02,DMA_107,58.739966610236735,0,0
2023-04-02,DMA_108,64.07062223981706,0,0
2023-04-02,DMA_109,57.13766279907225,0,0
2023-04-02,DMA_110,51.52775328043332,0,0
2023-04-02,DMA_111,59.817405121142954,0,0
2023-04-02,DMA_112,48.664850068803,0,0
2023-04-02,DMA_113,46.616979896346066,0,0
2023-04-02,DMA_114,56.069314423828146,0,0
2023-04-02,DMA_115,63.45958745080762,0,0
2023-04-02,DMA_116,58.1057990017317,0,1
2023-04-02,DMA_117,64.78779098542701,0,0
2023-04-02,DMA_118,54.28134720760304,0,0
2023-04-02,DMA_119,51.123637733167605,0,0
2023-04-02,DMA_120,58.23549527904045,0,0
2023-04-02,DMA_121,65.55876070898005,0,0
2023-04-02,DMA_122,61.403789088617984,0,0
2023-04-02,DMA_123,60.80152404609727,0,0
2023-04-02,DMA_124,66.47744903166851,0,0
2023-04-02,DMA_125,52.69937670583491,0,0
2023-04-02,DMA_126,66.83006163403911,0,0
2023-04-02,DMA_127,56.59787702213022,0,0
2023-04-02,DMA_128,63.482116424437876,0,0
2023-04-02,DMA_129,59.13508145754874,0,0
2023-04-02,DMA_130,53.362432258845224,0,0
2023-04-02,DMA_131,54.164612688388466,0,0
2023-04-02,DMA_132,66.83093100535893,0,0
2023-04-02,DMA_133,61.45559617395053,0,0
2023-04-02,DMA_134,56.1925333016868,0,0
2023-04-02,DMA_135,54.73395666800052,0,0
2023-04-02,DMA_136,64.35092563150245,0,0
2023-04-02,DMA_137,59.12284852418867,0,1
2023-04-02,DMA_138,56.08138740182024,0,1
2023-04-02,DMA_139,50.19522487275722,0,0
2023-04-02,DMA_140,64.88768884725393,0,0
2023-04-02,DMA_141,60.570896658009694,0,0
2023-04-02,DMA_142,57.03146535042723,0,0
2023-04-02,DMA_143,51.887035639924406,0,0
2023-04-02,DMA_144,58.89911024648838,0,1
2023-04-02,DMA_145,60.64916423627381,0,0
2023-04-02,DMA_146,57.51790765089934,0,0
2023-04-02,DMA_147,55.05099382540751,0,0
2023-04-02,DMA_148,53.039937914091084,0,0
2023-04-02,DMA_149,56.891538107881516,0,0
2023-04-02,DMA_150,59.80737999548215,0,0
2023-04-09,DMA_001,53.88912080701401,0,0
2023-04-09,DMA_002,60.71273197515705,0,0
2023-04-09,DMA_003,65.22052032056993,0,0
2023-04-09,DMA_004,50.11262098897744,0,1
2023-04-09,DMA_005,59.87800924867251,0,0
2023-04-09,DMA_006,58.49225636372785,0,1
2023-04-09,DMA_007,52.19756588134321,0,0
2023-04-09,DMA_008,47.980992381706514,0,0
2023-04-09,DMA_009,51.051673481958275,0,0
2023-04-09,DMA_010,59.95100164326667,0,1
2023-04-09,DMA_011,42.666110514891976,0,0
2023-04-09,DMA_012,49.82818983554522,0,1
2023-04-09,DMA_013,50.878270569040026,0,1
2023-04-09,DMA_014,63.559891297528935,0,0
2023-04-09,DMA_015,54.02196840958413,0,0
2023-04-09,DMA_016,49.78781401054709,0,1
2023-04-09,DMA_017,59.5522398024372,0,0
2023-04-09,DMA_018,54.34787012252759,0,0
2023-04-09,DMA_019,57.55369119348728,0,0
2023-04-09,DMA_020,53.06386107544736,0,0
2023-04-09,DMA_021,50.9734171258382,0,1
2023-04-09,DMA_022,43.25136418841308,0,0
2023-04-09,DMA_023,55.36994655426438,0,0
2023-04-09,DMA_024,66.28588971348344,0,0
2023-04-09,DMA_025,54.27400598223049,0,0
2023-04-09,DMA_026,67.93195983162771,0,0
2023-04-09,DMA_027,53.617255098792555,0,1
2023-04-09,DMA_028,67.78256456920593,0,0
2023-04-09,DMA_029,49.8055976459557,0,0
2023-04-09,DMA_030,53.40046695616883,0,0
2023-04-09,DMA_031,50.26603657408029,0,0
2023-04-09,DMA_032,53.56244507131234,0,1
2023-04-09,DMA_033,57.78692672911453,0,0
2023-04-09,DMA_034,62.71952685934206,0,0
2023-04-09,DMA_035,52.83576519312376,0,0
2023-04-09,DMA_036,66.08498845672835,0,1
2023-04-09,DMA_037,47.35706182386297,0,0
2023-04-09,DMA_038,56.97836438817461,0,0
2023-04-09,DMA_039,47.1289795204923,0,1
2023-04-09,DMA_040,55.45742828596137,0,0
2023-04-09,DMA_041,59.62026019829946,0,0
2023-04-09,DMA_042,60.26657919403354,0,0
2023-04-09,DMA_043,66.03335924676955,0,0
2023-04-09,DMA_044,70.35426745530488,0,0
2023-04-09,DMA_045,53.042828414787635,0,0
2023-04-09,DMA_046,59.69160879393905,0,0
2023-04-09,DMA_047,59.03961856724822,0,0
2023-04-09,DMA_048,53.95073695294211,0,0
2023-04-09,DMA_049,60.159960060749,0,0
2023-04-09,DMA_050,54.55306301136295,0,0
2023-04-09,DMA_051,46.834652155411206,0,0
2023-04-09,DMA_052,56.4479077265269,0,1
2023-04-09,DMA_053,53.39777316541382,0,1
2023-04-09,DMA_054,56.23452566956408,0,0
2023-04-09,DMA_055,51.35603564749179,0,0
2023-04-09,DMA_056,45.273520274187526,0,1
2023-04-09,DMA_057,49.56111197744494,0,0
2023-04-09,DMA_058,52.031428911318365,0,0
2023-04-09,DMA_059,47.74971526702875,0,0
2023-04-09,DMA_060,51.3063453389245,0,0
2023-04-09,DMA_061,63.92787594616297,0,0
2023-04-09,DMA_062,62.77601625119689,0,0
2023-04-09,DMA_063,51.47207631222267,0,0
2023-04-09,DMA_064,57.10517825327984,0,0
2023-04-09,DMA_065,60.15681265217137,0,0
2023-04-09,DMA_066,49.90463678845762,0,1
2023-04-09,DMA_067,49.381982339358416,0,0
2023-04-09,DMA_068,58.27900012757414,0,0
2023-04-09,DMA_069,65.59283535695278,0,0
2023-04-09,DMA_070,48.11135720430959,0,0
2023-04-09,DMA_071,50.679981711015216,0,1
2023-04-09,DMA_072,37.64518392041176,0,0
2023-04-09,DMA_073,58.69413149712667,0,1
2023-04-09,DMA_074,68.3147262504115,0,0
2023-04-09,DMA_075,54.981122228793566,0,0
2023-04-09,DMA_076,57.0085149605924,0,1
2023-04-09,DMA_077,51.74640483408129,0,0
2023-04-09,DMA_078,50.435668872397585,0,0
2023-04-09,DMA_079,51.04825964989261,0,0
2023-04-09,DMA_080,49.98371734770253,0,0
2023-04-09,DMA_081,50.04602273352423,0,0
2023-04-09,DMA_082,57.196377966016,0,0
2023-04-09,DMA_083,44.31115408204305,0,1
2023-04-09,DMA_084,51.224828733380555,0,1
2023-04-09,DMA_085,57.835977905627736,0,0
2023-04-09,DMA_086,63.297789878425,0,0
2023-04-09,DMA_087,41.726705449313094,0,0
2023-04-09,DMA_088,61.59799236717492,0,0
2023-04-09,DMA_089,69.55213939516541,0,1
2023-04-09,DMA_090,59.344104759814286,0,0
2023-04-09,DMA_091,53.953745178970266,0,1
2023-04-09,DMA_092,43.07158349317859,0,1
2023-04-09,DMA_093,55.67204827952827,0,0
2023-04-09,DMA_094,55.21324465820643,0,0
2023-04-09,DMA_095,45.04115919386152,0,0
2023-04-09,DMA_096,50.6858239751343,0,0
2023-04-09,DMA_097,45.17737128434876,0,0
2023-04-09,DMA_098,51.17992438223667,0,1
2023-04-09,DMA_099,54.698069636449794,0,1
2023-04-09,DMA_100,55.96311896558496,0,0
2023-04-09,DMA_101,49.06933985193183,0,0
2023-04-09,DMA_102,54.74658690793551,0,0
2023-04-09,DMA_103,54.895017828746035,0,0
2023-04-09,DMA_104,62.67656443253558,0,0
2023-04-09,DMA_105,58.18420023497983,0,1
2023-04-09,DMA_106,47.71055004198518,0,0
2023-04-09,DMA_107,55.991920132714796,0,0
2023-04-09,DMA_108,51.7553438691581,0,0
2023-04-09,DMA_109,63.96322247774101,0,0
2023-04-09,DMA_110,56.55614124131871,0,0
2023-04-09,DMA_111,51.994607379237465,0,0
2023-04-09,DMA_112,48.58653664482472,0,1
2023-04-09,DMA_113,58.770006224865156,0,0
2023-04-09,DMA_114,54.06265119182527,0,0
2023-04-09,DMA_115,55.07496366827862,0,0
2023-04-09,DMA_116,53.824531142317966,0,0
2023-04-09,DMA_117,65.27334823625895,0,0
2023-04-09,DMA_118,44.61008276841633,0,1
2023-04-09,DMA_119,56.5629060209434,0,1
2023-04-09,DMA_120,57.81279187260647,0,0
2023-04-09,DMA_121,63.13195573886303,0,0
2023-04-09,DMA_122,61.26040559645181,0,0
2023-04-09,DMA_123,50.17002508383878,0,1
2023-04-09,DMA_124,44.32137031225015,0,0
2023-04-09,DMA_125,53.22679028933348,0,0
2023-04-09,DMA_126,68.86615002180203,0,0
2023-04-09,DMA_127,50.20853883596594,0,0
2023-04-09,DMA_128,46.936038601023576,0,1
2023-04-09,DMA_129,52.46594029465128,0,0
2023-04-09,DMA_130,49.671843840594846,0,0
2023-04-09,DMA_131,59.23746279805624,0,0
2023-04-09,DMA_132,50.530639107022914,0,1
2023-04-09,DMA_133,57.52459588560212,0,0
2023-04-09,DMA_134,51.88687289594067,0,0
2023-04-09,DMA_135,55.82466050761642,0,0
2023-04-09,DMA_136,50.57690541736175,0,0
2023-04-09,DMA_137,55.58605454758531,0,0
2023-04-09,DMA_138,49.837603721628284,0,0
2023-04-09,DMA_139,52.44355478635429,0,1
2023-04-09,DMA_140,65.31470951477971,0,0
2023-04-09,DMA_141,59.62126578691342,0,1
2023-04-09,DMA_142,53.81296549135158,0,0
2023-04-09,DMA_143,49.10666859366566,0,0
2023-04-09,DMA_144,57.77821228362303,0,0
2023-04-09,DMA_145,45.42236318881248,0,0
2023-04-09,DMA_146,53.438473706210736,0,0
2023-04-09,DMA_147,65.48290333774986,0,0
2023-04-09,DMA_148,60.78536922252451,0,0
2023-04-09,DMA_149,46.40151944573574,0,0
2023-04-09,DMA_150,52.08330122386436,0,0
2023-04-16,DMA_001,58.87558426478239,0,0
2023-04-16,DMA_002,48.30776583731114,0,0
2023-04-16,DMA_003,61.80979323431094,0,0
2023-04-16,DMA_004,66.12591339833205,0,0
2023-04-16,DMA_005,57.707796553438826,0,0
2023-04-16,DMA_006,54.10536592646086,0,0
2023-04-16,DMA_007,53.306179815119435,0,0
2023-04-16,DMA_008,49.77717368081201,0,0
2023-04-16,DMA_009,58.74987234523445,0,0
2023-04-16,DMA_010,61.23597501832078,0,0
2023-04-16,DMA_011,64.4010171963009,0,0
2023-04-16,DMA_012,49.7050308504102,0,0
2023-04-16,DMA_013,47.33497693022569,0,1
2023-04-16,DMA_014,50.411051943432064,0,0
2023-04-16,DMA_015,45.39779422587846,0,0
2023-04-16,DMA_016,56.1358409214469,0,0
2023-04-16,DMA_017,56.489989096493275,0,0
2023-04-16,DMA_018,55.361601584535634,0,1
2023-04-16,DMA_019,56.90999582907635,0,1
2023-04-16,DMA_020,51.99772876307599,0,0
2023-04-16,DMA_021,52.409641668042134,0,0
2023-04-16,DMA_022,46.51833330616294,0,0
2023-04-16,DMA_023,61.624745087186255,0,0
2023-04-16,DMA_024,52.1260833283093,0,0
2023-04-16,DMA_025,49.58398470777124,0,0
2023-04-16,DMA_026,42.10491938443426,0,0
2023-04-16,DMA_027,55.337952799577444,0,0
2023-04-16,DMA_028,49.3488484572293,0,0
2023-04-16,DMA_029,47.047885084809245,0,0
2023-04-16,DMA_030,54.910059318826086,0,0
2023-04-16,DMA_031,45.54108102512897,0,0
2023-04-16,DMA_032,47.53463622221802,0,0
2023-04-16,DMA_033,49.28944859314333,0,0
2023-04-16,DMA_034,51.82538767057638,0,0
2023-04-16,DMA_035,47.36366042470521,0,0
2023-04-16,DMA_036,57.98898208284385,0,0
2023-04-16,DMA_037,48.99054007149634,0,1
2023-04-16,DMA_038,50.031090537152764,0,0
2023-04-16,DMA_039,42.944420885786705,0,0
2023-04-16,DMA_040,40.89996097029203,0,0
2023-04-16,DMA_041,44.339834786491835,0,0
2023-04-16,DMA_042,50.38710485544046,0,0
2023-04-16,DMA_043,59.74274965839203,0,0
2023-04-16,DMA_044,48.29449501076647,0,0
2023-04-16,DMA_045,47.986035669025426,0,1
2023-04-16,DMA_046,39.91601480584859,0,0
2023-04-16,DMA_047,57.19117515894153,0,0
2023-04-16,DMA_048,48.671984532637275,0,0
2023-04-16,DMA_049,48.03508134733629,0,0
2023-04-16,DMA_050,51.633886338942204,0,0
2023-04-16,DMA_051,48.08636144834462,0,1
2023-04-16,DMA_052,50.423963503750834,0,0
2023-04-16,DMA_053,51.096430206739356,0,0
2023-04-16,DMA_054,36.63758333098194,0,0
2023-04-16,DMA_055,34.63713802386369,0,0
2023-04-16,DMA_056,50.792236865948546,0,0
2023-04-16,DMA_057,50.739338167818985,0,1
2023-04-16,DMA_058,50.18045754096152,0,0
2023-04-16,DMA_059,53.74214662471447,0,0
2023-04-16,DMA_060,55.41536967338802,0,0
2023-04-16,DMA_061,59.16176363640586,0,0
2023-04-16,DMA_062,60.490423196318865,0,0
2023-04-16,DMA_063,46.124041935477614,0,0
2023-04-16,DMA_064,55.80231297249678,0,0
2023-04-16,DMA_065,45.192528798812795,0,0
2023-04-16,DMA_066,62.531044484480546,0,0
2023-04-16,DMA_067,60.88595320693314,0,0
2023-04-16,DMA_068,61.63076321281704,0,0
2023-04-16,DMA_069,46.159039390254854,0,0
2023-04-16,DMA_070,50.695315122679695,0,0
2023-04-16,DMA_071,56.620448418043665,0,0
2023-04-16,DMA_072,53.79868301750108,0,0
2023-04-16,DMA_073,57.36467136292635,0,0
2023-04-16,DMA_074,45.68500429098153,0,0
2023-04-16,DMA_075,56.35303220580031,0,0
2023-04-16,DMA_076,54.63998447420013,0,0
2023-04-16,DMA_077,52.83221610290348,0,0
2023-04-16,DMA_078,52.835172350201915,0,0
2023-04-16,DMA_079,39.9418061507577,0,1
2023-04-16,DMA_080,50.994065719399586,0,0
2023-04-16,DMA_081,63.96277184126492,0,1
2023-04-16,DMA_082,43.35776309326437,0,0
2023-04-16,DMA_083,50.86977994739608,0,0
2023-04-16,DMA_084,55.69326687432511,0,0
2023-04-16,DMA_085,48.25637740360797,0,0
2023-04-16,DMA_086,59.295818424590436,0,0
2023-04-16,DMA_087,52.001038067296534,0,0
2023-04-16,DMA_088,44.79545742727011,0,0
2023-04-16,DMA_089,51.26000943133476,0,0
2023-04-16,DMA_090,51.61315331212684,0,0
2023-04-16,DMA_091,44.89381462552656,0,0
2023-04-16,DMA_092,51.01914797667246,0,0
2023-04-16,DMA_093,56.69993381645432,0,0
2023-04-16,DMA_094,59.88337611923998,0,0
2023-04-16,DMA_095,49.62242530822878,0,0
2023-04-16,DMA_096,53.348360847019045,0,0
2023-04-16,DMA_097,54.30838683929835,0,0
2023-04-16,DMA_098,60.001174338030566,0,0
2023-04-16,DMA_099,60.80120636809897,0,0
2023-04-16,DMA_100,59.15148096784727,0,1
2023-04-16,DMA_101,51.93327553451725,0,0
2023-04-16,DMA_102,49.35028973227316,0,0
2023-04-16,DMA_103,55.79674092230822,0,0
2023-04-16,DMA_104,44.767993589223735,0,0
2023-04-16,DMA_105,50.826036105545654,0,0
2023-04-16,DMA_106,52.14525436129332,0,0
2023-04-16,DMA_107,53.162645412782545,0,0
2023-04-16,DMA_108,55.705698634405024,0,0
2023-04-16,DMA_109,38.21438176372985,0,0
2023-04-16,DMA_110,60.731393578964216,0,0
2023-04-16,DMA_111,46.23215574819621,0,1
2023-04-16,DMA_112,48.857402039095895,0,0
2023-04-16,DMA_113,51.6523432502004,0,0
2023-04-16,DMA_114,47.48992693746183,0,0
2023-04-16,DMA_115,43.6495887047877,0,1
2023-04-16,DMA_116,62.94015355978614,0,0
2023-04-16,DMA_117,48.41354330105897,0,0
2023-04-16,DMA_118,65.61907906654235,0,0
2023-04-16,DMA_119,42.30842239214675,0,0
2023-04-16,DMA_120,43.88153210557303,0,0
2023-04-16,DMA_121,48.965319144992414,0,0
2023-04-16,DMA_122,58.960066734548,0,0
2023-04-16,DMA_123,55.30019926754388,0,0
2023-04-16,DMA_124,54.87570391557344,0,0
2023-04-16,DMA_125,55.28192968865148,0,0
2023-04-16,DMA_126,50.01997176643488,0,0
2023-04-16,DMA_127,41.33666415044219,0,0
2023-04-16,DMA_128,43.75537984136125,0,0
2023-04-16,DMA_129,57.051399476441915,0,0
2023-04-16,DMA_130,47.2368785482205,0,0
2023-04-16,DMA_131,40.06813326273263,0,0
2023-04-16,DMA_132,53.909203274664364,0,0
2023-04-16,DMA_133,52.612378554483364,0,0
2023-04-16,DMA_134,48.763869874092904,0,0
2023-04-16,DMA_135,34.74988055289888,0,0
2023-04-16,DMA_136,61.048806810773165,0,0
2023-04-16,DMA_137,49.577833147407105,0,0
2023-04-16,DMA_138,50.03930087060337,0,0
2023-04-16,DMA_139,53.31144547827911,0,0
2023-04-16,DMA_140,47.2416359789198,0,1
2023-04-16,DMA_141,58.97442573060358,0,0
2023-04-16,DMA_142,40.78843449904957,0,0
2023-04-16,DMA_143,50.96611405555781,0,1
2023-04-16,DMA_144,57.64949804178964,0,0
2023-04-16,DMA_145,59.94783442130208,0,0
2023-04-16,DMA_146,49.078621602436826,0,0
2023-04-16,DMA_147,55.190798286527496,0,0
2023-04-16,DMA_148,51.72056313332722,0,0
2023-04-16,DMA_149,57.34662696486724,0,0
2023-04-16,DMA_150,52.63382698882101,0,0
2023-04-23,DMA_001,57.44928864264655,0,0
2023-04-23,DMA_002,47.979960690458526,0,0
2023-04-23,DMA_003,54.174648062425895,0,1
2023-04-23,DMA_004,47.34188887022995,0,0
2023-04-23,DMA_005,53.69653305757358,0,0
2023-04-23,DMA_006,38.990961013637104,0,1
2023-04-23,DMA_007,42.84199175881429,0,1
2023-04-23,DMA_008,54.20585244186463,0,0
2023-04-23,DMA_009,48.86175768093371,0,0
2023-04-23,DMA_010,60.74200985662303,0,0
2023-04-23,DMA_011,55.68249581221686,0,0
2023-04-23,DMA_012,52.41290554395081,0,0
2023-04-23,DMA_013,46.21993806021983,0,0
2023-04-23,DMA_014,45.62501900271456,0,0
2023-04-23,DMA_015,52.49944336544405,0,0
2023-04-23,DMA_016,50.83129831191332,0,1
2023-04-23,DMA_017,52.94176580047663,0,0
2023-04-23,DMA_018,48.39535768024443,0,0
2023-04-23,DMA_019,54.358388311517245,0,0
2023-04-23,DMA_020,40.8953183713225,0,0
2023-04-23,DMA_021,44.767123378043486,0,0
2023-04-23,DMA_022,43.63914560123147,0,1
2023-04-23,DMA_023,42.987410084896986,0,0
2023-04-23,DMA_024,41.32535844981121,0,1
2023-04-23,DMA_025,53.67910065323248,0,0
2023-04-23,DMA_026,47.18022464732056,0,0
2023-04-23,DMA_027,52.220386766983864,0,1
2023-04-23,DMA_028,52.50549202789805,0,0
2023-04-23,DMA_029,52.37837610218485,0,1
2023-04-23,DMA_030,51.69282846731851,0,0
2023-04-23,DMA_031,43.03850415333449,0,0
2023-04-23,DMA_032,50.58441510808354,0,1
2023-04-23,DMA_033,53.64168944295003,0,0
2023-04-23,DMA_034,39.69224098144248,0,0
2023-04-23,DMA_035,44.78459267188619,0,0
2023-04-23,DMA_036,51.58779207631836,0,0
2023-04-23,DMA_037,60.70656903522975,0,0
2023-04-23,DMA_038,56.74312879945358,0,0
2023-04-23,DMA_039,43.180475450123744,0,0
2023-04-23,DMA_040,58.45901168641818,0,0
2023-04-23,DMA_041,51.88326220649595,0,0
2023-04-23,DMA_042,52.26367133937498,0,0
2023-04-23,DMA_043,40.37505854328109,0,0
2023-04-23,DMA_044,46.859078908688666,0,0
2023-04-23,DMA_045,39.964457689307075,0,0
2023-04-23,DMA_046,48.912034556580615,0,0
2023-04-23,DMA_047,45.39814363805136,0,0
2023-04-23,DMA_048,41.66016908282865,0,1
2023-04-23,DMA_049,44.41546090480648,0,0
2023-04-23,DMA_050,47.92857168591,0,0
2023-04-23,DMA_051,46.581963082409594,0,0
2023-04-23,DMA_052,48.2438621112703,0,0
2023-04-23,DMA_053,44.4867365565446,0,0
2023-04-23,DMA_054,43.109926762022795,0,0
2023-04-23,DMA_055,51.24322962543451,0,0
2023-04-23,DMA_056,42.48345923854734,0,0
2023-04-23,DMA_057,52.65783306154482,0,0
2023-04-23,DMA_058,59.64329389746491,0,0
2023-04-23,DMA_059,53.76414299358267,0,0
2023-04-23,DMA_060,49.97284352154783,0,0
2023-04-23,DMA_061,32.47139657729715,0,0
2023-04-23,DMA_062,40.314426839394244,0,0
2023-04-23,DMA_063,41.40672859572213,0,0
2023-04-23,DMA_064,58.3119380241213,0,0
2023-04-23,DMA_065,50.908632258986444,0,0
2023-04-23,DMA_066,45.007593856019675,0,0
2023-04-23,DMA_067,42.555366410565796,0,1
2023-04-23,DMA_068,47.88928987960015,0,0
2023-04-23,DMA_069,39.35510114473696,0,0
2023-04-23,DMA_070,52.43577334367812,0,0
2023-04-23,DMA_071,47.37968077481288,0,0
2023-04-23,DMA_072,58.23242822476551,0,0
2023-04-23,DMA_073,51.049344580711356,0,0
2023-04-23,DMA_074,45.454223028751805,0,0
2023-04-23,DMA_075,44.845328404205176,0,0
2023-04-23,DMA_076,55.16074395664138,0,0
2023-04-23,DMA_077,49.72203106044277,0,0
2023-04-23,DMA_078,40.35815181999318,0,0
2023-04-23,DMA_079,45.631851866517046,0,0
2023-04-23,DMA_080,47.74021017664273,0,0
2023-04-23,DMA_081,47.018029720639504,0,0
2023-04-23,DMA_082,49.46891835976671,0,1
2023-04-23,DMA_083,51.253717811249736,0,0
2023-04-23,DMA_084,66.61256366208534,0,0
2023-04-23,DMA_085,48.03152282613279,0,1
2023-04-23,DMA_086,61.172110519120494,0,0
2023-04-23,DMA_087,46.21517433875325,0,0
2023-04-23,DMA_088,50.108217250982754,0,0
2023-04-23,DMA_089,51.889207277295746,0,0
2023-04-23,DMA_090,44.09113231802759,0,0
2023-04-23,DMA_091,57.24794428363066,0,0
2023-04-23,DMA_092,49.7058152403032,0,1
2023-04-23,DMA_093,28.451833137295278,0,0
2023-04-23,DMA_094,43.39065211580006,0,0
2023-04-23,DMA_095,42.85288226434994,0,0
2023-04-23,DMA_096,35.4859198419301,0,0
2023-04-23,DMA_097,39.438139083631214,0,0
2023-04-23,DMA_098,49.73983679850511,0,0
2023-04-23,DMA_099,53.871374757022835,0,1
2023-04-23,DMA_100,50.20378221747319,0,0
2023-04-23,DMA_101,54.32545358376097,0,1
2023-04-23,DMA_102,53.987649519648244,0,0
2023-04-23,DMA_103,43.50790836035178,0,0
2023-04-23,DMA_104,46.3383500620523,0,0
2023-04-23,DMA_105,53.96965300925531,0,1
2023-04-23,DMA_106,41.11622228957731,0,0
2023-04-23,DMA_107,48.269510461595765,0,0
2023-04-23,DMA_108,48.03663716539866,0,0
2023-04-23,DMA_109,54.669220739562306,0,0
2023-04-23,DMA_110,47.39936824894703,0,0
2023-04-23,DMA_111,50.473874900915334,0,0
2023-04-23,DMA_112,44.808594344252576,0,0
2023-04-23,DMA_113,44.40700239664857,0,0
2023-04-23,DMA_114,45.67852222781679,0,0
2023-04-23,DMA_115,52.211687664627526,0,0
2023-04-23,DMA_116,49.050762724612746,0,0
2023-04-23,DMA_117,42.94932442794243,0,0
2023-04-23,DMA_118,43.114625699462884,0,1
2023-04-23,DMA_119,55.416718009698,0,1
2023-04-23,DMA_120,55.56017611611119,0,0
2023-04-23,DMA_121,48.88026191284014,0,0
2023-04-23,DMA_122,48.09002180375048,0,0
2023-04-23,DMA_123,47.34820582117428,0,0
2023-04-23,DMA_124,47.83530174845045,0,0
2023-04-23,DMA_125,43.45643852975559,0,0
2023-04-23,DMA_126,51.728265610413445,0,0
2023-04-23,DMA_127,44.65439134079605,0,1
2023-04-23,DMA_128,44.19264807108304,0,0
2023-04-23,DMA_129,53.21461394042863,0,0
2023-04-23,DMA_130,54.056345801561804,0,0
2023-04-23,DMA_131,55.51133368748707,0,0
2023-04-23,DMA_132,52.369721101705565,0,1
2023-04-23,DMA_133,62.69410819115869,0,0
2023-04-23,DMA_134,48.877927247607204,0,0
2023-04-23,DMA_135,36.45916100563984,0,0
2023-04-23,DMA_136,43.40512144196476,0,1
2023-04-23,DMA_137,56.88681492600354,0,1
2023-04-23,DMA_138,48.15227531384059,0,0
2023-04-23,DMA_139,46.54041588258947,0,0
2023-04-23,DMA_140,37.291732792481454,0,1
2023-04-23,DMA_141,51.84246799522199,0,0
2023-04-23,DMA_142,51.917045504705804,0,1
2023-04-23,DMA_143,47.20523131135107,0,0
2023-04-23,DMA_144,46.15185376467415,0,0
2023-04-23,DMA_145,54.33386221709632,0,0
2023-04-23,DMA_146,61.0236769755233,0,0
2023-04-23,DMA_147,52.71266859325395,0,0
2023-04-23,DMA_148,47.78572372344586,0,1
2023-04-23,DMA_149,48.33104884345448,0,0
2023-04-23,DMA_150,31.858938998427455,0,0
2023-04-30,DMA_001,33.73091066540867,0,0
2023-04-30,DMA_002,39.78054558269321,0,0
2023-04-30,DMA_003,39.78050199425927,0,0
2023-04-30,DMA_004,43.82372072802745,0,0
2023-04-30,DMA_005,49.07372686226465,0,0
2023-04-30,DMA_006,54.54418686394151,0,0
2023-04-30,DMA_007,53.54334101834293,0,0
2023-04-30,DMA_008,54.637680219554824,0,0
2023-04-30,DMA_009,32.5984280190748,0,0
2023-04-30,DMA_010,58.41465884275272,0,0
2023-04-30,DMA_011,37.62764171658986,0,1
2023-04-30,DMA_012,44.60908629567573,0,0
2023-04-30,DMA_013,43.29641027684825,0,0
2023-04-30,DMA_014,44.84912476498524,0,0
2023-04-30,DMA_015,40.11609433517025,0,1
2023-04-30,DMA_016,37.790745200766054,0,0
2023-04-30,DMA_017,48.65727535305417,0,0
2023-04-30,DMA_018,48.98337579040448,0,0
2023-04-30,DMA_019,52.08174688021427,0,0
2023-04-30,DMA_020,42.678699471650496,0,0
2023-04-30,DMA_021,39.4982405127832,0,0
2023-04-30,DMA_022,49.63488249127654,0,0
2023-04-30,DMA_023,61.97526181047482,0,1
2023-04-30,DMA_024,44.52983276814705,0,0
2023-04-30,DMA_025,46.76915084057856,0,0
2023-04-30,DMA_026,52.59079302267376,0,0
2023-04-30,DMA_027,49.476435659255635,0,0
2023-04-30,DMA_028,51.71169249362575,0,0
2023-04-30,DMA_029,45.23797253137181,0,1
2023-04-30,DMA_030,43.95738289243989,0,0
2023-04-30,DMA_031,52.54862828316301,0,0
2023-04-30,DMA_032,52.44358343853368,0,1
2023-04-30,DMA_033,35.33971334492345,0,0
2023-04-30,DMA_034,45.78618432716642,0,0
2023-04-30,DMA_035,45.03737420191469,0,0
2023-04-30,DMA_036,35.58771029856219,0,0
2023-04-30,DMA_037,36.29415841557138,0,0
2023-04-30,DMA_038,43.53117903365911,0,0
2023-04-30,DMA_039,35.714669869336284,0,0
2023-04-30,DMA_040,42.42297806138275,0,1
2023-04-30,DMA_041,53.506673718187756,0,1
2023-04-30,DMA_042,40.60726315628226,0,0
2023-04-30,DMA_043,51.29940024937274,0,0
2023-04-30,DMA_044,52.46646756983532,0,1
2023-04-30,DMA_045,44.854370123845875,0,0
2023-04-30,DMA_046,43.8037446975703,0,0
2023-04-30,DMA_047,58.87368951198255,0,0
2023-04-30,DMA_048,41.34916522943749,0,0
2023-04-30,DMA_049,43.311950463191785,0,0
2023-04-30,DMA_050,52.079734026104305,0,0
2023-04-30,DMA_051,47.63594011847688,0,0
2023-04-30,DMA_052,48.29302737586396,0,0
2023-04-30,DMA_053,42.36935030534557,0,1
2023-04-30,DMA_054,46.20465379347972,0,0
2023-04-30,DMA_055,54.67800413107658,0,0
2023-04-30,DMA_056,43.04676396319471,0,0
2023-04-30,DMA_057,61.6247497621812,0,0
2023-04-30,DMA_058,54.88676611787359,0,0
2023-04-30,DMA_059,53.81298157105621,0,0
2023-04-30,DMA_060,40.90374462074942,0,1
2023-04-30,DMA_061,47.57198590976087,0,0
2023-04-30,DMA_062,40.96304491015571,0,0
2023-04-30,DMA_063,51.20693680395352,0,0
2023-04-30,DMA_064,46.248066996846994,0,0
2023-04-30,DMA_065,44.68171642098232,0,0
2023-04-30,DMA_066,34.87341314468628,0,0
2023-04-30,DMA_067,39.779216222781855,0,0
2023-04-30,DMA_068,52.21434182889378,0,0
2023-04-30,DMA_069,49.96882898412919,0,1
2023-04-30,DMA_070,55.53500767196382,0,0
2023-04-30,DMA_071,42.5437657760179,0,0
2023-04-30,DMA_072,53.38876147606267,0,0
2023-04-30,DMA_073,48.735396686876335,0,0
2023-04-30,DMA_074,51.732629234823364,0,0
2023-04-30,DMA_075,50.9946220699036,0,0
2023-04-30,DMA_076,30.022821451011573,0,0
2023-04-30,DMA_077,40.442040254680926,0,0
2023-04-30,DMA_078,49.86379707558894,0,0
2023-04-30,DMA_079,45.49415321547711,0,0
2023-04-30,DMA_080,44.87142999431995,0,1
2023-04-30,DMA_081,35.78761904019753,0,0
2023-04-30,DMA_082,40.54189841116545,0,0
2023-04-30,DMA_083,42.62124487717102,0,0
2023-04-30,DMA_084,44.945381924091464,0,0
2023-04-30,DMA_085,57.846122357942306,0,1
2023-04-30,DMA_086,44.368863338880004,0,1
2023-04-30,DMA_087,44.10385414198288,0,0
2023-04-30,DMA_088,52.29145775969247,0,1
2023-04-30,DMA_089,47.9206406644208,0,0
2023-04-30,DMA_090,46.40101748819593,0,0
2023-04-30,DMA_091,38.48936046547748,0,0
2023-04-30,DMA_092,51.02617940590386,0,0
2023-04-30,DMA_093,52.80543331533381,0,0
2023-04-30,DMA_094,45.58896994176474,0,0
2023-04-30,DMA_095,51.07644817534783,0,1
2023-04-30,DMA_096,47.791644413245415,0,0
2023-04-30,DMA_097,43.231439883162786,0,0
2023-04-30,DMA_098,43.67898081257934,0,0
2023-04-30,DMA_099,52.83322255203619,0,0
2023-04-30,DMA_100,41.89491108645446,0,0
2023-04-30,DMA_101,55.917144100289065,0,0
2023-04-30,DMA_102,49.84014467145893,0,0
2023-04-30,DMA_103,46.27942745949498,0,0
2023-04-30,DMA_104,50.50685967039057,0,0
2023-04-30,DMA_105,56.82530723608787,0,0
2023-04-30,DMA_106,46.94605722638734,0,0
2023-04-30,DMA_107,49.0696636122736,0,0
2023-04-30,DMA_108,49.93171114428799,0,0
2023-04-30,DMA_109,42.22408935281315,0,1
2023-04-30,DMA_110,50.72803367466284,0,1
2023-04-30,DMA_111,41.19726267172041,0,0
2023-04-30,DMA_112,45.36390109412857,0,0
2023-04-30,DMA_113,50.74074131776919,0,0
2023-04-30,DMA_114,44.013276570149976,0,0
2023-04-30,DMA_115,32.85119592295397,0,0
2023-04-30,DMA_116,40.58570437748479,0,0
2023-04-30,DMA_117,53.26814223890538,0,0
2023-04-30,DMA_118,47.173641727647244,0,0
2023-04-30,DMA_119,55.25814626396668,0,0
2023-04-30,DMA_120,51.01482946633476,0,0
2023-04-30,DMA_121,52.09669490853774,0,0
2023-04-30,DMA_122,44.17259803491549,0,0
2023-04-30,DMA_123,38.80355893454039,0,0
2023-04-30,DMA_124,48.24143245761111,0,1
2023-04-30,DMA_125,44.48213803920693,0,0
2023-04-30,DMA_126,38.80808040398113,0,0
2023-04-30,DMA_127,52.05057609238176,0,0
2023-04-30,DMA_128,38.49848461635286,0,0
2023-04-30,DMA_129,39.32817519317052,0,0
2023-04-30,DMA_130,47.30223375810959,0,0
2023-04-30,DMA_131,46.81473061246265,0,1
2023-04-30,DMA_132,45.4172170733263,0,0
2023-04-30,DMA_133,48.15066074691117,0,0
2023-04-30,DMA_134,40.972277312163854,0,0
2023-04-30,DMA_135,51.246041048410724,0,0
2023-04-30,DMA_136,47.40687184504248,0,0
2023-04-30,DMA_137,39.79512628897661,0,0
2023-04-30,DMA_138,52.79239366819924,0,0
2023-04-30,DMA_139,46.66210224363218,0,0
2023-04-30,DMA_140,48.14399953271384,0,0
2023-04-30,DMA_141,47.70796177587273,0,1
2023-04-30,DMA_142,42.91049404943262,0,0
2023-04-30,DMA_143,45.88894009624082,0,0
2023-04-30,DMA_144,47.73822848437594,0,1
2023-04-30,DMA_145,45.27511686963991,0,0
2023-04-30,DMA_146,52.681435791483544,0,0
2023-04-30,DMA_147,50.38707854921247,0,0
2023-04-30,DMA_148,42.90028092785184,0,1
2023-04-30,DMA_149,47.607273006373006,0,0
2023-04-30,DMA_150,37.56730274548792,0,0
2023-05-07,DMA_001,45.32125824427974,0,0
2023-05-07,DMA_002,50.68942972920041,0,0
2023-05-07,DMA_003,33.52561577536571,0,1
2023-05-07,DMA_004,39.681348262589665,0,0
2023-05-07,DMA_005,44.250628265468215,0,0
2023-05-07,DMA_006,50.27515118159466,0,1
2023-05-07,DMA_007,48.006391119255504,0,0
2023-05-07,DMA_008,41.880802055996504,0,1
2023-05-07,DMA_009,43.186386399368125,0,0
2023-05-07,DMA_010,30.173611865363142,0,0
2023-05-07,DMA_011,41.49889327115671,0,1
2023-05-07,DMA_012,42.144990715585735,0,1
2023-05-07,DMA_013,32.96628509627541,0,0
2023-05-07,DMA_014,41.08453334743805,0,1
2023-05-07,DMA_015,41.78682777124429,0,0
2023-05-07,DMA_016,49.67937776623177,0,1
2023-05-07,DMA_017,35.97336457990906,0,0
2023-05-07,DMA_018,45.807195532239604,0,0
2023-05-07,DMA_019,35.67107064848222,0,0
2023-05-07,DMA_020,43.3608318724506,0,0
2023-05-07,DMA_021,49.88853971452138,0,0
2023-05-07,DMA_022,44.444085166446996,0,0
2023-05-07,DMA_023,32.81400212464699,0,0
2023-05-07,DMA_024,32.868641679683485,0,0
2023-05-07,DMA_025,46.212026494098225,0,0
2023-05-07,DMA_026,43.494158429871405,0,0
2023-05-07,DMA_027,41.995945481890864,0,1
2023-05-07,DMA_028,41.82885055872326,0,0
2023-05-07,DMA_029,37.3417392490814,0,0
2023-05-07,DMA_030,53.00635513430315,0,0
2023-05-07,DMA_031,55.2256954615909,0,0
2023-05-07,DMA_032,51.92562220483656,0,0
2023-05-07,DMA_033,41.852132991633226,0,0
2023-05-07,DMA_034,41.25386472965917,0,0
2023-05-07,DMA_035,43.34172596522436,0,0
2023-05-07,DMA_036,39.503913870586196,0,0
2023-05-07,DMA_037,48.6549378030449,0,1
2023-05-07,DMA_038,42.63122655713646,0,0
2023-05-07,DMA_039,44.72795754135965,0,0
2023-05-07,DMA_040,52.37375513978811,0,1
2023-05-07,DMA_041,37.880052556356105,0,0
2023-05-07,DMA_042,45.486151406794534,0,1
2023-05-07,DMA_043,45.71129808098574,0,0
2023-05-07,DMA_044,47.50887283346318,0,0
2023-05-07,DMA_045,40.49256987479462,0,1
2023-05-07,DMA_046,58.32537541601121,0,1
2023-05-07,DMA_047,47.77403196224117,0,0
2023-05-07,DMA_048,35.59635465356758,0,0
2023-05-07,DMA_049,51.11373364409995,0,0
2023-05-07,DMA_050,38.09799695165923,0,0
2023-05-07,DMA_051,38.73437040174854,0,0
2023-05-07,DMA_052,43.931938587803806,0,0
2023-05-07,DMA_053,45.00977355785699,0,0
2023-05-07,DMA_054,44.93516734942629,0,0
2023-05-07,DMA_055,45.761821337906866,0,0
2023-05-07,DMA_056,45.868304192984645,0,0
2023-05-07,DMA_057,39.3614650937139,0,0
2023-05-07,DMA_058,43.25676870588633,0,1
2023-05-07,DMA_059,28.541345331734405,0,0
2023-05-07,DMA_060,37.87431400693824,0,0
2023-05-07,DMA_061,35.00652014980968,0,0
2023-05-07,DMA_062,39.0415584810429,0,0
2023-05-07,DMA_063,47.953629307613625,0,0
2023-05-07,DMA_064,55.072876458859184,0,0
2023-05-07,DMA_065,46.203954639804856,0,0
2023-05-07,DMA_066,39.70526744950496,0,0
2023-05-07,DMA_067,36.05011832664073,0,0
2023-05-07,DMA_068,46.98921533796689,0,0
2023-05-07,DMA_069,44.07060594739859,0,0
2023-05-07,DMA_070,40.34605107647353,0,0
2023-05-07,DMA_071,43.538730224960524,0,0
2023-05-07,DMA_072,39.92658270009949,0,0
2023-05-07,DMA_073,41.25392877606339,0,0
2023-05-07,DMA_074,32.1315703281346,0,0
2023-05-07,DMA_075,40.01615432933018,0,0
2023-05-07,DMA_076,42.52338571222871,0,0
2023-05-07,DMA_077,57.614582339764766,0,0
2023-05-07,DMA_078,46.66465860614015,0,0
2023-05-07,DMA_079,51.32373823611161,0,0
2023-05-07,DMA_080,36.793937147624135,0,0
2023-05-07,DMA_081,41.82845121210061,0,1
2023-05-07,DMA_082,43.84611502134567,0,0
2023-05-07,DMA_083,45.1631925454013,0,0
2023-05-07,DMA_084,50.34364964986575,0,0
2023-05-07,DMA_085,39.26146400042095,0,0
2023-05-07,DMA_086,42.36169147807536,0,0
2023-05-07,DMA_087,41.53564649285138,0,0
2023-05-07,DMA_088,35.12101917676556,0,0
2023-05-07,DMA_089,37.265816112147654,0,0
2023-05-07,DMA_090,44.10506884426508,0,0
2023-05-07,DMA_091,39.8401010686529,0,0
2023-05-07,DMA_092,46.43396065457303,0,0
2023-05-07,DMA_093,42.88970437974475,0,0
2023-05-07,DMA_094,57.7500659404476,0,1
2023-05-07,DMA_095,46.20161051007433,0,0
2023-05-07,DMA_096,48.20411891983038,0,0
2023-05-07,DMA_097,40.439857513718465,0,0
2023-05-07,DMA_098,56.097377232710926,0,0
2023-05-07,DMA_099,50.03677273107446,0,1
2023-05-07,DMA_100,38.12421968535849,0,0
2023-05-07,DMA_101,55.921372486716216,0,0
2023-05-07,DMA_102,37.660884029601235,0,0
2023-05-07,DMA_103,41.281796969831305,0,1
2023-05-07,DMA_104,36.72214911993583,0,0
2023-05-07,DMA_105,42.80621479821845,0,0
2023-05-07,DMA_106,41.11176422955372,0,0
2023-05-07,DMA_107,34.755007539531526,0,0
2023-05-07,DMA_108,42.25778739179791,0,0
2023-05-07,DMA_109,44.33675733592904,0,1
2023-05-07,DMA_110,47.41238706688788,0,1
2023-05-07,DMA_111,48.96334563928476,0,0
2023-05-07,DMA_112,50.04305511497911,0,1
2023-05-07,DMA_113,40.07612521969788,0,0
2023-05-07,DMA_114,48.14159882258653,0,1
2023-05-07,DMA_115,43.07696205273819,0,0
2023-05-07,DMA_116,35.232165991745276,0,0
2023-05-07,DMA_117,46.378489893626664,0,0
2023-05-07,DMA_118,49.08113530002093,0,0
2023-05-07,DMA_119,35.481325326770545,0,0
2023-05-07,DMA_120,50.93348506277508,0,0
2023-05-07,DMA_121,43.73391778262545,0,0
2023-05-07,DMA_122,41.33697070762002,0,0
2023-05-07,DMA_123,42.08894405229611,0,0
2023-05-07,DMA_124,42.57099885334535,0,0
2023-05-07,DMA_125,42.81775482618475,0,0
2023-05-07,DMA_126,31.909258308858554,0,0
2023-05-07,DMA_127,38.2700719683443,0,0
2023-05-07,DMA_128,49.841703189437304,0,1
2023-05-07,DMA_129,48.08251897913792,0,1
2023-05-07,DMA_130,36.11256288819476,0,0
2023-05-07,DMA_131,44.38706099143967,0,0
2023-05-07,DMA_132,54.531378218871524,0,1
2023-05-07,DMA_133,34.08672492696954,0,1
2023-05-07,DMA_134,43.26354770263587,0,0
2023-05-07,DMA_135,40.88546987845513,0,0
2023-05-07,DMA_136,51.502138383837185,0,0
2023-05-07,DMA_137,44.55751817866512,0,1
2023-05-07,DMA_138,41.84018094631138,0,0
2023-05-07,DMA_139,48.321953690599315,0,0
2023-05-07,DMA_140,51.092653337374756,0,0
2023-05-07,DMA_141,42.62485131620475,0,0
2023-05-07,DMA_142,38.65517662680917,0,0
2023-05-07,DMA_143,43.32868687406479,0,0
2023-05-07,DMA_144,56.47622855725175,0,0
2023-05-07,DMA_145,47.80642699185997,0,1
2023-05-07,DMA_146,49.843377598658336,0,0
2023-05-07,DMA_147,41.17419170868785,0,0
2023-05-07,DMA_148,39.1294892918335,0,0
2023-05-07,DMA_149,51.44202849583891,0,0
2023-05-07,DMA_150,49.93211609780366,0,0
2023-05-14,DMA_001,41.55655889362693,0,0
2023-05-14,DMA_002,41.148860181480075,0,0
2023-05-14,DMA_003,52.99556549923179,0,0
2023-05-14,DMA_004,41.521127697877006,0,1
2023-05-14,DMA_005,49.2788171836518,0,0
2023-05-14,DMA_006,37.58391839613654,0,0
2023-05-14,DMA_007,32.781394983164304,0,0
2023-05-14,DMA_008,45.845695992336424,0,0
2023-05-14,DMA_009,33.666797176091464,0,0
2023-05-14,DMA_010,47.14144755551085,0,0
2023-05-14,DMA_011,41.30469029657992,0,0
2023-05-14,DMA_012,39.64928762816899,0,0
2023-05-14,DMA_013,34.84089461028326,0,0
2023-05-14,DMA_014,43.67571442096768,0,0
2023-05-14,DMA_015,46.211696043918835,0,1
2023-05-14,DMA_016,42.463773536188356,0,0
2023-05-14,DMA_017,32.530924657874905,0,1
2023-05-14,DMA_018,47.83966652488183,0,0
2023-05-14,DMA_019,49.38382416821241,0,1
2023-05-14,DMA_020,31.669748529986023,0,0
2023-05-14,DMA_021,31.1104267532894,0,0
2023-05-14,DMA_022,45.638383657502025,0,0
2023-05-14,DMA_023,34.811498319490255,0,1
2023-05-14,DMA_024,33.409771963240615,0,0
2023-05-14,DMA_025,29.927025344305015,0,1
2023-05-14,DMA_026,33.6587796755237,0,0
2023-05-14,DMA_027,45.443720378593106,0,0
2023-05-14,DMA_028,31.676186538280433,0,0
2023-05-14,DMA_029,46.02279975825292,0,0
2023-05-14,DMA_030,42.98251974545145,0,0
2023-05-14,DMA_031,45.20119828794337,0,0
2023-05-14,DMA_032,43.23279159018914,0,0
2023-05-14,DMA_033,44.92080010193595,0,0
2023-05-14,DMA_034,29.16184686864498,0,0
2023-05-14,DMA_035,50.84855042468879,0,0
2023-05-14,DMA_036,34.810913441087436,0,0
2023-05-14,DMA_037,36.742323388229416,0,0
2023-05-14,DMA_038,39.56070602256711,0,0
2023-05-14,DMA_039,36.543904723140244,0,0
2023-05-14,DMA_040,41.06243151263823,0,1
2023-05-14,DMA_041,32.63857518393918,0,0
2023-05-14,DMA_042,33.98335192880098,0,0
2023-05-14,DMA_043,45.13455016985096,0,0
2023-05-14,DMA_044,36.863338720319454,0,0
2023-05-14,DMA_045,45.66596128313191,0,1
2023-05-14,DMA_046,32.54815184289008,0,0
2023-05-14,DMA_047,42.807747055649045,0,0
2023-05-14,DMA_048,39.81904322157597,0,0
2023-05-14,DMA_049,43.930362639577645,0,0
2023-05-14,DMA_050,44.63618449594027,0,0
2023-05-14,DMA_051,30.893853578507244,0,0
2023-05-14,DMA_052,47.805646176931894,0,1
2023-05-14,DMA_053,42.52509177378214,0,1
2023-05-14,DMA_054,43.94776773884843,0,1
2023-05-14,DMA_055,48.32972674380874,0,1
2023-05-14,DMA_056,42.294154647456075,0,0
2023-05-14,DMA_057,27.70810875349911,0,0
2023-05-14,DMA_058,31.318259529428957,0,0
2023-05-14,DMA_059,36.65785116720529,0,0
2023-05-14,DMA_060,36.32730188983738,0,1
2023-05-14,DMA_061,31.390156905907396,0,0
2023-05-14,DMA_062,40.30352890021231,0,0
2023-05-14,DMA_063,44.65052393733331,0,0
2023-05-14,DMA_064,46.42074903751897,0,0
2023-05-14,DMA_065,42.968860102298386,0,0
2023-05-14,DMA_066,39.12415936507149,0,0
2023-05-14,DMA_067,34.78018149871982,0,0
2023-05-14,DMA_068,43.928690940665085,0,0
2023-05-14,DMA_069,39.81277641015033,0,0
2023-05-14,DMA_070,40.86784528284038,0,0
2023-05-14,DMA_071,32.91163241870624,0,0
2023-05-14,DMA_072,55.05998064125923,0,0
2023-05-14,DMA_073,41.31008905932579,0,0
2023-05-14,DMA_074,33.55008577531275,0,1
2023-05-14,DMA_075,39.864536640016844,0,0
2023-05-14,DMA_076,41.043542876063746,0,0
2023-05-14,DMA_077,29.996372565718396,0,0
2023-05-14,DMA_078,43.522959439696095,0,0
2023-05-14,DMA_079,38.30294023977742,0,0
2023-05-14,DMA_080,37.62302641887594,0,1
2023-05-14,DMA_081,44.826501281933815,0,0
2023-05-14,DMA_082,37.34013331345093,0,0
2023-05-14,DMA_083,41.34746567452153,0,0
2023-05-14,DMA_084,48.728642777457445,0,0
2023-05-14,DMA_085,41.72623652341328,0,0
2023-05-14,DMA_086,45.487975001768,0,0
2023-05-14,DMA_087,47.933509132406215,0,0
2023-05-14,DMA_088,38.943055910475145,0,0
2023-05-14,DMA_089,48.88063910261744,0,1
2023-05-14,DMA_090,38.58376647112119,0,0
2023-05-14,DMA_091,30.793937336854743,0,0
2023-05-14,DMA_092,41.53758682430123,0,0
2023-05-14,DMA_093,27.621595017021463,0,0
2023-05-14,DMA_094,35.60492766397284,0,0
2023-05-14,DMA_095,42.909847895555146,0,0
2023-05-14,DMA_096,55.26461719431194,0,0
2023-05-14,DMA_097,42.32427626416136,0,1
2023-05-14,DMA_098,38.31332288551404,0,0
2023-05-14,DMA_099,43.60119636941676,0,0
2023-05-14,DMA_100,41.43365125400268,0,1
2023-05-14,DMA_101,36.440243951819426,0,0
2023-05-14,DMA_102,32.5134334798924,0,0
2023-05-14,DMA_103,54.42580802454045,0,1
2023-05-14,DMA_104,40.49030566368232,0,0
2023-05-14,DMA_105,38.145208222269254,0,0
2023-05-14,DMA_106,44.447286910530714,0,0
2023-05-14,DMA_107,32.55345694434366,0,0
2023-05-14,DMA_108,40.620819921166806,0,0
2023-05-14,DMA_109,39.68384823578295,0,1
2023-05-14,DMA_110,44.60462429820082,0,0
2023-05-14,DMA_111,47.088833329480096,0,1
2023-05-14,DMA_112,39.51176760671112,0,0
2023-05-14,DMA_113,29.314003858456765,0,0
2023-05-14,DMA_114,31.053251367733672,0,1
2023-05-14,DMA_115,33.38745049116273,0,0
2023-05-14,DMA_116,32.35892061352651,0,0
2023-05-14,DMA_117,44.320691996181665,0,1
2023-05-14,DMA_118,38.61030458664111,0,0
2023-05-14,DMA_119,37.58399617030095,0,0
2023-05-14,DMA_120,40.10604530484834,0,0
2023-05-14,DMA_121,38.75986561989297,0,0
2023-05-14,DMA_122,43.60512800345296,0,0
2023-05-14,DMA_123,36.15293761898452,0,0
2023-05-14,DMA_124,39.31969101501553,0,0
2023-05-14,DMA_125,41.24768721466597,0,0
2023-05-14,DMA_126,47.37269322111598,0,1
2023-05-14,DMA_127,46.622114613449185,0,0
2023-05-14,DMA_128,41.24811540683866,0,0
2023-05-14,DMA_129,37.534769219115574,0,0
2023-05-14,DMA_130,48.12331369285261,0,0
2023-05-14,DMA_131,44.117532006358054,0,0
2023-05-14,DMA_132,43.79806403114915,0,0
2023-05-14,DMA_133,41.619335042961346,0,1
2023-05-14,DMA_134,46.576963827971085,0,0
2023-05-14,DMA_135,30.585990442305405,0,1
2023-05-14,DMA_136,41.75232801196569,0,0
2023-05-14,DMA_137,51.386047783195664,0,0
2023-05-14,DMA_138,44.92945086872573,0,0
2023-05-14,DMA_139,54.31075367498384,0,0
2023-05-14,DMA_140,43.18122883172268,0,1
2023-05-14,DMA_141,38.821396255560316,0,0
2023-05-14,DMA_142,37.20785485452636,0,0
2023-05-14,DMA_143,34.92401207254924,0,0
2023-05-14,DMA_144,36.46852788738331,0,0
2023-05-14,DMA_145,48.81823552980694,0,0
2023-05-14,DMA_146,52.07151745946373,0,0
2023-05-14,DMA_147,28.711196352467596,0,0
2023-05-14,DMA_148,39.12293498780928,0,0
2023-05-14,DMA_149,45.16089634340758,0,0
2023-05-14,DMA_150,46.0820717534065,0,0
2023-05-21,DMA_001,42.82128190636061,0,0
2023-05-21,DMA_002,31.509113968641536,0,0
2023-05-21,DMA_003,32.0575638165947,0,0
2023-05-21,DMA_004,33.709732964339445,0,0
2023-05-21,DMA_005,37.278978497430984,0,0
2023-05-21,DMA_006,42.613962349115916,0,0
2023-05-21,DMA_007,38.343801483729195,0,0
2023-05-21,DMA_008,41.65817725761713,0,0
2023-05-21,DMA_009,31.84508013665898,0,0
2023-05-21,DMA_010,46.31414392801378,0,1
2023-05-21,DMA_011,28.2968310256108,0,1
2023-05-21,DMA_012,40.237219861639396,0,0
2023-05-21,DMA_013,35.73369412816984,0,0
2023-05-21,DMA_014,37.87261697460486,0,0
2023-05-21,DMA_015,34.58770054858303,0,0
2023-05-21,DMA_016,40.02573554932137,0,1
2023-05-21,DMA_017,41.28406275247026,0,0
2023-05-21,DMA_018,36.777173158994906,0,1
2023-05-21,DMA_019,36.022979509572,0,0
2023-05-21,DMA_020,35.005940181064986,0,0
2023-05-21,DMA_021,40.656545411725915,0,0
2023-05-21,DMA_022,35.84666209214616,0,1
2023-05-21,DMA_023,31.96896411522954,0,1
2023-05-21,DMA_024,31.471089152158996,0,0
2023-05-21,DMA_025,30.362730592601107,0,0
2023-05-21,DMA_026,39.577459477406194,0,0
2023-05-21,DMA_027,49.23887845120622,0,0
2023-05-21,DMA_028,39.15380725761744,0,0
2023-05-21,DMA_029,35.19076132556733,0,0
2023-05-21,DMA_030,43.106350400395954,0,1
2023-05-21,DMA_031,31.791776337056135,0,0
2023-05-21,DMA_032,40.01584391307738,0,0
2023-05-21,DMA_033,39.478876553906936,0,0
2023-05-21,DMA_034,33.932422565511075,0,0
2023-05-21,DMA_035,47.39507138436467,0,1
2023-05-21,DMA_036,44.7792603501198,0,0
2023-05-21,DMA_037,39.841415464104635,0,0
2023-05-21,DMA_038,32.092526615229346,0,0
2023-05-21,DMA_039,32.44292540429909,0,0
2023-05-21,DMA_040,42.588952852928905,0,0
2023-05-21,DMA_041,36.391593369805264,0,0
2023-05-21,DMA_042,42.32342193268374,0,0
2023-05-21,DMA_043,30.19460224630071,0,0
2023-05-21,DMA_044,43.7830499467955,0,0
2023-05-21,DMA_045,38.95504886268274,0,0
2023-05-21,DMA_046,29.58152733736825,0,0
2023-05-21,DMA_047,26.97344371693009,0,0
2023-05-21,DMA_048,34.07528334910109,0,0
2023-05-21,DMA_049,37.969581752691866,0,1
2023-05-21,DMA_050,35.06339503372849,0,0
2023-05-21,DMA_051,44.03307175921467,0,1
2023-05-21,DMA_052,34.60708424725465,0,0
2023-05-21,DMA_053,23.5000390551984,0,0
2023-05-21,DMA_054,54.60689571088399,0,0
2023-05-21,DMA_055,40.64069872951551,0,0
2023-05-21,DMA_056,32.680883220687605,0,0
2023-05-21,DMA_057,41.68935242851171,0,0
2023-05-21,DMA_058,26.43959575347354,0,0
2023-05-21,DMA_059,31.99888008520263,0,0
2023-05-21,DMA_060,42.19709326772983,0,0
2023-05-21,DMA_061,32.170574670706074,0,0
2023-05-21,DMA_062,42.533599028330684,0,1
2023-05-21,DMA_063,31.948184947251242,0,0
2023-05-21,DMA_064,40.37006662436658,0,1
2023-05-21,DMA_065,43.0142716083713,0,0
2023-05-21,DMA_066,46.36168638741348,0,0
2023-05-21,DMA_067,38.7700855352905,0,0
2023-05-21,DMA_068,39.74104442556045,0,0
2023-05-21,DMA_069,35.32115870481626,0,0
2023-05-21,DMA_070,40.05147053091436,0,0
2023-05-21,DMA_071,42.13432437732873,0,0
2023-05-21,DMA_072,40.12267881341534,0,0
2023-05-21,DMA_073,51.57630511930816,0,0
2023-05-21,DMA_074,27.534694755229047,0,0
2023-05-21,DMA_075,33.41108350987399,0,0
2023-05-21,DMA_076,37.42374162170763,0,1
2023-05-21,DMA_077,38.57473842582526,0,0
2023-05-21,DMA_078,42.57026375841004,0,0
2023-05-21,DMA_079,45.770479968329184,0,0
2023-05-21,DMA_080,34.728238867960535,0,0
2023-05-21,DMA_081,25.42225098842959,0,1
2023-05-21,DMA_082,39.07401178367399,0,0
2023-05-21,DMA_083,45.39817221423412,0,0
2023-05-21,DMA_084,35.67379764925876,0,0
2023-05-21,DMA_085,39.94007397151219,0,0
2023-05-21,DMA_086,26.724954321999736,0,0
2023-05-21,DMA_087,37.641497383689305,0,0
2023-05-21,DMA_088,39.102510667966506,0,0
2023-05-21,DMA_089,35.41171640562151,0,0
2023-05-21,DMA_090,35.333930793569834,0,1
2023-05-21,DMA_091,30.492755078899357,0,0
2023-05-21,DMA_092,34.32670377374278,0,0
2023-05-21,DMA_093,36.95298379594119,0,0
2023-05-21,DMA_094,32.59352394774622,0,0
2023-05-21,DMA_095,39.38823901572062,0,0
2023-05-21,DMA_096,52.43625093622005,0,0
2023-05-21,DMA_097,40.62045672153825,0,0
2023-05-21,DMA_098,32.924927613792406,0,1
2023-05-21,DMA_099,37.13407487563532,0,0
2023-05-21,DMA_100,41.880802169341855,0,0
2023-05-21,DMA_101,40.08002369429621,0,0
2023-05-21,DMA_102,39.42145690660756,0,0
2023-05-21,DMA_103,32.70239960209015,0,0
2023-05-21,DMA_104,40.81258462369049,0,0
2023-05-21,DMA_105,34.7877305072698,0,0
2023-05-21,DMA_106,36.07323932982183,0,0
2023-05-21,DMA_107,48.180489913454736,0,0
2023-05-21,DMA_108,38.277186362382,0,1
2023-05-21,DMA_109,30.674389929604665,0,0
2023-05-21,DMA_110,42.23963837911906,0,0
2023-05-21,DMA_111,36.165005766249784,0,0
2023-05-21,DMA_112,38.80479853817555,0,0
2023-05-21,DMA_113,50.92239650510631,0,0
2023-05-21,DMA_114,35.234604379364995,0,0
2023-05-21,DMA_115,33.46481436654664,0,1
2023-05-21,DMA_116,44.773047545493135,0,0
2023-05-21,DMA_117,46.45999735156287,0,0
2023-05-21,DMA_118,44.11981897204836,0,1
2023-05-21,DMA_119,46.11009772398663,0,0
2023-05-21,DMA_120,33.40109045333749,0,0
2023-05-21,DMA_121,38.9828880198967,0,0
2023-05-21,DMA_122,28.449579150278357,0,0
2023-05-21,DMA_123,42.44735648743329,0,0
2023-05-21,DMA_124,34.94495733350334,0,0
2023-05-21,DMA_125,41.12705222777256,0,0
2023-05-21,DMA_126,46.7760470122587,0,0
2023-05-21,DMA_127,27.267675758138367,0,0
2023-05-21,DMA_128,41.74133833890629,0,0
2023-05-21,DMA_129,46.888087635233504,0,0
2023-05-21,DMA_130,45.74505756428939,0,1
2023-05-21,DMA_131,42.186314949312646,0,0
2023-05-21,DMA_132,41.28806751427677,0,1
2023-05-21,DMA_133,44.836910398970105,0,0
2023-05-21,DMA_134,39.49955260319441,0,0
2023-05-21,DMA_135,46.683294791020174,0,1
2023-05-21,DMA_136,27.031557138827296,0,0
2023-05-21,DMA_137,34.568150417508875,0,0
2023-05-21,DMA_138,51.33098299180661,0,0
2023-05-21,DMA_139,39.29699871201801,0,0
2023-05-21,DMA_140,46.31121444913794,0,0
2023-05-21,DMA_141,37.03386502389808,0,0
2023-05-21,DMA_142,35.45478640342022,0,1
2023-05-21,DMA_143,31.29072335139054,0,0
2023-05-21,DMA_144,30.52861421856244,0,0
2023-05-21,DMA_145,36.47071445959212,0,0
2023-05-21,DMA_146,32.295404437130465,0,0
2023-05-21,DMA_147,44.48053589054724,0,0
2023-05-21,DMA_148,35.38344476163949,0,1
2023-05-21,DMA_149,44.78384003426934,0,0
2023-05-21,DMA_150,32.64927505224155,0,0
2023-05-28,DMA_001,42.83119759933296,0,0
2023-05-28,DMA_002,35.22520600616481,0,0
2023-05-28,DMA_003,42.146871230267145,0,0
2023-05-28,DMA_004,31.86552608977872,0,0
2023-05-28,DMA_005,41.335977388691646,0,0
2023-05-28,DMA_006,27.290185867160815,0,1
2023-05-28,DMA_007,35.49178782993927,0,0
2023-05-28,DMA_008,38.00117095200042,0,0
2023-05-28,DMA_009,42.80536524033167,0,0
2023-05-28,DMA_010,46.24545889771511,0,0
2023-05-28,DMA_011,27.380447821461804,0,0
2023-05-28,DMA_012,33.17956773982001,0,1
2023-05-28,DMA_013,34.38586730663783,0,0
2023-05-28,DMA_014,38.885671917240515,0,0
2023-05-28,DMA_015,35.425042574629906,0,0
2023-05-28,DMA_016,34.935125802090134,0,1
2023-05-28,DMA_017,25.77804676248269,0,0
2023-05-28,DMA_018,45.3186226051404,0,1
2023-05-28,DMA_019,37.33392401986461,0,0
2023-05-28,DMA_020,28.431570254123407,0,0
2023-05-28,DMA_021,24.419671985152867,0,0
2023-05-28,DMA_022,33.941661516277705,0,0
2023-05-28,DMA_023,46.29955315549388,0,0
2023-05-28,DMA_024,41.31310108733713,0,0
2023-05-28,DMA_025,35.82142326759916,0,1
2023-05-28,DMA_026,31.57483103686051,0,0
2023-05-28,DMA_027,40.791803516710516,0,1
2023-05-28,DMA_028,33.69765655952405,0,0
2023-05-28,DMA_029,31.866155569123755,0,0
2023-05-28,DMA_030,35.60357064910403,0,0
2023-05-28,DMA_031,29.5369101930691,0,1
2023-05-28,DMA_032,33.91476670716429,0,0
2023-05-28,DMA_033,23.725751707038327,0,0
2023-05-28,DMA_034,37.956082991558375,0,0
2023-05-28,DMA_035,35.624470451898915,0,0
2023-05-28,DMA_036,39.9501895997318,0,0
2023-05-28,DMA_037,36.475032972846776,0,0
2023-05-28,DMA_038,42.79041746617015,0,0
2023-05-28,DMA_039,37.75825573412879,0,0
2023-05-28,DMA_040,34.85068301474158,0,0
2023-05-28,DMA_041,31.662988263503653,0,0
2023-05-28,DMA_042,34.08165878703223,0,0
2023-05-28,DMA_043,33.63985580921596,0,0
2023-05-28,DMA_044,38.98854913766205,0,1
2023-05-28,DMA_045,37.12295995906407,0,0
2023-05-28,DMA_046,27.873985670953516,0,0
2023-05-28,DMA_047,45.68407377235769,0,0
2023-05-28,DMA_048,25.955182265956594,0,0
2023-05-28,DMA_049,32.24639475693274,0,1
2023-05-28,DMA_050,37.7870725089273,0,0
2023-05-28,DMA_051,27.532421127598347,0,0
2023-05-28,DMA_052,37.991620265441476,0,0
2023-05-28,DMA_053,28.323475584055686,0,0
2023-05-28,DMA_054,30.57713539181622,0,0
2023-05-28,DMA_055,35.81162464225679,0,0
2023-05-28,DMA_056,37.27063268476143,0,0
2023-05-28,DMA_057,49.988818541033545,0,1
2023-05-28,DMA_058,36.186262830472266,0,0
2023-05-28,DMA_059,41.07134142488435,0,0
2023-05-28,DMA_060,36.296248913767926,0,0
2023-05-28,DMA_061,48.14761970759289,0,0
2023-05-28,DMA_062,37.04033157820258,0,0
2023-05-28,DMA_063,37.01615279709626,0,0
2023-05-28,DMA_064,44.1370878321106,0,0
2023-05-28,DMA_065,30.213579205274442,0,0
2023-05-28,DMA_066,44.23378830740867,0,1
2023-05-28,DMA_067,35.4037597292184,0,0
2023-05-28,DMA_068,29.91873754819165,0,0
2023-05-28,DMA_069,33.74503330523012,0,0
2023-05-28,DMA_070,42.55970157052275,0,0
2023-05-28,DMA_071,44.61225918237875,0,0
2023-05-28,DMA_072,30.56893110693293,0,0
2023-05-28,DMA_073,41.484523266033854,0,1
2023-05-28,DMA_074,42.29813744151889,0,0
2023-05-28,DMA_075,44.76140265465402,0,0
2023-05-28,DMA_076,32.6442648483024,0,0
2023-05-28,DMA_077,31.507727489210566,0,1
2023-05-28,DMA_078,45.08494583369131,0,0
2023-05-28,DMA_079,33.26682564140973,0,0
2023-05-28,DMA_080,31.901227892927672,0,0
2023-05-28,DMA_081,41.25597372887725,0,1
2023-05-28,DMA_082,41.11072265698015,0,0
2023-05-28,DMA_083,43.83475427253829,0,0
2023-05-28,DMA_084,38.05339353490044,0,0
2023-05-28,DMA_085,27.782143045456635,0,0
2023-05-28,DMA_086,41.043349323143474,0,0
2023-05-28,DMA_087,35.4034661558369,0,0
2023-05-28,DMA_088,36.345051066154596,0,0
2023-05-28,DMA_089,46.24243525202897,0,0
2023-05-28,DMA_090,42.44055947020861,0,0
2023-05-28,DMA_091,43.445471029613394,0,1
2023-05-28,DMA_092,37.46183089807346,0,1
2023-05-28,DMA_093,48.28117483256307,0,0
2023-05-28,DMA_094,41.506455086241296,0,0
2023-05-28,DMA_095,37.1667991976031,0,0
2023-05-28,DMA_096,41.62714263160579,0,0
2023-05-28,DMA_097,27.42613182831318,0,0
2023-05-28,DMA_098,28.918045814533627,0,0
2023-05-28,DMA_099,31.907451002256998,0,0
2023-05-28,DMA_100,39.21118600703093,0,0
2023-05-28,DMA_101,33.14252429733284,0,0
2023-05-28,DMA_102,33.6251699470844,0,0
2023-05-28,DMA_103,42.395476111238125,0,0
2023-05-28,DMA_104,39.08182420957449,0,0
2023-05-28,DMA_105,41.99238351064977,0,1
2023-05-28,DMA_106,35.39639386034574,0,0
2023-05-28,DMA_107,40.22786439185663,0,0
2023-05-28,DMA_108,34.73079700283222,0,1
2023-05-28,DMA_109,27.505214660659643,0,0
2023-05-28,DMA_110,36.582148698798825,0,0
2023-05-28,DMA_111,27.810128870137195,0,0
2023-05-28,DMA_112,26.38631256418543,0,1
2023-05-28,DMA_113,32.38114463111767,0,0
2023-05-28,DMA_114,48.61656985300237,0,1
2023-05-28,DMA_115,23.53486826620629,0,0
2023-05-28,DMA_116,35.689316611154986,0,0
2023-05-28,DMA_117,21.903090347591604,0,0
2023-05-28,DMA_118,32.427921477083984,0,0
2023-05-28,DMA_119,36.682996907668404,0,0
2023-05-28,DMA_120,35.579151399421846,0,0
2023-05-28,DMA_121,34.28781501103972,0,0
2023-05-28,DMA_122,34.85904236894488,0,0
2023-05-28,DMA_123,39.07508837839395,0,0
2023-05-28,DMA_124,45.995983434249275,0,0
2023-05-28,DMA_125,26.986761753275857,0,1
2023-05-28,DMA_126,35.79736873379883,0,0
2023-05-28,DMA_127,32.205843809905325,0,0
2023-05-28,DMA_128,38.015563448190974,0,0
2023-05-28,DMA_129,40.00238450585232,0,0
2023-05-28,DMA_130,41.40839678095347,0,0
2023-05-28,DMA_131,35.85670703157193,0,0
2023-05-28,DMA_132,59.258304803292916,0,0
2023-05-28,DMA_133,37.94886652965416,0,0
2023-05-28,DMA_134,36.211179657042216,0,0
2023-05-28,DMA_135,38.99171079029509,0,0
2023-05-28,DMA_136,41.26027429810152,0,0
2023-05-28,DMA_137,42.7922291377793,0,0
2023-05-28,DMA_138,37.94735119932947,0,1
2023-05-28,DMA_139,39.111679166232264,0,0
2023-05-28,DMA_140,36.96894472531959,0,0
2023-05-28,DMA_141,26.0130563032681,0,0
2023-05-28,DMA_142,41.0335403466021,0,1
2023-05-28,DMA_143,31.734323579828807,0,0
2023-05-28,DMA_144,37.108171937053264,0,0
2023-05-28,DMA_145,40.990152213066494,0,0
2023-05-28,DMA_146,28.644005815980872,0,0
2023-05-28,DMA_147,38.19220401143662,0,0
2023-05-28,DMA_148,35.383212346028,0,0
2023-05-28,DMA_149,29.15112448624065,0,0
2023-05-28,DMA_150,40.24150643282263,0,0
2023-06-04,DMA_001,33.324173675192746,0,0
2023-06-04,DMA_002,29.73162498377426,0,0
2023-06-04,DMA_003,40.8118103793277,0,0
2023-06-04,DMA_004,36.740944446520096,0,0
2023-06-04,DMA_005,24.72512706142229,0,0
2023-06-04,DMA_006,26.482826160462107,0,0
2023-06-04,DMA_007,36.71170499230672,0,0
2023-06-04,DMA_008,42.16030058926902,0,0
2023-06-04,DMA_009,41.86799796335362,0,0
2023-06-04,DMA_010,43.218318054957884,0,0
2023-06-04,DMA_011,36.043267628517924,0,0
2023-06-04,DMA_012,29.19016679740216,0,0
2023-06-04,DMA_013,28.783089700411,0,0
2023-06-04,DMA_014,26.01611186180412,0,0
2023-06-04,DMA_015,33.59458973741174,0,0
2023-06-04,DMA_016,37.07298814989411,0,0
2023-06-04,DMA_017,39.60405904917404,0,1
2023-06-04,DMA_018,37.004689031046404,0,0
2023-06-04,DMA_019,33.366918076452556,0,0
2023-06-04,DMA_020,36.50014698285064,0,0
2023-06-04,DMA_021,33.99078697619157,0,1
2023-06-04,DMA_022,36.04865406090318,0,0
2023-06-04,DMA_023,41.253072936791376,0,0
2023-06-04,DMA_024,30.671020209033834,0,0
2023-06-04,DMA_025,37.33452270999282,0,0
2023-06-04,DMA_026,38.333851861201204,0,0
2023-06-04,DMA_027,41.47794680129074,0,0
2023-06-04,DMA_028,31.80687807287283,0,0
2023-06-04,DMA_029,36.702735821071514,0,0
2023-06-04,DMA_030,30.434294409327478,0,0
2023-06-04,DMA_031,38.761790160418464,0,0
2023-06-04,DMA_032,35.67642538981913,0,0
2023-06-04,DMA_033,35.24906119556786,0,0
2023-06-04,DMA_034,26.54453173776465,0,0
2023-06-04,DMA_035,26.42889471740722,0,0
2023-06-04,DMA_036,40.07798583765074,0,0
2023-06-04,DMA_037,33.908482065404634,0,0
2023-06-04,DMA_038,30.88881658214438,0,0
2023-06-04,DMA_039,34.21977592111329,0,0
2023-06-04,DMA_040,29.434944679683184,0,1
2023-06-04,DMA_041,31.463069269011815,0,0
2023-06-04,DMA_042,29.569708016549427,0,0
2023-06-04,DMA_043,37.74618435880309,0,1
2023-06-04,DMA_044,25.60458561901292,0,0
2023-06-04,DMA_045,38.76625701518338,0,0
2023-06-04,DMA_046,29.38791340136867,0,1
2023-06-04,DMA_047,40.76342314151088,0,0
2023-06-04,DMA_048,40.77441732632085,0,0
2023-06-04,DMA_049,26.59194120858141,0,0
2023-06-04,DMA_050,30.82034684496861,0,0
2023-06-04,DMA_051,34.564143177117415,0,0
2023-06-04,DMA_052,34.515594484944614,0,0
2023-06-04,DMA_053,23.407266892188844,0,1
2023-06-04,DMA_054,29.510270275546006,0,0
2023-06-04,DMA_055,29.590301732205777,0,0
2023-06-04,DMA_056,35.28974448544489,0,0
2023-06-04,DMA_057,33.156254545252416,0,0
2023-06-04,DMA_058,33.527437630875234,0,0
2023-06-04,DMA_059,30.87363209937684,0,0
2023-06-04,DMA_060,32.57906467399968,0,0
2023-06-04,DMA_061,29.33648308593807,0,0
2023-06-04,DMA_062,40.514253579570635,0,0
2023-06-04,DMA_063,35.04491566119733,0,0
2023-06-04,DMA_064,39.42094222067569,0,0
2023-06-04,DMA_065,29.36134089528918,0,1
2023-06-04,DMA_066,29.68607141938716,0,0
2023-06-04,DMA_067,28.841882284189914,0,1
2023-06-04,DMA_068,26.48484225151556,0,0
2023-06-04,DMA_069,46.292800702460426,0,0
2023-06-04,DMA_070,31.705935558094804,0,0
2023-06-04,DMA_071,29.42606408982332,0,0
2023-06-04,DMA_072,31.62742627366658,0,0
2023-06-04,DMA_073,39.431216740733525,0,0
2023-06-04,DMA_074,33.70635977160936,0,0
2023-06-04,DMA_075,21.880524938416606,0,0
2023-06-04,DMA_076,29.858664946259754,0,1
2023-06-04,DMA_077,38.840731122863275,0,0
2023-06-04,DMA_078,35.149877493846866,0,0
2023-06-04,DMA_079,29.736604793832534,0,1
2023-06-04,DMA_080,26.770964364339946,0,1
2023-06-04,DMA_081,31.778115043522856,0,1
2023-06-04,DMA_082,45.45427028688236,0,0
2023-06-04,DMA_083,24.021005605855294,0,0
2023-06-04,DMA_084,39.18776566247026,0,0
2023-06-04,DMA_085,35.34383507675578,0,0
2023-06-04,DMA_086,36.20115674159415,0,1
2023-06-04,DMA_087,34.40788194351146,0,0
2023-06-04,DMA_088,34.78259605744977,0,0
2023-06-04,DMA_089,22.50311818736008,0,1
2023-06-04,DMA_090,29.944220883413134,0,0
2023-06-04,DMA_091,39.04859652175877,0,0
2023-06-04,DMA_092,34.65025926407091,0,0
2023-06-04,DMA_093,35.11043282267733,0,0
2023-06-04,DMA_094,38.05013719159641,0,0
2023-06-04,DMA_095,36.93189554177846,0,0
2023-06-04,DMA_096,39.396993091137595,0,0
2023-06-04,DMA_097,29.000440250695796,0,0
2023-06-04,DMA_098,42.03140874340684,0,0
2023-06-04,DMA_099,41.938160378278894,0,0
2023-06-04,DMA_100,26.3611830542786,0,0
2023-06-04,DMA_101,44.33235564464673,0,0
2023-06-04,DMA_102,39.09577628685846,0,1
2023-06-04,DMA_103,34.23925129036452,0,0
2023-06-04,DMA_104,33.538582482826875,0,0
2023-06-04,DMA_105,35.51930090229262,0,0
2023-06-04,DMA_106,29.678621457800237,0,0
2023-06-04,DMA_107,37.57501204165182,0,0
2023-06-04,DMA_108,39.744496462755315,0,0
2023-06-04,DMA_109,33.2847426521979,0,0
2023-06-04,DMA_110,35.627606437901974,0,0
2023-06-04,DMA_111,38.33448154695697,0,0
2023-06-04,DMA_112,31.764784136082667,0,0
2023-06-04,DMA_113,23.27262650417125,0,0
2023-06-04,DMA_114,38.08877631098195,0,0
2023-06-04,DMA_115,28.697203196952017,0,0
2023-06-04,DMA_116,31.948859878292886,0,0
2023-06-04,DMA_117,30.775159082748253,0,0
2023-06-04,DMA_118,33.38064075773976,0,0
2023-06-04,DMA_119,45.37793364607869,0,1
2023-06-04,DMA_120,40.11518558043511,0,0
2023-06-04,DMA_121,43.56597701093735,0,0
2023-06-04,DMA_122,42.41882276885849,0,0
2023-06-04,DMA_123,30.150993885000105,0,0
2023-06-04,DMA_124,40.93533014402206,0,0
2023-06-04,DMA_125,23.27184202224568,0,0
2023-06-04,DMA_126,36.63349475187514,0,1
2023-06-04,DMA_127,38.26252750124796,0,0
2023-06-04,DMA_128,36.48155402221407,0,0
2023-06-04,DMA_129,33.46953492896976,0,0
2023-06-04,DMA_130,24.5443188264312,0,0
2023-06-04,DMA_131,29.73045626949248,0,0
2023-06-04,DMA_132,23.31023095239256,0,1
2023-06-04,DMA_133,32.366504476051134,0,0
2023-06-04,DMA_134,41.939725651659195,0,1
2023-06-04,DMA_135,38.724987624057235,0,1
2023-06-04,DMA_136,45.14021546886475,0,1
2023-06-04,DMA_137,32.2769006925354,0,0
2023-06-04,DMA_138,38.416603462421115,0,0
2023-06-04,DMA_139,39.43974858819295,0,0
2023-06-04,DMA_140,47.22614741808699,0,0
2023-06-04,DMA_141,37.27069385150929,0,0
2023-06-04,DMA_142,38.550037820433786,0,0
2023-06-04,DMA_143,27.162935036056837,0,0
2023-06-04,DMA_144,35.16876861854198,0,0
2023-06-04,DMA_145,35.7286225623319,0,0
2023-06-04,DMA_146,40.38002376515956,0,0
2023-06-04,DMA_147,40.625850324615044,0,0
2023-06-04,DMA_148,35.42174476407496,0,0
2023-06-04,DMA_149,37.533503712341854,0,0
2023-06-04,DMA_150,29.671413386822454,0,0
2023-06-11,DMA_001,31.675338934362934,0,0
2023-06-11,DMA_002,40.22704537790963,0,0
2023-06-11,DMA_003,33.9144691325762,0,0
2023-06-11,DMA_004,33.099910718220826,0,0
2023-06-11,DMA_005,30.375363528803163,0,0
2023-06-11,DMA_006,30.307675644721105,0,0
2023-06-11,DMA_007,37.36092738842136,0,0
2023-06-11,DMA_008,28.012783670566073,0,0
2023-06-11,DMA_009,36.663556740137274,0,1
2023-06-11,DMA_010,32.1283395880378,0,0
2023-06-11,DMA_011,33.196782515318965,0,0
2023-06-11,DMA_012,29.771745338169943,0,0
2023-06-11,DMA_013,30.57972551806122,0,0
2023-06-11,DMA_014,41.58193429581243,0,1
2023-06-11,DMA_015,42.563562030181835,0,0
2023-06-11,DMA_016,29.346890601376238,0,0
2023-06-11,DMA_017,32.22713507323296,0,0
2023-06-11,DMA_018,22.527325234773556,0,0
2023-06-11,DMA_019,40.84915242581537,0,0
2023-06-11,DMA_020,21.84551913253371,0,1
2023-06-11,DMA_021,37.06151864114544,0,0
2023-06-11,DMA_022,32.9115124444697,0,0
2023-06-11,DMA_023,28.628629254574943,0,0
2023-06-11,DMA_024,28.19981199470059,0,0
2023-06-11,DMA_025,41.26440236795065,0,0
2023-06-11,DMA_026,39.737622276990884,0,0
2023-06-11,DMA_027,32.32177324076215,0,0
2023-06-11,DMA_028,26.77752125295816,0,0
2023-06-11,DMA_029,29.50084123576992,0,1
2023-06-11,DMA_030,23.034418194551137,0,0
2023-06-11,DMA_031,27.08954297119403,0,0
2023-06-11,DMA_032,37.28193494682965,0,0
2023-06-11,DMA_033,31.117413661738603,0,0
2023-06-11,DMA_034,30.960836538912268,0,0
2023-06-11,DMA_035,33.53849102828442,0,0
2023-06-11,DMA_036,34.229721947866594,0,0
2023-06-11,DMA_037,38.47795747434683,0,0
2023-06-11,DMA_038,27.641159468742686,0,0
2023-06-11,DMA_039,24.3018288479028,0,0
2023-06-11,DMA_040,38.66133661716563,0,0
2023-06-11,DMA_041,31.529768936900904,0,0
2023-06-11,DMA_042,24.490013372112884,0,0
2023-06-11,DMA_043,28.108661451211663,0,1
2023-06-11,DMA_044,18.95755901131412,0,0
2023-06-11,DMA_045,39.154801827120494,0,0
2023-06-11,DMA_046,39.10961678374957,0,0
2023-06-11,DMA_047,32.2026067919785,0,0
2023-06-11,DMA_048,32.818157418619734,0,1
2023-06-11,DMA_049,31.842743573478284,0,0
2023-06-11,DMA_050,30.566822772331747,0,0
2023-06-11,DMA_051,34.43166369565593,0,0
2023-06-11,DMA_052,32.71669544666544,0,1
2023-06-11,DMA_053,25.300933852073797,0,1
2023-06-11,DMA_054,40.16099022533165,0,0
2023-06-11,DMA_055,25.779792408123157,0,0
2023-06-11,DMA_056,38.69737839717724,0,0
2023-06-11,DMA_057,25.165726485480768,0,0
2023-06-11,DMA_058,35.21899770529667,0,1
2023-06-11,DMA_059,25.316707886470155,0,0
2023-06-11,DMA_060,24.433169942126383,0,0
2023-06-11,DMA_061,31.605659465147053,0,0
2023-06-11,DMA_062,28.677277500984406,0,0
2023-06-11,DMA_063,31.439051987635526,0,0
2023-06-11,DMA_064,25.481938671705848,0,1
2023-06-11,DMA_065,22.26250712538669,0,0
2023-06-11,DMA_066,33.43644205311483,0,0
2023-06-11,DMA_067,30.569267820845674,0,0
2023-06-11,DMA_068,28.12629299292062,0,0
2023-06-11,DMA_069,21.07419252715097,0,0
2023-06-11,DMA_070,39.002152168498114,0,0
2023-06-11,DMA_071,45.410239387026394,0,0
2023-06-11,DMA_072,28.470951435978968,0,0
2023-06-11,DMA_073,16.161318007466456,0,0
2023-06-11,DMA_074,41.6279842848418,0,0
2023-06-11,DMA_075,52.24377601226474,0,0
2023-06-11,DMA_076,23.738575783612006,0,1
2023-06-11,DMA_077,29.2697249765862,0,0
2023-06-11,DMA_078,33.292503800280684,0,0
2023-06-11,DMA_079,29.46968831970556,0,0
2023-06-11,DMA_080,33.64886320422704,0,0
2023-06-11,DMA_081,34.362028021673176,0,0
2023-06-11,DMA_082,25.209713253771717,0,0
2023-06-11,DMA_083,28.296892095241017,0,0
2023-06-11,DMA_084,25.73221842413044,0,0
2023-06-11,DMA_085,29.83302129040758,0,0
2023-06-11,DMA_086,43.8655568179518,0,0
2023-06-11,DMA_087,29.72665622423882,0,0
2023-06-11,DMA_088,29.658540965184635,0,1
2023-06-11,DMA_089,22.490993037877562,0,0
2023-06-11,DMA_090,39.520957740523016,0,1
2023-06-11,DMA_091,36.77023034148533,0,0
2023-06-11,DMA_092,27.934154369122986,0,0
2023-06-11,DMA_093,31.70590196758626,0,0
2023-06-11,DMA_094,39.48001678364568,0,0
2023-06-11,DMA_095,25.504167264948272,0,0
2023-06-11,DMA_096,23.36518512311472,0,0
2023-06-11,DMA_097,36.22040936931919,0,0
2023-06-11,DMA_098,29.770919442715694,0,1
2023-06-11,DMA_099,32.46706327567559,0,0
2023-06-11,DMA_100,31.777113323310605,0,1
2023-06-11,DMA_101,29.833349945979155,0,0
2023-06-11,DMA_102,35.72995266200742,0,0
2023-06-11,DMA_103,36.295184144963855,0,0
2023-06-11,DMA_104,35.70593268385572,0,0
2023-06-11,DMA_105,39.188682598799645,0,1
2023-06-11,DMA_106,39.00103809400266,0,0
2023-06-11,DMA_107,25.920297044483632,0,0
2023-06-11,DMA_108,31.00758949341673,0,0
2023-06-11,DMA_109,31.531475654113414,0,1
2023-06-11,DMA_110,32.231543999244444,0,0
2023-06-11,DMA_111,25.61327261872698,0,0
2023-06-11,DMA_112,31.490391603599356,0,0
2023-06-11,DMA_113,30.486573543161196,0,0
2023-06-11,DMA_114,44.74106511961461,0,0
2023-06-11,DMA_115,36.696221327408054,0,0
2023-06-11,DMA_116,20.294713037107222,0,0
2023-06-11,DMA_117,24.329796709981263,0,0
2023-06-11,DMA_118,24.559212261580512,0,0
2023-06-11,DMA_119,33.6566443593494,0,0
2023-06-11,DMA_120,35.98005418543623,0,1
2023-06-11,DMA_121,38.155549284956045,0,0
2023-06-11,DMA_122,32.30000737184167,0,0
2023-06-11,DMA_123,31.107347444663297,0,0
2023-06-11,DMA_124,39.943405698175084,0,1
2023-06-11,DMA_125,24.608648668626103,0,0
2023-06-11,DMA_126,24.96354101285933,0,0
2023-06-11,DMA_127,49.885155494082944,0,0
2023-06-11,DMA_128,39.02492380131285,0,0
2023-06-11,DMA_129,27.766245363800316,0,1
2023-06-11,DMA_130,33.53142891747787,0,0
2023-06-11,DMA_131,30.285900265414163,0,0
2023-06-11,DMA_132,21.396683562369113,0,0
2023-06-11,DMA_133,27.53799939102044,0,1
2023-06-11,DMA_134,32.15063177895562,0,0
2023-06-11,DMA_135,27.052589721789076,0,0
2023-06-11,DMA_136,34.35191719753117,0,0
2023-06-11,DMA_137,32.34586065962877,0,0
2023-06-11,DMA_138,36.2648412399778,0,0
2023-06-11,DMA_139,39.003711870060854,0,0
2023-06-11,DMA_140,35.50526076279268,0,0
2023-06-11,DMA_141,38.71771819655346,0,0
2023-06-11,DMA_142,35.5817589191317,0,0
2023-06-11,DMA_143,32.35493025197698,0,1
2023-06-11,DMA_144,33.95518593158678,0,0
2023-06-11,DMA_145,35.26724612000151,0,0
2023-06-11,DMA_146,41.48481107076964,0,0
2023-06-11,DMA_147,27.792355798102136,0,0
2023-06-11,DMA_148,30.60207979203597,0,0
2023-06-11,DMA_149,29.431865025262432,0,0
2023-06-11,DMA_150,33.62990930960791,0,0
2023-06-18,DMA_001,20.463440612889674,1,0
2023-06-18,DMA_002,34.444734151018416,1,0
2023-06-18,DMA_003,34.2782270640649,1,0
2023-06-18,DMA_004,28.372835190457852,1,0
2023-06-18,DMA_005,28.524011119957784,1,0
2023-06-18,DMA_006,29.512009777538353,1,0
2023-06-18,DMA_007,35.23783873160687,1,0
2023-06-18,DMA_008,30.299428920377004,1,0
2023-06-18,DMA_009,38.93768231336671,1,0
2023-06-18,DMA_010,21.66011208387269,1,0
2023-06-18,DMA_011,26.845080740837506,1,0
2023-06-18,DMA_012,27.532567990453376,1,0
2023-06-18,DMA_013,29.172709139577027,1,0
2023-06-18,DMA_014,21.79001608183693,1,0
2023-06-18,DMA_015,34.58562898089212,1,0
2023-06-18,DMA_016,32.14611372831158,1,0
2023-06-18,DMA_017,29.522604717682455,1,1
2023-06-18,DMA_018,30.40737021615903,1,0
2023-06-18,DMA_019,28.92602278934664,1,0
2023-06-18,DMA_020,33.605199292433,1,0
2023-06-18,DMA_021,47.12986652785555,1,0
2023-06-18,DMA_022,34.582178922710234,1,0
2023-06-18,DMA_023,28.90705477856454,1,0
2023-06-18,DMA_024,25.962714103928437,1,0
2023-06-18,DMA_025,22.400849213843962,1,1
2023-06-18,DMA_026,17.523130268192453,1,1
2023-06-18,DMA_027,33.68011283489497,1,0
2023-06-18,DMA_028,36.574847689634446,1,0
2023-06-18,DMA_029,14.48693750192692,1,0
2023-06-18,DMA_030,36.445084198169695,1,0
2023-06-18,DMA_031,33.97432557992438,1,0
2023-06-18,DMA_032,25.84614387384437,1,0
2023-06-18,DMA_033,23.964735741435927,1,1
2023-06-18,DMA_034,29.416526578278038,1,0
2023-06-18,DMA_035,21.0670577468631,1,0
2023-06-18,DMA_036,25.796672059907536,1,0
2023-06-18,DMA_037,33.28366828039254,1,0
2023-06-18,DMA_038,35.82267918142678,1,0
2023-06-18,DMA_039,30.90866904672821,1,0
2023-06-18,DMA_040,22.304602217074745,1,0
2023-06-18,DMA_041,39.307479808405276,1,0
2023-06-18,DMA_042,36.70699658135875,1,0
2023-06-18,DMA_043,35.04905161273964,1,0
2023-06-18,DMA_044,18.026039625778917,1,0
2023-06-18,DMA_045,30.280969538085383,1,0
2023-06-18,DMA_046,34.43493437706211,1,0
2023-06-18,DMA_047,33.270191293828994,1,0
2023-06-18,DMA_048,20.278195997794764,1,0
2023-06-18,DMA_049,23.00532817483257,1,0
2023-06-18,DMA_050,36.67767311937385,1,0
2023-06-18,DMA_051,31.373054709260707,1,0
2023-06-18,DMA_052,37.5927265857365,1,0
2023-06-18,DMA_053,27.48932281491607,1,0
2023-06-18,DMA_054,25.484957281618218,1,0
2023-06-18,DMA_055,22.566202725394252,1,1
2023-06-18,DMA_056,37.9978133783341,1,0
2023-06-18,DMA_057,15.489983527910152,1,0
2023-06-18,DMA_058,30.837457408939386,1,0
2023-06-18,DMA_059,38.54585889757649,1,0
2023-06-18,DMA_060,21.98103232154122,1,0
2023-06-18,DMA_061,29.458202676167737,1,0
2023-06-18,DMA_062,35.84031861393955,1,0
2023-06-18,DMA_063,26.611415896894563,1,0
2023-06-18,DMA_064,28.726098186493562,1,1
2023-06-18,DMA_065,33.932388730376644,1,0
2023-06-18,DMA_066,39.93828431991057,1,0
2023-06-18,DMA_067,32.930574113880695,1,0
2023-06-18,DMA_068,21.446147163606625,1,0
2023-06-18,DMA_069,36.37722717618389,1,0
2023-06-18,DMA_070,31.392957550635817,1,0
2023-06-18,DMA_071,29.29732891931691,1,0
2023-06-18,DMA_072,31.2630402857601,1,0
2023-06-18,DMA_073,23.907064853562552,1,0
2023-06-18,DMA_074,37.64924263885045,1,0
2023-06-18,DMA_075,43.55871450513422,1,0
2023-06-18,DMA_076,33.93937301208,1,1
2023-06-18,DMA_077,36.23066902242916,1,0
2023-06-18,DMA_078,28.990204706671438,1,0
2023-06-18,DMA_079,37.25177956549693,1,0
2023-06-18,DMA_080,18.902527014684768,1,1
2023-06-18,DMA_081,26.986373521465502,1,0
2023-06-18,DMA_082,35.22987511688922,1,0
2023-06-18,DMA_083,27.448105829766384,1,0
2023-06-18,DMA_084,28.4386782104801,1,0
2023-06-18,DMA_085,31.328236475051668,1,0
2023-06-18,DMA_086,22.801001092761933,1,0
2023-06-18,DMA_087,37.693587164332605,1,0
2023-06-18,DMA_088,23.429695938201014,1,1
2023-06-18,DMA_089,28.866035675334984,1,0
2023-06-18,DMA_090,26.979946018639207,1,1
2023-06-18,DMA_091,33.09021108486926,1,0
2023-06-18,DMA_092,14.268947634944567,1,0
2023-06-18,DMA_093,37.4144149213942,1,1
2023-06-18,DMA_094,32.85332719875265,1,0
2023-06-18,DMA_095,29.126486695527838,1,0
2023-06-18,DMA_096,28.035079089505707,1,1
2023-06-18,DMA_097,27.481665513421987,1,0
2023-06-18,DMA_098,26.691983073922493,1,1
2023-06-18,DMA_099,28.362580018869338,1,1
2023-06-18,DMA_100,24.66672290756331,1,1
2023-06-18,DMA_101,26.84271772636005,1,0
2023-06-18,DMA_102,14.686132101161967,1,0
2023-06-18,DMA_103,35.12019320204068,1,0
2023-06-18,DMA_104,33.99609321471503,1,1
2023-06-18,DMA_105,25.678347037176444,1,0
2023-06-18,DMA_106,30.972023361396392,1,0
2023-06-18,DMA_107,31.58905300550491,1,0
2023-06-18,DMA_108,29.60889193939231,1,1
2023-06-18,DMA_109,25.915406237649478,1,0
2023-06-18,DMA_110,26.066130769142603,1,0
2023-06-18,DMA_111,33.64792305904163,1,0
2023-06-18,DMA_112,27.339840886556214,1,0
2023-06-18,DMA_113,31.992439392235966,1,0
2023-06-18,DMA_114,36.66393909666205,1,0
2023-06-18,DMA_115,30.11583790156922,1,1
2023-06-18,DMA_116,40.14378440659631,1,0
2023-06-18,DMA_117,28.57698906213508,1,0
2023-06-18,DMA_118,37.68094889523996,1,0
2023-06-18,DMA_119,30.275930351582538,1,0
2023-06-18,DMA_120,24.24235873133513,1,0
2023-06-18,DMA_121,28.81880535917525,1,0
2023-06-18,DMA_122,29.31108387404656,1,0
2023-06-18,DMA_123,27.263826764873457,1,0
2023-06-18,DMA_124,38.899476285243175,1,1
2023-06-18,DMA_125,32.852640809667186,1,0
2023-06-18,DMA_126,28.942221187243135,1,0
2023-06-18,DMA_127,35.16488603561989,1,0
2023-06-18,DMA_128,34.20547294245494,1,0
2023-06-18,DMA_129,26.3751959917821,1,1
2023-06-18,DMA_130,31.79411483113374,1,0
2023-06-18,DMA_131,38.5390030532607,1,0
2023-06-18,DMA_132,40.0873049833407,1,0
2023-06-18,DMA_133,26.59740824507103,1,1
2023-06-18,DMA_134,27.580037311734223,1,0
2023-06-18,DMA_135,30.765812884440926,1,0
2023-06-18,DMA_136,38.05629297227544,1,0
2023-06-18,DMA_137,18.39695246993277,1,0
2023-06-18,DMA_138,42.401313747168786,1,0
2023-06-18,DMA_139,42.67885238477444,1,0
2023-06-18,DMA_140,19.485602883081214,1,0
2023-06-18,DMA_141,19.768716412397033,1,0
2023-06-18,DMA_142,29.014254842869555,1,1
2023-06-18,DMA_143,39.93963053903836,1,0
2023-06-18,DMA_144,28.324418324668805,1,0
2023-06-18,DMA_145,31.12891381496159,1,0
2023-06-18,DMA_146,40.36908823535557,1,0
2023-06-18,DMA_147,35.652621668286656,1,1
2023-06-18,DMA_148,25.055086502413133,1,0
2023-06-18,DMA_149,32.808498398009355,1,0
2023-06-18,DMA_150,30.60205109886808,1,0
2023-06-25,DMA_001,31.602554590911826,0,0
2023-06-25,DMA_002,29.287680868292767,0,0
2023-06-25,DMA_003,30.9104262306081,0,0
2023-06-25,DMA_004,32.90298853128148,0,1
2023-06-25,DMA_005,20.220699110137993,0,0
2023-06-25,DMA_006,33.44730161258809,0,0
2023-06-25,DMA_007,34.73408882991716,0,0
2023-06-25,DMA_008,36.28995635487658,0,1
2023-06-25,DMA_009,37.17818442734168,0,0
2023-06-25,DMA_010,33.68968264457228,0,0
2023-06-25,DMA_011,36.64733566778133,0,0
2023-06-25,DMA_012,40.04726495197947,0,0
2023-06-25,DMA_013,24.799675768759624,0,0
2023-06-25,DMA_014,34.7060302319184,0,0
2023-06-25,DMA_015,40.28706987019986,0,0
2023-06-25,DMA_016,25.29377719596556,0,0
2023-06-25,DMA_017,34.408655565160565,0,0
2023-06-25,DMA_018,31.40428338684422,0,0
2023-06-25,DMA_019,20.79777049910923,0,0
2023-06-25,DMA_020,28.856207881051226,0,0
2023-06-25,DMA_021,33.21027788856067,0,0
2023-06-25,DMA_022,29.98741857155285,0,0
2023-06-25,DMA_023,35.73206015594985,0,0
2023-06-25,DMA_024,34.60529871130353,0,1
2023-06-25,DMA_025,21.96418681045405,0,0
2023-06-25,DMA_026,24.74292376263926,0,0
2023-06-25,DMA_027,36.522652093062376,0,0
2023-06-25,DMA_028,25.84667904887742,0,0
2023-06-25,DMA_029,28.726792738286424,0,0
2023-06-25,DMA_030,21.257952866357094,0,0
2023-06-25,DMA_031,26.362655761051784,0,0
2023-06-25,DMA_032,25.251591172955955,0,0
2023-06-25,DMA_033,37.42621215410424,0,1
2023-06-25,DMA_034,32.274083414589605,0,1
2023-06-25,DMA_035,38.14575992156143,0,0
2023-06-25,DMA_036,37.09055837567094,0,0
2023-06-25,DMA_037,30.393526614208476,0,0
2023-06-25,DMA_038,28.6950100847161,0,0
2023-06-25,DMA_039,22.06397650441158,0,0
2023-06-25,DMA_040,26.856814827979395,0,0
2023-06-25,DMA_041,25.605905319296717,0,1
2023-06-25,DMA_042,21.398071299651917,0,0
2023-06-25,DMA_043,38.1270780019116,0,0
2023-06-25,DMA_044,40.02924168679181,0,1
2023-06-25,DMA_045,24.60302851527344,0,1
2023-06-25,DMA_046,32.03301565608924,0,0
2023-06-25,DMA_047,38.71431981623398,0,0
2023-06-25,DMA_048,26.068377024092264,0,0
2023-06-25,DMA_049,32.712774561476465,0,0
2023-06-25,DMA_050,14.942193039404415,0,0
2023-06-25,DMA_051,28.836029409518993,0,0
2023-06-25,DMA_052,40.39475492072032,0,1
2023-06-25,DMA_053,35.80074718842804,0,0
2023-06-25,DMA_054,17.34833859980175,0,0
2023-06-25,DMA_055,25.839709573106276,0,0
2023-06-25,DMA_056,28.1192977247655,0,1
2023-06-25,DMA_057,29.651310484060552,0,0
2023-06-25,DMA_058,34.00964119556661,0,0
2023-06-25,DMA_059,24.027371665983516,0,0
2023-06-25,DMA_060,34.28333334342813,0,0
2023-06-25,DMA_061,37.023187505539276,0,0
2023-06-25,DMA_062,37.28397604026557,0,0
2023-06-25,DMA_063,35.91114577902437,0,0
2023-06-25,DMA_064,29.463191795426113,0,0
2023-06-25,DMA_065,36.61415838397973,0,0
2023-06-25,DMA_066,22.130724901270522,0,0
2023-06-25,DMA_067,27.40691552122756,0,0
2023-06-25,DMA_068,35.53878225411194,0,0
2023-06-25,DMA_069,37.74387336489926,0,0
2023-06-25,DMA_070,35.866109074109254,0,0
2023-06-25,DMA_071,28.042455909002143,0,0
2023-06-25,DMA_072,30.422545037351234,0,0
2023-06-25,DMA_073,37.461118752480395,0,0
2023-06-25,DMA_074,30.416391651074175,0,0
2023-06-25,DMA_075,31.051622981988192,0,0
2023-06-25,DMA_076,25.8212391673704,0,0
2023-06-25,DMA_077,30.332259504132864,0,0
2023-06-25,DMA_078,35.20107596708342,0,0
2023-06-25,DMA_079,26.269430783834505,0,1
2023-06-25,DMA_080,31.34567752942817,0,0
2023-06-25,DMA_081,30.3849547592417,0,0
2023-06-25,DMA_082,37.493432328274125,0,0
2023-06-25,DMA_083,29.54122525117661,0,0
2023-06-25,DMA_084,20.557031993520198,0,0
2023-06-25,DMA_085,32.740673270925946,0,0
2023-06-25,DMA_086,45.10502367403866,0,0
2023-06-25,DMA_087,24.88121259701019,0,0
2023-06-25,DMA_088,30.471239836032588,0,0
2023-06-25,DMA_089,26.651288175138582,0,0
2023-06-25,DMA_090,30.621296376308884,0,0
2023-06-25,DMA_091,26.901798293562457,0,0
2023-06-25,DMA_092,28.233202895769168,0,0
2023-06-25,DMA_093,26.716746103610696,0,0
2023-06-25,DMA_094,28.391098797322506,0,0
2023-06-25,DMA_095,32.893020488244204,0,0
2023-06-25,DMA_096,24.372982279054973,0,1
2023-06-25,DMA_097,23.286947066611788,0,1
2023-06-25,DMA_098,26.46719933015914,0,0
2023-06-25,DMA_099,18.624529609113992,0,0
2023-06-25,DMA_100,32.89560823573961,0,0
2023-06-25,DMA_101,42.61087213138917,0,0
2023-06-25,DMA_102,31.071881293602708,0,0
2023-06-25,DMA_103,32.956798377643885,0,0
2023-06-25,DMA_104,18.643815216505484,0,0
2023-06-25,DMA_105,27.261853025988835,0,0
2023-06-25,DMA_106,31.21860948274931,0,0
2023-06-25,DMA_107,28.613023562435554,0,0
2023-06-25,DMA_108,17.50987674723477,0,0
2023-06-25,DMA_109,26.903510022740655,0,0
2023-06-25,DMA_110,33.64789334985164,0,0
2023-06-25,DMA_111,25.78738427978076,0,0
2023-06-25,DMA_112,32.22879116465416,0,0
2023-06-25,DMA_113,30.51420139336082,0,1
2023-06-25,DMA_114,33.27747771258272,0,0
2023-06-25,DMA_115,39.39993846857941,0,0
2023-06-25,DMA_116,28.344307430801695,0,0
2023-06-25,DMA_117,30.697335302846557,0,0
2023-06-25,DMA_118,34.02084015339999,0,0
2023-06-25,DMA_119,35.42952912357036,0,0
2023-06-25,DMA_120,29.392849419139345,0,1
2023-06-25,DMA_121,26.788986885601012,0,0
2023-06-25,DMA_122,37.95495032783247,0,0
2023-06-25,DMA_123,29.82184509055561,0,0
2023-06-25,DMA_124,25.249649435544853,0,0
2023-06-25,DMA_125,44.2408216258904,0,0
2023-06-25,DMA_126,30.373020706973385,0,0
2023-06-25,DMA_127,23.08324310390286,0,0
2023-06-25,DMA_128,29.330002727662002,0,0
2023-06-25,DMA_129,21.00216190899807,0,0
2023-06-25,DMA_130,32.177224789101786,0,0
2023-06-25,DMA_131,22.704899723033922,0,0
2023-06-25,DMA_132,35.97450909940353,0,1
2023-06-25,DMA_133,29.555439793209203,0,0
2023-06-25,DMA_134,34.88076061295178,0,0
2023-06-25,DMA_135,35.854993679385196,0,1
2023-06-25,DMA_136,32.86089103250448,0,0
2023-06-25,DMA_137,25.320027722189593,0,1
2023-06-25,DMA_138,35.4464343955261,0,0
2023-06-25,DMA_139,27.766324795720276,0,0
2023-06-25,DMA_140,44.16302468710266,0,0
2023-06-25,DMA_141,31.402713423444318,0,0
2023-06-25,DMA_142,32.21485398640561,0,0
2023-06-25,DMA_143,17.715186610668866,0,0
2023-06-25,DMA_144,26.196100696068772,0,1
2023-06-25,DMA_145,34.184630157206115,0,0
2023-06-25,DMA_146,33.86114794425297,0,0
2023-06-25,DMA_147,30.07389758723402,0,0
2023-06-25,DMA_148,30.93289092557348,0,0
2023-06-25,DMA_149,41.68802035911769,0,1
2023-06-25,DMA_150,33.79552410348518,0,1
2023-07-02,DMA_001,27.447290177748133,0,0
2023-07-02,DMA_002,33.615324454997875,0,1
2023-07-02,DMA_003,28.333870819615687,0,0
2023-07-02,DMA_004,27.20169596650424,0,0
2023-07-02,DMA_005,30.08054515996576,0,0
2023-07-02,DMA_006,33.763503111521125,0,0
2023-07-02,DMA_007,43.14830667166795,0,0
2023-07-02,DMA_008,32.449925683655,0,0
2023-07-02,DMA_009,33.56613775576438,0,0
2023-07-02,DMA_010,33.892172378723636,0,0
2023-07-02,DMA_011,24.532249203452906,0,0
2023-07-02,DMA_012,19.401305103581354,0,0
2023-07-02,DMA_013,24.770591549193735,0,0
2023-07-02,DMA_014,32.04783767125136,0,0
2023-07-02,DMA_015,22.117685984889537,0,0
2023-07-02,DMA_016,28.250409380287806,0,0
2023-07-02,DMA_017,30.896925531934034,0,0
2023-07-02,DMA_018,26.882596787336844,0,0
2023-07-02,DMA_019,33.773019267261134,0,1
2023-07-02,DMA_020,31.534513244218463,0,0
2023-07-02,DMA_021,21.115133618398364,0,0
2023-07-02,DMA_022,27.698768702867767,0,0
2023-07-02,DMA_023,35.06486404997872,0,0
2023-07-02,DMA_024,34.203588139607,0,0
2023-07-02,DMA_025,23.677971709011118,0,0
2023-07-02,DMA_026,25.419100146536643,0,0
2023-07-02,DMA_027,39.094141723279805,0,0
2023-07-02,DMA_028,32.98446000223192,0,1
2023-07-02,DMA_029,26.000240066021234,0,0
2023-07-02,DMA_030,25.750825125496792,0,0
2023-07-02,DMA_031,32.08292922481386,0,0
2023-07-02,DMA_032,27.412820588164887,0,0
2023-07-02,DMA_033,37.66244900054084,0,1
2023-07-02,DMA_034,24.56886611685824,0,0
2023-07-02,DMA_035,22.74893758675812,0,0
2023-07-02,DMA_036,30.12480704414475,0,1
2023-07-02,DMA_037,22.879255246929418,0,0
2023-07-02,DMA_038,29.39842876304852,0,0
2023-07-02,DMA_039,35.98929737193393,0,1
2023-07-02,DMA_040,24.710231197513927,0,1
2023-07-02,DMA_041,30.18491152932706,0,0
2023-07-02,DMA_042,22.882599583840694,0,1
2023-07-02,DMA_043,27.621296595245536,0,0
2023-07-02,DMA_044,45.36756250509682,0,0
2023-07-02,DMA_045,29.456490007789647,0,0
2023-07-02,DMA_046,39.31030797939631,0,0
2023-07-02,DMA_047,35.68473386893302,0,0
2023-07-02,DMA_048,22.33041863842613,0,0
2023-07-02,DMA_049,21.852667993596032,0,0
2023-07-02,DMA_050,28.030346232750027,0,0
2023-07-02,DMA_051,24.877112233192108,0,0
2023-07-02,DMA_052,34.74411274399353,0,0
2023-07-02,DMA_053,29.480535972467976,0,0
2023-07-02,DMA_054,39.234758087330604,0,0
2023-07-02,DMA_055,18.323146016139017,0,0
2023-07-02,DMA_056,29.997505979519072,0,0
2023-07-02,DMA_057,38.31686403453605,0,0
2023-07-02,DMA_058,29.830839573725644,0,0
2023-07-02,DMA_059,38.18884567790041,0,1
2023-07-02,DMA_060,32.25408263513468,0,0
2023-07-02,DMA_061,31.989629906160015,0,0
2023-07-02,DMA_062,36.88393295625587,0,1
2023-07-02,DMA_063,38.71645581299799,0,0
2023-07-02,DMA_064,30.225988361614963,0,0
2023-07-02,DMA_065,41.56868888734802,0,0
2023-07-02,DMA_066,30.00221568123419,0,0
2023-07-02,DMA_067,29.808737910586018,0,0
2023-07-02,DMA_068,28.81004181047867,0,0
2023-07-02,DMA_069,38.1104359818733,0,0
2023-07-02,DMA_070,27.768953428820016,0,0
2023-07-02,DMA_071,28.43242863850359,0,1
2023-07-02,DMA_072,37.68669114021108,0,1
2023-07-02,DMA_073,31.845485939318884,0,0
2023-07-02,DMA_074,28.019244034187494,0,0
2023-07-02,DMA_075,33.47196761496772,0,0
2023-07-02,DMA_076,36.9693852343706,0,0
2023-07-02,DMA_077,29.68362403445102,0,0
2023-07-02,DMA_078,30.641943502529305,0,0
2023-07-02,DMA_079,32.57294921769171,0,0
2023-07-02,DMA_080,40.410331193706476,0,0
2023-07-02,DMA_081,25.772865591681434,0,0
2023-07-02,DMA_082,30.611223855922496,0,0
2023-07-02,DMA_083,32.72181100839562,0,0
2023-07-02,DMA_084,31.40570977332611,0,0
2023-07-02,DMA_085,25.467641367671682,0,0
2023-07-02,DMA_086,32.680578482790125,0,0
2023-07-02,DMA_087,35.06386553810702,0,0
2023-07-02,DMA_088,36.544246923238504,0,0
2023-07-02,DMA_089,32.827191916575565,0,0
2023-07-02,DMA_090,38.83208336436469,0,0
2023-07-02,DMA_091,29.1496294954944,0,0
2023-07-02,DMA_092,25.89750968783975,0,1
2023-07-02,DMA_093,24.055077979203155,0,0
2023-07-02,DMA_094,28.32655683501397,0,1
2023-07-02,DMA_095,29.420509195459594,0,0
2023-07-02,DMA_096,31.237305774999673,0,0
2023-07-02,DMA_097,21.88645118323602,0,0
2023-07-02,DMA_098,30.80711620101503,0,0
2023-07-02,DMA_099,36.05850310736111,0,0
2023-07-02,DMA_100,31.543157950889615,0,0
2023-07-02,DMA_101,24.550675323484526,0,0
2023-07-02,DMA_102,22.81417849742051,0,0
2023-07-02,DMA_103,33.34763823842224,0,0
2023-07-02,DMA_104,22.296027031018255,0,0
2023-07-02,DMA_105,26.062396200613023,0,1
2023-07-02,DMA_106,28.076895220726843,0,0
2023-07-02,DMA_107,32.25242302170852,0,1
2023-07-02,DMA_108,20.387359916201852,0,0
2023-07-02,DMA_109,34.24908465181153,0,0
2023-07-02,DMA_110,32.43856969188831,0,0
2023-07-02,DMA_111,29.133974956187362,0,0
2023-07-02,DMA_112,32.69622978633692,0,0
2023-07-02,DMA_113,30.28571736920522,0,0
2023-07-02,DMA_114,35.718905967076466,0,0
2023-07-02,DMA_115,34.7630517503216,0,0
2023-07-02,DMA_116,39.30428080409612,0,0
2023-07-02,DMA_117,24.44705643484385,0,0
2023-07-02,DMA_118,37.20752151720646,0,0
2023-07-02,DMA_119,30.351131800364772,0,0
2023-07-02,DMA_120,28.250255438438536,0,0
2023-07-02,DMA_121,35.536061310238196,0,0
2023-07-02,DMA_122,12.423440126286447,0,0
2023-07-02,DMA_123,23.99916075587593,0,0
2023-07-02,DMA_124,37.42124082856654,0,0
2023-07-02,DMA_125,28.020212586795818,0,0
2023-07-02,DMA_126,22.735429440089238,0,0
2023-07-02,DMA_127,31.00048026367436,0,1
2023-07-02,DMA_128,30.94407274904023,0,0
2023-07-02,DMA_129,23.366061146354223,0,0
2023-07-02,DMA_130,28.164613848574888,0,0
2023-07-02,DMA_131,34.67926964900239,0,0
2023-07-02,DMA_132,41.614927499722064,0,0
2023-07-02,DMA_133,29.630671615469993,0,0
2023-07-02,DMA_134,29.64253004499889,0,0
2023-07-02,DMA_135,25.540187646643126,0,1
2023-07-02,DMA_136,31.52948778860164,0,1
2023-07-02,DMA_137,16.30358219917901,0,1
2023-07-02,DMA_138,36.914583900669264,0,0
2023-07-02,DMA_139,31.621541380756977,0,0
2023-07-02,DMA_140,27.117420407897523,0,0
2023-07-02,DMA_141,42.957210497543485,0,0
2023-07-02,DMA_142,27.39572802651404,0,0
2023-07-02,DMA_143,29.782432368868662,0,0
2023-07-02,DMA_144,31.884813751418946,0,0
2023-07-02,DMA_145,32.916491300771256,0,0
2023-07-02,DMA_146,34.189852984215555,0,0
2023-07-02,DMA_147,29.40711493407863,0,0
2023-07-02,DMA_148,26.18225558847548,0,1
2023-07-02,DMA_149,30.69855943046631,0,0
2023-07-02,DMA_150,28.708961452034785,0,0
2023-07-09,DMA_001,36.53953301235246,0,0
2023-07-09,DMA_002,42.28623542266061,0,0
2023-07-09,DMA_003,36.71130406271227,0,0
2023-07-09,DMA_004,20.629667403799296,0,0
2023-07-09,DMA_005,24.57217840137664,0,0
2023-07-09,DMA_006,28.870208281773607,0,0
2023-07-09,DMA_007,38.58472749173778,0,0
2023-07-09,DMA_008,33.0802037510114,0,0
2023-07-09,DMA_009,29.684532318406255,0,0
2023-07-09,DMA_010,28.098559452550624,0,0
2023-07-09,DMA_011,31.924815588515447,0,0
2023-07-09,DMA_012,38.53295418642408,0,0
2023-07-09,DMA_013,31.146763653290357,0,0
2023-07-09,DMA_014,28.544102458307606,0,0
2023-07-09,DMA_015,25.559830960649414,0,0
2023-07-09,DMA_016,41.72622970473099,0,0
2023-07-09,DMA_017,20.211579962485768,0,0
2023-07-09,DMA_018,45.37219641141843,0,0
2023-07-09,DMA_019,41.96476659548635,0,0
2023-07-09,DMA_020,34.64450292226843,0,0
2023-07-09,DMA_021,25.960512720157887,0,1
2023-07-09,DMA_022,31.978037293742595,0,0
2023-07-09,DMA_023,34.51805835080432,0,0
2023-07-09,DMA_024,20.023577124697873,0,0
2023-07-09,DMA_025,28.016157003537106,0,0
2023-07-09,DMA_026,22.411995125477322,0,0
2023-07-09,DMA_027,33.4327243000275,0,0
2023-07-09,DMA_028,38.3724790268979,0,0
2023-07-09,DMA_029,40.290378696509585,0,0
2023-07-09,DMA_030,24.79851513243089,0,0
2023-07-09,DMA_031,26.15169486856989,0,0
2023-07-09,DMA_032,27.98395158327172,0,0
2023-07-09,DMA_033,33.25452983581661,0,0
2023-07-09,DMA_034,34.88242800230197,0,0
2023-07-09,DMA_035,35.187575857284244,0,0
2023-07-09,DMA_036,31.01803004773024,0,0
2023-07-09,DMA_037,30.714337279667664,0,0
2023-07-09,DMA_038,21.87448984550342,0,0
2023-07-09,DMA_039,30.050139175678446,0,0
2023-07-09,DMA_040,32.752521953578025,0,0
2023-07-09,DMA_041,37.50137550278378,0,1
2023-07-09,DMA_042,25.97174699902022,0,0
2023-07-09,DMA_043,38.191804380602235,0,0
2023-07-09,DMA_044,37.66735263529288,0,0
2023-07-09,DMA_045,29.048655263037,0,0
2023-07-09,DMA_046,39.46747949506445,0,0
2023-07-09,DMA_047,35.200454125440075,0,0
2023-07-09,DMA_048,37.41309834856796,0,0
2023-07-09,DMA_049,23.3261451425128,0,1
2023-07-09,DMA_050,33.11944803220595,0,0
2023-07-09,DMA_051,34.432759312541286,0,0
2023-07-09,DMA_052,26.662841227187894,0,0
2023-07-09,DMA_053,36.87281494436649,0,0
2023-07-09,DMA_054,26.876735920709088,0,0
2023-07-09,DMA_055,28.65540103080699,0,0
2023-07-09,DMA_056,24.622992842688245,0,0
2023-07-09,DMA_057,27.052511082330525,0,0
2023-07-09,DMA_058,30.111003141461993,0,0
2023-07-09,DMA_059,32.0240712632491,0,0
2023-07-09,DMA_060,39.556294142983575,0,0
2023-07-09,DMA_061,33.51992110961798,0,0
2023-07-09,DMA_062,24.635551712277504,0,1
2023-07-09,DMA_063,39.85492200143229,0,1
2023-07-09,DMA_064,29.717188705331314,0,0
2023-07-09,DMA_065,36.208155348452266,0,0
2023-07-09,DMA_066,26.37259680224131,0,0
2023-07-09,DMA_067,32.73470251931739,0,0
2023-07-09,DMA_068,31.270213540191698,0,0
2023-07-09,DMA_069,29.441568399221786,0,0
2023-07-09,DMA_070,26.21495631023103,0,0
2023-07-09,DMA_071,22.449484212673916,0,1
2023-07-09,DMA_072,38.515531163637725,0,0
2023-07-09,DMA_073,25.041657428729334,0,0
2023-07-09,DMA_074,24.243205985316344,0,0
2023-07-09,DMA_075,28.067835670072096,0,1
2023-07-09,DMA_076,26.294224970927512,0,0
2023-07-09,DMA_077,22.469790341880596,0,0
2023-07-09,DMA_078,27.982506724380375,0,0
2023-07-09,DMA_079,30.07546993803587,0,0
2023-07-09,DMA_080,34.955710130258936,0,0
2023-07-09,DMA_081,29.992351813430712,0,0
2023-07-09,DMA_082,37.57828447387768,0,1
2023-07-09,DMA_083,25.883005071583145,0,1
2023-07-09,DMA_084,37.44356506556369,0,0
2023-07-09,DMA_085,35.78311887972424,0,1
2023-07-09,DMA_086,31.23116985219384,0,0
2023-07-09,DMA_087,35.70296760991753,0,0
2023-07-09,DMA_088,26.260127252914216,0,0
2023-07-09,DMA_089,33.315938440516554,0,0
2023-07-09,DMA_090,36.635117245389125,0,0
2023-07-09,DMA_091,25.377044886463217,0,0
2023-07-09,DMA_092,25.966495582826298,0,1
2023-07-09,DMA_093,29.325937723389014,0,0
2023-07-09,DMA_094,25.186957090676266,0,0
2023-07-09,DMA_095,32.612095380799985,0,0
2023-07-09,DMA_096,21.57838662301372,0,0
2023-07-09,DMA_097,28.269364349857177,0,0
2023-07-09,DMA_098,24.388347477635392,0,1
2023-07-09,DMA_099,28.351804309500594,0,0
2023-07-09,DMA_100,32.203582657975396,0,0
2023-07-09,DMA_101,30.913256938654904,0,0
2023-07-09,DMA_102,41.79231039560017,0,0
2023-07-09,DMA_103,32.70121086766027,0,0
2023-07-09,DMA_104,37.08284962116006,0,0
2023-07-09,DMA_105,20.954538970322623,0,1
2023-07-09,DMA_106,37.671885545108765,0,0
2023-07-09,DMA_107,23.820243278907853,0,0
2023-07-09,DMA_108,26.59533899751017,0,0
2023-07-09,DMA_109,26.02080972021383,0,0
2023-07-09,DMA_110,30.565029113947134,0,0
2023-07-09,DMA_111,18.34587816323891,0,0
2023-07-09,DMA_112,23.402023695435027,0,0
2023-07-09,DMA_113,33.203892415824,0,0
2023-07-09,DMA_114,33.18352193100559,0,0
2023-07-09,DMA_115,30.230348220660126,0,0
2023-07-09,DMA_116,23.220598259354187,0,0
2023-07-09,DMA_117,30.669442007580294,0,0
2023-07-09,DMA_118,19.54503602332092,0,0
2023-07-09,DMA_119,31.430167751653443,0,0
2023-07-09,DMA_120,25.427061497099302,0,0
2023-07-09,DMA_121,27.60502067823917,0,0
2023-07-09,DMA_122,37.93234542276813,0,0
2023-07-09,DMA_123,25.910428119280574,0,0
2023-07-09,DMA_124,28.310627139920808,0,0
2023-07-09,DMA_125,36.32414990742048,0,0
2023-07-09,DMA_126,24.390532486403107,0,0
2023-07-09,DMA_127,28.537124654016715,0,0
2023-07-09,DMA_128,37.74649016167157,0,0
2023-07-09,DMA_129,38.12845285855161,0,0
2023-07-09,DMA_130,35.88398201171949,0,0
2023-07-09,DMA_131,34.730309493660016,0,0
2023-07-09,DMA_132,24.215139941010587,0,0
2023-07-09,DMA_133,34.58254549428076,0,0
2023-07-09,DMA_134,31.730137689120166,0,0
2023-07-09,DMA_135,30.526940841886724,0,0
2023-07-09,DMA_136,35.07013395945981,0,1
2023-07-09,DMA_137,24.64729888223721,0,1
2023-07-09,DMA_138,28.789521740547634,0,0
2023-07-09,DMA_139,38.42159840736571,0,1
2023-07-09,DMA_140,26.186659978838478,0,0
2023-07-09,DMA_141,33.61508581263327,0,0
2023-07-09,DMA_142,26.29284934258081,0,0
2023-07-09,DMA_143,27.515467191998088,0,0
2023-07-09,DMA_144,37.83323646296797,0,1
2023-07-09,DMA_145,32.2554794940379,0,0
2023-07-09,DMA_146,29.150180237422784,0,0
2023-07-09,DMA_147,26.52207135248465,0,0
2023-07-09,DMA_148,27.221168708123372,0,0
2023-07-09,DMA_149,29.771881389942617,0,0
2023-07-09,DMA_150,35.399566997843735,0,0
2023-07-16,DMA_001,38.93702477827943,0,0
2023-07-16,DMA_002,33.64931009298267,0,0
2023-07-16,DMA_003,18.82906530967843,0,0
2023-07-16,DMA_004,38.44481873949707,0,0
2023-07-16,DMA_005,37.21776731090891,0,0
2023-07-16,DMA_006,36.5280125594652,0,0
2023-07-16,DMA_007,33.68703755089566,0,0
2023-07-16,DMA_008,40.72856780649343,0,0
2023-07-16,DMA_009,20.205399372711454,0,0
2023-07-16,DMA_010,39.16724788239192,0,0
2023-07-16,DMA_011,26.227695191547582,0,0
2023-07-16,DMA_012,30.267845937189907,0,0
2023-07-16,DMA_013,23.173250723459805,0,1
2023-07-16,DMA_014,29.595464205654064,0,1
2023-07-16,DMA_015,30.884833736513837,0,0
2023-07-16,DMA_016,23.70588361623316,0,0
2023-07-16,DMA_017,30.388132679216824,0,0
2023-07-16,DMA_018,31.404368802968325,0,0
2023-07-16,DMA_019,24.24234172057882,0,0
2023-07-16,DMA_020,32.16344930614135,0,0
2023-07-16,DMA_021,35.47545838579119,0,0
2023-07-16,DMA_022,23.703525109994324,0,0
2023-07-16,DMA_023,36.86190831876853,0,0
2023-07-16,DMA_024,37.76817564198457,0,0
2023-07-16,DMA_025,20.44904212212092,0,0
2023-07-16,DMA_026,37.16825409458693,0,0
2023-07-16,DMA_027,33.60797302993069,0,0
2023-07-16,DMA_028,37.69376759566326,0,0
2023-07-16,DMA_029,31.272179939944774,0,0
2023-07-16,DMA_030,26.09268326068534,0,0
2023-07-16,DMA_031,38.936432356144735,0,0
2023-07-16,DMA_032,33.57135195916779,0,0
2023-07-16,DMA_033,17.59146112411714,0,0
2023-07-16,DMA_034,31.39850888547202,0,0
2023-07-16,DMA_035,31.17320222228942,0,0
2023-07-16,DMA_036,40.47594416601052,0,0
2023-07-16,DMA_037,33.431924965492684,0,0
2023-07-16,DMA_038,27.004964411456182,0,0
2023-07-16,DMA_039,31.785988793709883,0,0
2023-07-16,DMA_040,29.001945918416027,0,0
2023-07-16,DMA_041,21.51783905669101,0,0
2023-07-16,DMA_042,33.42290882983616,0,0
2023-07-16,DMA_043,31.14365414068884,0,1
2023-07-16,DMA_044,38.312163789415784,0,0
2023-07-16,DMA_045,28.952281155153234,0,0
2023-07-16,DMA_046,26.20399342749211,0,0
2023-07-16,DMA_047,20.1206001471471,0,0
2023-07-16,DMA_048,35.30855347725419,0,1
2023-07-16,DMA_049,24.520452847075685,0,0
2023-07-16,DMA_050,27.960556146431884,0,0
2023-07-16,DMA_051,34.94069505431625,0,0
2023-07-16,DMA_052,25.394848600551217,0,0
2023-07-16,DMA_053,33.39353937034758,0,0
2023-07-16,DMA_054,33.01570711529507,0,0
2023-07-16,DMA_055,43.341588934392774,0,1
2023-07-16,DMA_056,27.28121041932148,0,0
2023-07-16,DMA_057,22.64592212273447,0,0
2023-07-16,DMA_058,26.047716864222057,0,0
2023-07-16,DMA_059,27.30418205338831,0,0
2023-07-16,DMA_060,34.217518321702826,0,0
2023-07-16,DMA_061,26.65153706937559,0,0
2023-07-16,DMA_062,30.44224114433348,0,0
2023-07-16,DMA_063,34.31804392910655,0,0
2023-07-16,DMA_064,43.0765844328175,0,0
2023-07-16,DMA_065,29.9322473839327,0,0
2023-07-16,DMA_066,31.37700205146669,0,1
2023-07-16,DMA_067,28.58629396476207,0,0
2023-07-16,DMA_068,31.05059326873162,0,0
2023-07-16,DMA_069,33.55541153625453,0,1
2023-07-16,DMA_070,27.31275288346786,0,0
2023-07-16,DMA_071,33.14717804130146,0,0
2023-07-16,DMA_072,30.569345012186115,0,0
2023-07-16,DMA_073,24.01801945329655,0,0
2023-07-16,DMA_074,18.61444913576516,0,0
2023-07-16,DMA_075,19.401285856425744,0,0
2023-07-16,DMA_076,24.445284643188653,0,0
2023-07-16,DMA_077,28.664768374627535,0,0
2023-07-16,DMA_078,27.527256824908985,0,1
2023-07-16,DMA_079,34.21683777347879,0,0
2023-07-16,DMA_080,30.35407000273625,0,1
2023-07-16,DMA_081,32.13549999400054,0,0
2023-07-16,DMA_082,29.487190197872167,0,0
2023-07-16,DMA_083,19.344998431781864,0,0
2023-07-16,DMA_084,29.700117334209377,0,0
2023-07-16,DMA_085,22.55033070766813,0,0
2023-07-16,DMA_086,31.250814352857716,0,0
2023-07-16,DMA_087,34.04071921621795,0,0
2023-07-16,DMA_088,28.478697604928186,0,0
2023-07-16,DMA_089,28.304721506462023,0,0
2023-07-16,DMA_090,20.15846325892902,0,0
2023-07-16,DMA_091,35.27752846994578,0,0
2023-07-16,DMA_092,28.431413463358325,0,0
2023-07-16,DMA_093,30.991118415951394,0,0
2023-07-16,DMA_094,29.16151822664196,0,0
2023-07-16,DMA_095,29.837403671639848,0,0
2023-07-16,DMA_096,20.129751240445465,0,0
2023-07-16,DMA_097,35.55953847536707,0,0
2023-07-16,DMA_098,33.369399592712305,0,0
2023-07-16,DMA_099,32.99511150595428,0,0
2023-07-16,DMA_100,39.926107623429274,0,0
2023-07-16,DMA_101,23.335531164437494,0,0
2023-07-16,DMA_102,33.57674843723504,0,0
2023-07-16,DMA_103,31.60888233844139,0,0
2023-07-16,DMA_104,27.21536977986884,0,0
2023-07-16,DMA_105,39.86654062977105,0,0
2023-07-16,DMA_106,35.149028326067814,0,0
2023-07-16,DMA_107,31.78786004915233,0,0
2023-07-16,DMA_108,32.35481179936613,0,1
2023-07-16,DMA_109,28.543661302942333,0,0
2023-07-16,DMA_110,27.681305265643548,0,0
2023-07-16,DMA_111,26.25741228897234,0,0
2023-07-16,DMA_112,22.831516419857333,0,0
2023-07-16,DMA_113,34.82112506257898,0,0
2023-07-16,DMA_114,27.327268319576028,0,0
2023-07-16,DMA_115,20.22329365879304,0,0
2023-07-16,DMA_116,18.525977940991428,0,0
2023-07-16,DMA_117,28.421616981873175,0,0
2023-07-16,DMA_118,35.24732740120612,0,0
2023-07-16,DMA_119,31.38882156331347,0,0
2023-07-16,DMA_120,27.274439685804538,0,0
2023-07-16,DMA_121,24.42987849525268,0,0
2023-07-16,DMA_122,34.502706120673984,0,0
2023-07-16,DMA_123,28.0177453262682,0,1
2023-07-16,DMA_124,35.14148137166267,0,0
2023-07-16,DMA_125,36.935858846229834,0,0
2023-07-16,DMA_126,27.902023884835344,0,1
2023-07-16,DMA_127,27.049731253650425,0,0
2023-07-16,DMA_128,41.34374460015609,0,0
2023-07-16,DMA_129,30.176275893458936,0,0
2023-07-16,DMA_130,30.38659030836649,0,0
2023-07-16,DMA_131,33.01438359724005,0,0
2023-07-16,DMA_132,27.13756476518443,0,0
2023-07-16,DMA_133,35.24472552113191,0,0
2023-07-16,DMA_134,32.58071740694316,0,0
2023-07-16,DMA_135,24.096866404448377,0,0
2023-07-16,DMA_136,22.884443803838714,0,0
2023-07-16,DMA_137,26.02449227290242,0,0
2023-07-16,DMA_138,30.64809616458734,0,0
2023-07-16,DMA_139,25.069736637047225,0,0
2023-07-16,DMA_140,25.596431329039458,0,0
2023-07-16,DMA_141,24.601618131974377,0,1
2023-07-16,DMA_142,24.80699045124006,0,0
2023-07-16,DMA_143,23.942254944524784,0,0
2023-07-16,DMA_144,32.660861428260404,0,0
2023-07-16,DMA_145,26.8030164827962,0,0
2023-07-16,DMA_146,30.9840270041527,0,0
2023-07-16,DMA_147,22.690166970135984,0,1
2023-07-16,DMA_148,23.725970856094108,0,1
2023-07-16,DMA_149,30.50824658293079,0,0
2023-07-16,DMA_150,29.537526860932353,0,0
2023-07-23,DMA_001,28.87502986794446,0,0
2023-07-23,DMA_002,33.241013494484946,0,0
2023-07-23,DMA_003,37.93953543295132,0,0
2023-07-23,DMA_004,25.111653378669995,0,0
2023-07-23,DMA_005,22.161150297238542,0,0
2023-07-23,DMA_006,27.8407843353582,0,1
2023-07-23,DMA_007,34.79258887163784,0,1
2023-07-23,DMA_008,27.370876748174176,0,0
2023-07-23,DMA_009,39.19087727625975,0,0
2023-07-23,DMA_010,30.676659048044026,0,0
2023-07-23,DMA_011,16.93935573287437,0,0
2023-07-23,DMA_012,35.920455234942956,0,0
2023-07-23,DMA_013,34.8019959278205,0,1
2023-07-23,DMA_014,29.39879253540318,0,0
2023-07-23,DMA_015,29.09104611606557,0,0
2023-07-23,DMA_016,43.64703010791828,0,1
2023-07-23,DMA_017,32.55167013638759,0,0
2023-07-23,DMA_018,27.45578185970225,0,0
2023-07-23,DMA_019,20.505904853885426,0,0
2023-07-23,DMA_020,35.6932629459328,0,0
2023-07-23,DMA_021,24.162004444923582,0,0
2023-07-23,DMA_022,36.01003323630421,0,0
2023-07-23,DMA_023,21.931700578899157,0,0
2023-07-23,DMA_024,34.27080531433123,0,0
2023-07-23,DMA_025,35.36321586822849,0,0
2023-07-23,DMA_026,29.82867463579618,0,0
2023-07-23,DMA_027,26.9458953612113,0,1
2023-07-23,DMA_028,32.117936440962126,0,1
2023-07-23,DMA_029,38.79414238998159,0,0
2023-07-23,DMA_030,26.957320427517196,0,0
2023-07-23,DMA_031,16.68612440261505,0,0
2023-07-23,DMA_032,32.823020603529265,0,0
2023-07-23,DMA_033,36.59360848794603,0,0
2023-07-23,DMA_034,38.402544297769275,0,0
2023-07-23,DMA_035,30.467033623332775,0,0
2023-07-23,DMA_036,31.16496119759872,0,0
2023-07-23,DMA_037,30.934974872577623,0,0
2023-07-23,DMA_038,27.155761303467557,0,0
2023-07-23,DMA_039,24.073680187421196,0,0
2023-07-23,DMA_040,28.80357631847722,0,0
2023-07-23,DMA_041,30.518275557776523,0,0
2023-07-23,DMA_042,31.099178344199757,0,0
2023-07-23,DMA_043,24.41327835010206,0,1
2023-07-23,DMA_044,38.05886837062948,0,0
2023-07-23,DMA_045,24.036540801468195,0,0
2023-07-23,DMA_046,29.285332034464588,0,1
2023-07-23,DMA_047,25.309504203948123,0,0
2023-07-23,DMA_048,37.53822664224559,0,0
2023-07-23,DMA_049,26.912783849640935,0,0
2023-07-23,DMA_050,32.31674523608076,0,0
2023-07-23,DMA_051,27.904894325230998,0,0
2023-07-23,DMA_052,25.799657850239484,0,1
2023-07-23,DMA_053,30.128053893211526,0,0
2023-07-23,DMA_054,23.441794751485997,0,0
2023-07-23,DMA_055,39.33071968572234,0,0
2023-07-23,DMA_056,30.70331301661205,0,1
2023-07-23,DMA_057,40.729600214394594,0,0
2023-07-23,DMA_058,43.26019402976158,0,0
2023-07-23,DMA_059,32.5551015205767,0,0
2023-07-23,DMA_060,24.78877302413767,0,0
2023-07-23,DMA_061,29.20713645565485,0,1
2023-07-23,DMA_062,29.319738457546645,0,0
2023-07-23,DMA_063,34.64995143848722,0,1
2023-07-23,DMA_064,33.485410662020776,0,0
2023-07-23,DMA_065,38.27859013486205,0,0
2023-07-23,DMA_066,23.948388303562268,0,1
2023-07-23,DMA_067,37.72833713172049,0,0
2023-07-23,DMA_068,33.02241520185221,0,1
2023-07-23,DMA_069,35.25517039175523,0,0
2023-07-23,DMA_070,21.58721500756772,0,0
2023-07-23,DMA_071,37.030133361973554,0,0
2023-07-23,DMA_072,26.087399510821783,0,0
2023-07-23,DMA_073,27.871819779893766,0,0
2023-07-23,DMA_074,35.03387106046877,0,0
2023-07-23,DMA_075,37.75392216524316,0,0
2023-07-23,DMA_076,30.61523167530972,0,0
2023-07-23,DMA_077,29.916007976901174,0,0
2023-07-23,DMA_078,29.8459124932025,0,0
2023-07-23,DMA_079,45.64028816563549,0,0
2023-07-23,DMA_080,22.391726645565903,0,1
2023-07-23,DMA_081,27.895303183136868,0,0
2023-07-23,DMA_082,34.75496770860942,0,0
2023-07-23,DMA_083,39.30516264735665,0,0
2023-07-23,DMA_084,29.235266359508397,0,0
2023-07-23,DMA_085,23.639389956915245,0,0
2023-07-23,DMA_086,37.2456302696622,0,0
2023-07-23,DMA_087,22.831701606234418,0,0
2023-07-23,DMA_088,25.79132435402602,0,1
2023-07-23,DMA_089,33.5102971348429,0,0
2023-07-23,DMA_090,36.06943207312434,0,0
2023-07-23,DMA_091,31.02628054796749,0,0
2023-07-23,DMA_092,27.69977582828789,0,0
2023-07-23,DMA_093,29.632437109893154,0,0
2023-07-23,DMA_094,39.59710564619906,0,0
2023-07-23,DMA_095,31.978039155424078,0,0
2023-07-23,DMA_096,34.01065407338159,0,0
2023-07-23,DMA_097,30.958351406449147,0,0
2023-07-23,DMA_098,44.37657890090236,0,1
2023-07-23,DMA_099,23.007929595247248,0,0
2023-07-23,DMA_100,34.52992943167404,0,0
2023-07-23,DMA_101,33.000419755394624,0,1
2023-07-23,DMA_102,29.352579397462318,0,0
2023-07-23,DMA_103,32.65912021584852,0,1
2023-07-23,DMA_104,29.035904925201105,0,0
2023-07-23,DMA_105,37.5794362211408,0,0
2023-07-23,DMA_106,28.495809964191697,0,0
2023-07-23,DMA_107,32.827228903992214,0,0
2023-07-23,DMA_108,17.600396702009334,0,0
2023-07-23,DMA_109,33.60699131117833,0,0
2023-07-23,DMA_110,30.26518271181035,0,0
2023-07-23,DMA_111,29.44190964710588,0,1
2023-07-23,DMA_112,19.230559617810158,0,0
2023-07-23,DMA_113,28.825542928312828,0,1
2023-07-23,DMA_114,40.086792809408614,0,0
2023-07-23,DMA_115,25.197136219848165,0,0
2023-07-23,DMA_116,26.422418753144555,0,0
2023-07-23,DMA_117,21.610186456811416,0,0
2023-07-23,DMA_118,29.105022985628835,0,0
2023-07-23,DMA_119,20.285734015609293,0,0
2023-07-23,DMA_120,38.890508829044634,0,0
2023-07-23,DMA_121,25.41930189538741,0,0
2023-07-23,DMA_122,32.6936226700459,0,0
2023-07-23,DMA_123,34.64874075518458,0,0
2023-07-23,DMA_124,23.254671218916606,0,0
2023-07-23,DMA_125,38.89151312033279,0,0
2023-07-23,DMA_126,23.553069371887204,0,1
2023-07-23,DMA_127,29.840948844342872,0,0
2023-07-23,DMA_128,36.99076103588909,0,0
2023-07-23,DMA_129,30.46514470789798,0,0
2023-07-23,DMA_130,33.10838760989275,0,0
2023-07-23,DMA_131,28.236712589089137,0,0
2023-07-23,DMA_132,32.186207881584096,0,0
2023-07-23,DMA_133,29.296789125543437,0,0
2023-07-23,DMA_134,34.8210089223325,0,0
2023-07-23,DMA_135,46.42635498372576,0,1
2023-07-23,DMA_136,33.672190891719886,0,0
2023-07-23,DMA_137,32.50018929315285,0,0
2023-07-23,DMA_138,15.120544882823381,0,0
2023-07-23,DMA_139,38.264181449670794,0,0
2023-07-23,DMA_140,28.381396078191468,0,0
2023-07-23,DMA_141,23.57045461825968,0,0
2023-07-23,DMA_142,31.33672508514349,0,0
2023-07-23,DMA_143,42.191638466545434,0,0
2023-07-23,DMA_144,24.791883747467782,0,0
2023-07-23,DMA_145,37.401331415195756,0,0
2023-07-23,DMA_146,24.137762000523885,0,0
2023-07-23,DMA_147,41.90853997069844,0,0
2023-07-23,DMA_148,26.990973383994042,0,0
2023-07-23,DMA_149,29.36289443898632,0,0
2023-07-23,DMA_150,37.37151729827862,0,0
2023-07-30,DMA_001,42.382205458908444,0,0
2023-07-30,DMA_002,24.441975338768394,0,1
2023-07-30,DMA_003,32.098222873450545,0,0
2023-07-30,DMA_004,32.893968051786025,0,0
2023-07-30,DMA_005,27.324956250606167,0,0
2023-07-30,DMA_006,40.40114392786221,0,0
2023-07-30,DMA_007,17.21493794046994,0,0
2023-07-30,DMA_008,37.76903786123404,0,0
2023-07-30,DMA_009,25.288401276867006,0,1
2023-07-30,DMA_010,26.573206527257415,0,0
2023-07-30,DMA_011,44.64910127987875,0,0
2023-07-30,DMA_012,33.08674467302469,0,0
2023-07-30,DMA_013,32.8325955680752,0,0
2023-07-30,DMA_014,32.73170998387279,0,1
2023-07-30,DMA_015,23.36728815074199,0,0
2023-07-30,DMA_016,34.256335515000075,0,0
2023-07-30,DMA_017,22.052985171277815,0,0
2023-07-30,DMA_018,37.06847928219253,0,0
2023-07-30,DMA_019,17.405907788815455,0,0
2023-07-30,DMA_020,33.49319267747697,0,0
2023-07-30,DMA_021,34.65988636940619,0,0
2023-07-30,DMA_022,30.46253517466344,0,0
2023-07-30,DMA_023,33.38320706527534,0,0
2023-07-30,DMA_024,23.821615592693,0,0
2023-07-30,DMA_025,35.17233255963028,0,0
2023-07-30,DMA_026,42.838909350437795,0,0
2023-07-30,DMA_027,34.72072486080839,0,0
2023-07-30,DMA_028,24.586168832842926,0,0
2023-07-30,DMA_029,24.247769855756083,0,0
2023-07-30,DMA_030,41.597436942655165,0,0
2023-07-30,DMA_031,49.7580038909303,0,0
2023-07-30,DMA_032,41.05990278827264,0,0
2023-07-30,DMA_033,28.864894226002196,0,0
2023-07-30,DMA_034,34.96890288379363,0,1
2023-07-30,DMA_035,33.35705443744623,0,0
2023-07-30,DMA_036,25.36261274209478,0,0
2023-07-30,DMA_037,31.621927469405684,0,1
2023-07-30,DMA_038,36.33470649390233,0,0
2023-07-30,DMA_039,35.73951569783848,0,1
2023-07-30,DMA_040,30.964086540104446,0,0
2023-07-30,DMA_041,28.65536390494683,0,0
2023-07-30,DMA_042,41.351876314819215,0,0
2023-07-30,DMA_043,26.2278537398648,0,0
2023-07-30,DMA_044,47.23550836391735,0,0
2023-07-30,DMA_045,21.950211147938347,0,0
2023-07-30,DMA_046,40.28806029638396,0,0
2023-07-30,DMA_047,33.403701005552726,0,0
2023-07-30,DMA_048,39.48375727015603,0,0
2023-07-30,DMA_049,37.605861578397494,0,0
2023-07-30,DMA_050,35.16760858884053,0,0
2023-07-30,DMA_051,31.212745220255446,0,0
2023-07-30,DMA_052,28.59175653190917,0,0
2023-07-30,DMA_053,36.53714951001794,0,0
2023-07-30,DMA_054,27.119228903516014,0,0
2023-07-30,DMA_055,24.555117811701408,0,1
2023-07-30,DMA_056,40.611923239096,0,0
2023-07-30,DMA_057,34.32581330327616,0,0
2023-07-30,DMA_058,35.14310958698802,0,0
2023-07-30,DMA_059,32.65634796609036,0,0
2023-07-30,DMA_060,27.842637111077266,0,0
2023-07-30,DMA_061,31.25046214765448,0,0
2023-07-30,DMA_062,21.82352676441096,0,0
2023-07-30,DMA_063,26.81884458637378,0,0
2023-07-30,DMA_064,27.818759723248355,0,0
2023-07-30,DMA_065,26.703154540635243,0,1
2023-07-30,DMA_066,34.04515904747208,0,0
2023-07-30,DMA_067,30.465645106929852,0,0
2023-07-30,DMA_068,38.01410078924967,0,0
2023-07-30,DMA_069,33.01112051382222,0,0
2023-07-30,DMA_070,32.28189772785986,0,0
2023-07-30,DMA_071,30.611508769139714,0,0
2023-07-30,DMA_072,35.38128614280034,0,0
2023-07-30,DMA_073,40.098214494706966,0,0
2023-07-30,DMA_074,23.8151417271777,0,0
2023-07-30,DMA_075,29.21791903713014,0,0
2023-07-30,DMA_076,34.75758165441108,0,0
2023-07-30,DMA_077,34.60960506543725,0,0
2023-07-30,DMA_078,30.941444542580378,0,1
2023-07-30,DMA_079,19.758515663055462,0,1
2023-07-30,DMA_080,46.46638017769278,0,0
2023-07-30,DMA_081,25.151566700852545,0,0
2023-07-30,DMA_082,38.7650224521215,0,0
2023-07-30,DMA_083,25.99669670362154,0,0
2023-07-30,DMA_084,29.25601820100263,0,0
2023-07-30,DMA_085,47.79015105512161,0,0
2023-07-30,DMA_086,33.540132694562075,0,0
2023-07-30,DMA_087,35.816668864000086,0,0
2023-07-30,DMA_088,31.016372733989655,0,0
2023-07-30,DMA_089,26.238152394665864,0,0
2023-07-30,DMA_090,29.99948504187786,0,1
2023-07-30,DMA_091,31.10326785671716,0,0
2023-07-30,DMA_092,34.94800550225895,0,0
2023-07-30,DMA_093,28.77560484931248,0,0
2023-07-30,DMA_094,27.624358289145405,0,0
2023-07-30,DMA_095,30.048824450898657,0,1
2023-07-30,DMA_096,26.557283873869963,0,0
2023-07-30,DMA_097,32.08936292461298,0,0
2023-07-30,DMA_098,30.505770507544916,0,0
2023-07-30,DMA_099,30.121778107905627,0,0
2023-07-30,DMA_100,31.211717543186914,0,1
2023-07-30,DMA_101,30.65195505506708,0,0
2023-07-30,DMA_102,27.823140788207247,0,1
2023-07-30,DMA_103,45.66292235695755,0,0
2023-07-30,DMA_104,33.340147560969434,0,0
2023-07-30,DMA_105,32.0982793478285,0,0
2023-07-30,DMA_106,32.8744764705161,0,0
2023-07-30,DMA_107,27.863141698055113,0,0
2023-07-30,DMA_108,34.30549004455683,0,0
2023-07-30,DMA_109,43.52891122956258,0,0
2023-07-30,DMA_110,30.70680968045063,0,1
2023-07-30,DMA_111,30.532473018372713,0,0
2023-07-30,DMA_112,41.790150599229655,0,0
2023-07-30,DMA_113,32.26733343792833,0,1
2023-07-30,DMA_114,29.182902492810875,0,0
2023-07-30,DMA_115,38.874075064472585,0,1
2023-07-30,DMA_116,36.274744095454984,0,0
2023-07-30,DMA_117,40.62027231724518,0,0
2023-07-30,DMA_118,25.78084830074648,0,0
2023-07-30,DMA_119,25.68133701047104,0,0
2023-07-30,DMA_120,34.933347958304346,0,0
2023-07-30,DMA_121,28.667030522774542,0,0
2023-07-30,DMA_122,38.59643955258473,0,1
2023-07-30,DMA_123,32.47185115102816,0,1
2023-07-30,DMA_124,26.769221514372163,0,0
2023-07-30,DMA_125,33.602649432919286,0,0
2023-07-30,DMA_126,46.34916258699269,0,0
2023-07-30,DMA_127,27.64807546468248,0,0
2023-07-30,DMA_128,33.64081504698483,0,0
2023-07-30,DMA_129,41.819696240834816,0,0
2023-07-30,DMA_130,36.24740161755024,0,0
2023-07-30,DMA_131,34.512103504088884,0,0
2023-07-30,DMA_132,39.21927479761711,0,0
2023-07-30,DMA_133,40.808444977298954,0,1
2023-07-30,DMA_134,32.3715370204452,0,0
2023-07-30,DMA_135,30.30221586193277,0,0
2023-07-30,DMA_136,22.62323035357643,0,0
2023-07-30,DMA_137,34.956252775651244,0,0
2023-07-30,DMA_138,29.85788679117509,0,0
2023-07-30,DMA_139,36.729496874025166,0,0
2023-07-30,DMA_140,31.922508210605926,0,0
2023-07-30,DMA_141,32.92480186819573,0,0
2023-07-30,DMA_142,20.1705698696871,0,0
2023-07-30,DMA_143,37.4095763290781,0,0
2023-07-30,DMA_144,43.01658875935007,0,1
2023-07-30,DMA_145,40.320545026118765,0,0
2023-07-30,DMA_146,30.87440893891455,0,0
2023-07-30,DMA_147,30.087332103240097,0,0
2023-07-30,DMA_148,35.97604697347119,0,0
2023-07-30,DMA_149,36.38436552313222,0,0
2023-07-30,DMA_150,30.95738550002025,0,0
2023-08-06,DMA_001,38.12728034046292,0,0
2023-08-06,DMA_002,32.46592672744169,0,0
2023-08-06,DMA_003,34.07383803785694,0,0
2023-08-06,DMA_004,23.07964482996534,0,1
2023-08-06,DMA_005,40.188496406413144,0,0
2023-08-06,DMA_006,40.97175398240948,0,0
2023-08-06,DMA_007,30.19940071159518,0,1
2023-08-06,DMA_008,41.415305500025845,0,0
2023-08-06,DMA_009,32.054872605843414,0,0
2023-08-06,DMA_010,30.219192542748207,0,0
2023-08-06,DMA_011,25.49652068842625,0,0
2023-08-06,DMA_012,24.963307738615704,0,0
2023-08-06,DMA_013,27.802911298679003,0,0
2023-08-06,DMA_014,33.20578184450211,0,0
2023-08-06,DMA_015,29.689376255738782,0,1
2023-08-06,DMA_016,30.925791434621985,0,0
2023-08-06,DMA_017,39.866625029873774,0,0
2023-08-06,DMA_018,22.92542553689697,0,0
2023-08-06,DMA_019,30.966599444055916,0,0
2023-08-06,DMA_020,26.66639069439438,0,0
2023-08-06,DMA_021,45.43115343731806,0,0
2023-08-06,DMA_022,49.20341123578018,0,0
2023-08-06,DMA_023,44.79140141929325,0,0
2023-08-06,DMA_024,37.39393101195891,0,0
2023-08-06,DMA_025,32.90682546769971,0,0
2023-08-06,DMA_026,32.2413205940337,0,0
2023-08-06,DMA_027,23.272247311017104,0,0
2023-08-06,DMA_028,42.21840708768391,0,0
2023-08-06,DMA_029,34.91426530298365,0,1
2023-08-06,DMA_030,37.413030064390654,0,0
2023-08-06,DMA_031,25.78474874455121,0,0
2023-08-06,DMA_032,36.249407064771525,0,1
2023-08-06,DMA_033,36.40322998394422,0,1
2023-08-06,DMA_034,23.2151639668949,0,1
2023-08-06,DMA_035,34.27429207386127,0,0
2023-08-06,DMA_036,42.04493206991011,0,0
2023-08-06,DMA_037,31.332243628505463,0,0
2023-08-06,DMA_038,34.81817692200196,0,1
2023-08-06,DMA_039,39.67203349001002,0,0
2023-08-06,DMA_040,37.5619687795817,0,1
2023-08-06,DMA_041,38.12082259807523,0,0
2023-08-06,DMA_042,19.67500394655017,0,1
2023-08-06,DMA_043,13.602473375409502,0,0
2023-08-06,DMA_044,31.088894179181793,0,0
2023-08-06,DMA_045,30.478654161460536,0,0
2023-08-06,DMA_046,35.45591439011071,0,0
2023-08-06,DMA_047,37.640528020407295,0,0
2023-08-06,DMA_048,38.54033181856244,0,0
2023-08-06,DMA_049,36.170493959192875,0,0
2023-08-06,DMA_050,22.09919459958286,0,0
2023-08-06,DMA_051,30.036690212287198,0,1
2023-08-06,DMA_052,30.539785891313983,0,0
2023-08-06,DMA_053,41.81597749682,0,1
2023-08-06,DMA_054,26.756398054035696,0,0
2023-08-06,DMA_055,28.104895160242588,0,0
2023-08-06,DMA_056,34.941088474748035,0,0
2023-08-06,DMA_057,35.51638861307363,0,0
2023-08-06,DMA_058,39.59138878420286,0,0
2023-08-06,DMA_059,33.195873654384364,0,0
2023-08-06,DMA_060,34.79991603144488,0,0
2023-08-06,DMA_061,32.710023205718315,0,0
2023-08-06,DMA_062,35.53226678478441,0,0
2023-08-06,DMA_063,19.378415627112737,0,0
2023-08-06,DMA_064,35.43512745474163,0,0
2023-08-06,DMA_065,39.86595421336845,0,0
2023-08-06,DMA_066,22.146328226561273,0,0
2023-08-06,DMA_067,34.7584423732166,0,0
2023-08-06,DMA_068,37.142620429526204,0,0
2023-08-06,DMA_069,40.55610049451043,0,0
2023-08-06,DMA_070,44.28316754988706,0,1
2023-08-06,DMA_071,40.503124776590106,0,1
2023-08-06,DMA_072,30.500625967099072,0,0
2023-08-06,DMA_073,42.16082333974185,0,0
2023-08-06,DMA_074,25.021678310245488,0,0
2023-08-06,DMA_075,21.348975562141607,0,1
2023-08-06,DMA_076,31.437565879030764,0,0
2023-08-06,DMA_077,24.71496068734779,0,0
2023-08-06,DMA_078,31.763565073763004,0,0
2023-08-06,DMA_079,43.29951654080983,0,0
2023-08-06,DMA_080,32.03466759366261,0,1
2023-08-06,DMA_081,35.93793481525734,0,0
2023-08-06,DMA_082,47.19016630612493,0,0
2023-08-06,DMA_083,36.72992927103872,0,0
2023-08-06,DMA_084,35.651204657101125,0,0
2023-08-06,DMA_085,20.58304203270312,0,1
2023-08-06,DMA_086,26.909522979990555,0,0
2023-08-06,DMA_087,36.477791368785944,0,1
2023-08-06,DMA_088,27.918909898107675,0,0
2023-08-06,DMA_089,40.025976677828794,0,1
2023-08-06,DMA_090,27.98379717361912,0,0
2023-08-06,DMA_091,32.39219816854132,0,0
2023-08-06,DMA_092,22.58064839885606,0,1
2023-08-06,DMA_093,48.65705413208959,0,0
2023-08-06,DMA_094,30.556880101912952,0,0
2023-08-06,DMA_095,28.42035897106935,0,0
2023-08-06,DMA_096,27.097030874870576,0,0
2023-08-06,DMA_097,20.557080367091842,0,0
2023-08-06,DMA_098,33.8988800017532,0,0
2023-08-06,DMA_099,32.47611318567498,0,0
2023-08-06,DMA_100,29.796731581132587,0,0
2023-08-06,DMA_101,40.28650035961065,0,0
2023-08-06,DMA_102,39.332286134542485,0,1
2023-08-06,DMA_103,30.62977265567956,0,0
2023-08-06,DMA_104,38.848949922563705,0,0
2023-08-06,DMA_105,41.70393131951805,0,0
2023-08-06,DMA_106,36.4670194978692,0,0
2023-08-06,DMA_107,31.29446730149884,0,0
2023-08-06,DMA_108,33.292424989658095,0,0
2023-08-06,DMA_109,30.539370782904665,0,0
2023-08-06,DMA_110,29.22887565190465,0,0
2023-08-06,DMA_111,21.040519424170416,0,0
2023-08-06,DMA_112,25.60256374457227,0,0
2023-08-06,DMA_113,20.802940668912242,0,0
2023-08-06,DMA_114,35.94054497838283,0,1
2023-08-06,DMA_115,45.41217484960269,0,0
2023-08-06,DMA_116,33.29280719441022,0,1
2023-08-06,DMA_117,31.982093578450066,0,1
2023-08-06,DMA_118,28.926557490136855,0,0
2023-08-06,DMA_119,22.63172130924592,0,0
2023-08-06,DMA_120,37.54795133429782,0,0
2023-08-06,DMA_121,41.79125298969815,0,0
2023-08-06,DMA_122,24.46470802622126,0,0
2023-08-06,DMA_123,49.09433351721685,0,0
2023-08-06,DMA_124,41.042754922012776,0,0
2023-08-06,DMA_125,31.346800111002505,0,0
2023-08-06,DMA_126,32.91884194282388,0,0
2023-08-06,DMA_127,29.903415389943437,0,0
2023-08-06,DMA_128,35.97004424230377,0,0
2023-08-06,DMA_129,24.64824514999284,0,0
2023-08-06,DMA_130,38.61711841758826,0,1
2023-08-06,DMA_131,32.818123436892904,0,1
2023-08-06,DMA_132,26.459766919376612,0,0
2023-08-06,DMA_133,20.670138745371588,0,0
2023-08-06,DMA_134,43.98816443187715,0,0
2023-08-06,DMA_135,25.29375846729682,0,0
2023-08-06,DMA_136,42.57388113232724,0,0
2023-08-06,DMA_137,34.1640059057804,0,0
2023-08-06,DMA_138,28.763804152019176,0,0
2023-08-06,DMA_139,20.43759595094549,0,0
2023-08-06,DMA_140,36.98126345903587,0,0
2023-08-06,DMA_141,35.98271490242934,0,0
2023-08-06,DMA_142,29.639534857691352,0,0
2023-08-06,DMA_143,36.18179844215156,0,1
2023-08-06,DMA_144,42.27049061517762,0,0
2023-08-06,DMA_145,32.19601520284249,0,0
2023-08-06,DMA_146,34.37940142706323,0,1
2023-08-06,DMA_147,29.76300817554374,0,0
2023-08-06,DMA_148,25.498868424319284,0,0
2023-08-06,DMA_149,31.053224419581348,0,0
2023-08-06,DMA_150,27.462435700057807,0,1
2023-08-13,DMA_001,38.5830824540222,0,0
2023-08-13,DMA_002,36.19396257013286,0,0
2023-08-13,DMA_003,17.949546741871636,0,0
2023-08-13,DMA_004,24.801696292707625,0,1
2023-08-13,DMA_005,38.787733717370344,0,0
2023-08-13,DMA_006,29.70924635707145,0,0
2023-08-13,DMA_007,41.891931209385774,0,0
2023-08-13,DMA_008,29.45773335478074,0,1
2023-08-13,DMA_009,34.538382221471416,0,1
2023-08-13,DMA_010,39.61537393740638,0,0
2023-08-13,DMA_011,31.522839144381145,0,0
2023-08-13,DMA_012,39.04960035782556,0,1
2023-08-13,DMA_013,42.80142754346152,0,0
2023-08-13,DMA_014,32.08842274768177,0,0
2023-08-13,DMA_015,35.08024947343745,0,0
2023-08-13,DMA_016,32.59532719525884,0,0
2023-08-13,DMA_017,32.35993583289588,0,0
2023-08-13,DMA_018,26.75164058479354,0,0
2023-08-13,DMA_019,28.675622669551245,0,0
2023-08-13,DMA_020,26.200677166251488,0,0
2023-08-13,DMA_021,32.81788313681713,0,1
2023-08-13,DMA_022,22.857134024857984,0,0
2023-08-13,DMA_023,37.335285134471626,0,0
2023-08-13,DMA_024,34.08717606648517,0,0
2023-08-13,DMA_025,45.287073941903024,0,0
2023-08-13,DMA_026,32.70785147998166,0,0
2023-08-13,DMA_027,30.76000578968409,0,0
2023-08-13,DMA_028,37.37695136377949,0,0
2023-08-13,DMA_029,38.5212696776976,0,0
2023-08-13,DMA_030,44.30130349748272,0,0
2023-08-13,DMA_031,33.96486417923543,0,1
2023-08-13,DMA_032,39.88833609394686,0,0
2023-08-13,DMA_033,37.06638940953196,0,0
2023-08-13,DMA_034,30.216059346110292,0,0
2023-08-13,DMA_035,29.266287316369514,0,0
2023-08-13,DMA_036,29.61124048795581,0,0
2023-08-13,DMA_037,32.22702244045129,0,0
2023-08-13,DMA_038,32.102178751074945,0,0
2023-08-13,DMA_039,25.614097567327455,0,0
2023-08-13,DMA_040,38.39761154302618,0,0
2023-08-13,DMA_041,41.67949709943793,0,1
2023-08-13,DMA_042,45.08410091266922,0,0
2023-08-13,DMA_043,35.091277404356916,0,1
2023-08-13,DMA_044,31.538910821682197,0,0
2023-08-13,DMA_045,36.03772604783593,0,0
2023-08-13,DMA_046,36.205025407222315,0,0
2023-08-13,DMA_047,38.84086049464031,0,0
2023-08-13,DMA_048,34.934519002630715,0,0
2023-08-13,DMA_049,34.694431997989845,0,0
2023-08-13,DMA_050,41.08070990495145,0,0
2023-08-13,DMA_051,23.620823523524457,0,0
2023-08-13,DMA_052,40.19865271256671,0,0
2023-08-13,DMA_053,30.3593652373495,0,0
2023-08-13,DMA_054,36.223582510395296,0,0
2023-08-13,DMA_055,25.527698480647754,0,0
2023-08-13,DMA_056,37.269637175635644,0,0
2023-08-13,DMA_057,23.702375551265533,0,0
2023-08-13,DMA_058,30.823789157877805,0,0
2023-08-13,DMA_059,30.1126041769175,0,0
2023-08-13,DMA_060,36.021497525362065,0,0
2023-08-13,DMA_061,37.19936827627747,0,0
2023-08-13,DMA_062,37.43947524190349,0,0
2023-08-13,DMA_063,30.90970870976691,0,0
2023-08-13,DMA_064,38.57470534212775,0,0
2023-08-13,DMA_065,42.15508648855741,0,0
2023-08-13,DMA_066,34.52939291730288,0,0
2023-08-13,DMA_067,29.7273286997054,0,0
2023-08-13,DMA_068,45.15804621242927,0,1
2023-08-13,DMA_069,46.62585645816118,0,0
2023-08-13,DMA_070,36.425025857687636,0,0
2023-08-13,DMA_071,31.450780845978713,0,0
2023-08-13,DMA_072,29.546292156869768,0,0
2023-08-13,DMA_073,25.830090282947147,0,1
2023-08-13,DMA_074,29.98872575678312,0,0
2023-08-13,DMA_075,34.93739205721802,0,1
2023-08-13,DMA_076,28.446012857757154,0,0
2023-08-13,DMA_077,29.88641906806882,0,0
2023-08-13,DMA_078,30.20822510074777,0,1
2023-08-13,DMA_079,36.02055832752707,0,0
2023-08-13,DMA_080,28.74617499050583,0,0
2023-08-13,DMA_081,34.16014990793726,0,0
2023-08-13,DMA_082,28.244742916427594,0,0
2023-08-13,DMA_083,32.59751515696121,0,0
2023-08-13,DMA_084,29.070966804164353,0,0
2023-08-13,DMA_085,30.745123249783454,0,0
2023-08-13,DMA_086,26.09464538571702,0,0
2023-08-13,DMA_087,39.457458872147676,0,0
2023-08-13,DMA_088,41.441836558033174,0,1
2023-08-13,DMA_089,35.18824476181616,0,0
2023-08-13,DMA_090,39.76361223459953,0,0
2023-08-13,DMA_091,37.59593957726329,0,0
2023-08-13,DMA_092,37.093116804137516,0,1
2023-08-13,DMA_093,27.996480811284137,0,0
2023-08-13,DMA_094,34.99496804859494,0,0
2023-08-13,DMA_095,42.03122238756708,0,0
2023-08-13,DMA_096,24.763444171039545,0,0
2023-08-13,DMA_097,33.37434978485485,0,0
2023-08-13,DMA_098,33.636864429805634,0,1
2023-08-13,DMA_099,45.99744524215953,0,0
2023-08-13,DMA_100,25.336167784922708,0,0
2023-08-13,DMA_101,31.94352858222328,0,0
2023-08-13,DMA_102,21.707235988264905,0,1
2023-08-13,DMA_103,25.259273459442277,0,0
2023-08-13,DMA_104,28.955528057395817,0,0
2023-08-13,DMA_105,34.89641715808609,0,0
2023-08-13,DMA_106,28.805051525365492,0,0
2023-08-13,DMA_107,36.783400029172434,0,0
2023-08-13,DMA_108,24.326234588783734,0,1
2023-08-13,DMA_109,30.298154799082557,0,0
2023-08-13,DMA_110,31.825105380918597,0,0
2023-08-13,DMA_111,41.03456583943653,0,0
2023-08-13,DMA_112,21.39514212784387,0,0
2023-08-13,DMA_113,41.121881898817705,0,1
2023-08-13,DMA_114,37.963334528598125,0,1
2023-08-13,DMA_115,43.49663273897361,0,0
2023-08-13,DMA_116,38.48917974774237,0,0
2023-08-13,DMA_117,24.891705040687626,0,0
2023-08-13,DMA_118,34.635971550700994,0,1
2023-08-13,DMA_119,34.12439875470321,0,1
2023-08-13,DMA_120,28.07460261226889,0,0
2023-08-13,DMA_121,40.870594262378155,0,0
2023-08-13,DMA_122,34.99636576706291,0,0
2023-08-13,DMA_123,40.323535838468345,0,1
2023-08-13,DMA_124,32.517910576079586,0,0
2023-08-13,DMA_125,38.44949591671993,0,0
2023-08-13,DMA_126,31.035935672340287,0,0
2023-08-13,DMA_127,25.395208612392018,0,1
2023-08-13,DMA_128,36.55540145339327,0,0
2023-08-13,DMA_129,34.128718748262315,0,0
2023-08-13,DMA_130,30.132313163613766,0,0
2023-08-13,DMA_131,31.647444578766695,0,0
2023-08-13,DMA_132,30.995312168761014,0,0
2023-08-13,DMA_133,34.98813558891775,0,0
2023-08-13,DMA_134,28.416311199904328,0,0
2023-08-13,DMA_135,32.06656318001906,0,0
2023-08-13,DMA_136,36.253816831722894,0,0
2023-08-13,DMA_137,48.86487575639023,0,0
2023-08-13,DMA_138,22.21310182448355,0,0
2023-08-13,DMA_139,45.17714941192666,0,0
2023-08-13,DMA_140,36.08201442575274,0,0
2023-08-13,DMA_141,45.404243783310385,0,0
2023-08-13,DMA_142,45.44775496165016,0,0
2023-08-13,DMA_143,46.101894914594,0,0
2023-08-13,DMA_144,27.45230308311894,0,0
2023-08-13,DMA_145,27.046772080335472,0,0
2023-08-13,DMA_146,38.2187599983872,0,0
2023-08-13,DMA_147,38.854690236504624,0,0
2023-08-13,DMA_148,31.924086348074518,0,0
2023-08-13,DMA_149,27.7249309756825,0,1
2023-08-13,DMA_150,30.430299411114934,0,0
2023-08-20,DMA_001,26.576762637971242,0,0
2023-08-20,DMA_002,37.228094960325286,0,0
2023-08-20,DMA_003,36.46125327860403,0,0
2023-08-20,DMA_004,38.05312114029946,0,0
2023-08-20,DMA_005,36.67299882754739,0,0
2023-08-20,DMA_006,36.83953506635393,0,0
2023-08-20,DMA_007,35.686249617650674,0,0
2023-08-20,DMA_008,34.14190459792169,0,0
2023-08-20,DMA_009,43.204487100701,0,0
2023-08-20,DMA_010,34.98640304034068,0,0
2023-08-20,DMA_011,40.204200469730935,0,0
2023-08-20,DMA_012,31.97170081856199,0,0
2023-08-20,DMA_013,30.69142006066253,0,0
2023-08-20,DMA_014,35.33671718109924,0,0
2023-08-20,DMA_015,36.55663579311559,0,0
2023-08-20,DMA_016,33.9623688161209,0,0
2023-08-20,DMA_017,33.18886980227163,0,0
2023-08-20,DMA_018,31.413041574971466,0,0
2023-08-20,DMA_019,43.48974399527234,0,0
2023-08-20,DMA_020,31.953968540718478,0,0
2023-08-20,DMA_021,37.57979447911684,0,0
2023-08-20,DMA_022,29.82614015115773,0,0
2023-08-20,DMA_023,35.12229736291575,0,0
2023-08-20,DMA_024,41.78410264826714,0,0
2023-08-20,DMA_025,39.244069768925506,0,0
2023-08-20,DMA_026,42.120195434479214,0,0
2023-08-20,DMA_027,37.4223126208504,0,0
2023-08-20,DMA_028,31.96000619136259,0,0
2023-08-20,DMA_029,40.290933088856626,0,0
2023-08-20,DMA_030,26.895666533582524,0,0
2023-08-20,DMA_031,44.35078556843999,0,0
2023-08-20,DMA_032,26.09014296821358,0,0
2023-08-20,DMA_033,38.376576519391364,0,1
2023-08-20,DMA_034,34.75557409669002,0,0
2023-08-20,DMA_035,40.77235704809368,0,0
2023-08-20,DMA_036,39.81660323203895,0,1
2023-08-20,DMA_037,31.198029241526022,0,0
2023-08-20,DMA_038,32.296648408623845,0,0
2023-08-20,DMA_039,36.25671774628696,0,1
2023-08-20,DMA_040,35.48445019750127,0,0
2023-08-20,DMA_041,44.98524737632316,0,0
2023-08-20,DMA_042,29.7468785662086,0,1
2023-08-20,DMA_043,35.76255005857528,0,0
2023-08-20,DMA_044,32.82738825308202,0,0
2023-08-20,DMA_045,33.85816049812806,0,0
2023-08-20,DMA_046,40.11793316092522,0,0
2023-08-20,DMA_047,40.748855607015166,0,0
2023-08-20,DMA_048,38.66586538371207,0,0
2023-08-20,DMA_049,36.62838077305989,0,0
2023-08-20,DMA_050,40.266334468721,0,0
2023-08-20,DMA_051,39.966247506675245,0,0
2023-08-20,DMA_052,28.171657438138325,0,0
2023-08-20,DMA_053,27.805814520129907,0,0
2023-08-20,DMA_054,37.65035793360806,0,0
2023-08-20,DMA_055,29.88619947019907,0,0
2023-08-20,DMA_056,35.94467766335051,0,0
2023-08-20,DMA_057,39.34116474233827,0,0
2023-08-20,DMA_058,28.827363501025182,0,0
2023-08-20,DMA_059,42.02201971393511,0,0
2023-08-20,DMA_060,24.989150356873637,0,0
2023-08-20,DMA_061,30.56718395616393,0,1
2023-08-20,DMA_062,43.00067573089918,0,0
2023-08-20,DMA_063,30.420643833818986,0,0
2023-08-20,DMA_064,33.388908637456026,0,0
2023-08-20,DMA_065,48.66870444246003,0,0
2023-08-20,DMA_066,35.6692823733411,0,0
2023-08-20,DMA_067,35.800120546066225,0,0
2023-08-20,DMA_068,39.48107909029691,0,0
2023-08-20,DMA_069,34.03947834944488,0,0
2023-08-20,DMA_070,37.31037361589719,0,0
2023-08-20,DMA_071,36.174064989782,0,0
2023-08-20,DMA_072,37.99444383749525,0,0
2023-08-20,DMA_073,39.366019282667516,0,0
2023-08-20,DMA_074,32.261876617913856,0,1
2023-08-20,DMA_075,43.92582410081297,0,0
2023-08-20,DMA_076,34.081382844450516,0,0
2023-08-20,DMA_077,36.248487400633856,0,0
2023-08-20,DMA_078,32.25708165292114,0,1
2023-08-20,DMA_079,32.13841354133261,0,0
2023-08-20,DMA_080,26.550884595497134,0,0
2023-08-20,DMA_081,32.577451854258676,0,0
2023-08-20,DMA_082,43.04510299720061,0,0
2023-08-20,DMA_083,37.17097970801744,0,0
2023-08-20,DMA_084,35.664319177944684,0,0
2023-08-20,DMA_085,22.719259144328376,0,1
2023-08-20,DMA_086,29.592853813910633,0,0
2023-08-20,DMA_087,27.8020533757868,0,0
2023-08-20,DMA_088,34.690695970732406,0,0
2023-08-20,DMA_089,41.07243409614614,0,0
2023-08-20,DMA_090,38.738782589430194,0,0
2023-08-20,DMA_091,31.099746726547075,0,0
2023-08-20,DMA_092,27.34681091271027,0,0
2023-08-20,DMA_093,35.345763438573385,0,0
2023-08-20,DMA_094,33.22511893889572,0,0
2023-08-20,DMA_095,39.21410952010069,0,0
2023-08-20,DMA_096,27.81776179380394,0,0
2023-08-20,DMA_097,41.65407334964458,0,0
2023-08-20,DMA_098,30.582654536618023,0,0
2023-08-20,DMA_099,34.664900239486165,0,0
2023-08-20,DMA_100,30.124631752084625,0,0
2023-08-20,DMA_101,42.167712509945794,0,0
2023-08-20,DMA_102,27.43439813452082,0,0
2023-08-20,DMA_103,43.4100108150072,0,0
2023-08-20,DMA_104,42.458352336561084,0,0
2023-08-20,DMA_105,34.78501529853614,0,0
2023-08-20,DMA_106,29.397606263623224,0,0
2023-08-20,DMA_107,38.34188874798066,0,0
2023-08-20,DMA_108,41.808113859826925,0,0
2023-08-20,DMA_109,33.28473169030383,0,0
2023-08-20,DMA_110,31.864466157538804,0,1
2023-08-20,DMA_111,39.79510406800778,0,0
2023-08-20,DMA_112,37.70625034415646,0,1
2023-08-20,DMA_113,33.255675151265386,0,0
2023-08-20,DMA_114,26.124464842513643,0,0
2023-08-20,DMA_115,43.362940261851,0,0
2023-08-20,DMA_116,37.72001900148022,0,0
2023-08-20,DMA_117,31.111080682065655,0,0
2023-08-20,DMA_118,35.80068965246828,0,0
2023-08-20,DMA_119,29.410669771457513,0,0
2023-08-20,DMA_120,47.24056343864841,0,0
2023-08-20,DMA_121,45.5666086497215,0,0
2023-08-20,DMA_122,43.399781963345355,0,0
2023-08-20,DMA_123,30.00903364992572,0,0
2023-08-20,DMA_124,45.38790174494636,0,1
2023-08-20,DMA_125,36.51123484843289,0,0
2023-08-20,DMA_126,25.783591905683426,0,0
2023-08-20,DMA_127,45.984687542722085,0,0
2023-08-20,DMA_128,20.72214370543727,0,0
2023-08-20,DMA_129,31.0979696590825,0,0
2023-08-20,DMA_130,41.899379084941515,0,0
2023-08-20,DMA_131,37.352200767420456,0,0
2023-08-20,DMA_132,32.457187991975346,0,0
2023-08-20,DMA_133,40.871644541220476,0,0
2023-08-20,DMA_134,38.10618211646759,0,0
2023-08-20,DMA_135,39.16692216992642,0,0
2023-08-20,DMA_136,39.060665983052246,0,0
2023-08-20,DMA_137,36.52380989889879,0,0
2023-08-20,DMA_138,41.24743416081126,0,0
2023-08-20,DMA_139,29.632300278339407,0,1
2023-08-20,DMA_140,40.252786612415015,0,1
2023-08-20,DMA_141,48.20245667446284,0,0
2023-08-20,DMA_142,32.67780801563441,0,0
2023-08-20,DMA_143,44.053706063443094,0,0
2023-08-20,DMA_144,41.243771776312926,0,0
2023-08-20,DMA_145,41.18123860913102,0,0
2023-08-20,DMA_146,45.46834008854789,0,0
2023-08-20,DMA_147,27.143232417640746,0,0
2023-08-20,DMA_148,40.017372138110545,0,0
2023-08-20,DMA_149,38.54912747369407,0,1
2023-08-20,DMA_150,35.98618176535835,0,0
2023-08-27,DMA_001,49.673284682942004,0,0
2023-08-27,DMA_002,27.410351081270328,0,0
2023-08-27,DMA_003,34.99760892236304,0,0
2023-08-27,DMA_004,37.89938165739017,0,0
2023-08-27,DMA_005,37.97417601331076,0,0
2023-08-27,DMA_006,36.425286637006096,0,0
2023-08-27,DMA_007,34.02319147786952,0,0
2023-08-27,DMA_008,41.99331178063529,0,0
2023-08-27,DMA_009,34.04313739183595,0,0
2023-08-27,DMA_010,42.85509271811479,0,0
2023-08-27,DMA_011,40.157213621675815,0,1
2023-08-27,DMA_012,40.1823956755751,0,0
2023-08-27,DMA_013,40.99001310554018,0,0
2023-08-27,DMA_014,40.99215265940344,0,0
2023-08-27,DMA_015,37.38161361584619,0,0
2023-08-27,DMA_016,45.95908744953578,0,0
2023-08-27,DMA_017,43.44747711336136,0,0
2023-08-27,DMA_018,42.793241992532074,0,0
2023-08-27,DMA_019,44.15006745828712,0,0
2023-08-27,DMA_020,32.484512859207115,0,0
2023-08-27,DMA_021,39.59948889189563,0,0
2023-08-27,DMA_022,42.15581992182153,0,0
2023-08-27,DMA_023,37.747054783406746,0,1
2023-08-27,DMA_024,22.837710335624013,0,0
2023-08-27,DMA_025,39.94673103463557,0,0
2023-08-27,DMA_026,40.73744240021597,0,0
2023-08-27,DMA_027,54.48076099945251,0,0
2023-08-27,DMA_028,43.971678687889444,0,0
2023-08-27,DMA_029,29.32551826598965,0,0
2023-08-27,DMA_030,18.607264535589948,0,0
2023-08-27,DMA_031,38.65006660482543,0,0
2023-08-27,DMA_032,27.835274753351875,0,0
2023-08-27,DMA_033,36.424193395638696,0,0
2023-08-27,DMA_034,39.11586737201882,0,0
2023-08-27,DMA_035,49.39499123319531,0,0
2023-08-27,DMA_036,40.942956900383265,0,1
2023-08-27,DMA_037,38.03788001197935,0,0
2023-08-27,DMA_038,34.69399949286999,0,0
2023-08-27,DMA_039,28.01755757177347,0,0
2023-08-27,DMA_040,34.04719933907769,0,0
2023-08-27,DMA_041,34.20369221187379,0,0
2023-08-27,DMA_042,32.76844699199099,0,0
2023-08-27,DMA_043,44.47013551943942,0,0
2023-08-27,DMA_044,39.48865437201548,0,0
2023-08-27,DMA_045,38.50569455492462,0,0
2023-08-27,DMA_046,41.07636578479753,0,0
2023-08-27,DMA_047,32.52330490296024,0,0
2023-08-27,DMA_048,33.09803596342687,0,0
2023-08-27,DMA_049,36.767752687260604,0,0
2023-08-27,DMA_050,39.87081501302925,0,0
2023-08-27,DMA_051,29.706402629141806,0,1
2023-08-27,DMA_052,31.014742845880413,0,0
2023-08-27,DMA_053,27.750522553969112,0,0
2023-08-27,DMA_054,41.41054408224754,0,0
2023-08-27,DMA_055,44.193762181376165,0,0
2023-08-27,DMA_056,32.6631058207741,0,0
2023-08-27,DMA_057,31.98804327629822,0,0
2023-08-27,DMA_058,37.19474010411026,0,0
2023-08-27,DMA_059,31.31681588931338,0,0
2023-08-27,DMA_060,31.502318669477575,0,0
2023-08-27,DMA_061,45.31241366106169,0,0
2023-08-27,DMA_062,42.478267467825475,0,0
2023-08-27,DMA_063,42.37331442015264,0,0
2023-08-27,DMA_064,34.74357588821046,0,1
2023-08-27,DMA_065,37.79556505499513,0,0
2023-08-27,DMA_066,44.614233362315666,0,0
2023-08-27,DMA_067,38.92130676833113,0,0
2023-08-27,DMA_068,32.68862147491071,0,0
2023-08-27,DMA_069,45.269125539033496,0,0
2023-08-27,DMA_070,43.65514324039861,0,0
2023-08-27,DMA_071,37.23537110817528,0,0
2023-08-27,DMA_072,50.1886749118017,0,0
2023-08-27,DMA_073,32.690573574750395,0,0
2023-08-27,DMA_074,46.37747276795302,0,0
2023-08-27,DMA_075,43.978412627406534,0,0
2023-08-27,DMA_076,45.977441831611394,0,0
2023-08-27,DMA_077,43.630514923984734,0,0
2023-08-27,DMA_078,38.38057741968324,0,0
2023-08-27,DMA_079,51.07363942023408,0,0
2023-08-27,DMA_080,31.424225501366546,0,0
2023-08-27,DMA_081,35.66448844958625,0,0
2023-08-27,DMA_082,27.743587739800592,0,0
2023-08-27,DMA_083,40.79418722506397,0,0
2023-08-27,DMA_084,32.504375653740055,0,1
2023-08-27,DMA_085,43.97658067150533,0,0
2023-08-27,DMA_086,35.967432289091924,0,0
2023-08-27,DMA_087,42.95560901939631,0,0
2023-08-27,DMA_088,40.845225902620406,0,0
2023-08-27,DMA_089,32.956146015454,0,0
2023-08-27,DMA_090,31.02732216288102,0,0
2023-08-27,DMA_091,42.91728457149934,0,0
2023-08-27,DMA_092,43.80949506642364,0,0
2023-08-27,DMA_093,34.774128161745146,0,0
2023-08-27,DMA_094,42.94990163295559,0,0
2023-08-27,DMA_095,45.12410416491201,0,0
2023-08-27,DMA_096,44.155046976828466,0,0
2023-08-27,DMA_097,35.95792841090646,0,0
2023-08-27,DMA_098,35.1932912936315,0,0
2023-08-27,DMA_099,32.75959956383868,0,0
2023-08-27,DMA_100,36.60432215242835,0,0
2023-08-27,DMA_101,43.08824428165793,0,0
2023-08-27,DMA_102,43.948947138030306,0,0
2023-08-27,DMA_103,43.63589350780542,0,0
2023-08-27,DMA_104,41.60340335256416,0,0
2023-08-27,DMA_105,46.692943697997634,0,0
2023-08-27,DMA_106,39.62488675784987,0,0
2023-08-27,DMA_107,41.659521137220416,0,0
2023-08-27,DMA_108,41.687885984201976,0,0
2023-08-27,DMA_109,29.741463578499296,0,0
2023-08-27,DMA_110,32.132628596116824,0,1
2023-08-27,DMA_111,24.99088118268282,0,0
2023-08-27,DMA_112,40.97691343557486,0,0
2023-08-27,DMA_113,40.481993558040365,0,0
2023-08-27,DMA_114,35.750680851382924,0,0
2023-08-27,DMA_115,47.258146050922335,0,0
2023-08-27,DMA_116,39.90915077800209,0,0
2023-08-27,DMA_117,40.60059280110377,0,0
2023-08-27,DMA_118,43.100055402766124,0,0
2023-08-27,DMA_119,37.673703960140934,0,0
2023-08-27,DMA_120,35.39413809726933,0,0
2023-08-27,DMA_121,40.86825541570498,0,0
2023-08-27,DMA_122,34.26864183753639,0,0
2023-08-27,DMA_123,35.824018871326004,0,0
2023-08-27,DMA_124,31.112649089936276,0,0
2023-08-27,DMA_125,38.484072967936655,0,0
2023-08-27,DMA_126,47.90527525454944,0,0
2023-08-27,DMA_127,35.083686586758304,0,0
2023-08-27,DMA_128,38.63283395512683,0,0
2023-08-27,DMA_129,32.835156546222066,0,1
2023-08-27,DMA_130,45.01874983055684,0,0
2023-08-27,DMA_131,23.833862323507546,0,0
2023-08-27,DMA_132,56.24603362154832,0,0
2023-08-27,DMA_133,44.85346025237117,0,0
2023-08-27,DMA_134,38.40463206763345,0,0
2023-08-27,DMA_135,37.90681897281573,0,0
2023-08-27,DMA_136,35.78592411729097,0,0
2023-08-27,DMA_137,40.73956534758676,0,0
2023-08-27,DMA_138,31.99826600775003,0,0
2023-08-27,DMA_139,37.95278148812055,0,0
2023-08-27,DMA_140,39.261815086408134,0,0
2023-08-27,DMA_141,38.87056156879784,0,0
2023-08-27,DMA_142,44.122708139539824,0,0
2023-08-27,DMA_143,45.11806740190131,0,0
2023-08-27,DMA_144,39.68816470629537,0,0
2023-08-27,DMA_145,45.61240113167874,0,1
2023-08-27,DMA_146,42.1209624340636,0,1
2023-08-27,DMA_147,39.4582617658271,0,0
2023-08-27,DMA_148,36.415535159886666,0,0
2023-08-27,DMA_149,37.69730559086394,0,0
2023-08-27,DMA_150,29.86262893358085,0,0
2023-09-03,DMA_001,41.16207355516938,0,0
2023-09-03,DMA_002,34.05851581373336,0,0
2023-09-03,DMA_003,43.1131397970724,0,0
2023-09-03,DMA_004,35.35547663268403,0,0
2023-09-03,DMA_005,39.950273889386715,0,0
2023-09-03,DMA_006,38.20216268506351,0,0
2023-09-03,DMA_007,38.35056335248122,0,0
2023-09-03,DMA_008,38.3603387664794,0,0
2023-09-03,DMA_009,40.04290118848842,0,1
2023-09-03,DMA_010,47.46523849519574,0,0
2023-09-03,DMA_011,43.81981148582696,0,0
2023-09-03,DMA_012,34.196584478220416,0,0
2023-09-03,DMA_013,52.538490616960146,0,0
2023-09-03,DMA_014,41.56353133765181,0,0
2023-09-03,DMA_015,38.52832917021737,0,0
2023-09-03,DMA_016,39.5926248796333,0,0
2023-09-03,DMA_017,36.80767115081742,0,0
2023-09-03,DMA_018,41.61064452531257,0,0
2023-09-03,DMA_019,36.73937860913128,0,0
2023-09-03,DMA_020,47.03660890051304,0,0
2023-09-03,DMA_021,35.32638944999808,0,1
2023-09-03,DMA_022,42.37279561568612,0,1
2023-09-03,DMA_023,37.20957550103677,0,1
2023-09-03,DMA_024,42.0487361372493,0,0
2023-09-03,DMA_025,39.65372226071347,0,0
2023-09-03,DMA_026,41.01800832177197,0,0
2023-09-03,DMA_027,46.21366492552622,0,0
2023-09-03,DMA_028,39.350097302765754,0,1
2023-09-03,DMA_029,42.47464786886261,0,0
2023-09-03,DMA_030,47.75236518565628,0,0
2023-09-03,DMA_031,40.43673351662868,0,0
2023-09-03,DMA_032,41.9493566434505,0,0
2023-09-03,DMA_033,36.7788443230128,0,0
2023-09-03,DMA_034,26.98204312723753,0,1
2023-09-03,DMA_035,38.93858999881262,0,0
2023-09-03,DMA_036,35.85039424457232,0,0
2023-09-03,DMA_037,47.57509311331745,0,1
2023-09-03,DMA_038,41.47275526686528,0,1
2023-09-03,DMA_039,41.53557482890926,0,0
2023-09-03,DMA_040,44.833612903610764,0,0
2023-09-03,DMA_041,41.70747885180213,0,0
2023-09-03,DMA_042,36.407626675035225,0,0
2023-09-03,DMA_043,43.6886358887862,0,0
2023-09-03,DMA_044,46.62661210908245,0,0
2023-09-03,DMA_045,44.38287221796166,0,0
2023-09-03,DMA_046,33.588727133779216,0,1
2023-09-03,DMA_047,39.48184615438685,0,0
2023-09-03,DMA_048,44.41033588233306,0,0
2023-09-03,DMA_049,38.55236098942398,0,0
2023-09-03,DMA_050,31.676855198295105,0,0
2023-09-03,DMA_051,27.979278290330903,0,0
2023-09-03,DMA_052,34.86751572545358,0,0
2023-09-03,DMA_053,38.28410761105676,0,0
2023-09-03,DMA_054,47.36497070069419,0,0
2023-09-03,DMA_055,38.20042350888157,0,0
2023-09-03,DMA_056,32.00424415596592,0,0
2023-09-03,DMA_057,35.67123098686686,0,0
2023-09-03,DMA_058,38.29074503114275,0,0
2023-09-03,DMA_059,35.30921010933507,0,0
2023-09-03,DMA_060,41.663097479740166,0,0
2023-09-03,DMA_061,34.36961103279944,0,0
2023-09-03,DMA_062,37.53492711603865,0,0
2023-09-03,DMA_063,48.266289396083664,0,0
2023-09-03,DMA_064,39.66673180325773,0,1
2023-09-03,DMA_065,54.88610894743834,0,0
2023-09-03,DMA_066,35.383055832616975,0,0
2023-09-03,DMA_067,47.877329787539686,0,0
2023-09-03,DMA_068,38.61772227000664,0,0
2023-09-03,DMA_069,39.42364904642072,0,0
2023-09-03,DMA_070,47.48711195762907,0,0
2023-09-03,DMA_071,44.29345110718981,0,0
2023-09-03,DMA_072,33.19952331400408,0,0
2023-09-03,DMA_073,38.477281541105626,0,0
2023-09-03,DMA_074,42.77883101318984,0,0
2023-09-03,DMA_075,37.76798845968682,0,1
2023-09-03,DMA_076,39.704928146666205,0,0
2023-09-03,DMA_077,39.88771128117475,0,0
2023-09-03,DMA_078,39.90962902470062,0,1
2023-09-03,DMA_079,42.29768643938488,0,0
2023-09-03,DMA_080,40.46219540322334,0,0
2023-09-03,DMA_081,34.134477585100676,0,1
2023-09-03,DMA_082,43.57653612070319,0,0
2023-09-03,DMA_083,36.59324315348527,0,0
2023-09-03,DMA_084,38.46011447702952,0,0
2023-09-03,DMA_085,42.63138111142289,0,0
2023-09-03,DMA_086,37.66057861110176,0,0
2023-09-03,DMA_087,42.51423697630019,0,0
2023-09-03,DMA_088,34.716313584664704,0,0
2023-09-03,DMA_089,39.020130553461605,0,1
2023-09-03,DMA_090,39.64250894137791,0,0
2023-09-03,DMA_091,36.98685318829273,0,0
2023-09-03,DMA_092,47.24976562022505,0,0
2023-09-03,DMA_093,39.85342912937342,0,0
2023-09-03,DMA_094,27.443243484416207,0,0
2023-09-03,DMA_095,37.7446891258617,0,0
2023-09-03,DMA_096,41.10869651539127,0,0
2023-09-03,DMA_097,32.76873672948627,0,0
2023-09-03,DMA_098,34.929124648984974,0,0
2023-09-03,DMA_099,40.279774106206254,0,0
2023-09-03,DMA_100,39.441256605319495,0,0
2023-09-03,DMA_101,38.47850466106433,0,0
2023-09-03,DMA_102,50.25713890024403,0,0
2023-09-03,DMA_103,35.55639500492084,0,0
2023-09-03,DMA_104,48.96163142245468,0,0
2023-09-03,DMA_105,46.64547083464304,0,0
2023-09-03,DMA_106,41.49509437773066,0,0
2023-09-03,DMA_107,34.23747934693834,0,0
2023-09-03,DMA_108,43.79699286791007,0,0
2023-09-03,DMA_109,35.81034803103363,0,0
2023-09-03,DMA_110,52.11971242779755,0,1
2023-09-03,DMA_111,41.98678781312991,0,0
2023-09-03,DMA_112,43.764472280765574,0,0
2023-09-03,DMA_113,42.75238869018905,0,0
2023-09-03,DMA_114,42.95613885507584,0,0
2023-09-03,DMA_115,50.82984099458412,0,0
2023-09-03,DMA_116,35.644460210996485,0,0
2023-09-03,DMA_117,34.98486194540587,0,0
2023-09-03,DMA_118,44.76321036189054,0,0
2023-09-03,DMA_119,47.44599560205108,0,0
2023-09-03,DMA_120,41.09030133459009,0,1
2023-09-03,DMA_121,37.816381965470676,0,0
2023-09-03,DMA_122,38.77306936467261,0,0
2023-09-03,DMA_123,43.25928877269245,0,1
2023-09-03,DMA_124,46.164801545588986,0,0
2023-09-03,DMA_125,34.88896529702391,0,0
2023-09-03,DMA_126,36.91976279758147,0,0
2023-09-03,DMA_127,36.17068252795067,0,0
2023-09-03,DMA_128,38.99888607525458,0,0
2023-09-03,DMA_129,35.64873823826937,0,0
2023-09-03,DMA_130,42.26770169506978,0,1
2023-09-03,DMA_131,33.89882944947817,0,0
2023-09-03,DMA_132,31.134640845569432,0,0
2023-09-03,DMA_133,29.958053037055798,0,1
2023-09-03,DMA_134,39.03515523334249,0,0
2023-09-03,DMA_135,36.27902112334711,0,0
2023-09-03,DMA_136,34.945243569618675,0,0
2023-09-03,DMA_137,39.36288060967802,0,0
2023-09-03,DMA_138,37.89388815654748,0,0
2023-09-03,DMA_139,39.66790843076451,0,0
2023-09-03,DMA_140,49.16346850742392,0,0
2023-09-03,DMA_141,47.61721560831664,0,0
2023-09-03,DMA_142,47.17493065752751,0,1
2023-09-03,DMA_143,48.33443497668398,0,0
2023-09-03,DMA_144,42.04474439282751,0,0
2023-09-03,DMA_145,31.442200687057543,0,0
2023-09-03,DMA_146,44.01657509158181,0,1
2023-09-03,DMA_147,30.994255050910805,0,0
2023-09-03,DMA_148,50.24625965042678,0,0
2023-09-03,DMA_149,48.04745146966517,0,0
2023-09-03,DMA_150,36.79979074754616,0,0
2023-09-10,DMA_001,40.622528582553855,0,0
2023-09-10,DMA_002,48.05856366983984,0,1
2023-09-10,DMA_003,45.33045667974688,0,0
2023-09-10,DMA_004,41.65962380647992,0,0
2023-09-10,DMA_005,42.673104575813845,0,0
2023-09-10,DMA_006,41.84713237534208,0,0
2023-09-10,DMA_007,38.936917232557136,0,0
2023-09-10,DMA_008,38.283925616825854,0,0
2023-09-10,DMA_009,38.00303468220602,0,1
2023-09-10,DMA_010,41.439729692154444,0,0
2023-09-10,DMA_011,34.72405052792783,0,0
2023-09-10,DMA_012,48.19824414532524,0,0
2023-09-10,DMA_013,38.51244194730024,0,0
2023-09-10,DMA_014,38.61144851594534,0,0
2023-09-10,DMA_015,45.61579677787575,0,0
2023-09-10,DMA_016,45.44385414841735,0,0
2023-09-10,DMA_017,47.92758352387863,0,0
2023-09-10,DMA_018,44.48084325801669,0,0
2023-09-10,DMA_019,46.78945960594244,0,0
2023-09-10,DMA_020,37.71352368728772,0,0
2023-09-10,DMA_021,43.70982398838511,0,0
2023-09-10,DMA_022,43.74393607627999,0,0
2023-09-10,DMA_023,38.15765280607006,0,0
2023-09-10,DMA_024,41.5701743322295,0,0
2023-09-10,DMA_025,49.457344011422386,0,0
2023-09-10,DMA_026,49.19511582992317,0,0
2023-09-10,DMA_027,45.20210771829549,0,0
2023-09-10,DMA_028,48.77151502886127,0,0
2023-09-10,DMA_029,46.382065246379405,0,0
2023-09-10,DMA_030,52.7536911186815,0,0
2023-09-10,DMA_031,48.96042550457365,0,0
2023-09-10,DMA_032,45.445854303008296,0,0
2023-09-10,DMA_033,36.05625260573458,0,0
2023-09-10,DMA_034,38.04067012981964,0,0
2023-09-10,DMA_035,41.26952377652701,0,0
2023-09-10,DMA_036,43.18888488295697,0,0
2023-09-10,DMA_037,34.20500072053278,0,0
2023-09-10,DMA_038,39.26017749863257,0,0
2023-09-10,DMA_039,43.961380158952664,0,0
2023-09-10,DMA_040,47.13448299427334,0,0
2023-09-10,DMA_041,48.03988518999709,0,0
2023-09-10,DMA_042,39.16687018348725,0,0
2023-09-10,DMA_043,39.54680401545854,0,1
2023-09-10,DMA_044,47.845938326974796,0,0
2023-09-10,DMA_045,49.10281279547985,0,1
2023-09-10,DMA_046,30.813444898704642,0,0
2023-09-10,DMA_047,40.91128399975899,0,0
2023-09-10,DMA_048,45.61306187893798,0,1
2023-09-10,DMA_049,43.15826217202619,0,0
2023-09-10,DMA_050,45.831542446466,0,0
2023-09-10,DMA_051,42.770857619380315,0,1
2023-09-10,DMA_052,40.51995677630639,0,0
2023-09-10,DMA_053,40.12940611158796,0,0
2023-09-10,DMA_054,43.808998560514866,0,0
2023-09-10,DMA_055,33.63408739220551,0,0
2023-09-10,DMA_056,42.32045514252967,0,0
2023-09-10,DMA_057,55.072452309862726,0,1
2023-09-10,DMA_058,53.105093181078445,0,0
2023-09-10,DMA_059,38.08784940592903,0,0
2023-09-10,DMA_060,27.626066076566953,0,0
2023-09-10,DMA_061,39.25468995647078,0,0
2023-09-10,DMA_062,41.493720848295446,0,1
2023-09-10,DMA_063,54.984513694059345,0,0
2023-09-10,DMA_064,46.1020015206197,0,0
2023-09-10,DMA_065,45.21462253683119,0,0
2023-09-10,DMA_066,37.70023568174761,0,0
2023-09-10,DMA_067,53.23755943141157,0,0
2023-09-10,DMA_068,55.03698263230785,0,0
2023-09-10,DMA_069,48.90921919360529,0,0
2023-09-10,DMA_070,39.16226349285647,0,1
2023-09-10,DMA_071,54.96741071096345,0,0
2023-09-10,DMA_072,40.93276829884269,0,0
2023-09-10,DMA_073,39.84494189081642,0,1
2023-09-10,DMA_074,50.053069455023646,0,0
2023-09-10,DMA_075,47.429188472219735,0,0
2023-09-10,DMA_076,37.506585776386075,0,0
2023-09-10,DMA_077,46.607931743266505,0,0
2023-09-10,DMA_078,55.55129392702655,0,0
2023-09-10,DMA_079,46.08021864978848,0,0
2023-09-10,DMA_080,33.47660256182623,0,0
2023-09-10,DMA_081,43.991749339740174,0,0
2023-09-10,DMA_082,41.26066371862799,0,0
2023-09-10,DMA_083,42.53374832255331,0,1
2023-09-10,DMA_084,47.37378392030219,0,0
2023-09-10,DMA_085,49.56592965601228,0,0
2023-09-10,DMA_086,48.91629004237317,0,0
2023-09-10,DMA_087,41.50950605871259,0,0
2023-09-10,DMA_088,29.909097756481373,0,1
2023-09-10,DMA_089,40.39538369570042,0,0
2023-09-10,DMA_090,38.860765153758024,0,0
2023-09-10,DMA_091,35.88580705200994,0,0
2023-09-10,DMA_092,49.681505579353725,0,0
2023-09-10,DMA_093,44.02488914241396,0,1
2023-09-10,DMA_094,38.63241550093467,0,0
2023-09-10,DMA_095,56.05227892776135,0,0
2023-09-10,DMA_096,49.387672663805766,0,0
2023-09-10,DMA_097,35.445457095021645,0,0
2023-09-10,DMA_098,39.43415520603618,0,0
2023-09-10,DMA_099,42.47538160090575,0,0
2023-09-10,DMA_100,42.295317335919115,0,0
2023-09-10,DMA_101,35.04495413492281,0,0
2023-09-10,DMA_102,46.781700984946,0,0
2023-09-10,DMA_103,49.20179577903454,0,0
2023-09-10,DMA_104,33.755231501777345,0,0
2023-09-10,DMA_105,43.746148035773146,0,0
2023-09-10,DMA_106,38.20457931213724,0,1
2023-09-10,DMA_107,52.23266308884265,0,0
2023-09-10,DMA_108,33.2427054538094,0,0
2023-09-10,DMA_109,37.68406340516883,0,0
2023-09-10,DMA_110,54.69938123338919,0,0
2023-09-10,DMA_111,40.23888125401668,0,0
2023-09-10,DMA_112,42.692354716568154,0,0
2023-09-10,DMA_113,40.75363922040646,0,0
2023-09-10,DMA_114,42.07280486140729,0,0
2023-09-10,DMA_115,41.7186832026952,0,0
2023-09-10,DMA_116,47.469744571035584,0,1
2023-09-10,DMA_117,40.82064780677358,0,0
2023-09-10,DMA_118,46.36996318095172,0,0
2023-09-10,DMA_119,50.20931797341696,0,0
2023-09-10,DMA_120,50.448180294921166,0,0
2023-09-10,DMA_121,50.77311872161545,0,0
2023-09-10,DMA_122,30.117117184468025,0,0
2023-09-10,DMA_123,39.22926414598823,0,0
2023-09-10,DMA_124,40.42908409624198,0,0
2023-09-10,DMA_125,35.88587860162568,0,0
2023-09-10,DMA_126,40.602084150550574,0,0
2023-09-10,DMA_127,48.55902056958046,0,0
2023-09-10,DMA_128,47.094045236431114,0,0
2023-09-10,DMA_129,41.20468788393469,0,0
2023-09-10,DMA_130,33.603809037432555,0,0
2023-09-10,DMA_131,43.231463790704964,0,0
2023-09-10,DMA_132,46.426878043629365,0,0
2023-09-10,DMA_133,49.880973705966,0,1
2023-09-10,DMA_134,32.95355466578413,0,0
2023-09-10,DMA_135,43.52451001330582,0,1
2023-09-10,DMA_136,47.37135202214438,0,0
2023-09-10,DMA_137,40.545317483811715,0,0
2023-09-10,DMA_138,32.316731585344215,0,0
2023-09-10,DMA_139,39.07741276864532,0,0
2023-09-10,DMA_140,40.81309925750892,0,0
2023-09-10,DMA_141,52.24095769608246,0,0
2023-09-10,DMA_142,52.40345083942677,0,1
2023-09-10,DMA_143,44.67551789997984,0,0
2023-09-10,DMA_144,46.779573858689076,0,1
2023-09-10,DMA_145,48.76445169985554,0,0
2023-09-10,DMA_146,36.336051999407836,0,0
2023-09-10,DMA_147,44.96167666846091,0,0
2023-09-10,DMA_148,48.93085073071836,0,0
2023-09-10,DMA_149,39.749489693363806,0,0
2023-09-10,DMA_150,36.9694674776048,0,1
2023-09-17,DMA_001,49.595204588314516,0,0
2023-09-17,DMA_002,43.98212690312871,0,0
2023-09-17,DMA_003,46.03334341613303,0,0
2023-09-17,DMA_004,47.721759822426634,0,0
2023-09-17,DMA_005,38.254937895094315,0,0
2023-09-17,DMA_006,42.13997540711726,0,1
2023-09-17,DMA_007,52.050480849178086,0,0
2023-09-17,DMA_008,42.53443693168644,0,0
2023-09-17,DMA_009,44.45121197963334,0,0
2023-09-17,DMA_010,41.154907083992065,0,0
2023-09-17,DMA_011,41.88052847129016,0,0
2023-09-17,DMA_012,47.1772488206914,0,0
2023-09-17,DMA_013,44.912436100651114,0,1
2023-09-17,DMA_014,49.08785805889825,0,0
2023-09-17,DMA_015,49.831089251387255,0,0
2023-09-17,DMA_016,51.75936063349784,0,0
2023-09-17,DMA_017,47.93951384314636,0,0
2023-09-17,DMA_018,44.82465874497926,0,0
2023-09-17,DMA_019,43.804983955672185,0,0
2023-09-17,DMA_020,60.94056718812864,0,0
2023-09-17,DMA_021,46.207842731027284,0,0
2023-09-17,DMA_022,53.03805844947039,0,0
2023-09-17,DMA_023,57.511370131267384,0,0
2023-09-17,DMA_024,48.50919149238877,0,0
2023-09-17,DMA_025,31.937504776376105,0,0
2023-09-17,DMA_026,39.329265755607096,0,0
2023-09-17,DMA_027,49.04657832857733,0,0
2023-09-17,DMA_028,46.27834476927869,0,0
2023-09-17,DMA_029,47.17583374783053,0,0
2023-09-17,DMA_030,40.86329826946762,0,0
2023-09-17,DMA_031,47.58288068919101,0,0
2023-09-17,DMA_032,50.085806044788626,0,0
2023-09-17,DMA_033,47.82117881557268,0,0
2023-09-17,DMA_034,39.91330746980488,0,0
2023-09-17,DMA_035,39.004260158662426,0,0
2023-09-17,DMA_036,44.62086783457212,0,0
2023-09-17,DMA_037,46.73785871060967,0,0
2023-09-17,DMA_038,61.862890302569156,0,0
2023-09-17,DMA_039,51.81597393913681,0,0
2023-09-17,DMA_040,47.0151916857345,0,0
2023-09-17,DMA_041,34.02079679710145,0,0
2023-09-17,DMA_042,38.67322809784183,0,0
2023-09-17,DMA_043,38.12573452639679,0,0
2023-09-17,DMA_044,56.098057302747975,0,1
2023-09-17,DMA_045,53.41791547002612,0,0
2023-09-17,DMA_046,38.997026119456066,0,0
2023-09-17,DMA_047,41.254619181625124,0,0
2023-09-17,DMA_048,52.39650528087514,0,0
2023-09-17,DMA_049,56.01473509628131,0,1
2023-09-17,DMA_050,54.81592897406631,0,0
2023-09-17,DMA_051,47.10172690855682,0,0
2023-09-17,DMA_052,37.7108476792441,0,0
2023-09-17,DMA_053,42.09950157587397,0,0
2023-09-17,DMA_054,43.38606433888166,0,0
2023-09-17,DMA_055,43.35291741865688,0,0
2023-09-17,DMA_056,44.723674623123145,0,0
2023-09-17,DMA_057,46.98751376892127,0,0
2023-09-17,DMA_058,51.84914562167444,0,0
2023-09-17,DMA_059,39.495454935866164,0,0
2023-09-17,DMA_060,55.004849386785985,0,0
2023-09-17,DMA_061,35.25612903790221,0,0
2023-09-17,DMA_062,36.96406292871746,0,1
2023-09-17,DMA_063,45.4068236484326,0,0
2023-09-17,DMA_064,52.4982757271713,0,0
2023-09-17,DMA_065,47.106351454875785,0,0
2023-09-17,DMA_066,48.85141579999021,0,0
2023-09-17,DMA_067,44.57808885748943,0,0
2023-09-17,DMA_068,40.56561841673444,0,0
2023-09-17,DMA_069,48.641286622958255,0,0
2023-09-17,DMA_070,38.32471178380928,0,0
2023-09-17,DMA_071,44.918281357652226,0,0
2023-09-17,DMA_072,51.821679180220904,0,0
2023-09-17,DMA_073,60.002534806683684,0,1
2023-09-17,DMA_074,44.93303452516856,0,1
2023-09-17,DMA_075,44.27196568851039,0,0
2023-09-17,DMA_076,43.34473648561479,0,0
2023-09-17,DMA_077,53.74786756682816,0,0
2023-09-17,DMA_078,52.85812785186987,0,0
2023-09-17,DMA_079,53.990641581240794,0,0
2023-09-17,DMA_080,43.751844674329554,0,0
2023-09-17,DMA_081,40.64401100857002,0,0
2023-09-17,DMA_082,54.612460133842106,0,0
2023-09-17,DMA_083,49.229129644785544,0,1
2023-09-17,DMA_084,47.43256241003902,0,0
2023-09-17,DMA_085,47.72472246861343,0,1
2023-09-17,DMA_086,44.012419944369945,0,0
2023-09-17,DMA_087,55.9316190456675,0,0
2023-09-17,DMA_088,58.19211367731003,0,0
2023-09-17,DMA_089,50.947868971192655,0,0
2023-09-17,DMA_090,43.928658319669566,0,0
2023-09-17,DMA_091,42.7270893459681,0,0
2023-09-17,DMA_092,37.51020245871135,0,0
2023-09-17,DMA_093,48.751454017334815,0,0
2023-09-17,DMA_094,45.97602151990046,0,0
2023-09-17,DMA_095,40.45029853762673,0,0
2023-09-17,DMA_096,43.913802686908745,0,1
2023-09-17,DMA_097,32.99044207428612,0,0
2023-09-17,DMA_098,47.901284018993465,0,0
2023-09-17,DMA_099,48.808159596488466,0,0
2023-09-17,DMA_100,42.4019720680066,0,0
2023-09-17,DMA_101,46.191592152755334,0,0
2023-09-17,DMA_102,61.26452318733479,0,0
2023-09-17,DMA_103,47.69343727082275,0,1
2023-09-17,DMA_104,53.46700241228492,0,0
2023-09-17,DMA_105,57.71775698452323,0,0
2023-09-17,DMA_106,53.785285707547345,0,0
2023-09-17,DMA_107,48.75281837659508,0,0
2023-09-17,DMA_108,51.77493849677494,0,0
2023-09-17,DMA_109,48.1141068534183,0,0
2023-09-17,DMA_110,52.569755982182244,0,0
2023-09-17,DMA_111,56.27401835900736,0,1
2023-09-17,DMA_112,47.64570626344978,0,1
2023-09-17,DMA_113,41.80985018088513,0,1
2023-09-17,DMA_114,52.954717163189926,0,0
2023-09-17,DMA_115,53.81576040306081,0,0
2023-09-17,DMA_116,42.72907418743327,0,0
2023-09-17,DMA_117,33.98636938445479,0,0
2023-09-17,DMA_118,49.66813669774058,0,0
2023-09-17,DMA_119,51.44890822090747,0,1
2023-09-17,DMA_120,35.002763749897134,0,0
2023-09-17,DMA_121,44.585459784819186,0,0
2023-09-17,DMA_122,55.3850469582361,0,0
2023-09-17,DMA_123,39.68110252754376,0,0
2023-09-17,DMA_124,55.607190735439495,0,0
2023-09-17,DMA_125,41.873136745812374,0,0
2023-09-17,DMA_126,55.60760942507929,0,0
2023-09-17,DMA_127,40.065452329601264,0,0
2023-09-17,DMA_128,35.94020596029795,0,0
2023-09-17,DMA_129,54.92436610429034,0,0
2023-09-17,DMA_130,56.37145862533039,0,0
2023-09-17,DMA_131,42.55484647070561,0,1
2023-09-17,DMA_132,49.83568068567758,0,0
2023-09-17,DMA_133,48.27360320624054,0,0
2023-09-17,DMA_134,37.96064665395656,0,0
2023-09-17,DMA_135,47.66940935073799,0,1
2023-09-17,DMA_136,47.48360215384654,0,0
2023-09-17,DMA_137,41.113164037512554,0,0
2023-09-17,DMA_138,39.91376725382459,0,0
2023-09-17,DMA_139,47.88735709016404,0,0
2023-09-17,DMA_140,37.46448861350663,0,0
2023-09-17,DMA_141,44.032248781832934,0,0
2023-09-17,DMA_142,40.51135970286004,0,1
2023-09-17,DMA_143,43.64771573521003,0,0
2023-09-17,DMA_144,40.738930056214244,0,0
2023-09-17,DMA_145,47.63645007935023,0,0
2023-09-17,DMA_146,50.6653585116583,0,1
2023-09-17,DMA_147,45.80672175722935,0,0
2023-09-17,DMA_148,42.707975883267935,0,0
2023-09-17,DMA_149,53.26126533850259,0,0
2023-09-17,DMA_150,48.814340026103395,0,0
2023-09-24,DMA_001,55.12911859875089,0,0
2023-09-24,DMA_002,46.554525222234545,0,0
2023-09-24,DMA_003,46.87233788751746,0,0
2023-09-24,DMA_004,59.79514099076961,0,0
2023-09-24,DMA_005,44.81192928354749,0,1
2023-09-24,DMA_006,41.83748318483802,0,0
2023-09-24,DMA_007,48.129609128137744,0,0
2023-09-24,DMA_008,57.45312560497424,0,1
2023-09-24,DMA_009,50.45791789782965,0,0
2023-09-24,DMA_010,46.3326030606563,0,0
2023-09-24,DMA_011,44.16222803591533,0,0
2023-09-24,DMA_012,53.83983355772184,0,0
2023-09-24,DMA_013,46.558087827382444,0,0
2023-09-24,DMA_014,46.09708419087934,0,0
2023-09-24,DMA_015,47.72200587300932,0,0
2023-09-24,DMA_016,46.941133422450115,0,1
2023-09-24,DMA_017,41.32398690723518,0,0
2023-09-24,DMA_018,56.89072543732991,0,0
2023-09-24,DMA_019,55.23088076971906,0,0
2023-09-24,DMA_020,55.13827781231659,0,0
2023-09-24,DMA_021,55.909295684275804,0,1
2023-09-24,DMA_022,46.3345509969269,0,0
2023-09-24,DMA_023,39.131318348796455,0,0
2023-09-24,DMA_024,43.959025769998036,0,0
2023-09-24,DMA_025,51.07886095690355,0,0
2023-09-24,DMA_026,50.103247679824264,0,0
2023-09-24,DMA_027,55.200084161729805,0,0
2023-09-24,DMA_028,47.936983013157466,0,0
2023-09-24,DMA_029,49.958578564184705,0,0
2023-09-24,DMA_030,47.30615588537519,0,1
2023-09-24,DMA_031,59.99247248547367,0,0
2023-09-24,DMA_032,50.60051149067701,0,0
2023-09-24,DMA_033,45.80242646292854,0,0
2023-09-24,DMA_034,48.73447642743111,0,0
2023-09-24,DMA_035,48.37054044960992,0,1
2023-09-24,DMA_036,43.76304312717192,0,0
2023-09-24,DMA_037,49.33969854343885,0,0
2023-09-24,DMA_038,48.75024838149496,0,0
2023-09-24,DMA_039,45.18688392491268,0,0
2023-09-24,DMA_040,54.36281255387288,0,0
2023-09-24,DMA_041,52.82479587621969,0,1
2023-09-24,DMA_042,59.798013809476025,0,0
2023-09-24,DMA_043,40.65397075779788,0,0
2023-09-24,DMA_044,44.15876929944884,0,0
2023-09-24,DMA_045,47.219744113836505,0,0
2023-09-24,DMA_046,53.37397344270636,0,0
2023-09-24,DMA_047,56.3177031756459,0,0
2023-09-24,DMA_048,57.334136312445935,0,0
2023-09-24,DMA_049,44.109104537535316,0,1
2023-09-24,DMA_050,36.28261367997378,0,0
2023-09-24,DMA_051,44.57320934454918,0,1
2023-09-24,DMA_052,46.65115558596918,0,0
2023-09-24,DMA_053,54.891455358488955,0,0
2023-09-24,DMA_054,44.65498656291271,0,1
2023-09-24,DMA_055,36.37169509510312,0,1
2023-09-24,DMA_056,61.59530618799825,0,0
2023-09-24,DMA_057,49.761704763572915,0,0
2023-09-24,DMA_058,56.34522880713646,0,0
2023-09-24,DMA_059,43.58093938992954,0,1
2023-09-24,DMA_060,46.79531566926633,0,0
2023-09-24,DMA_061,53.83956335653181,0,0
2023-09-24,DMA_062,54.29306726800852,0,0
2023-09-24,DMA_063,42.036387358294284,0,0
2023-09-24,DMA_064,44.93840590521284,0,0
2023-09-24,DMA_065,42.91149881880579,0,1
2023-09-24,DMA_066,48.926169853658095,0,0
2023-09-24,DMA_067,50.13286052571806,0,1
2023-09-24,DMA_068,40.1119024568203,0,0
2023-09-24,DMA_069,48.25563131722431,0,0
2023-09-24,DMA_070,53.91407630695759,0,0
2023-09-24,DMA_071,32.095974647208166,0,1
2023-09-24,DMA_072,50.00483900191098,0,0
2023-09-24,DMA_073,50.94093536507502,0,1
2023-09-24,DMA_074,45.26283265481602,0,0
2023-09-24,DMA_075,53.726330198961406,0,0
2023-09-24,DMA_076,44.86861003133306,0,0
2023-09-24,DMA_077,48.92471034614484,0,0
2023-09-24,DMA_078,43.807017649627866,0,1
2023-09-24,DMA_079,46.95986204024295,0,0
2023-09-24,DMA_080,50.724560159475715,0,0
2023-09-24,DMA_081,45.21702334301908,0,0
2023-09-24,DMA_082,49.70745621493046,0,0
2023-09-24,DMA_083,49.21781822574679,0,0
2023-09-24,DMA_084,46.37805251347847,0,0
2023-09-24,DMA_085,51.93695035320222,0,1
2023-09-24,DMA_086,46.67894582700656,0,0
2023-09-24,DMA_087,54.6187336574297,0,0
2023-09-24,DMA_088,48.93932660018376,0,0
2023-09-24,DMA_089,66.79641526976407,0,0
2023-09-24,DMA_090,48.06035262122298,0,0
2023-09-24,DMA_091,50.92049875693775,0,1
2023-09-24,DMA_092,48.98739036812599,0,0
2023-09-24,DMA_093,42.69124663314744,0,0
2023-09-24,DMA_094,48.13861145290332,0,0
2023-09-24,DMA_095,36.286800411022,0,1
2023-09-24,DMA_096,49.07819153277229,0,0
2023-09-24,DMA_097,57.55685364953747,0,0
2023-09-24,DMA_098,54.22217658358017,0,0
2023-09-24,DMA_099,48.10385999485922,0,0
2023-09-24,DMA_100,46.07280555293573,0,1
2023-09-24,DMA_101,39.746254570393766,0,0
2023-09-24,DMA_102,56.646239118960466,0,0
2023-09-24,DMA_103,52.450943395200824,0,0
2023-09-24,DMA_104,54.70543072337063,0,0
2023-09-24,DMA_105,64.50148584623464,0,0
2023-09-24,DMA_106,52.29828462605539,0,0
2023-09-24,DMA_107,54.857510632208225,0,0
2023-09-24,DMA_108,42.980935282177974,0,0
2023-09-24,DMA_109,46.92444466436694,0,0
2023-09-24,DMA_110,50.614598897501835,0,0
2023-09-24,DMA_111,44.4036147313341,0,1
2023-09-24,DMA_112,45.61357705222085,0,0
2023-09-24,DMA_113,47.210653734649746,0,0
2023-09-24,DMA_114,47.11119659428374,0,0
2023-09-24,DMA_115,49.19159048244815,0,0
2023-09-24,DMA_116,45.62388204436805,0,0
2023-09-24,DMA_117,52.51345250742479,0,0
2023-09-24,DMA_118,55.15148503636245,0,0
2023-09-24,DMA_119,47.352085920994845,0,1
2023-09-24,DMA_120,53.82199547510497,0,0
2023-09-24,DMA_121,46.78089533150598,0,0
2023-09-24,DMA_122,41.32547518202744,0,0
2023-09-24,DMA_123,51.941923637103976,0,0
2023-09-24,DMA_124,52.45146307323507,0,0
2023-09-24,DMA_125,48.90429150428598,0,0
2023-09-24,DMA_126,58.48454594346022,0,0
2023-09-24,DMA_127,53.205157638398774,0,0
2023-09-24,DMA_128,34.35316660925801,0,0
2023-09-24,DMA_129,51.90581782608963,0,0
2023-09-24,DMA_130,58.3434693738035,0,0
2023-09-24,DMA_131,56.53643723899243,0,1
2023-09-24,DMA_132,47.51791482538616,0,0
2023-09-24,DMA_133,37.75850196594464,0,0
2023-09-24,DMA_134,42.58268627843381,0,0
2023-09-24,DMA_135,51.899855396725364,0,0
2023-09-24,DMA_136,55.87995815843485,0,0
2023-09-24,DMA_137,41.292804106238215,0,0
2023-09-24,DMA_138,41.2539519870958,0,0
2023-09-24,DMA_139,54.372060462963944,0,0
2023-09-24,DMA_140,55.312442495585415,0,0
2023-09-24,DMA_141,39.46461563207786,0,1
2023-09-24,DMA_142,42.52682112509715,0,0
2023-09-24,DMA_143,49.22662316761076,0,0
2023-09-24,DMA_144,45.352042265258675,0,1
2023-09-24,DMA_145,48.10923318452458,0,0
2023-09-24,DMA_146,37.53177939841476,0,0
2023-09-24,DMA_147,50.20944755688249,0,0
2023-09-24,DMA_148,48.67709780796601,0,0
2023-09-24,DMA_149,60.35216574883873,0,0
2023-09-24,DMA_150,55.53201293945155,0,0
2023-10-01,DMA_001,50.59310573789127,0,0
2023-10-01,DMA_002,44.319005940487415,0,0
2023-10-01,DMA_003,64.12023143574558,0,1
2023-10-01,DMA_004,47.739681106336036,0,0
2023-10-01,DMA_005,45.83500885144815,0,0
2023-10-01,DMA_006,49.98260416408571,0,0
2023-10-01,DMA_007,56.59275166288046,0,0
2023-10-01,DMA_008,52.01788534482062,0,0
2023-10-01,DMA_009,63.129716464359674,0,0
2023-10-01,DMA_010,54.85201045618079,0,0
2023-10-01,DMA_011,47.125791262334296,0,0
2023-10-01,DMA_012,54.2325761412363,0,0
2023-10-01,DMA_013,47.63714506425439,0,0
2023-10-01,DMA_014,50.43229086394585,0,1
2023-10-01,DMA_015,54.47763807813816,0,0
2023-10-01,DMA_016,38.891081101072345,0,0
2023-10-01,DMA_017,49.46128725338929,0,0
2023-10-01,DMA_018,67.54833276264027,0,1
2023-10-01,DMA_019,40.8379490297449,0,1
2023-10-01,DMA_020,41.659100610246696,0,0
2023-10-01,DMA_021,53.646376889444085,0,1
2023-10-01,DMA_022,44.81927942163329,0,0
2023-10-01,DMA_023,49.19480861878913,0,0
2023-10-01,DMA_024,39.743044352766134,0,0
2023-10-01,DMA_025,53.921730353047444,0,0
2023-10-01,DMA_026,55.79838560813556,0,0
2023-10-01,DMA_027,46.76637304474418,0,0
2023-10-01,DMA_028,58.19271758692471,0,0
2023-10-01,DMA_029,57.18471188875564,0,0
2023-10-01,DMA_030,44.342533752300454,0,0
2023-10-01,DMA_031,57.18948173167592,0,0
2023-10-01,DMA_032,45.609938668521565,0,0
2023-10-01,DMA_033,50.147021376511844,0,0
2023-10-01,DMA_034,55.36017266640407,0,0
2023-10-01,DMA_035,45.12220162515405,0,1
2023-10-01,DMA_036,45.14672218501164,0,0
2023-10-01,DMA_037,61.15418472999819,0,0
2023-10-01,DMA_038,50.831987799706226,0,0
2023-10-01,DMA_039,62.53009836979784,0,0
2023-10-01,DMA_040,38.864761309441676,0,1
2023-10-01,DMA_041,51.07420155490637,0,0
2023-10-01,DMA_042,52.52256492399178,0,0
2023-10-01,DMA_043,62.33904940551011,0,0
2023-10-01,DMA_044,53.92843347963204,0,0
2023-10-01,DMA_045,54.2977963675815,0,0
2023-10-01,DMA_046,44.46189998522772,0,0
2023-10-01,DMA_047,55.528976671048966,0,0
2023-10-01,DMA_048,50.5962560496486,0,0
2023-10-01,DMA_049,47.28408575441266,0,0
2023-10-01,DMA_050,38.72605756512888,0,0
2023-10-01,DMA_051,53.74000260220577,0,0
2023-10-01,DMA_052,52.73030439179592,0,0
2023-10-01,DMA_053,60.51431860178592,0,0
2023-10-01,DMA_054,62.386669011911174,0,1
2023-10-01,DMA_055,52.584582646184934,0,0
2023-10-01,DMA_056,53.51973247449827,0,0
2023-10-01,DMA_057,42.46858993069023,0,0
2023-10-01,DMA_058,47.184916235669654,0,1
2023-10-01,DMA_059,44.366652131326546,0,0
2023-10-01,DMA_060,51.59982276242799,0,0
2023-10-01,DMA_061,65.93669884158021,0,0
2023-10-01,DMA_062,55.642848369989665,0,0
2023-10-01,DMA_063,67.85526592269719,0,0
2023-10-01,DMA_064,46.68902315720836,0,0
2023-10-01,DMA_065,58.53673965563944,0,0
2023-10-01,DMA_066,45.25489803848109,0,1
2023-10-01,DMA_067,57.96521468334482,0,0
2023-10-01,DMA_068,54.904284766719265,0,0
2023-10-01,DMA_069,57.00985048994517,0,0
2023-10-01,DMA_070,59.20011945839545,0,1
2023-10-01,DMA_071,59.73713410014208,0,0
2023-10-01,DMA_072,62.52021108326608,0,0
2023-10-01,DMA_073,61.20341073513148,0,0
2023-10-01,DMA_074,61.12930510041556,0,0
2023-10-01,DMA_075,50.24077198883743,0,0
2023-10-01,DMA_076,53.9221756012785,0,0
2023-10-01,DMA_077,54.32891718638031,0,0
2023-10-01,DMA_078,50.33440844705599,0,0
2023-10-01,DMA_079,46.15184753200475,0,1
2023-10-01,DMA_080,59.93257413841567,0,0
2023-10-01,DMA_081,43.691677017910706,0,0
2023-10-01,DMA_082,47.42417683626221,0,0
2023-10-01,DMA_083,50.5330425661422,0,0
2023-10-01,DMA_084,54.04611969015748,0,0
2023-10-01,DMA_085,42.47442865278276,0,0
2023-10-01,DMA_086,55.37436500597529,0,0
2023-10-01,DMA_087,51.640488518637106,0,0
2023-10-01,DMA_088,58.97775932765079,0,0
2023-10-01,DMA_089,55.35591818302238,0,0
2023-10-01,DMA_090,50.5636221969912,0,0
2023-10-01,DMA_091,50.13236013580891,0,0
2023-10-01,DMA_092,51.343639233568716,0,0
2023-10-01,DMA_093,48.4088668418425,0,1
2023-10-01,DMA_094,54.897713526836306,0,1
2023-10-01,DMA_095,58.426737497931605,0,0
2023-10-01,DMA_096,53.6073963365605,0,0
2023-10-01,DMA_097,60.740603312863094,0,0
2023-10-01,DMA_098,58.21012672447632,0,0
2023-10-01,DMA_099,54.24685170556219,0,0
2023-10-01,DMA_100,60.77537333294681,0,0
2023-10-01,DMA_101,61.54835403964731,0,0
2023-10-01,DMA_102,59.82311567868316,0,0
2023-10-01,DMA_103,63.344834605901,0,0
2023-10-01,DMA_104,40.507690080035076,0,0
2023-10-01,DMA_105,52.34512695165917,0,0
2023-10-01,DMA_106,41.40113810144777,0,0
2023-10-01,DMA_107,49.2134628048218,0,0
2023-10-01,DMA_108,48.005953688737996,0,0
2023-10-01,DMA_109,49.58020370908283,0,0
2023-10-01,DMA_110,49.92178141530997,0,0
2023-10-01,DMA_111,54.65956027324176,0,0
2023-10-01,DMA_112,46.568674786969034,0,0
2023-10-01,DMA_113,47.07024966539873,0,0
2023-10-01,DMA_114,53.602360040501694,0,0
2023-10-01,DMA_115,45.75822571288878,0,0
2023-10-01,DMA_116,57.19287282476988,0,0
2023-10-01,DMA_117,49.247388173743694,0,0
2023-10-01,DMA_118,54.1713362036001,0,0
2023-10-01,DMA_119,54.589459115282786,0,0
2023-10-01,DMA_120,52.41184208177942,0,0
2023-10-01,DMA_121,55.22348240325485,0,0
2023-10-01,DMA_122,45.86373858276876,0,0
2023-10-01,DMA_123,55.10875294136931,0,0
2023-10-01,DMA_124,45.19407339016486,0,0
2023-10-01,DMA_125,45.71066759380971,0,0
2023-10-01,DMA_126,50.39847830460074,0,0
2023-10-01,DMA_127,57.34282433339143,0,0
2023-10-01,DMA_128,49.234891546090154,0,0
2023-10-01,DMA_129,53.02336876947733,0,0
2023-10-01,DMA_130,47.85236479576439,0,0
2023-10-01,DMA_131,61.22472027392047,0,0
2023-10-01,DMA_132,56.2963115058748,0,0
2023-10-01,DMA_133,51.102591572605675,0,0
2023-10-01,DMA_134,52.22288530725709,0,0
2023-10-01,DMA_135,53.326992855978894,0,1
2023-10-01,DMA_136,50.44054991757918,0,1
2023-10-01,DMA_137,46.61116047343353,0,0
2023-10-01,DMA_138,50.37635877380502,0,0
2023-10-01,DMA_139,54.514880133741634,0,0
2023-10-01,DMA_140,40.98127612239496,0,0
2023-10-01,DMA_141,56.79493675751281,0,0
2023-10-01,DMA_142,48.820703929585704,0,1
2023-10-01,DMA_143,42.8793458697886,0,0
2023-10-01,DMA_144,53.9533797540896,0,0
2023-10-01,DMA_145,45.41551925569511,0,0
2023-10-01,DMA_146,45.34232951342326,0,0
2023-10-01,DMA_147,52.8248467796809,0,1
2023-10-01,DMA_148,41.00074628447472,0,0
2023-10-01,DMA_149,69.31475680243845,0,1
2023-10-01,DMA_150,59.39385131772636,0,0
2023-10-08,DMA_001,53.37201589143552,0,1
2023-10-08,DMA_002,63.49956885921071,0,0
2023-10-08,DMA_003,57.57629776923443,0,1
2023-10-08,DMA_004,54.15633108809097,0,0
2023-10-08,DMA_005,62.46207702442467,0,0
2023-10-08,DMA_006,69.44947283745,0,1
2023-10-08,DMA_007,61.95939982246769,0,0
2023-10-08,DMA_008,66.30338254855276,0,0
2023-10-08,DMA_009,58.63298317564976,0,0
2023-10-08,DMA_010,63.353442070091006,0,0
2023-10-08,DMA_011,56.04276311911321,0,0
2023-10-08,DMA_012,59.67569135923902,0,0
2023-10-08,DMA_013,58.02538378247204,0,0
2023-10-08,DMA_014,60.72776746994435,0,0
2023-10-08,DMA_015,68.25944301497705,0,1
2023-10-08,DMA_016,60.86407800620549,0,0
2023-10-08,DMA_017,57.784281006696176,0,0
2023-10-08,DMA_018,52.01432429650051,0,1
2023-10-08,DMA_019,53.98302005985529,0,0
2023-10-08,DMA_020,63.956262963350575,0,0
2023-10-08,DMA_021,58.14615740334542,0,0
2023-10-08,DMA_022,60.008965386985416,0,0
2023-10-08,DMA_023,57.614689319473555,0,0
2023-10-08,DMA_024,52.19303732823597,0,0
2023-10-08,DMA_025,50.44130410864955,0,0
2023-10-08,DMA_026,67.62355614459763,0,0
2023-10-08,DMA_027,58.08232024359354,0,0
2023-10-08,DMA_028,53.52397732671163,0,1
2023-10-08,DMA_029,58.260884431411476,0,1
2023-10-08,DMA_030,51.86176985081716,0,0
2023-10-08,DMA_031,50.8446874401621,0,0
2023-10-08,DMA_032,56.47515849509972,0,0
2023-10-08,DMA_033,51.695383491268224,0,0
2023-10-08,DMA_034,52.762964135923546,0,0
2023-10-08,DMA_035,58.56810769317197,0,0
2023-10-08,DMA_036,51.80423217293674,0,1
2023-10-08,DMA_037,57.08647367323207,0,0
2023-10-08,DMA_038,54.81003098355081,0,0
2023-10-08,DMA_039,60.89981107510156,0,0
2023-10-08,DMA_040,65.44330013459142,0,0
2023-10-08,DMA_041,62.843660237604325,0,0
2023-10-08,DMA_042,56.417884256030824,0,0
2023-10-08,DMA_043,55.60799072351295,0,0
2023-10-08,DMA_044,57.89561605749966,0,0
2023-10-08,DMA_045,48.285463646393886,0,1
2023-10-08,DMA_046,59.11425121526467,0,1
2023-10-08,DMA_047,50.83549289486169,0,0
2023-10-08,DMA_048,45.31130862083724,0,0
2023-10-08,DMA_049,62.481982261309184,0,0
2023-10-08,DMA_050,55.787897024890285,0,0
2023-10-08,DMA_051,59.29024705159841,0,0
2023-10-08,DMA_052,46.2682281363911,0,0
2023-10-08,DMA_053,58.070883332663456,0,0
2023-10-08,DMA_054,52.96674364923106,0,0
2023-10-08,DMA_055,52.04845397394811,0,0
2023-10-08,DMA_056,54.00050751787293,0,0
2023-10-08,DMA_057,62.92512933730898,0,0
2023-10-08,DMA_058,58.591146641831294,0,0
2023-10-08,DMA_059,48.272737250568284,0,0
2023-10-08,DMA_060,59.16555152218838,0,0
2023-10-08,DMA_061,56.95530969645665,0,1
2023-10-08,DMA_062,51.40076625481895,0,0
2023-10-08,DMA_063,66.01309606698631,0,0
2023-10-08,DMA_064,57.99453611051096,0,0
2023-10-08,DMA_065,53.551881638542696,0,0
2023-10-08,DMA_066,63.181091296043654,0,0
2023-10-08,DMA_067,66.4452993417242,0,0
2023-10-08,DMA_068,57.81221786754839,0,0
2023-10-08,DMA_069,55.77380408330091,0,0
2023-10-08,DMA_070,57.6667584899186,0,1
2023-10-08,DMA_071,57.873046175787515,0,0
2023-10-08,DMA_072,57.17442468247642,0,0
2023-10-08,DMA_073,57.508569615845545,0,0
2023-10-08,DMA_074,56.07776463296074,0,1
2023-10-08,DMA_075,53.72217540346424,0,0
2023-10-08,DMA_076,51.62357572443717,0,0
2023-10-08,DMA_077,53.8343095113282,0,0
2023-10-08,DMA_078,55.21715364566272,0,0
2023-10-08,DMA_079,54.49619640112531,0,0
2023-10-08,DMA_080,53.92385810448483,0,0
2023-10-08,DMA_081,59.55319245248357,0,0
2023-10-08,DMA_082,61.576251226104944,0,0
2023-10-08,DMA_083,61.55689817497009,0,1
2023-10-08,DMA_084,55.5218973067479,0,0
2023-10-08,DMA_085,58.83627179363242,0,0
2023-10-08,DMA_086,53.062746510953524,0,0
2023-10-08,DMA_087,49.4660568321794,0,0
2023-10-08,DMA_088,53.322187122699404,0,0
2023-10-08,DMA_089,54.001544066301314,0,0
2023-10-08,DMA_090,56.63548835286691,0,1
2023-10-08,DMA_091,61.81675133752415,0,0
2023-10-08,DMA_092,50.15971574895582,0,0
2023-10-08,DMA_093,56.13575296228073,0,0
2023-10-08,DMA_094,54.91310726182215,0,0
2023-10-08,DMA_095,54.109049961104446,0,0
2023-10-08,DMA_096,50.13124128518977,0,0
2023-10-08,DMA_097,59.23264160666994,0,1
2023-10-08,DMA_098,61.98293480205948,0,1
2023-10-08,DMA_099,65.45307317184094,0,0
2023-10-08,DMA_100,60.41731272097134,0,0
2023-10-08,DMA_101,56.593346385130246,0,0
2023-10-08,DMA_102,53.91254642112161,0,0
2023-10-08,DMA_103,57.97044448646813,0,1
2023-10-08,DMA_104,47.7352150140074,0,0
2023-10-08,DMA_105,51.74440351637679,0,0
2023-10-08,DMA_106,46.44031734515387,0,0
2023-10-08,DMA_107,51.978301594986036,0,0
2023-10-08,DMA_108,60.39087422032253,0,0
2023-10-08,DMA_109,49.966212669089515,0,0
2023-10-08,DMA_110,45.88997024097384,0,0
2023-10-08,DMA_111,53.71072919040511,0,0
2023-10-08,DMA_112,59.98604207861689,0,0
2023-10-08,DMA_113,53.68788329255811,0,0
2023-10-08,DMA_114,54.619978042145725,0,0
2023-10-08,DMA_115,51.56519758684431,0,0
2023-10-08,DMA_116,57.28920456052815,0,0
2023-10-08,DMA_117,46.94578967134839,0,0
2023-10-08,DMA_118,54.75452921750552,0,0
2023-10-08,DMA_119,48.16261579335002,0,0
2023-10-08,DMA_120,55.19879899399328,0,0
2023-10-08,DMA_121,64.1737905548533,0,1
2023-10-08,DMA_122,52.834687233765,0,1
2023-10-08,DMA_123,50.697715991172494,0,0
2023-10-08,DMA_124,57.06652505871018,0,0
2023-10-08,DMA_125,51.249158283638245,0,0
2023-10-08,DMA_126,51.661901532541634,0,0
2023-10-08,DMA_127,56.55106065892583,0,0
2023-10-08,DMA_128,50.26806452496299,0,0
2023-10-08,DMA_129,47.81416660013058,0,0
2023-10-08,DMA_130,57.41107326100607,0,0
2023-10-08,DMA_131,51.886077414259034,0,0
2023-10-08,DMA_132,54.437387621178935,0,0
2023-10-08,DMA_133,58.42504328915262,0,0
2023-10-08,DMA_134,50.28511332564366,0,0
2023-10-08,DMA_135,57.920520008889454,0,0
2023-10-08,DMA_136,57.968255322988234,0,0
2023-10-08,DMA_137,50.03822751951879,0,0
2023-10-08,DMA_138,49.149151319733704,0,0
2023-10-08,DMA_139,55.76017167565873,0,0
2023-10-08,DMA_140,53.34917706039017,0,0
2023-10-08,DMA_141,54.80037974488369,0,0
2023-10-08,DMA_142,65.35722691315479,0,0
2023-10-08,DMA_143,53.15012374533866,0,0
2023-10-08,DMA_144,64.44123684469773,0,1
2023-10-08,DMA_145,53.64216179444525,0,0
2023-10-08,DMA_146,48.390734445366554,0,0
2023-10-08,DMA_147,61.24354588386442,0,1
2023-10-08,DMA_148,60.77378872005696,0,0
2023-10-08,DMA_149,61.241576519446625,0,0
2023-10-08,DMA_150,59.21980711582231,0,1
2023-10-15,DMA_001,61.15976672396121,0,0
2023-10-15,DMA_002,58.265227275700845,0,0
2023-10-15,DMA_003,54.541527595385865,0,0
2023-10-15,DMA_004,64.6950076240171,0,0
2023-10-15,DMA_005,53.2208126743715,0,0
2023-10-15,DMA_006,53.14895509987391,0,0
2023-10-15,DMA_007,67.01009219617725,0,0
2023-10-15,DMA_008,51.14251760212629,0,0
2023-10-15,DMA_009,55.92338281063309,0,0
2023-10-15,DMA_010,63.79786807101355,0,0
2023-10-15,DMA_011,66.7568599591375,0,0
2023-10-15,DMA_012,67.58469250973211,0,0
2023-10-15,DMA_013,56.2937295972497,0,0
2023-10-15,DMA_014,53.519963848440945,0,0
2023-10-15,DMA_015,56.55943315761516,0,0
2023-10-15,DMA_016,56.437407225962005,0,1
2023-10-15,DMA_017,57.22875924275361,0,0
2023-10-15,DMA_018,51.72276942855187,0,0
2023-10-15,DMA_019,53.38431630231535,0,0
2023-10-15,DMA_020,53.959373357277364,0,0
2023-10-15,DMA_021,49.2321516549103,0,0
2023-10-15,DMA_022,50.681536185976924,0,0
2023-10-15,DMA_023,59.203854560763965,0,0
2023-10-15,DMA_024,62.831221847803086,0,0
2023-10-15,DMA_025,60.5071098163482,0,1
2023-10-15,DMA_026,62.618400461707814,0,1
2023-10-15,DMA_027,51.23102911131742,0,1
2023-10-15,DMA_028,51.296331119308384,0,0
2023-10-15,DMA_029,67.22773975854629,0,0
2023-10-15,DMA_030,59.640919312308654,0,1
2023-10-15,DMA_031,64.94610032686262,0,0
2023-10-15,DMA_032,64.82568763399149,0,0
2023-10-15,DMA_033,52.684709074504596,0,0
2023-10-15,DMA_034,57.40128571861655,0,0
2023-10-15,DMA_035,57.32245300060371,0,0
2023-10-15,DMA_036,54.90170330194721,0,0
2023-10-15,DMA_037,57.1057432104509,0,0
2023-10-15,DMA_038,57.82297483372107,0,0
2023-10-15,DMA_039,65.5911098983762,0,0
2023-10-15,DMA_040,60.88819711953751,0,0
2023-10-15,DMA_041,57.09189531053961,0,1
2023-10-15,DMA_042,58.87207271108898,0,0
2023-10-15,DMA_043,58.998735031157416,0,0
2023-10-15,DMA_044,57.85418264417545,0,0
2023-10-15,DMA_045,49.360795673834396,0,0
2023-10-15,DMA_046,55.73973916120683,0,0
2023-10-15,DMA_047,60.57045356569673,0,0
2023-10-15,DMA_048,56.068135287781224,0,0
2023-10-15,DMA_049,61.64613711592449,0,0
2023-10-15,DMA_050,58.09920021194962,0,1
2023-10-15,DMA_051,56.05688706740578,0,0
2023-10-15,DMA_052,53.45846696291106,0,0
2023-10-15,DMA_053,53.84437333658486,0,0
2023-10-15,DMA_054,58.13279510018087,0,0
2023-10-15,DMA_055,66.739016367358,0,0
2023-10-15,DMA_056,59.052219114735514,0,0
2023-10-15,DMA_057,60.10322127447769,0,1
2023-10-15,DMA_058,54.49752301350488,0,1
2023-10-15,DMA_059,57.32402019015522,0,0
2023-10-15,DMA_060,50.57329092631411,0,0
2023-10-15,DMA_061,59.31170074313114,0,0
2023-10-15,DMA_062,68.22340107398266,0,0
2023-10-15,DMA_063,44.86198699817908,0,0
2023-10-15,DMA_064,55.66071909828585,0,0
2023-10-15,DMA_065,60.05132267569271,0,0
2023-10-15,DMA_066,47.57861210092743,0,0
2023-10-15,DMA_067,66.87151185512565,0,0
2023-10-15,DMA_068,50.861420774227035,0,0
2023-10-15,DMA_069,58.626361625425524,0,0
2023-10-15,DMA_070,55.84839999105138,0,0
2023-10-15,DMA_071,59.46699372240424,0,0
2023-10-15,DMA_072,69.17924249792065,0,0
2023-10-15,DMA_073,60.34824421230277,0,0
2023-10-15,DMA_074,57.04601968992453,0,0
2023-10-15,DMA_075,54.35986651574486,0,0
2023-10-15,DMA_076,62.28774455708642,0,0
2023-10-15,DMA_077,58.91931073961737,0,0
2023-10-15,DMA_078,57.419057029063865,0,0
2023-10-15,DMA_079,65.92503272978817,0,0
2023-10-15,DMA_080,58.48323893887857,0,0
2023-10-15,DMA_081,52.44156358747724,0,1
2023-10-15,DMA_082,63.747897511814365,0,0
2023-10-15,DMA_083,47.68881784688176,0,0
2023-10-15,DMA_084,57.85113116113278,0,0
2023-10-15,DMA_085,63.318256082629794,0,1
2023-10-15,DMA_086,48.59146389746758,0,0
2023-10-15,DMA_087,66.70015826045704,0,0
2023-10-15,DMA_088,48.402489258539504,0,1
2023-10-15,DMA_089,66.50038523038197,0,0
2023-10-15,DMA_090,60.17818156733977,0,0
2023-10-15,DMA_091,53.850742090422486,0,0
2023-10-15,DMA_092,69.16297879466165,0,0
2023-10-15,DMA_093,65.17671803750065,0,0
2023-10-15,DMA_094,53.47198268260135,0,1
2023-10-15,DMA_095,72.45523316511505,0,0
2023-10-15,DMA_096,51.68741236079564,0,0
2023-10-15,DMA_097,61.943057740683734,0,0
2023-10-15,DMA_098,52.542749222705986,0,0
2023-10-15,DMA_099,52.1015351648607,0,0
2023-10-15,DMA_100,58.30658595242017,0,0
2023-10-15,DMA_101,52.13583402815539,0,0
2023-10-15,DMA_102,53.41399503355294,0,0
2023-10-15,DMA_103,62.746682974333275,0,0
2023-10-15,DMA_104,47.22026518850949,0,0
2023-10-15,DMA_105,69.413562297431,0,0
2023-10-15,DMA_106,46.73843398396106,0,0
2023-10-15,DMA_107,49.36349077685368,0,0
2023-10-15,DMA_108,60.35277748769135,0,0
2023-10-15,DMA_109,52.41450932013418,0,0
2023-10-15,DMA_110,56.186406054819976,0,0
2023-10-15,DMA_111,56.218610157424266,0,0
2023-10-15,DMA_112,66.90037648837718,0,0
2023-10-15,DMA_113,57.9736441609265,0,0
2023-10-15,DMA_114,60.214315837635795,0,0
2023-10-15,DMA_115,68.17082096665398,0,0
2023-10-15,DMA_116,56.25634082804719,0,1
2023-10-15,DMA_117,57.87228413688505,0,0
2023-10-15,DMA_118,53.90408695000343,0,0
2023-10-15,DMA_119,47.813745820979086,0,0
2023-10-15,DMA_120,57.716605204445216,0,0
2023-10-15,DMA_121,65.15074723660936,0,0
2023-10-15,DMA_122,60.058798010454765,0,0
2023-10-15,DMA_123,63.18369139837649,0,1
2023-10-15,DMA_124,64.8680247264979,0,0
2023-10-15,DMA_125,54.42395517867287,0,0
2023-10-15,DMA_126,59.77146628608142,0,0
2023-10-15,DMA_127,63.434562726618196,0,0
2023-10-15,DMA_128,59.04820943568131,0,0
2023-10-15,DMA_129,51.81778525322571,0,0
2023-10-15,DMA_130,61.33812016166182,0,0
2023-10-15,DMA_131,55.22195234315131,0,0
2023-10-15,DMA_132,49.05501603342823,0,0
2023-10-15,DMA_133,65.07870608318923,0,0
2023-10-15,DMA_134,57.60535109085887,0,0
2023-10-15,DMA_135,56.898532951476305,0,0
2023-10-15,DMA_136,62.52052899369339,0,0
2023-10-15,DMA_137,61.84754480733311,0,0
2023-10-15,DMA_138,64.66888031504514,0,0
2023-10-15,DMA_139,60.73361114025759,0,0
2023-10-15,DMA_140,46.851772854614225,0,0
2023-10-15,DMA_141,54.957871347248116,0,0
2023-10-15,DMA_142,57.60933783557762,0,0
2023-10-15,DMA_143,64.13026186930198,0,0
2023-10-15,DMA_144,58.7029130908515,0,0
2023-10-15,DMA_145,59.60169771702346,0,1
2023-10-15,DMA_146,64.08381251955714,0,0
2023-10-15,DMA_147,52.83003564705966,0,0
2023-10-15,DMA_148,54.23977917807094,0,0
2023-10-15,DMA_149,70.25516002668273,0,0
2023-10-15,DMA_150,58.10534538478514,0,0
2023-10-22,DMA_001,69.07156403577157,0,0
2023-10-22,DMA_002,64.87143019804198,0,0
2023-10-22,DMA_003,60.414291266429245,0,0
2023-10-22,DMA_004,68.66779984139201,0,1
2023-10-22,DMA_005,49.40538603435367,0,0
2023-10-22,DMA_006,68.49414075085902,0,0
2023-10-22,DMA_007,57.757017411290384,0,0
2023-10-22,DMA_008,60.72253427322336,0,0
2023-10-22,DMA_009,55.94405424025891,0,0
2023-10-22,DMA_010,61.55779013246959,0,0
2023-10-22,DMA_011,61.52784515926076,0,1
2023-10-22,DMA_012,62.7463263289515,0,0
2023-10-22,DMA_013,52.43986921211397,0,0
2023-10-22,DMA_014,61.02516303990636,0,0
2023-10-22,DMA_015,59.29310787083265,0,0
2023-10-22,DMA_016,61.58491880751411,0,0
2023-10-22,DMA_017,81.25696913453572,0,0
2023-10-22,DMA_018,58.46718674571066,0,0
2023-10-22,DMA_019,63.345647351580865,0,1
2023-10-22,DMA_020,59.07264352576351,0,0
2023-10-22,DMA_021,49.62103178239135,0,0
2023-10-22,DMA_022,55.36476993492603,0,0
2023-10-22,DMA_023,55.844810510384995,0,0
2023-10-22,DMA_024,60.31776968808354,0,0
2023-10-22,DMA_025,63.499048164018646,0,0
2023-10-22,DMA_026,49.40351700330946,0,0
2023-10-22,DMA_027,65.21485414044797,0,0
2023-10-22,DMA_028,59.99473425637171,0,0
2023-10-22,DMA_029,53.75813089531904,0,0
2023-10-22,DMA_030,57.25166031517489,0,0
2023-10-22,DMA_031,61.74480352509258,0,0
2023-10-22,DMA_032,49.5505794472099,0,0
2023-10-22,DMA_033,69.17794890258517,0,0
2023-10-22,DMA_034,57.4361923219857,0,1
2023-10-22,DMA_035,62.50927982079116,0,0
2023-10-22,DMA_036,64.33108274127692,0,0
2023-10-22,DMA_037,57.51373207952301,0,0
2023-10-22,DMA_038,60.70161523248066,0,0
2023-10-22,DMA_039,61.12810818610979,0,0
2023-10-22,DMA_040,62.95985772353204,0,0
2023-10-22,DMA_041,63.16152879412024,0,0
2023-10-22,DMA_042,67.93768073000723,0,0
2023-10-22,DMA_043,47.424256142916164,0,0
2023-10-22,DMA_044,75.43914452647029,0,0
2023-10-22,DMA_045,71.90704997499772,0,0
2023-10-22,DMA_046,69.29994024265419,0,0
2023-10-22,DMA_047,59.87943668595377,0,0
2023-10-22,DMA_048,60.78481991342832,0,0
2023-10-22,DMA_049,56.56452442557325,0,0
2023-10-22,DMA_050,63.744530325052544,0,0
2023-10-22,DMA_051,75.37035537728428,0,0
2023-10-22,DMA_052,65.73995725309307,0,0
2023-10-22,DMA_053,61.472823100134804,0,0
2023-10-22,DMA_054,68.8778519561571,0,1
2023-10-22,DMA_055,54.81634661915946,0,0
2023-10-22,DMA_056,53.62007872857031,0,0
2023-10-22,DMA_057,64.80615102206015,0,0
2023-10-22,DMA_058,47.04436293313948,0,0
2023-10-22,DMA_059,58.720315114882006,0,0
2023-10-22,DMA_060,68.74190597307923,0,0
2023-10-22,DMA_061,55.14419673052991,0,0
2023-10-22,DMA_062,63.800294076956654,0,1
2023-10-22,DMA_063,54.64302100490634,0,0
2023-10-22,DMA_064,66.71971073532428,0,0
2023-10-22,DMA_065,54.271230836851174,0,0
2023-10-22,DMA_066,56.27992573624806,0,0
2023-10-22,DMA_067,59.524872337280144,0,0
2023-10-22,DMA_068,64.94265927607711,0,0
2023-10-22,DMA_069,64.91967885934926,0,0
2023-10-22,DMA_070,53.860180983714656,0,0
2023-10-22,DMA_071,65.37957658396743,0,0
2023-10-22,DMA_072,54.24155705892902,0,0
2023-10-22,DMA_073,56.663076135160864,0,0
2023-10-22,DMA_074,49.55952389925085,0,0
2023-10-22,DMA_075,62.98193376018199,0,0
2023-10-22,DMA_076,59.97071483949758,0,0
2023-10-22,DMA_077,54.62971363029052,0,0
2023-10-22,DMA_078,72.0145191315608,0,0
2023-10-22,DMA_079,56.75671631532938,0,1
2023-10-22,DMA_080,64.03537990588745,0,0
2023-10-22,DMA_081,68.74652399799479,0,0
2023-10-22,DMA_082,61.64189865682385,0,0
2023-10-22,DMA_083,59.38500994334581,0,0
2023-10-22,DMA_084,55.28377285418277,0,0
2023-10-22,DMA_085,63.314855441609055,0,0
2023-10-22,DMA_086,58.30591689008807,0,0
2023-10-22,DMA_087,57.28971941547394,0,0
2023-10-22,DMA_088,58.868420254797975,0,0
2023-10-22,DMA_089,58.36971050700863,0,0
2023-10-22,DMA_090,69.52025730621111,0,0
2023-10-22,DMA_091,62.31739843821557,0,1
2023-10-22,DMA_092,69.45957822461105,0,0
2023-10-22,DMA_093,62.4663466926313,0,0
2023-10-22,DMA_094,56.433389590293615,0,0
2023-10-22,DMA_095,68.12622660479748,0,0
2023-10-22,DMA_096,59.95610149504736,0,0
2023-10-22,DMA_097,63.36713214696014,0,0
2023-10-22,DMA_098,70.09563671362008,0,0
2023-10-22,DMA_099,57.5647149154251,0,1
2023-10-22,DMA_100,59.01328694085746,0,0
2023-10-22,DMA_101,64.76518774323209,0,1
2023-10-22,DMA_102,61.50595140299837,0,1
2023-10-22,DMA_103,48.04471697624696,0,0
2023-10-22,DMA_104,59.614513966394746,0,1
2023-10-22,DMA_105,70.03214341744733,0,0
2023-10-22,DMA_106,56.398746557213336,0,0
2023-10-22,DMA_107,60.80148485782586,0,0
2023-10-22,DMA_108,51.5561560756688,0,0
2023-10-22,DMA_109,63.409535547185925,0,1
2023-10-22,DMA_110,62.58330555909978,0,1
2023-10-22,DMA_111,51.28172287658292,0,0
2023-10-22,DMA_112,63.74371371621363,0,0
2023-10-22,DMA_113,62.09745062706896,0,1
2023-10-22,DMA_114,73.37015130778558,0,0
2023-10-22,DMA_115,64.01338657076181,0,0
2023-10-22,DMA_116,61.38999428522755,0,1
2023-10-22,DMA_117,70.14727662405676,0,0
2023-10-22,DMA_118,64.35017822453997,0,1
2023-10-22,DMA_119,61.39577180075627,0,1
2023-10-22,DMA_120,55.77441073382303,0,0
2023-10-22,DMA_121,47.30168178831528,0,1
2023-10-22,DMA_122,57.75821533137535,0,0
2023-10-22,DMA_123,56.362533191798924,0,0
2023-10-22,DMA_124,60.27424174502155,0,0
2023-10-22,DMA_125,63.36243973009453,0,0
2023-10-22,DMA_126,61.63734444885307,0,0
2023-10-22,DMA_127,67.87664153184919,0,0
2023-10-22,DMA_128,53.60858011466038,0,1
2023-10-22,DMA_129,55.422148811973756,0,0
2023-10-22,DMA_130,58.30283061590355,0,0
2023-10-22,DMA_131,52.56151732365319,0,0
2023-10-22,DMA_132,59.81667269176108,0,0
2023-10-22,DMA_133,60.35388335467347,0,0
2023-10-22,DMA_134,59.93375856412812,0,0
2023-10-22,DMA_135,59.476251529554546,0,0
2023-10-22,DMA_136,71.86223397868933,0,0
2023-10-22,DMA_137,75.9318749215287,0,0
2023-10-22,DMA_138,59.58740367810697,0,0
2023-10-22,DMA_139,64.57385304577467,0,0
2023-10-22,DMA_140,61.12120715115045,0,0
2023-10-22,DMA_141,69.78384127979133,0,0
2023-10-22,DMA_142,65.62101932888194,0,0
2023-10-22,DMA_143,60.15440558586599,0,0
2023-10-22,DMA_144,58.967696102499815,0,0
2023-10-22,DMA_145,71.43400757100679,0,0
2023-10-22,DMA_146,61.302452103432906,0,0
2023-10-22,DMA_147,57.78454531202501,0,1
2023-10-22,DMA_148,60.43625728729576,0,0
2023-10-22,DMA_149,52.8191964598639,0,1
2023-10-22,DMA_150,56.30085096382288,0,0
2023-10-29,DMA_001,61.776104645424425,0,1
2023-10-29,DMA_002,64.58635594403671,0,0
2023-10-29,DMA_003,67.0691247700605,0,0
2023-10-29,DMA_004,72.5932544273221,0,0
2023-10-29,DMA_005,61.845635347272754,0,0
2023-10-29,DMA_006,62.539090651133634,0,0
2023-10-29,DMA_007,65.54130792761252,0,0
2023-10-29,DMA_008,73.71301929586086,0,0
2023-10-29,DMA_009,67.44481084385919,0,0
2023-10-29,DMA_010,72.95898425757802,0,0
2023-10-29,DMA_011,65.18649331676467,0,0
2023-10-29,DMA_012,59.00058955213678,0,0
2023-10-29,DMA_013,56.429650499213224,0,0
2023-10-29,DMA_014,54.89007985866341,0,0
2023-10-29,DMA_015,57.00441291786885,0,0
2023-10-29,DMA_016,67.64747526050569,0,1
2023-10-29,DMA_017,63.39662379024113,0,0
2023-10-29,DMA_018,61.570515649246865,0,0
2023-10-29,DMA_019,62.942151917713325,0,0
2023-10-29,DMA_020,70.21904805575483,0,0
2023-10-29,DMA_021,72.63979371421397,0,0
2023-10-29,DMA_022,63.87498774564122,0,0
2023-10-29,DMA_023,62.73303186131723,0,0
2023-10-29,DMA_024,66.9819879492958,0,0
2023-10-29,DMA_025,64.66075058083904,0,0
2023-10-29,DMA_026,70.58253724191832,0,0
2023-10-29,DMA_027,66.98744104345954,0,1
2023-10-29,DMA_028,72.4539024414459,0,0
2023-10-29,DMA_029,64.59469947616167,0,0
2023-10-29,DMA_030,59.65743175010384,0,0
2023-10-29,DMA_031,67.8485225824283,0,0
2023-10-29,DMA_032,59.17779967146872,0,0
2023-10-29,DMA_033,57.12569166713135,0,0
2023-10-29,DMA_034,67.58431095211327,0,0
2023-10-29,DMA_035,55.839444502891624,0,0
2023-10-29,DMA_036,65.92513221179763,0,0
2023-10-29,DMA_037,73.70319437941232,0,0
2023-10-29,DMA_038,58.75893741137481,0,1
2023-10-29,DMA_039,71.08574366832902,0,0
2023-10-29,DMA_040,63.54701512899451,0,0
2023-10-29,DMA_041,57.709224822006064,0,0
2023-10-29,DMA_042,59.84789391904779,0,0
2023-10-29,DMA_043,67.76699225683156,0,0
2023-10-29,DMA_044,64.50764901668015,0,1
2023-10-29,DMA_045,64.74053676069161,0,1
2023-10-29,DMA_046,62.93055800762325,0,1
2023-10-29,DMA_047,67.34622894877708,0,0
2023-10-29,DMA_048,63.155503383280625,0,0
2023-10-29,DMA_049,68.06226288101124,0,0
2023-10-29,DMA_050,68.32049147731398,0,0
2023-10-29,DMA_051,54.807647792341456,0,1
2023-10-29,DMA_052,64.11203853516085,0,1
2023-10-29,DMA_053,71.77503232325483,0,0
2023-10-29,DMA_054,71.08816699466537,0,0
2023-10-29,DMA_055,58.36131471075432,0,0
2023-10-29,DMA_056,62.056417004173106,0,0
2023-10-29,DMA_057,68.13211732490365,0,0
2023-10-29,DMA_058,62.874063110675195,0,0
2023-10-29,DMA_059,54.033600608683045,0,1
2023-10-29,DMA_060,67.48798799685231,0,0
2023-10-29,DMA_061,72.5888024876925,0,1
2023-10-29,DMA_062,64.1144387359318,0,1
2023-10-29,DMA_063,55.18271615534584,0,0
2023-10-29,DMA_064,65.07277944922264,0,0
2023-10-29,DMA_065,61.777597454031806,0,0
2023-10-29,DMA_066,55.822896770167816,0,0
2023-10-29,DMA_067,59.74681801787875,0,0
2023-10-29,DMA_068,65.1577213381262,0,0
2023-10-29,DMA_069,67.44667197892367,0,0
2023-10-29,DMA_070,61.20763221830487,0,0
2023-10-29,DMA_071,68.52280600180542,0,0
2023-10-29,DMA_072,57.925734794224226,0,0
2023-10-29,DMA_073,56.994773355041936,0,0
2023-10-29,DMA_074,68.76912862195744,0,0
2023-10-29,DMA_075,62.7248794960612,0,0
2023-10-29,DMA_076,70.59195127382088,0,0
2023-10-29,DMA_077,67.48163631353842,0,0
2023-10-29,DMA_078,69.08624977014524,0,0
2023-10-29,DMA_079,67.50755064188331,0,0
2023-10-29,DMA_080,71.58459798873359,0,0
2023-10-29,DMA_081,68.30906818428683,0,0
2023-10-29,DMA_082,59.88539873526017,0,1
2023-10-29,DMA_083,59.605307371027806,0,0
2023-10-29,DMA_084,66.0971454998982,0,0
2023-10-29,DMA_085,62.05773677182844,0,0
2023-10-29,DMA_086,66.27387489843393,0,0
2023-10-29,DMA_087,69.43564786745218,0,0
2023-10-29,DMA_088,58.444200465963576,0,0
2023-10-29,DMA_089,63.196555653685905,0,0
2023-10-29,DMA_090,63.54416369278662,0,1
2023-10-29,DMA_091,71.6251039175433,0,1
2023-10-29,DMA_092,73.98427777032835,0,0
2023-10-29,DMA_093,68.1475179920783,0,0
2023-10-29,DMA_094,62.81819903626081,0,0
2023-10-29,DMA_095,68.7698193375607,0,0
2023-10-29,DMA_096,60.110857511588996,0,0
2023-10-29,DMA_097,62.88005566654413,0,0
2023-10-29,DMA_098,64.09671119583476,0,0
2023-10-29,DMA_099,56.42938541895293,0,0
2023-10-29,DMA_100,56.90640428650497,0,1
2023-10-29,DMA_101,64.12879569605174,0,0
2023-10-29,DMA_102,46.503569520733386,0,0
2023-10-29,DMA_103,60.32900690244679,0,0
2023-10-29,DMA_104,60.013232610660886,0,0
2023-10-29,DMA_105,56.997530172512135,0,0
2023-10-29,DMA_106,62.4503606623906,0,0
2023-10-29,DMA_107,54.533062442292405,0,0
2023-10-29,DMA_108,69.56556137351724,0,0
2023-10-29,DMA_109,49.093931931467594,0,0
2023-10-29,DMA_110,72.66370290753518,0,0
2023-10-29,DMA_111,59.98782499951855,0,0
2023-10-29,DMA_112,56.40063495106545,0,0
2023-10-29,DMA_113,75.54044946731531,0,0
2023-10-29,DMA_114,64.82948242615636,0,0
2023-10-29,DMA_115,54.64654114844776,0,0
2023-10-29,DMA_116,69.64488641501676,0,0
2023-10-29,DMA_117,69.98804247337009,0,0
2023-10-29,DMA_118,59.839069934848546,0,0
2023-10-29,DMA_119,63.6091513756363,0,0
2023-10-29,DMA_120,60.76873688975078,0,0
2023-10-29,DMA_121,57.68074478017548,0,0
2023-10-29,DMA_122,74.79369078467889,0,1
2023-10-29,DMA_123,54.771436210696976,0,0
2023-10-29,DMA_124,70.69016908705886,0,0
2023-10-29,DMA_125,56.8775781042287,0,0
2023-10-29,DMA_126,61.81813723586779,0,0
2023-10-29,DMA_127,59.80647456359555,0,1
2023-10-29,DMA_128,60.77356266450476,0,0
2023-10-29,DMA_129,58.95774141272587,0,0
2023-10-29,DMA_130,58.90842698485067,0,0
2023-10-29,DMA_131,65.57826767934799,0,1
2023-10-29,DMA_132,73.99645383607316,0,0
2023-10-29,DMA_133,64.11186466774616,0,0
2023-10-29,DMA_134,59.83384640505451,0,1
2023-10-29,DMA_135,68.89624200713274,0,0
2023-10-29,DMA_136,64.206428400741,0,0
2023-10-29,DMA_137,59.57225836890751,0,0
2023-10-29,DMA_138,57.7957938662094,0,0
2023-10-29,DMA_139,64.4533271402733,0,1
2023-10-29,DMA_140,69.51944170677365,0,0
2023-10-29,DMA_141,68.9862458165444,0,0
2023-10-29,DMA_142,66.95129195326896,0,0
2023-10-29,DMA_143,66.29971039203252,0,0
2023-10-29,DMA_144,56.59407257341488,0,0
2023-10-29,DMA_145,60.55186128012129,0,0
2023-10-29,DMA_146,61.46397614142248,0,0
2023-10-29,DMA_147,62.67780901157367,0,0
2023-10-29,DMA_148,65.43082764966798,0,1
2023-10-29,DMA_149,59.48195351132984,0,0
2023-10-29,DMA_150,70.54758666182244,0,0
2023-11-05,DMA_001,68.85561986666093,0,0
2023-11-05,DMA_002,59.168452700694786,0,0
2023-11-05,DMA_003,76.7359311451219,0,0
2023-11-05,DMA_004,72.2218773724127,0,0
2023-11-05,DMA_005,65.36963924280255,0,0
2023-11-05,DMA_006,68.6221712904294,0,0
2023-11-05,DMA_007,72.61389807917902,0,0
2023-11-05,DMA_008,63.008958585463255,0,0
2023-11-05,DMA_009,72.30931813324172,0,0
2023-11-05,DMA_010,70.4711034720662,0,0
2023-11-05,DMA_011,62.51268398913652,0,0
2023-11-05,DMA_012,66.89530135041325,0,1
2023-11-05,DMA_013,63.99303051443198,0,0
2023-11-05,DMA_014,65.18129281712122,0,1
2023-11-05,DMA_015,60.894472103673166,0,0
2023-11-05,DMA_016,73.86448021720453,0,1
2023-11-05,DMA_017,65.34233661328182,0,1
2023-11-05,DMA_018,67.51075172303385,0,0
2023-11-05,DMA_019,64.79502496417803,0,0
2023-11-05,DMA_020,69.94776120990993,0,0
2023-11-05,DMA_021,76.33461398732211,0,0
2023-11-05,DMA_022,65.36977135526988,0,0
2023-11-05,DMA_023,67.51524375100813,0,1
2023-11-05,DMA_024,69.74064362326685,0,0
2023-11-05,DMA_025,72.45633595911208,0,0
2023-11-05,DMA_026,58.15881694618884,0,0
2023-11-05,DMA_027,65.85473834150413,0,0
2023-11-05,DMA_028,70.14436379286694,0,0
2023-11-05,DMA_029,66.71768319772126,0,0
2023-11-05,DMA_030,71.88688024924633,0,0
2023-11-05,DMA_031,58.44782591983951,0,0
2023-11-05,DMA_032,76.33770101359018,0,0
2023-11-05,DMA_033,56.67128727841775,0,0
2023-11-05,DMA_034,59.39508724450957,0,1
2023-11-05,DMA_035,61.301651500062704,0,0
2023-11-05,DMA_036,75.91913554931787,0,0
2023-11-05,DMA_037,66.86280580392452,0,1
2023-11-05,DMA_038,61.45804695614342,0,0
2023-11-05,DMA_039,57.66220394766552,0,0
2023-11-05,DMA_040,69.32379474002333,0,0
2023-11-05,DMA_041,60.33822159256203,0,0
2023-11-05,DMA_042,66.11639427108103,0,0
2023-11-05,DMA_043,65.72068262311642,0,0
2023-11-05,DMA_044,66.54148172298335,0,1
2023-11-05,DMA_045,69.27864695341317,0,0
2023-11-05,DMA_046,64.53093021630366,0,0
2023-11-05,DMA_047,60.215529976158514,0,1
2023-11-05,DMA_048,62.63520604249814,0,0
2023-11-05,DMA_049,77.8519847468539,0,0
2023-11-05,DMA_050,62.38378405553545,0,0
2023-11-05,DMA_051,65.75803596652194,0,1
2023-11-05,DMA_052,64.35395780572561,0,0
2023-11-05,DMA_053,58.772446077314605,0,0
2023-11-05,DMA_054,66.53118919619475,0,1
2023-11-05,DMA_055,79.16424538236902,0,0
2023-11-05,DMA_056,63.56360755861761,0,0
2023-11-05,DMA_057,62.49681416668199,0,0
2023-11-05,DMA_058,66.48039011367348,0,0
2023-11-05,DMA_059,66.78077898546469,0,0
2023-11-05,DMA_060,65.1328018281062,0,0
2023-11-05,DMA_061,61.177717732571146,0,0
2023-11-05,DMA_062,66.76076167605771,0,0
2023-11-05,DMA_063,62.09911087026744,0,0
2023-11-05,DMA_064,73.01883545427161,0,0
2023-11-05,DMA_065,57.28037145591972,0,0
2023-11-05,DMA_066,70.41644427812324,0,0
2023-11-05,DMA_067,62.06981593423577,0,0
2023-11-05,DMA_068,63.445088680301886,0,0
2023-11-05,DMA_069,79.5237708368911,0,0
2023-11-05,DMA_070,65.42457239704129,0,0
2023-11-05,DMA_071,65.45878565964621,0,1
2023-11-05,DMA_072,72.11844796538966,0,0
2023-11-05,DMA_073,70.0699438549504,0,0
2023-11-05,DMA_074,60.49056756774572,0,0
2023-11-05,DMA_075,75.21351999839526,0,0
2023-11-05,DMA_076,63.21016501329116,0,0
2023-11-05,DMA_077,68.10150431217738,0,0
2023-11-05,DMA_078,65.37866188114774,0,0
2023-11-05,DMA_079,61.732023665994674,0,0
2023-11-05,DMA_080,62.37752228633132,0,0
2023-11-05,DMA_081,53.619228433501284,0,0
2023-11-05,DMA_082,76.51401769265458,0,0
2023-11-05,DMA_083,63.67688525930827,0,0
2023-11-05,DMA_084,69.27639983968885,0,0
2023-11-05,DMA_085,82.05328074376828,0,1
2023-11-05,DMA_086,63.84600436922164,0,0
2023-11-05,DMA_087,64.27785575005521,0,0
2023-11-05,DMA_088,65.1999591235658,0,1
2023-11-05,DMA_089,73.1391279752017,0,0
2023-11-05,DMA_090,58.586662819123305,0,0
2023-11-05,DMA_091,66.41360092000356,0,1
2023-11-05,DMA_092,69.0130916189408,0,0
2023-11-05,DMA_093,57.92395708842608,0,0
2023-11-05,DMA_094,59.89834099394352,0,1
2023-11-05,DMA_095,65.42941979384345,0,0
2023-11-05,DMA_096,70.99618591533078,0,1
2023-11-05,DMA_097,70.39094823600433,0,0
2023-11-05,DMA_098,69.78340065847966,0,0
2023-11-05,DMA_099,79.13155498095468,0,0
2023-11-05,DMA_100,79.12888383357375,0,1
2023-11-05,DMA_101,69.6601918398449,0,0
2023-11-05,DMA_102,63.18557752516496,0,0
2023-11-05,DMA_103,63.909452162687046,0,0
2023-11-05,DMA_104,61.598089205312164,0,0
2023-11-05,DMA_105,67.3469628710649,0,0
2023-11-05,DMA_106,71.20961055542122,0,0
2023-11-05,DMA_107,62.92761475409629,0,0
2023-11-05,DMA_108,57.62011455293772,0,0
2023-11-05,DMA_109,60.63327912529853,0,0
2023-11-05,DMA_110,70.21630537381952,0,0
2023-11-05,DMA_111,69.47073798179656,0,0
2023-11-05,DMA_112,67.50277401073974,0,0
2023-11-05,DMA_113,67.8428169269566,0,0
2023-11-05,DMA_114,68.91256047953146,0,0
2023-11-05,DMA_115,60.668129882747834,0,0
2023-11-05,DMA_116,66.54910078833677,0,1
2023-11-05,DMA_117,67.38174605935146,0,0
2023-11-05,DMA_118,63.08272533711617,0,0
2023-11-05,DMA_119,56.45569705535485,0,1
2023-11-05,DMA_120,68.89581479210369,0,0
2023-11-05,DMA_121,71.31690310346812,0,0
2023-11-05,DMA_122,54.525299929335056,0,0
2023-11-05,DMA_123,67.57658153507086,0,0
2023-11-05,DMA_124,69.45145488329112,0,0
2023-11-05,DMA_125,61.12825087642308,0,1
2023-11-05,DMA_126,66.25401352187036,0,0
2023-11-05,DMA_127,71.0444160466146,0,0
2023-11-05,DMA_128,63.44811245097208,0,0
2023-11-05,DMA_129,66.8084974202382,0,0
2023-11-05,DMA_130,66.63193585933901,0,1
2023-11-05,DMA_131,69.9441598647996,0,1
2023-11-05,DMA_132,61.33369592816043,0,1
2023-11-05,DMA_133,74.69418929270329,0,0
2023-11-05,DMA_134,66.91003319354951,0,0
2023-11-05,DMA_135,67.39907870712517,0,0
2023-11-05,DMA_136,57.967545269407395,0,0
2023-11-05,DMA_137,60.40727343493291,0,0
2023-11-05,DMA_138,60.60511537226679,0,0
2023-11-05,DMA_139,73.59176902483938,0,0
2023-11-05,DMA_140,70.68085169860466,0,0
2023-11-05,DMA_141,62.92435847194933,0,0
2023-11-05,DMA_142,72.55360900759712,0,0
2023-11-05,DMA_143,62.569363053005404,0,0
2023-11-05,DMA_144,72.50807101756969,0,0
2023-11-05,DMA_145,58.405203347787435,0,1
2023-11-05,DMA_146,69.28359601336524,0,0
2023-11-05,DMA_147,75.19822760558601,0,0
2023-11-05,DMA_148,66.24277357771368,0,0
2023-11-05,DMA_149,59.67020751018558,0,0
2023-11-05,DMA_150,69.35647262580062,0,0
2023-11-12,DMA_001,57.73147327832639,0,0
2023-11-12,DMA_002,66.74559792873097,0,0
2023-11-12,DMA_003,65.70419012678362,0,0
2023-11-12,DMA_004,64.03123430687432,0,0
2023-11-12,DMA_005,70.7355405378876,0,1
2023-11-12,DMA_006,61.965361814923696,0,0
2023-11-12,DMA_007,63.11521052422221,0,0
2023-11-12,DMA_008,72.84243846403206,0,0
2023-11-12,DMA_009,59.135937591065186,0,0
2023-11-12,DMA_010,77.13586779380216,0,0
2023-11-12,DMA_011,71.2859393880272,0,0
2023-11-12,DMA_012,73.46224851723761,0,1
2023-11-12,DMA_013,65.87601028332233,0,0
2023-11-12,DMA_014,67.21784563533627,0,0
2023-11-12,DMA_015,69.36043621596464,0,0
2023-11-12,DMA_016,59.618273138828556,0,0
2023-11-12,DMA_017,72.99462411728453,0,0
2023-11-12,DMA_018,79.29125046975133,0,1
2023-11-12,DMA_019,78.39878606669245,0,0
2023-11-12,DMA_020,73.3199538151669,0,1
2023-11-12,DMA_021,67.22519034337927,0,0
2023-11-12,DMA_022,68.2692063905145,0,0
2023-11-12,DMA_023,77.47042169895643,0,1
2023-11-12,DMA_024,71.7964757976151,0,0
2023-11-12,DMA_025,65.99848343539134,0,0
2023-11-12,DMA_026,51.68601581524595,0,0
2023-11-12,DMA_027,69.92888811923223,0,0
2023-11-12,DMA_028,66.66760714184437,0,0
2023-11-12,DMA_029,57.339045475421955,0,0
2023-11-12,DMA_030,70.70841806008428,0,0
2023-11-12,DMA_031,79.08378114431328,0,0
2023-11-12,DMA_032,76.35711325192294,0,0
2023-11-12,DMA_033,64.85886478797882,0,1
2023-11-12,DMA_034,73.64606598334434,0,0
2023-11-12,DMA_035,62.24650973692772,0,1
2023-11-12,DMA_036,69.7105191142588,0,0
2023-11-12,DMA_037,77.63855021053939,0,0
2023-11-12,DMA_038,71.09664658647492,0,0
2023-11-12,DMA_039,67.45138265015694,0,0
2023-11-12,DMA_040,70.0585925438938,0,0
2023-11-12,DMA_041,69.73036878337857,0,0
2023-11-12,DMA_042,69.47797128337344,0,1
2023-11-12,DMA_043,67.9999423273161,0,0
2023-11-12,DMA_044,67.66832115073024,0,0
2023-11-12,DMA_045,68.60101169382337,0,0
2023-11-12,DMA_046,72.82172579481126,0,0
2023-11-12,DMA_047,72.25967038400076,0,0
2023-11-12,DMA_048,80.20626959598769,0,0
2023-11-12,DMA_049,66.29655129290789,0,0
2023-11-12,DMA_050,59.11826812999513,0,0
2023-11-12,DMA_051,67.8471529956088,0,0
2023-11-12,DMA_052,62.250288365904666,0,0
2023-11-12,DMA_053,81.46735989118349,0,0
2023-11-12,DMA_054,61.66268138766917,0,0
2023-11-12,DMA_055,65.82569918413424,0,0
2023-11-12,DMA_056,63.75819441990002,0,0
2023-11-12,DMA_057,72.43965301434737,0,0
2023-11-12,DMA_058,71.41672361388628,0,0
2023-11-12,DMA_059,58.764048034189166,0,1
2023-11-12,DMA_060,78.03824105675328,0,0
2023-11-12,DMA_061,72.86887928169187,0,0
2023-11-12,DMA_062,72.45234322780311,0,1
2023-11-12,DMA_063,64.48562586957429,0,0
2023-11-12,DMA_064,65.12611456739894,0,0
2023-11-12,DMA_065,74.87159407435463,0,0
2023-11-12,DMA_066,60.0564255292255,0,0
2023-11-12,DMA_067,64.58049535033086,0,0
2023-11-12,DMA_068,70.80287248146563,0,0
2023-11-12,DMA_069,76.588722795586,0,0
2023-11-12,DMA_070,85.51056001163947,0,0
2023-11-12,DMA_071,73.26982795457866,0,0
2023-11-12,DMA_072,72.71599452740931,0,0
2023-11-12,DMA_073,77.83237303600501,0,0
2023-11-12,DMA_074,71.1755680208136,0,1
2023-11-12,DMA_075,60.235863226971276,0,0
2023-11-12,DMA_076,68.2800148246334,0,0
2023-11-12,DMA_077,58.08103039545035,0,0
2023-11-12,DMA_078,64.65439641481213,0,0
2023-11-12,DMA_079,83.10740224606508,0,0
2023-11-12,DMA_080,77.53195853191777,0,0
2023-11-12,DMA_081,64.3645044738465,0,0
2023-11-12,DMA_082,71.58832943037706,0,0
2023-11-12,DMA_083,66.52448140867659,0,0
2023-11-12,DMA_084,55.99716941220298,0,0
2023-11-12,DMA_085,62.90957264468781,0,1
2023-11-12,DMA_086,74.60926854787077,0,1
2023-11-12,DMA_087,71.95682455948145,0,0
2023-11-12,DMA_088,73.12788202389288,0,0
2023-11-12,DMA_089,61.75474012443014,0,0
2023-11-12,DMA_090,68.89986044483018,0,0
2023-11-12,DMA_091,71.96709083410056,0,0
2023-11-12,DMA_092,68.53925413753939,0,0
2023-11-12,DMA_093,62.19289073380723,0,0
2023-11-12,DMA_094,56.65686477252274,0,1
2023-11-12,DMA_095,69.97177791742797,0,0
2023-11-12,DMA_096,57.95736283646829,0,0
2023-11-12,DMA_097,70.39192514823611,0,1
2023-11-12,DMA_098,65.76082595874182,0,0
2023-11-12,DMA_099,63.187027953298056,0,0
2023-11-12,DMA_100,73.9767907272306,0,0
2023-11-12,DMA_101,74.77446958452099,0,0
2023-11-12,DMA_102,65.92280543651688,0,0
2023-11-12,DMA_103,65.31985076674154,0,0
2023-11-12,DMA_104,72.8975461847495,0,0
2023-11-12,DMA_105,77.43524937528284,0,0
2023-11-12,DMA_106,73.46769146395613,0,0
2023-11-12,DMA_107,63.5642830766545,0,0
2023-11-12,DMA_108,69.45126562389939,0,0
2023-11-12,DMA_109,58.17982836801542,0,0
2023-11-12,DMA_110,71.70022338743638,0,0
2023-11-12,DMA_111,62.539139800660564,0,0
2023-11-12,DMA_112,65.76353595540589,0,1
2023-11-12,DMA_113,62.42070634023241,0,0
2023-11-12,DMA_114,72.43416436838638,0,0
2023-11-12,DMA_115,76.17352543504518,0,0
2023-11-12,DMA_116,78.18261581055509,0,0
2023-11-12,DMA_117,70.87504010025373,0,1
2023-11-12,DMA_118,61.81289757908312,0,0
2023-11-12,DMA_119,68.29400982109728,0,0
2023-11-12,DMA_120,59.74806584961957,0,0
2023-11-12,DMA_121,64.22956836094973,0,0
2023-11-12,DMA_122,58.15119854197191,0,0
2023-11-12,DMA_123,68.05748131955322,0,0
2023-11-12,DMA_124,72.05061577487916,0,0
2023-11-12,DMA_125,67.56699177974063,0,0
2023-11-12,DMA_126,67.3100338664667,0,1
2023-11-12,DMA_127,62.15686653176708,0,0
2023-11-12,DMA_128,74.04046934096915,0,0
2023-11-12,DMA_129,73.28159316614654,0,0
2023-11-12,DMA_130,71.2459608949007,0,0
2023-11-12,DMA_131,67.83061411152576,0,0
2023-11-12,DMA_132,65.58234203764856,0,1
2023-11-12,DMA_133,69.04929744991283,0,0
2023-11-12,DMA_134,62.59991399376445,0,0
2023-11-12,DMA_135,64.06773188168891,0,0
2023-11-12,DMA_136,66.34216732899671,0,0
2023-11-12,DMA_137,67.39194188499171,0,0
2023-11-12,DMA_138,74.61499313737356,0,0
2023-11-12,DMA_139,76.51020577763663,0,0
2023-11-12,DMA_140,70.11147688750316,0,0
2023-11-12,DMA_141,70.96962886997005,0,0
2023-11-12,DMA_142,62.918758275015904,0,0
2023-11-12,DMA_143,64.44140387432985,0,0
2023-11-12,DMA_144,60.2838746948059,0,0
2023-11-12,DMA_145,66.0332272371212,0,0
2023-11-12,DMA_146,65.04177111273712,0,0
2023-11-12,DMA_147,66.42087633731181,0,1
2023-11-12,DMA_148,71.23929088527306,0,0
2023-11-12,DMA_149,73.77191062369624,0,0
2023-11-12,DMA_150,68.39685115397299,0,0
2023-11-19,DMA_001,72.15213844331191,0,0
2023-11-19,DMA_002,74.18801211371998,0,0
2023-11-19,DMA_003,65.33223001156523,0,0
2023-11-19,DMA_004,82.376471207629,0,0
2023-11-19,DMA_005,62.6409199087717,0,0
2023-11-19,DMA_006,71.36618435065662,0,0
2023-11-19,DMA_007,68.0450523270742,0,0
2023-11-19,DMA_008,65.26934689384622,0,1
2023-11-19,DMA_009,61.1133885635016,0,1
2023-11-19,DMA_010,71.89034072514569,0,0
2023-11-19,DMA_011,61.03265713077501,0,0
2023-11-19,DMA_012,69.55815654424663,0,1
2023-11-19,DMA_013,77.32850150527426,0,0
2023-11-19,DMA_014,72.73127990270457,0,0
2023-11-19,DMA_015,75.96909297574253,0,0
2023-11-19,DMA_016,59.515499736415634,0,0
2023-11-19,DMA_017,75.02360690364603,0,0
2023-11-19,DMA_018,70.88890216542043,0,0
2023-11-19,DMA_019,68.25816745873466,0,1
2023-11-19,DMA_020,67.84634976752744,0,0
2023-11-19,DMA_021,78.5239679990798,0,0
2023-11-19,DMA_022,75.84980239268091,0,0
2023-11-19,DMA_023,68.93368084741807,0,0
2023-11-19,DMA_024,82.32336235592852,0,0
2023-11-19,DMA_025,67.15198357790187,0,0
2023-11-19,DMA_026,70.6274525313054,0,0
2023-11-19,DMA_027,68.05020684099564,0,1
2023-11-19,DMA_028,71.7686564461244,0,1
2023-11-19,DMA_029,86.83096957301234,0,0
2023-11-19,DMA_030,71.90287325606795,0,0
2023-11-19,DMA_031,62.332637127274964,0,0
2023-11-19,DMA_032,75.96047843700785,0,0
2023-11-19,DMA_033,75.86268448607927,0,1
2023-11-19,DMA_034,72.67437001181706,0,0
2023-11-19,DMA_035,78.47496220125603,0,0
2023-11-19,DMA_036,76.72877440707815,0,0
2023-11-19,DMA_037,72.33726376156258,0,0
2023-11-19,DMA_038,70.81914151564939,0,0
2023-11-19,DMA_039,78.06916485009003,0,0
2023-11-19,DMA_040,79.64196791197467,0,0
2023-11-19,DMA_041,74.16218687120441,0,1
2023-11-19,DMA_042,69.81612387493678,0,0
2023-11-19,DMA_043,68.23636049213343,0,0
2023-11-19,DMA_044,76.61585981642696,0,0
2023-11-19,DMA_045,66.80411855525539,0,0
2023-11-19,DMA_046,69.61394353137123,0,0
2023-11-19,DMA_047,76.4777404848632,0,0
2023-11-19,DMA_048,66.59962897130964,0,0
2023-11-19,DMA_049,64.10705856698033,0,0
2023-11-19,DMA_050,66.92321597708354,0,1
2023-11-19,DMA_051,75.81027271962553,0,0
2023-11-19,DMA_052,88.38433635180175,0,0
2023-11-19,DMA_053,63.4325620075902,0,0
2023-11-19,DMA_054,71.04909301044599,0,0
2023-11-19,DMA_055,69.92262181727892,0,0
2023-11-19,DMA_056,79.01360092699954,0,1
2023-11-19,DMA_057,60.846269794702025,0,0
2023-11-19,DMA_058,73.5008119426407,0,0
2023-11-19,DMA_059,80.11348110653498,0,0
2023-11-19,DMA_060,65.04424682212675,0,1
2023-11-19,DMA_061,62.91135540272453,0,0
2023-11-19,DMA_062,72.68479741549731,0,0
2023-11-19,DMA_063,70.80708493558787,0,0
2023-11-19,DMA_064,72.41777684909404,0,0
2023-11-19,DMA_065,72.91454017741805,0,0
2023-11-19,DMA_066,76.13844447654013,0,0
2023-11-19,DMA_067,66.07704129308031,0,0
2023-11-19,DMA_068,70.38787592781004,0,1
2023-11-19,DMA_069,74.07395595461436,0,0
2023-11-19,DMA_070,79.66160972226022,0,0
2023-11-19,DMA_071,76.97269457268281,0,0
2023-11-19,DMA_072,75.96316285771566,0,0
2023-11-19,DMA_073,70.69701878877267,0,0
2023-11-19,DMA_074,72.95191790614201,0,1
2023-11-19,DMA_075,68.76900597259959,0,0
2023-11-19,DMA_076,70.95616954851924,0,1
2023-11-19,DMA_077,64.8310855723547,0,0
2023-11-19,DMA_078,82.37124084278464,0,1
2023-11-19,DMA_079,65.61999335205715,0,0
2023-11-19,DMA_080,66.97627529111696,0,0
2023-11-19,DMA_081,74.52494213538667,0,1
2023-11-19,DMA_082,69.92971251469555,0,0
2023-11-19,DMA_083,72.4491566615508,0,0
2023-11-19,DMA_084,76.0083676004619,0,0
2023-11-19,DMA_085,75.29966720196273,0,0
2023-11-19,DMA_086,72.54214168480716,0,0
2023-11-19,DMA_087,69.24147048724431,0,0
2023-11-19,DMA_088,74.8175587817628,0,0
2023-11-19,DMA_089,76.6751428129995,0,0
2023-11-19,DMA_090,74.5384049840539,0,0
2023-11-19,DMA_091,80.85333017089665,0,0
2023-11-19,DMA_092,69.47330560911563,0,0
2023-11-19,DMA_093,69.6282548080025,0,1
2023-11-19,DMA_094,70.50101728801903,0,0
2023-11-19,DMA_095,80.57440607232398,0,0
2023-11-19,DMA_096,67.38875596748763,0,0
2023-11-19,DMA_097,79.14473843888554,0,0
2023-11-19,DMA_098,72.74671279600396,0,0
2023-11-19,DMA_099,66.33672716762234,0,0
2023-11-19,DMA_100,81.78175451362016,0,0
2023-11-19,DMA_101,72.33475951459897,0,0
2023-11-19,DMA_102,67.41540027159975,0,0
2023-11-19,DMA_103,70.79449531682617,0,0
2023-11-19,DMA_104,75.91476761437268,0,0
2023-11-19,DMA_105,75.23899896861546,0,0
2023-11-19,DMA_106,85.15660510840895,0,0
2023-11-19,DMA_107,73.67151784588528,0,0
2023-11-19,DMA_108,76.72109896803948,0,0
2023-11-19,DMA_109,74.81289505446209,0,1
2023-11-19,DMA_110,68.00908025522077,0,0
2023-11-19,DMA_111,80.81195914604973,0,0
2023-11-19,DMA_112,62.14933390831047,0,0
2023-11-19,DMA_113,66.87622362069577,0,0
2023-11-19,DMA_114,65.04615104452445,0,0
2023-11-19,DMA_115,69.90090794524859,0,0
2023-11-19,DMA_116,68.39906891103891,0,0
2023-11-19,DMA_117,82.07294250245101,0,0
2023-11-19,DMA_118,65.24943354888224,0,0
2023-11-19,DMA_119,61.48848727279399,0,0
2023-11-19,DMA_120,63.00034948760749,0,0
2023-11-19,DMA_121,82.83033953110404,0,0
2023-11-19,DMA_122,75.7956288379722,0,0
2023-11-19,DMA_123,61.32148053010462,0,0
2023-11-19,DMA_124,66.45067374196368,0,1
2023-11-19,DMA_125,70.94731657823888,0,0
2023-11-19,DMA_126,76.29601145690783,0,0
2023-11-19,DMA_127,80.45373315190199,0,0
2023-11-19,DMA_128,73.2042037059329,0,0
2023-11-19,DMA_129,81.02382687637618,0,0
2023-11-19,DMA_130,75.73192622863584,0,0
2023-11-19,DMA_131,83.41894822678765,0,0
2023-11-19,DMA_132,79.98621549790624,0,0
2023-11-19,DMA_133,75.87905464159073,0,0
2023-11-19,DMA_134,68.9244646370517,0,0
2023-11-19,DMA_135,77.2938260992437,0,0
2023-11-19,DMA_136,58.694780637568705,0,0
2023-11-19,DMA_137,66.08627968908469,0,0
2023-11-19,DMA_138,71.68354610218259,0,0
2023-11-19,DMA_139,69.63269992428607,0,0
2023-11-19,DMA_140,71.51318316510716,0,0
2023-11-19,DMA_141,70.324032011146,0,1
2023-11-19,DMA_142,62.09930643054636,0,0
2023-11-19,DMA_143,72.68221920362934,0,0
2023-11-19,DMA_144,74.09724872076517,0,0
2023-11-19,DMA_145,68.99742518022978,0,0
2023-11-19,DMA_146,72.0383538041283,0,1
2023-11-19,DMA_147,77.09721806098419,0,0
2023-11-19,DMA_148,79.01976381306989,0,0
2023-11-19,DMA_149,74.34159173897059,0,0
2023-11-19,DMA_150,71.95226817450094,0,0
2023-11-26,DMA_001,77.67310258971636,1,0
2023-11-26,DMA_002,78.66834975842897,1,0
2023-11-26,DMA_003,71.44366893848287,1,0
2023-11-26,DMA_004,63.47976561577269,1,0
2023-11-26,DMA_005,72.1917648336045,1,1
2023-11-26,DMA_006,69.44400457169968,1,0
2023-11-26,DMA_007,71.46811292887762,1,1
2023-11-26,DMA_008,71.97206472528883,1,0
2023-11-26,DMA_009,78.1902892448767,1,0
2023-11-26,DMA_010,77.47835967017382,1,0
2023-11-26,DMA_011,76.63775436084453,1,0
2023-11-26,DMA_012,54.48991894230471,1,0
2023-11-26,DMA_013,78.17118211799463,1,0
2023-11-26,DMA_014,68.29164793271578,1,0
2023-11-26,DMA_015,74.59115527852254,1,0
2023-11-26,DMA_016,75.74149819342692,1,0
2023-11-26,DMA_017,70.60820249697002,1,0
2023-11-26,DMA_018,80.07578587624063,1,0
2023-11-26,DMA_019,61.21729047261145,1,0
2023-11-26,DMA_020,83.34279031993913,1,0
2023-11-26,DMA_021,58.16486135669947,1,0
2023-11-26,DMA_022,78.49300465532852,1,1
2023-11-26,DMA_023,75.60941215483588,1,1
2023-11-26,DMA_024,73.09719015463149,1,0
2023-11-26,DMA_025,69.41712063680976,1,0
2023-11-26,DMA_026,70.299392592602,1,1
2023-11-26,DMA_027,67.5351503655954,1,0
2023-11-26,DMA_028,73.20258426581557,1,0
2023-11-26,DMA_029,73.97598936561957,1,0
2023-11-26,DMA_030,70.37496053596294,1,1
2023-11-26,DMA_031,65.14802834920134,1,0
2023-11-26,DMA_032,73.1139423485821,1,0
2023-11-26,DMA_033,85.50299940832114,1,0
2023-11-26,DMA_034,64.18653072937624,1,0
2023-11-26,DMA_035,78.54658701210268,1,1
2023-11-26,DMA_036,75.32887717757278,1,0
2023-11-26,DMA_037,73.8100816484552,1,0
2023-11-26,DMA_038,73.37897157583043,1,0
2023-11-26,DMA_039,79.87673315887915,1,0
2023-11-26,DMA_040,74.10194236039801,1,0
2023-11-26,DMA_041,69.86549927621773,1,1
2023-11-26,DMA_042,62.949438407551696,1,0
2023-11-26,DMA_043,73.34052873867813,1,0
2023-11-26,DMA_044,75.75987708866418,1,1
2023-11-26,DMA_045,73.96508440912541,1,1
2023-11-26,DMA_046,69.8862058558777,1,0
2023-11-26,DMA_047,67.29200265237019,1,0
2023-11-26,DMA_048,75.4392098211696,1,0
2023-11-26,DMA_049,74.69371341784453,1,0
2023-11-26,DMA_050,79.21650989939529,1,0
2023-11-26,DMA_051,77.68131389887407,1,0
2023-11-26,DMA_052,83.26428575992776,1,0
2023-11-26,DMA_053,73.01233800420684,1,0
2023-11-26,DMA_054,67.11028964840794,1,0
2023-11-26,DMA_055,72.51060225873387,1,0
2023-11-26,DMA_056,75.27863295190333,1,1
2023-11-26,DMA_057,72.63478906993964,1,0
2023-11-26,DMA_058,82.8691937744795,1,0
2023-11-26,DMA_059,66.73230511588855,1,0
2023-11-26,DMA_060,75.51989108436479,1,0
2023-11-26,DMA_061,77.28708188427184,1,0
2023-11-26,DMA_062,66.83020544474907,1,0
2023-11-26,DMA_063,70.15337810984272,1,0
2023-11-26,DMA_064,71.38047053932007,1,0
2023-11-26,DMA_065,84.31750242573258,1,0
2023-11-26,DMA_066,83.24799059122273,1,0
2023-11-26,DMA_067,73.79910983956059,1,0
2023-11-26,DMA_068,68.16018627279867,1,0
2023-11-26,DMA_069,73.48265879630256,1,0
2023-11-26,DMA_070,70.28869628609282,1,0
2023-11-26,DMA_071,83.69533145215587,1,0
2023-11-26,DMA_072,69.4786450582472,1,0
2023-11-26,DMA_073,77.07125382453593,1,0
2023-11-26,DMA_074,80.13593149091446,1,0
2023-11-26,DMA_075,68.69107776997215,1,0
2023-11-26,DMA_076,64.65401746174844,1,0
2023-11-26,DMA_077,68.43064749724698,1,0
2023-11-26,DMA_078,73.14300599850873,1,0
2023-11-26,DMA_079,70.30606650460317,1,0
2023-11-26,DMA_080,75.31359955188205,1,0
2023-11-26,DMA_081,75.14354057198139,1,1
2023-11-26,DMA_082,75.15746439447803,1,0
2023-11-26,DMA_083,89.07292579626358,1,0
2023-11-26,DMA_084,69.1572979539046,1,0
2023-11-26,DMA_085,71.84906730391926,1,1
2023-11-26,DMA_086,61.58974059889693,1,0
2023-11-26,DMA_087,69.71362222918825,1,1
2023-11-26,DMA_088,67.52996969538236,1,0
2023-11-26,DMA_089,84.58725999298524,1,0
2023-11-26,DMA_090,79.8853698059277,1,0
2023-11-26,DMA_091,70.13004950574486,1,0
2023-11-26,DMA_092,73.59120198458217,1,1
2023-11-26,DMA_093,80.6152301606468,1,0
2023-11-26,DMA_094,67.07360977720475,1,0
2023-11-26,DMA_095,73.24389470078901,1,0
2023-11-26,DMA_096,72.13813492906007,1,0
2023-11-26,DMA_097,70.12574605460273,1,0
2023-11-26,DMA_098,79.98619566883134,1,0
2023-11-26,DMA_099,75.93273838087832,1,1
2023-11-26,DMA_100,80.22884437828763,1,0
2023-11-26,DMA_101,73.52916510416607,1,0
2023-11-26,DMA_102,73.55719853730548,1,0
2023-11-26,DMA_103,69.40707892305623,1,0
2023-11-26,DMA_104,73.40422752006374,1,0
2023-11-26,DMA_105,76.64093802568289,1,0
2023-11-26,DMA_106,64.58269247639099,1,0
2023-11-26,DMA_107,83.69585716704827,1,0
2023-11-26,DMA_108,75.82487067245881,1,0
2023-11-26,DMA_109,78.33428949230975,1,0
2023-11-26,DMA_110,66.75648957977224,1,0
2023-11-26,DMA_111,72.80741253638108,1,0
2023-11-26,DMA_112,85.91386499178299,1,0
2023-11-26,DMA_113,80.87311477371159,1,1
2023-11-26,DMA_114,62.47737912740119,1,1
2023-11-26,DMA_115,59.293672105998795,1,0
2023-11-26,DMA_116,64.49094191229162,1,0
2023-11-26,DMA_117,78.19574711454165,1,0
2023-11-26,DMA_118,86.63271775691902,1,0
2023-11-26,DMA_119,65.53294142183739,1,1
2023-11-26,DMA_120,70.48732159387293,1,0
2023-11-26,DMA_121,74.32712652859082,1,0
2023-11-26,DMA_122,66.60650352233687,1,0
2023-11-26,DMA_123,70.04707345835283,1,0
2023-11-26,DMA_124,65.41387484756956,1,0
2023-11-26,DMA_125,67.68925078297117,1,1
2023-11-26,DMA_126,71.17155270369796,1,1
2023-11-26,DMA_127,75.88292553629566,1,1
2023-11-26,DMA_128,77.9800961007802,1,0
2023-11-26,DMA_129,81.1269969497545,1,0
2023-11-26,DMA_130,79.5739892989562,1,0
2023-11-26,DMA_131,73.45392707355653,1,0
2023-11-26,DMA_132,71.93896219136757,1,0
2023-11-26,DMA_133,62.82800893055286,1,0
2023-11-26,DMA_134,68.16636963225055,1,0
2023-11-26,DMA_135,81.08211758437128,1,0
2023-11-26,DMA_136,76.62966308742826,1,0
2023-11-26,DMA_137,76.34198678131267,1,0
2023-11-26,DMA_138,65.80107013265268,1,0
2023-11-26,DMA_139,74.66696857303718,1,0
2023-11-26,DMA_140,78.44006763706686,1,0
2023-11-26,DMA_141,83.64626216048612,1,0
2023-11-26,DMA_142,80.83617063868675,1,0
2023-11-26,DMA_143,71.57310737634093,1,0
2023-11-26,DMA_144,64.86624599758166,1,0
2023-11-26,DMA_145,70.29040455620704,1,0
2023-11-26,DMA_146,69.6005070508584,1,0
2023-11-26,DMA_147,63.853436745996696,1,1
2023-11-26,DMA_148,70.57880421204239,1,0
2023-11-26,DMA_149,77.98869072995389,1,0
2023-11-26,DMA_150,74.44578408431944,1,0
2023-12-03,DMA_001,71.7734430687924,0,1
2023-12-03,DMA_002,65.04888190024936,0,1
2023-12-03,DMA_003,78.1690200975635,0,0
2023-12-03,DMA_004,78.86493857014428,0,0
2023-12-03,DMA_005,79.41419200552141,0,0
2023-12-03,DMA_006,80.2700788923042,0,0
2023-12-03,DMA_007,66.47626573264021,0,0
2023-12-03,DMA_008,71.40869200078404,0,0
2023-12-03,DMA_009,79.81134942526387,0,0
2023-12-03,DMA_010,69.72844981984785,0,0
2023-12-03,DMA_011,63.38397780417303,0,0
2023-12-03,DMA_012,63.42664664880615,0,0
2023-12-03,DMA_013,68.83058659395135,0,1
2023-12-03,DMA_014,67.71654766926716,0,0
2023-12-03,DMA_015,74.03012489572467,0,0
2023-12-03,DMA_016,78.30390229730946,0,0
2023-12-03,DMA_017,79.12534749233063,0,0
2023-12-03,DMA_018,73.81847669618514,0,0
2023-12-03,DMA_019,79.27761088080486,0,0
2023-12-03,DMA_020,83.53602750791993,0,0
2023-12-03,DMA_021,82.08181687256746,0,0
2023-12-03,DMA_022,64.01648377789132,0,1
2023-12-03,DMA_023,76.80257026668693,0,0
2023-12-03,DMA_024,71.5285088964055,0,0
2023-12-03,DMA_025,73.71709887841261,0,0
2023-12-03,DMA_026,74.02915342255486,0,0
2023-12-03,DMA_027,75.77844692167518,0,0
2023-12-03,DMA_028,77.12957723079572,0,0
2023-12-03,DMA_029,68.19100619818485,0,0
2023-12-03,DMA_030,69.18300628346256,0,0
2023-12-03,DMA_031,83.46391492297451,0,0
2023-12-03,DMA_032,71.9035517496352,0,0
2023-12-03,DMA_033,77.2512209493351,0,0
2023-12-03,DMA_034,72.55976898698134,0,0
2023-12-03,DMA_035,81.11879048180978,0,0
2023-12-03,DMA_036,77.80071894012845,0,0
2023-12-03,DMA_037,82.70690206940006,0,1
2023-12-03,DMA_038,81.70772094736019,0,0
2023-12-03,DMA_039,73.48822650423747,0,0
2023-12-03,DMA_040,85.13541594896807,0,0
2023-12-03,DMA_041,81.59029589107807,0,0
2023-12-03,DMA_042,79.2656088939368,0,0
2023-12-03,DMA_043,71.83943377337681,0,0
2023-12-03,DMA_044,76.24793808093538,0,0
2023-12-03,DMA_045,77.42240637521178,0,0
2023-12-03,DMA_046,85.73486914063007,0,0
2023-12-03,DMA_047,75.2293007585528,0,0
2023-12-03,DMA_048,77.19180885164009,0,0
2023-12-03,DMA_049,80.03881703634237,0,0
2023-12-03,DMA_050,72.27987047794406,0,1
2023-12-03,DMA_051,78.76527209910488,0,0
2023-12-03,DMA_052,76.48328522300099,0,0
2023-12-03,DMA_053,66.31296029612687,0,0
2023-12-03,DMA_054,85.54982188248964,0,0
2023-12-03,DMA_055,73.49644294204234,0,0
2023-12-03,DMA_056,77.96427626889395,0,0
2023-12-03,DMA_057,71.56824723984998,0,0
2023-12-03,DMA_058,82.41306695094306,0,1
2023-12-03,DMA_059,80.69600797986368,0,0
2023-12-03,DMA_060,71.74861021805641,0,0
2023-12-03,DMA_061,74.051520838963,0,0
2023-12-03,DMA_062,76.00362886848254,0,0
2023-12-03,DMA_063,77.18591843784583,0,0
2023-12-03,DMA_064,72.74963212105567,0,0
2023-12-03,DMA_065,63.48717666401994,0,0
2023-12-03,DMA_066,88.37712110881058,0,0
2023-12-03,DMA_067,67.85415104227356,0,0
2023-12-03,DMA_068,73.78444843291078,0,0
2023-12-03,DMA_069,81.55329538781487,0,0
2023-12-03,DMA_070,81.91414113677625,0,0
2023-12-03,DMA_071,72.2303584430625,0,0
2023-12-03,DMA_072,76.70988556571851,0,0
2023-12-03,DMA_073,83.0546241628473,0,0
2023-12-03,DMA_074,80.63153764032297,0,1
2023-12-03,DMA_075,88.19938426538428,0,0
2023-12-03,DMA_076,84.54254412322584,0,0
2023-12-03,DMA_077,75.56319990887825,0,0
2023-12-03,DMA_078,72.85678928188493,0,0
2023-12-03,DMA_079,70.21026526600663,0,0
2023-12-03,DMA_080,78.22474597410238,0,1
2023-12-03,DMA_081,77.43384408228816,0,0
2023-12-03,DMA_082,72.20469247538495,0,1
2023-12-03,DMA_083,63.94019560025792,0,0
2023-12-03,DMA_084,71.52093330754694,0,0
2023-12-03,DMA_085,82.13125569997314,0,0
2023-12-03,DMA_086,74.62732683690311,0,0
2023-12-03,DMA_087,78.35042012451767,0,0
2023-12-03,DMA_088,71.643697164225,0,0
2023-12-03,DMA_089,71.77692781745625,0,0
2023-12-03,DMA_090,73.84172972223853,0,1
2023-12-03,DMA_091,66.2713953373154,0,0
2023-12-03,DMA_092,72.54259319803118,0,0
2023-12-03,DMA_093,77.12397094355005,0,0
2023-12-03,DMA_094,86.00932084478458,0,0
2023-12-03,DMA_095,77.92103051375973,0,0
2023-12-03,DMA_096,78.51809077094502,0,0
2023-12-03,DMA_097,89.09121528163229,0,0
2023-12-03,DMA_098,85.1959897420679,0,0
2023-12-03,DMA_099,75.89019654260186,0,0
2023-12-03,DMA_100,70.65819317695113,0,0
2023-12-03,DMA_101,77.38872061933613,0,0
2023-12-03,DMA_102,70.73514457492146,0,0
2023-12-03,DMA_103,73.42797386812002,0,0
2023-12-03,DMA_104,64.52601785808046,0,0
2023-12-03,DMA_105,77.12621259636224,0,0
2023-12-03,DMA_106,71.58249632868714,0,0
2023-12-03,DMA_107,69.42501463363924,0,0
2023-12-03,DMA_108,67.20729239175645,0,1
2023-12-03,DMA_109,78.3045158473083,0,0
2023-12-03,DMA_110,80.92573500190151,0,0
2023-12-03,DMA_111,78.73266620094537,0,0
2023-12-03,DMA_112,72.75312910378905,0,0
2023-12-03,DMA_113,77.69380595295999,0,0
2023-12-03,DMA_114,69.84217083810682,0,0
2023-12-03,DMA_115,78.48157350040255,0,0
2023-12-03,DMA_116,68.77568556139371,0,1
2023-12-03,DMA_117,78.71697091883114,0,0
2023-12-03,DMA_118,82.08452909688152,0,0
2023-12-03,DMA_119,69.13365588569711,0,0
2023-12-03,DMA_120,58.16679971177355,0,0
2023-12-03,DMA_121,74.48386301716631,0,0
2023-12-03,DMA_122,79.4278525260111,0,1
2023-12-03,DMA_123,71.35243735361041,0,0
2023-12-03,DMA_124,76.87984512466035,0,0
2023-12-03,DMA_125,67.57646719323719,0,0
2023-12-03,DMA_126,76.7309961409696,0,1
2023-12-03,DMA_127,80.11524971803854,0,0
2023-12-03,DMA_128,75.25595801278536,0,0
2023-12-03,DMA_129,71.7563226460157,0,0
2023-12-03,DMA_130,81.35500797983075,0,0
2023-12-03,DMA_131,64.17127974517516,0,0
2023-12-03,DMA_132,80.65017428999532,0,0
2023-12-03,DMA_133,78.22740324546314,0,0
2023-12-03,DMA_134,76.2668763301003,0,0
2023-12-03,DMA_135,67.15651858302824,0,1
2023-12-03,DMA_136,77.50027235610509,0,0
2023-12-03,DMA_137,76.07907552671327,0,0
2023-12-03,DMA_138,85.742802471267,0,0
2023-12-03,DMA_139,79.39779708077108,0,0
2023-12-03,DMA_140,73.65730579257578,0,0
2023-12-03,DMA_141,73.46675977363586,0,0
2023-12-03,DMA_142,70.93420753867025,0,0
2023-12-03,DMA_143,79.7187444932353,0,0
2023-12-03,DMA_144,75.92990395383693,0,1
2023-12-03,DMA_145,80.56012039584238,0,0
2023-12-03,DMA_146,77.89854355366883,0,0
2023-12-03,DMA_147,80.09785792874501,0,0
2023-12-03,DMA_148,70.54525925520731,0,0
2023-12-03,DMA_149,76.42780018248712,0,0
2023-12-03,DMA_150,74.4509897546747,0,0
2023-12-10,DMA_001,68.25370597896944,0,0
2023-12-10,DMA_002,70.97083029000562,0,1
2023-12-10,DMA_003,84.87845441100852,0,0
2023-12-10,DMA_004,69.72343646814335,0,1
2023-12-10,DMA_005,69.740810062062,0,0
2023-12-10,DMA_006,76.58563511497897,0,1
2023-12-10,DMA_007,78.14986701694562,0,0
2023-12-10,DMA_008,79.17676358546257,0,0
2023-12-10,DMA_009,80.01874049516756,0,0
2023-12-10,DMA_010,80.38800128505153,0,0
2023-12-10,DMA_011,91.32766512970639,0,1
2023-12-10,DMA_012,72.50250530130386,0,0
2023-12-10,DMA_013,78.40061151523625,0,0
2023-12-10,DMA_014,68.25823076411922,0,0
2023-12-10,DMA_015,82.30940719184707,0,0
2023-12-10,DMA_016,69.5027783720623,0,0
2023-12-10,DMA_017,80.81495548725748,0,0
2023-12-10,DMA_018,77.58942962715128,0,0
2023-12-10,DMA_019,85.46912633489208,0,0
2023-12-10,DMA_020,71.54909533018419,0,0
2023-12-10,DMA_021,78.4288803088497,0,0
2023-12-10,DMA_022,76.15147048493773,0,1
2023-12-10,DMA_023,76.38386551075885,0,0
2023-12-10,DMA_024,73.98627889505927,0,0
2023-12-10,DMA_025,77.88297357276255,0,0
2023-12-10,DMA_026,86.99802547295937,0,0
2023-12-10,DMA_027,68.29361971332739,0,0
2023-12-10,DMA_028,76.11830343273486,0,0
2023-12-10,DMA_029,94.376086538852,0,0
2023-12-10,DMA_030,74.13203635354387,0,0
2023-12-10,DMA_031,70.93812187721093,0,0
2023-12-10,DMA_032,64.54330601516638,0,0
2023-12-10,DMA_033,71.37905893474489,0,0
2023-12-10,DMA_034,83.2833580298603,0,0
2023-12-10,DMA_035,74.24336336621997,0,1
2023-12-10,DMA_036,73.72147651877809,0,0
2023-12-10,DMA_037,77.9939061777966,0,0
2023-12-10,DMA_038,71.22650828901278,0,0
2023-12-10,DMA_039,81.35669561699747,0,1
2023-12-10,DMA_040,79.0263400706193,0,0
2023-12-10,DMA_041,84.42206016015507,0,0
2023-12-10,DMA_042,77.70080093040822,0,0
2023-12-10,DMA_043,79.74822675287658,0,0
2023-12-10,DMA_044,76.26387754305935,0,0
2023-12-10,DMA_045,82.11158999623314,0,1
2023-12-10,DMA_046,69.71023422965617,0,0
2023-12-10,DMA_047,73.14545797709592,0,0
2023-12-10,DMA_048,68.48174029518214,0,0
2023-12-10,DMA_049,71.03680615483796,0,0
2023-12-10,DMA_050,77.44678656148552,0,0
2023-12-10,DMA_051,81.41536698930194,0,0
2023-12-10,DMA_052,74.08992376333788,0,0
2023-12-10,DMA_053,80.98573758482534,0,0
2023-12-10,DMA_054,73.21039890655628,0,1
2023-12-10,DMA_055,78.27948549226646,0,0
2023-12-10,DMA_056,73.12113296759352,0,0
2023-12-10,DMA_057,68.50913450736631,0,0
2023-12-10,DMA_058,74.42543637022187,0,0
2023-12-10,DMA_059,80.52201094588885,0,0
2023-12-10,DMA_060,57.836303659743564,0,1
2023-12-10,DMA_061,74.66903584322984,0,0
2023-12-10,DMA_062,65.04647990759072,0,0
2023-12-10,DMA_063,74.99515351356858,0,1
2023-12-10,DMA_064,73.27875071272656,0,0
2023-12-10,DMA_065,74.21365689328951,0,0
2023-12-10,DMA_066,79.10330689443695,0,0
2023-12-10,DMA_067,76.3836096352614,0,0
2023-12-10,DMA_068,73.15999399501646,0,0
2023-12-10,DMA_069,87.13626610664984,0,1
2023-12-10,DMA_070,77.57397745296174,0,0
2023-12-10,DMA_071,70.31815664914832,0,0
2023-12-10,DMA_072,91.18190842700781,0,0
2023-12-10,DMA_073,76.68771100345847,0,0
2023-12-10,DMA_074,82.06717654457972,0,0
2023-12-10,DMA_075,84.32603300926748,0,0
2023-12-10,DMA_076,78.21511952367688,0,0
2023-12-10,DMA_077,68.35406711726388,0,0
2023-12-10,DMA_078,71.66014383675734,0,0
2023-12-10,DMA_079,75.95054293185201,0,0
2023-12-10,DMA_080,75.47287206710833,0,0
2023-12-10,DMA_081,81.04557462463143,0,0
2023-12-10,DMA_082,67.24835432571945,0,1
2023-12-10,DMA_083,79.82154937960499,0,0
2023-12-10,DMA_084,74.74070277140112,0,0
2023-12-10,DMA_085,71.67745013695163,0,0
2023-12-10,DMA_086,70.41739902050125,0,0
2023-12-10,DMA_087,86.78650362890865,0,0
2023-12-10,DMA_088,70.9429782986875,0,1
2023-12-10,DMA_089,74.15881263267607,0,0
2023-12-10,DMA_090,74.74430860691632,0,0
2023-12-10,DMA_091,87.74956171792543,0,0
2023-12-10,DMA_092,83.91798661053387,0,1
2023-12-10,DMA_093,77.0566703771538,0,1
2023-12-10,DMA_094,84.96132211712523,0,0
2023-12-10,DMA_095,76.75202306748541,0,0
2023-12-10,DMA_096,69.92993122571761,0,0
2023-12-10,DMA_097,78.13873982390491,0,0
2023-12-10,DMA_098,73.87199588953385,0,0
2023-12-10,DMA_099,76.81355932695247,0,0
2023-12-10,DMA_100,73.97010282365932,0,0
2023-12-10,DMA_101,81.37003967464901,0,0
2023-12-10,DMA_102,77.95200352396027,0,0
2023-12-10,DMA_103,70.95969869062485,0,0
2023-12-10,DMA_104,83.56997353384592,0,0
2023-12-10,DMA_105,81.2697125396764,0,0
2023-12-10,DMA_106,83.36609140698513,0,0
2023-12-10,DMA_107,84.72075420297001,0,1
2023-12-10,DMA_108,89.72265231302997,0,0
2023-12-10,DMA_109,77.54003628681811,0,0
2023-12-10,DMA_110,76.08639081795135,0,1
2023-12-10,DMA_111,77.35549497004153,0,0
2023-12-10,DMA_112,79.79265664063952,0,0
2023-12-10,DMA_113,79.66124715103811,0,0
2023-12-10,DMA_114,75.6017591799119,0,1
2023-12-10,DMA_115,76.9002461118774,0,0
2023-12-10,DMA_116,64.81372921913912,0,0
2023-12-10,DMA_117,76.77935697058611,0,0
2023-12-10,DMA_118,76.413824585005,0,0
2023-12-10,DMA_119,80.36141571945134,0,0
2023-12-10,DMA_120,75.68537361028814,0,1
2023-12-10,DMA_121,72.70038804614026,0,1
2023-12-10,DMA_122,80.36878033842544,0,0
2023-12-10,DMA_123,71.37063682343909,0,0
2023-12-10,DMA_124,72.5055323728292,0,1
2023-12-10,DMA_125,69.77716579261778,0,0
2023-12-10,DMA_126,86.24373945604258,0,0
2023-12-10,DMA_127,78.79165457490787,0,0
2023-12-10,DMA_128,84.07738517468069,0,0
2023-12-10,DMA_129,76.71666060326972,0,0
2023-12-10,DMA_130,75.09760628366504,0,0
2023-12-10,DMA_131,74.37801658807409,0,0
2023-12-10,DMA_132,87.10914863173805,0,0
2023-12-10,DMA_133,75.60962182622353,0,0
2023-12-10,DMA_134,76.81118862630626,0,0
2023-12-10,DMA_135,77.51720824020789,0,0
2023-12-10,DMA_136,80.62530729110922,0,1
2023-12-10,DMA_137,77.90152051442942,0,0
2023-12-10,DMA_138,75.15636355380455,0,0
2023-12-10,DMA_139,74.19135385842544,0,0
2023-12-10,DMA_140,89.34950308165537,0,0
2023-12-10,DMA_141,80.75464187744262,0,0
2023-12-10,DMA_142,84.52896410525848,0,0
2023-12-10,DMA_143,85.8981857967363,0,0
2023-12-10,DMA_144,90.18237376890532,0,0
2023-12-10,DMA_145,65.60854803912963,0,0
2023-12-10,DMA_146,77.82135859562423,0,0
2023-12-10,DMA_147,82.0775382771806,0,0
2023-12-10,DMA_148,75.31250046937232,0,0
2023-12-10,DMA_149,78.75535323600842,0,0
2023-12-10,DMA_150,78.10164000870385,0,1
2023-12-17,DMA_001,78.07968691735351,0,0
2023-12-17,DMA_002,72.24917402931453,0,0
2023-12-17,DMA_003,76.49918058696166,0,0
2023-12-17,DMA_004,79.65960585389739,0,0
2023-12-17,DMA_005,75.31743575842457,0,0
2023-12-17,DMA_006,84.44361063316794,0,0
2023-12-17,DMA_007,74.82563595529186,0,0
2023-12-17,DMA_008,91.83464765893679,0,0
2023-12-17,DMA_009,89.51432121085341,0,0
2023-12-17,DMA_010,77.88278874851824,0,1
2023-12-17,DMA_011,71.55378526934238,0,0
2023-12-17,DMA_012,83.4624440212815,0,0
2023-12-17,DMA_013,76.31927379829168,0,1
2023-12-17,DMA_014,69.60517323590668,0,0
2023-12-17,DMA_015,72.91826541618929,0,0
2023-12-17,DMA_016,85.32906760834858,0,0
2023-12-17,DMA_017,72.30383336659223,0,0
2023-12-17,DMA_018,93.38222467073504,0,1
2023-12-17,DMA_019,76.62376801721409,0,1
2023-12-17,DMA_020,81.68003376977414,0,0
2023-12-17,DMA_021,70.10284200268369,0,1
2023-12-17,DMA_022,78.52431255192555,0,0
2023-12-17,DMA_023,74.88238831106946,0,0
2023-12-17,DMA_024,77.44745002368111,0,0
2023-12-17,DMA_025,75.92618929684785,0,0
2023-12-17,DMA_026,85.5750250178343,0,0
2023-12-17,DMA_027,74.21094243995302,0,0
2023-12-17,DMA_028,76.21697424230268,0,0
2023-12-17,DMA_029,64.4081493705007,0,0
2023-12-17,DMA_030,82.16437552028218,0,1
2023-12-17,DMA_031,89.12783658408298,0,0
2023-12-17,DMA_032,76.29791643650876,0,0
2023-12-17,DMA_033,76.36097458006977,0,1
2023-12-17,DMA_034,72.35324516076604,0,0
2023-12-17,DMA_035,89.11207569724914,0,0
2023-12-17,DMA_036,74.94310207908524,0,0
2023-12-17,DMA_037,77.76548936259077,0,0
2023-12-17,DMA_038,74.09755573409633,0,0
2023-12-17,DMA_039,74.82907771311538,0,0
2023-12-17,DMA_040,70.55548657252093,0,0
2023-12-17,DMA_041,78.47227584850748,0,0
2023-12-17,DMA_042,81.7520604655441,0,0
2023-12-17,DMA_043,72.68352397493362,0,0
2023-12-17,DMA_044,76.35890237788048,0,0
2023-12-17,DMA_045,84.73538372987917,0,0
2023-12-17,DMA_046,88.40098368303961,0,0
2023-12-17,DMA_047,77.56958512875019,0,0
2023-12-17,DMA_048,82.12201719629729,0,1
2023-12-17,DMA_049,71.05648616904703,0,1
2023-12-17,DMA_050,83.2695317966447,0,0
2023-12-17,DMA_051,79.8356113218811,0,1
2023-12-17,DMA_052,78.38316931806868,0,0
2023-12-17,DMA_053,78.46174806321773,0,0
2023-12-17,DMA_054,76.78112004983994,0,0
2023-12-17,DMA_055,71.60236372258811,0,0
2023-12-17,DMA_056,68.95945732625255,0,0
2023-12-17,DMA_057,82.14174570459782,0,0
2023-12-17,DMA_058,82.13832598760237,0,0
2023-12-17,DMA_059,83.35324578841926,0,0
2023-12-17,DMA_060,75.86153042355004,0,0
2023-12-17,DMA_061,69.64058690221181,0,0
2023-12-17,DMA_062,70.56238135008638,0,0
2023-12-17,DMA_063,76.33464124163088,0,0
2023-12-17,DMA_064,74.88584771315048,0,0
2023-12-17,DMA_065,73.22436337885837,0,1
2023-12-17,DMA_066,75.81094278331678,0,0
2023-12-17,DMA_067,65.30919590760685,0,0
2023-12-17,DMA_068,74.95816992149105,0,0
2023-12-17,DMA_069,81.30460911394321,0,0
2023-12-17,DMA_070,75.88206290729262,0,0
2023-12-17,DMA_071,77.78492034201169,0,0
2023-12-17,DMA_072,70.54906906046199,0,0
2023-12-17,DMA_073,78.93488918854844,0,0
2023-12-17,DMA_074,73.22881027514313,0,0
2023-12-17,DMA_075,69.72124035732419,0,0
2023-12-17,DMA_076,82.75324823002825,0,0
2023-12-17,DMA_077,86.78296909942718,0,0
2023-12-17,DMA_078,79.12174491645351,0,0
2023-12-17,DMA_079,73.24325051803493,0,0
2023-12-17,DMA_080,81.84337650022442,0,1
2023-12-17,DMA_081,76.01592662391958,0,0
2023-12-17,DMA_082,91.37519355414173,0,0
2023-12-17,DMA_083,82.11474662141202,0,0
2023-12-17,DMA_084,73.41042676491261,0,0
2023-12-17,DMA_085,73.58477342686203,0,0
2023-12-17,DMA_086,84.39485182704506,0,0
2023-12-17,DMA_087,81.34439121789725,0,0
2023-12-17,DMA_088,78.58069640943255,0,0
2023-12-17,DMA_089,88.64597563617079,0,0
2023-12-17,DMA_090,78.79190360729152,0,0
2023-12-17,DMA_091,75.03212849303598,0,0
2023-12-17,DMA_092,91.15291844006117,0,0
2023-12-17,DMA_093,90.44216269792886,0,0
2023-12-17,DMA_094,81.16118892895473,0,0
2023-12-17,DMA_095,85.93471922775069,0,0
2023-12-17,DMA_096,68.29262931379364,0,0
2023-12-17,DMA_097,69.74156392905999,0,0
2023-12-17,DMA_098,80.20102224151674,0,0
2023-12-17,DMA_099,81.77578879784036,0,0
2023-12-17,DMA_100,80.12041137378816,0,0
2023-12-17,DMA_101,78.05450740401042,0,0
2023-12-17,DMA_102,76.44748514916472,0,0
2023-12-17,DMA_103,83.12770866400147,0,0
2023-12-17,DMA_104,72.97365663634501,0,0
2023-12-17,DMA_105,75.37834964344106,0,0
2023-12-17,DMA_106,70.98296399203196,0,0
2023-12-17,DMA_107,81.40674079048739,0,0
2023-12-17,DMA_108,88.02541793193981,0,1
2023-12-17,DMA_109,72.86582976717138,0,0
2023-12-17,DMA_110,87.91991956989686,0,0
2023-12-17,DMA_111,84.97953281060215,0,0
2023-12-17,DMA_112,82.6266967955746,0,0
2023-12-17,DMA_113,75.1379084806876,0,0
2023-12-17,DMA_114,83.62020619589691,0,0
2023-12-17,DMA_115,76.57631724687991,0,0
2023-12-17,DMA_116,81.49050109105741,0,0
2023-12-17,DMA_117,69.99831017293941,0,1
2023-12-17,DMA_118,83.84888561138982,0,0
2023-12-17,DMA_119,72.18130274056233,0,0
2023-12-17,DMA_120,83.16519469113166,0,0
2023-12-17,DMA_121,86.34562431830179,0,0
2023-12-17,DMA_122,76.84430747784377,0,0
2023-12-17,DMA_123,77.15871290802765,0,0
2023-12-17,DMA_124,69.53265391696961,0,0
2023-12-17,DMA_125,76.48267255442688,0,0
2023-12-17,DMA_126,83.1262696351987,0,0
2023-12-17,DMA_127,75.19313095770886,0,0
2023-12-17,DMA_128,64.55601882718908,0,0
2023-12-17,DMA_129,82.02029768289027,0,1
2023-12-17,DMA_130,85.11677614571306,0,0
2023-12-17,DMA_131,87.7214231068274,0,0
2023-12-17,DMA_132,66.71835680752733,0,0
2023-12-17,DMA_133,81.27956918523478,0,0
2023-12-17,DMA_134,73.53925530585889,0,0
2023-12-17,DMA_135,83.26496699300449,0,0
2023-12-17,DMA_136,72.68154686884338,0,0
2023-12-17,DMA_137,76.29251799876378,0,0
2023-12-17,DMA_138,77.73285321710222,0,0
2023-12-17,DMA_139,80.1044366706148,0,1
2023-12-17,DMA_140,66.79672299276736,0,0
2023-12-17,DMA_141,73.12138452696608,0,0
2023-12-17,DMA_142,89.45323890922131,0,0
2023-12-17,DMA_143,88.21211167536609,0,0
2023-12-17,DMA_144,76.85493194080506,0,0
2023-12-17,DMA_145,75.23338831821556,0,0
2023-12-17,DMA_146,79.03318935357666,0,1
2023-12-17,DMA_147,78.35879705098277,0,0
2023-12-17,DMA_148,81.58415871225206,0,0
2023-12-17,DMA_149,75.31075546921437,0,0
2023-12-17,DMA_150,78.78588615263845,0,0
2023-12-24,DMA_001,77.30129050647349,0,0
2023-12-24,DMA_002,78.96362974945605,0,0
2023-12-24,DMA_003,80.42358783581194,0,0
2023-12-24,DMA_004,70.5467313233377,0,0
2023-12-24,DMA_005,85.39082489874087,0,0
2023-12-24,DMA_006,88.76682336669805,0,0
2023-12-24,DMA_007,79.80220660606777,0,0
2023-12-24,DMA_008,71.17025287824998,0,0
2023-12-24,DMA_009,82.69846622101547,0,0
2023-12-24,DMA_010,74.3725749914986,0,0
2023-12-24,DMA_011,68.18808279002329,0,0
2023-12-24,DMA_012,74.51597065928665,0,0
2023-12-24,DMA_013,75.28409422424485,0,0
2023-12-24,DMA_014,77.42487541439006,0,0
2023-12-24,DMA_015,84.85747296968822,0,0
2023-12-24,DMA_016,82.56579818713801,0,0
2023-12-24,DMA_017,78.22803149141725,0,0
2023-12-24,DMA_018,84.04336693603626,0,1
2023-12-24,DMA_019,76.47137891424126,0,0
2023-12-24,DMA_020,74.24536475126672,0,0
2023-12-24,DMA_021,81.06691402573935,0,1
2023-12-24,DMA_022,62.840314076880944,0,0
2023-12-24,DMA_023,94.4886693257292,0,0
2023-12-24,DMA_024,83.16953612347066,0,0
2023-12-24,DMA_025,70.32754504480131,0,1
2023-12-24,DMA_026,85.55605206286504,0,0
2023-12-24,DMA_027,78.06072451490692,0,1
2023-12-24,DMA_028,83.10311613076297,0,1
2023-12-24,DMA_029,86.69210218189437,0,0
2023-12-24,DMA_030,85.70310828286814,0,0
2023-12-24,DMA_031,72.44280240019613,0,1
2023-12-24,DMA_032,74.22358028298667,0,0
2023-12-24,DMA_033,82.18597395911264,0,1
2023-12-24,DMA_034,69.26985495743516,0,0
2023-12-24,DMA_035,84.62775822315635,0,0
2023-12-24,DMA_036,79.10941653770308,0,0
2023-12-24,DMA_037,71.9564107667882,0,1
2023-12-24,DMA_038,71.15288303205298,0,0
2023-12-24,DMA_039,82.27131976657783,0,0
2023-12-24,DMA_040,90.23342873949713,0,0
2023-12-24,DMA_041,73.58816936592336,0,0
2023-12-24,DMA_042,95.84886662242073,0,0
2023-12-24,DMA_043,80.93223248001584,0,0
2023-12-24,DMA_044,71.26753785961581,0,0
2023-12-24,DMA_045,74.46155378498472,0,1
2023-12-24,DMA_046,81.79534348613221,0,0
2023-12-24,DMA_047,89.26426845457922,0,0
2023-12-24,DMA_048,84.58807517072626,0,1
2023-12-24,DMA_049,76.68648029378818,0,0
2023-12-24,DMA_050,81.28113811557765,0,1
2023-12-24,DMA_051,73.05493079080135,0,0
2023-12-24,DMA_052,84.22133070022726,0,1
2023-12-24,DMA_053,80.20430408343071,0,0
2023-12-24,DMA_054,70.9803686827309,0,0
2023-12-24,DMA_055,78.39649599982988,0,0
2023-12-24,DMA_056,78.79300568517907,0,0
2023-12-24,DMA_057,83.21935772091531,0,0
2023-12-24,DMA_058,68.78679595863383,0,0
2023-12-24,DMA_059,77.7181003052928,0,0
2023-12-24,DMA_060,78.56849850529373,0,0
2023-12-24,DMA_061,84.3101157276984,0,1
2023-12-24,DMA_062,83.36445150373554,0,0
2023-12-24,DMA_063,81.04083932792852,0,0
2023-12-24,DMA_064,76.6061457819923,0,0
2023-12-24,DMA_065,89.25489533873629,0,0
2023-12-24,DMA_066,78.98144732702806,0,0
2023-12-24,DMA_067,73.14731349123267,0,0
2023-12-24,DMA_068,76.69638970223912,0,0
2023-12-24,DMA_069,68.17518139668923,0,0
2023-12-24,DMA_070,83.65490494602889,0,0
2023-12-24,DMA_071,81.60803319125047,0,0
2023-12-24,DMA_072,79.08610773334911,0,0
2023-12-24,DMA_073,83.12274866152336,0,0
2023-12-24,DMA_074,85.59557937375865,0,0
2023-12-24,DMA_075,78.5806816780841,0,0
2023-12-24,DMA_076,75.6829596677577,0,1
2023-12-24,DMA_077,78.93148873486766,0,0
2023-12-24,DMA_078,77.31111857808622,0,1
2023-12-24,DMA_079,80.29353781629219,0,1
2023-12-24,DMA_080,74.66153719122599,0,0
2023-12-24,DMA_081,86.22963912648571,0,0
2023-12-24,DMA_082,78.40184853783205,0,1
2023-12-24,DMA_083,70.05313689096656,0,0
2023-12-24,DMA_084,72.7186010899658,0,0
2023-12-24,DMA_085,67.78979812724538,0,0
2023-12-24,DMA_086,74.73354532684093,0,0
2023-12-24,DMA_087,69.28598917719444,0,0
2023-12-24,DMA_088,76.31033363078387,0,1
2023-12-24,DMA_089,80.92817860285528,0,0
2023-12-24,DMA_090,75.7325817742802,0,1
2023-12-24,DMA_091,76.10113703443314,0,1
2023-12-24,DMA_092,75.93783221826767,0,0
2023-12-24,DMA_093,82.46334072439613,0,0
2023-12-24,DMA_094,74.48065994384002,0,0
2023-12-24,DMA_095,75.98839929694488,0,0
2023-12-24,DMA_096,84.21547517632226,0,0
2023-12-24,DMA_097,71.53930497114895,0,0
2023-12-24,DMA_098,84.33736361130434,0,0
2023-12-24,DMA_099,75.43887564359038,0,1
2023-12-24,DMA_100,82.69037201173876,0,0
2023-12-24,DMA_101,79.17477920065069,0,1
2023-12-24,DMA_102,74.96792423418552,0,0
2023-12-24,DMA_103,80.5047032885185,0,0
2023-12-24,DMA_104,81.49448847628967,0,0
2023-12-24,DMA_105,73.65736086958508,0,0
2023-12-24,DMA_106,82.22900190462563,0,0
2023-12-24,DMA_107,75.36454893059474,0,0
2023-12-24,DMA_108,74.32812254430101,0,0
2023-12-24,DMA_109,65.7562778762058,0,0
2023-12-24,DMA_110,77.38327058672645,0,1
2023-12-24,DMA_111,73.86523611398108,0,0
2023-12-24,DMA_112,78.36352227378056,0,0
2023-12-24,DMA_113,78.83656705333152,0,0
2023-12-24,DMA_114,79.59652779804303,0,1
2023-12-24,DMA_115,68.7007973589568,0,1
2023-12-24,DMA_116,83.43420245305502,0,1
2023-12-24,DMA_117,78.57008770385858,0,0
2023-12-24,DMA_118,74.62222121418976,0,1
2023-12-24,DMA_119,81.93525808687588,0,0
2023-12-24,DMA_120,69.534757689459,0,0
2023-12-24,DMA_121,83.80708314706949,0,1
2023-12-24,DMA_122,83.27745403049295,0,1
2023-12-24,DMA_123,77.74782430320639,0,0
2023-12-24,DMA_124,82.78053349856869,0,0
2023-12-24,DMA_125,82.66471802393939,0,1
2023-12-24,DMA_126,97.21398204927925,0,0
2023-12-24,DMA_127,87.32733313407861,0,0
2023-12-24,DMA_128,76.47786468801921,0,1
2023-12-24,DMA_129,73.91277929977599,0,0
2023-12-24,DMA_130,77.23615689075733,0,0
2023-12-24,DMA_131,93.55225076916815,0,0
2023-12-24,DMA_132,77.6141811306399,0,0
2023-12-24,DMA_133,86.25030003609679,0,0
2023-12-24,DMA_134,77.96583289772735,0,0
2023-12-24,DMA_135,78.94055168845047,0,0
2023-12-24,DMA_136,77.41131658828778,0,0
2023-12-24,DMA_137,89.0382228725198,0,0
2023-12-24,DMA_138,69.764930826269,0,0
2023-12-24,DMA_139,84.91753822982318,0,1
2023-12-24,DMA_140,71.72538928707651,0,0
2023-12-24,DMA_141,77.43622930538588,0,0
2023-12-24,DMA_142,79.95968615492008,0,0
2023-12-24,DMA_143,78.94329268756847,0,0
2023-12-24,DMA_144,80.26982846078023,0,0
2023-12-24,DMA_145,76.54807663093003,0,0
2023-12-24,DMA_146,83.02250460300893,0,0
2023-12-24,DMA_147,89.6215025900015,0,0
2023-12-24,DMA_148,83.00633625880599,0,0
2023-12-24,DMA_149,83.95164106719889,0,0
2023-12-24,DMA_150,77.30997159615492,0,0
2023-12-31,DMA_001,73.37268512589901,1,0
2023-12-31,DMA_002,71.25086171347532,1,1
2023-12-31,DMA_003,85.09865450132797,1,0
2023-12-31,DMA_004,83.37963424008024,1,1
2023-12-31,DMA_005,80.6266299656688,1,0
2023-12-31,DMA_006,97.23619681997755,1,0
2023-12-31,DMA_007,78.90519061428188,1,1
2023-12-31,DMA_008,77.97206883243551,1,0
2023-12-31,DMA_009,85.42082006966587,1,0
2023-12-31,DMA_010,91.00393637766072,1,0
2023-12-31,DMA_011,72.36508158470332,1,0
2023-12-31,DMA_012,79.10702706202575,1,0
2023-12-31,DMA_013,70.75589027344654,1,0
2023-12-31,DMA_014,78.1212179537506,1,0
2023-12-31,DMA_015,80.28750041640183,1,0
2023-12-31,DMA_016,78.47223915116788,1,0
2023-12-31,DMA_017,88.31168269419405,1,0
2023-12-31,DMA_018,89.15246198829259,1,0
2023-12-31,DMA_019,80.51262631610145,1,1
2023-12-31,DMA_020,78.23680554774629,1,0
2023-12-31,DMA_021,76.19209084879023,1,0
2023-12-31,DMA_022,77.97970810805963,1,0
2023-12-31,DMA_023,91.51782593127209,1,0
2023-12-31,DMA_024,75.0876211108228,1,0
2023-12-31,DMA_025,68.5095251791523,1,0
2023-12-31,DMA_026,74.74167191837067,1,0
2023-12-31,DMA_027,73.77908847073675,1,0
2023-12-31,DMA_028,93.17114211477376,1,0
2023-12-31,DMA_029,88.36580982925182,1,0
2023-12-31,DMA_030,80.84929982163563,1,0
2023-12-31,DMA_031,73.13577466269548,1,0
2023-12-31,DMA_032,75.31167287048588,1,1
2023-12-31,DMA_033,74.9869466405209,1,1
2023-12-31,DMA_034,63.561114578309216,1,0
2023-12-31,DMA_035,78.64826989213604,1,0
2023-12-31,DMA_036,89.87868456944304,1,0
2023-12-31,DMA_037,73.05258908620699,1,1
2023-12-31,DMA_038,81.22384344368389,1,0
2023-12-31,DMA_039,78.91472842736188,1,0
2023-12-31,DMA_040,88.49685002445088,1,0
2023-12-31,DMA_041,74.97308829631885,1,1
2023-12-31,DMA_042,80.34747751618973,1,0
2023-12-31,DMA_043,74.95375512782137,1,0
2023-12-31,DMA_044,70.2982606974996,1,0
2023-12-31,DMA_045,84.41319879134588,1,0
2023-12-31,DMA_046,84.21113902388032,1,0
2023-12-31,DMA_047,83.35769883651727,1,1
2023-12-31,DMA_048,79.82233298346169,1,0
2023-12-31,DMA_049,83.42628088579525,1,0
2023-12-31,DMA_050,75.84536117313614,1,0
2023-12-31,DMA_051,77.72076778554413,1,0
2023-12-31,DMA_052,82.32458041061757,1,0
2023-12-31,DMA_053,83.2322545326517,1,1
2023-12-31,DMA_054,69.51269182421848,1,0
2023-12-31,DMA_055,81.7946949767119,1,0
2023-12-31,DMA_056,74.94621480584281,1,0
2023-12-31,DMA_057,78.45965988404274,1,1
2023-12-31,DMA_058,84.39924340070544,1,0
2023-12-31,DMA_059,89.37699893888562,1,0
2023-12-31,DMA_060,86.66347637556483,1,0
2023-12-31,DMA_061,86.36327979910281,1,0
2023-12-31,DMA_062,84.17620306842517,1,0
2023-12-31,DMA_063,86.91620820116935,1,0
2023-12-31,DMA_064,81.38024523383923,1,0
2023-12-31,DMA_065,84.6881568568435,1,0
2023-12-31,DMA_066,78.56795331656697,1,0
2023-12-31,DMA_067,87.84494473542816,1,1
2023-12-31,DMA_068,80.12345241387271,1,0
2023-12-31,DMA_069,82.8153096939176,1,1
2023-12-31,DMA_070,64.68471277218686,1,0
2023-12-31,DMA_071,84.89966619294724,1,0
2023-12-31,DMA_072,84.75989476788035,1,0
2023-12-31,DMA_073,67.2864230748757,1,0
2023-12-31,DMA_074,87.62551207693289,1,1
2023-12-31,DMA_075,78.78667610250956,1,0
2023-12-31,DMA_076,74.8494814659665,1,0
2023-12-31,DMA_077,86.23105555461731,1,1
2023-12-31,DMA_078,69.97829155846046,1,0
2023-12-31,DMA_079,75.82864863636786,1,0
2023-12-31,DMA_080,75.71586025272637,1,0
2023-12-31,DMA_081,77.81504251445745,1,1
2023-12-31,DMA_082,79.42883341205088,1,0
2023-12-31,DMA_083,77.87038673471766,1,0
2023-12-31,DMA_084,71.22683545884017,1,0
2023-12-31,DMA_085,87.21037174695076,1,0
2023-12-31,DMA_086,74.93882536902323,1,1
2023-12-31,DMA_087,77.39820884687394,1,0
2023-12-31,DMA_088,71.6178575060275,1,0
2023-12-31,DMA_089,83.55240554869494,1,0
2023-12-31,DMA_090,80.90438152782461,1,0
2023-12-31,DMA_091,88.23760898601141,1,0
2023-12-31,DMA_092,81.96277843573641,1,0
2023-12-31,DMA_093,88.93257264639128,1,0
2023-12-31,DMA_094,84.6264818607413,1,0
2023-12-31,DMA_095,74.93494048220532,1,0
2023-12-31,DMA_096,83.10091828766734,1,1
2023-12-31,DMA_097,76.46134314494522,1,1
2023-12-31,DMA_098,82.55559100166114,1,0
2023-12-31,DMA_099,86.02422577459457,1,0
2023-12-31,DMA_100,81.32185801249719,1,0
2023-12-31,DMA_101,79.3661990290869,1,0
2023-12-31,DMA_102,84.68258882374214,1,0
2023-12-31,DMA_103,81.42128851627353,1,0
2023-12-31,DMA_104,85.88372832081947,1,0
2023-12-31,DMA_105,81.9566990206583,1,1
2023-12-31,DMA_106,75.11043330175599,1,0
2023-12-31,DMA_107,84.71047771995609,1,1
2023-12-31,DMA_108,81.85258825803818,1,0
2023-12-31,DMA_109,78.8472638667595,1,0
2023-12-31,DMA_110,86.93224253058567,1,0
2023-12-31,DMA_111,83.18382410026602,1,1
2023-12-31,DMA_112,76.42044675452091,1,0
2023-12-31,DMA_113,80.69199665080185,1,0
2023-12-31,DMA_114,86.27267699506733,1,0
2023-12-31,DMA_115,72.48708146896587,1,0
2023-12-31,DMA_116,75.87327538585379,1,0
2023-12-31,DMA_117,74.29637441380099,1,0
2023-12-31,DMA_118,84.46825692723768,1,0
2023-12-31,DMA_119,78.92663013258715,1,0
2023-12-31,DMA_120,80.76041056471927,1,0
2023-12-31,DMA_121,85.94689217364697,1,0
2023-12-31,DMA_122,84.76945052032998,1,1
2023-12-31,DMA_123,72.57640366564505,1,0
2023-12-31,DMA_124,85.83527119310239,1,1
2023-12-31,DMA_125,78.2611490431515,1,1
2023-12-31,DMA_126,81.21666740267192,1,0
2023-12-31,DMA_127,74.4965361155049,1,1
2023-12-31,DMA_128,71.90887115415141,1,0
2023-12-31,DMA_129,80.85409514769239,1,0
2023-12-31,DMA_130,69.64507053307774,1,0
2023-12-31,DMA_131,76.2390973716575,1,0
2023-12-31,DMA_132,70.18085878584523,1,0
2023-12-31,DMA_133,77.55428889740304,1,0
2023-12-31,DMA_134,73.20993521605577,1,0
2023-12-31,DMA_135,78.44775917751508,1,0
2023-12-31,DMA_136,78.60969976185069,1,1
2023-12-31,DMA_137,79.41131235608103,1,0
2023-12-31,DMA_138,75.41362033876935,1,0
2023-12-31,DMA_139,69.41083631297869,1,0
2023-12-31,DMA_140,88.73824988099854,1,0
2023-12-31,DMA_141,78.726477898487,1,0
2023-12-31,DMA_142,73.27844196580506,1,0
2023-12-31,DMA_143,85.7462208755988,1,1
2023-12-31,DMA_144,93.08802183692796,1,0
2023-12-31,DMA_145,81.34185587823424,1,0
2023-12-31,DMA_146,74.91292753814174,1,0
2023-12-31,DMA_147,73.05826763769804,1,0
2023-12-31,DMA_148,71.36016281826717,1,1
2023-12-31,DMA_149,84.9465733710621,1,0
2023-12-31,DMA_150,83.4998844390287,1,0
2024-01-07,DMA_001,80.28753860735323,1,0
2024-01-07,DMA_002,87.49994473771619,1,0
2024-01-07,DMA_003,79.67258926537947,1,0
2024-01-07,DMA_004,82.08067131011208,1,0
2024-01-07,DMA_005,76.76697356756733,1,0
2024-01-07,DMA_006,81.06642914439217,1,0
2024-01-07,DMA_007,84.59045423220883,1,1
2024-01-07,DMA_008,79.9759532839996,1,1
2024-01-07,DMA_009,79.86989886786235,1,0
2024-01-07,DMA_010,76.78548531151775,1,1
2024-01-07,DMA_011,81.49232386622278,1,0
2024-01-07,DMA_012,87.4616090767847,1,0
2024-01-07,DMA_013,82.90027075385404,1,0
2024-01-07,DMA_014,69.12121721662773,1,1
2024-01-07,DMA_015,86.42773068883244,1,1
2024-01-07,DMA_016,67.99882559216628,1,0
2024-01-07,DMA_017,78.14287275474827,1,0
2024-01-07,DMA_018,76.74142504415417,1,0
2024-01-07,DMA_019,81.99821341008341,1,0
2024-01-07,DMA_020,80.49351211469474,1,0
2024-01-07,DMA_021,75.04076453663069,1,0
2024-01-07,DMA_022,79.9802994524235,1,0
2024-01-07,DMA_023,74.21041266388106,1,0
2024-01-07,DMA_024,82.19468976080056,1,0
2024-01-07,DMA_025,80.63416309768814,1,0
2024-01-07,DMA_026,75.67646282610244,1,0
2024-01-07,DMA_027,82.59402911557672,1,1
2024-01-07,DMA_028,77.88375147931863,1,0
2024-01-07,DMA_029,83.55881599856184,1,0
2024-01-07,DMA_030,81.34034823000323,1,0
2024-01-07,DMA_031,81.54328058800849,1,0
2024-01-07,DMA_032,79.74470332030624,1,0
2024-01-07,DMA_033,67.12009026062321,1,0
2024-01-07,DMA_034,78.00250149380919,1,0
2024-01-07,DMA_035,79.50250863878453,1,1
2024-01-07,DMA_036,89.37906215281076,1,0
2024-01-07,DMA_037,72.79089954751072,1,0
2024-01-07,DMA_038,80.95234784581295,1,0
2024-01-07,DMA_039,86.09000271816,1,0
2024-01-07,DMA_040,68.58858719182817,1,0
2024-01-07,DMA_041,84.44483521227976,1,0
2024-01-07,DMA_042,84.07852994971994,1,0
2024-01-07,DMA_043,82.5772438003128,1,0
2024-01-07,DMA_044,79.02969559895402,1,0
2024-01-07,DMA_045,71.33364581024318,1,1
2024-01-07,DMA_046,81.35725819828812,1,0
2024-01-07,DMA_047,65.46603609572624,1,0
2024-01-07,DMA_048,73.19744411829002,1,0
2024-01-07,DMA_049,72.88561702022959,1,0
2024-01-07,DMA_050,85.08994649537824,1,0
2024-01-07,DMA_051,79.22293494588139,1,0
2024-01-07,DMA_052,86.12586269728467,1,1
2024-01-07,DMA_053,86.49159973843098,1,0
2024-01-07,DMA_054,87.06784878713475,1,0
2024-01-07,DMA_055,85.93405398939302,1,0
2024-01-07,DMA_056,66.8427501553272,1,1
2024-01-07,DMA_057,80.56665226419246,1,0
2024-01-07,DMA_058,81.1721739443302,1,0
2024-01-07,DMA_059,76.03578753071916,1,0
2024-01-07,DMA_060,78.8241249175147,1,0
2024-01-07,DMA_061,78.66738255231981,1,0
2024-01-07,DMA_062,75.52536114066825,1,0
2024-01-07,DMA_063,82.71530657314426,1,0
2024-01-07,DMA_064,82.51612011677845,1,0
2024-01-07,DMA_065,74.98637338493585,1,0
2024-01-07,DMA_066,84.64133118617863,1,0
2024-01-07,DMA_067,80.42599688429829,1,1
2024-01-07,DMA_068,80.74784050989635,1,0
2024-01-07,DMA_069,65.07879367399217,1,0
2024-01-07,DMA_070,71.87148330893949,1,1
2024-01-07,DMA_071,75.18952080341995,1,1
2024-01-07,DMA_072,87.25145627667722,1,1
2024-01-07,DMA_073,81.18136087875558,1,0
2024-01-07,DMA_074,83.27798632398653,1,0
2024-01-07,DMA_075,80.0106014907835,1,0
2024-01-07,DMA_076,66.92405173914186,1,0
2024-01-07,DMA_077,84.13408425735747,1,1
2024-01-07,DMA_078,79.50235296004652,1,0
2024-01-07,DMA_079,72.09263941275931,1,0
2024-01-07,DMA_080,88.83334987635061,1,0
2024-01-07,DMA_081,88.19058321052408,1,0
2024-01-07,DMA_082,79.78814168391106,1,0
2024-01-07,DMA_083,85.86130008499167,1,0
2024-01-07,DMA_084,74.79128552446298,1,0
2024-01-07,DMA_085,80.96995534515509,1,0
2024-01-07,DMA_086,86.98190571270301,1,0
2024-01-07,DMA_087,82.97605747737299,1,0
2024-01-07,DMA_088,78.89005902205307,1,0
2024-01-07,DMA_089,73.89538105623281,1,1
2024-01-07,DMA_090,80.5211553828779,1,1
2024-01-07,DMA_091,80.16686457059788,1,0
2024-01-07,DMA_092,80.25795336020009,1,0
2024-01-07,DMA_093,87.28744960636877,1,0
2024-01-07,DMA_094,83.231400519719,1,0
2024-01-07,DMA_095,82.91757544460968,1,0
2024-01-07,DMA_096,85.88915178168799,1,0
2024-01-07,DMA_097,84.93076120845971,1,0
2024-01-07,DMA_098,76.66608048660274,1,0
2024-01-07,DMA_099,72.57192451876104,1,1
2024-01-07,DMA_100,80.8333647026662,1,0
2024-01-07,DMA_101,84.90345282117187,1,0
2024-01-07,DMA_102,79.16612476483667,1,0
2024-01-07,DMA_103,90.02585709603834,1,0
2024-01-07,DMA_104,72.49791982822302,1,0
2024-01-07,DMA_105,85.43245496960098,1,1
2024-01-07,DMA_106,77.6470902344369,1,1
2024-01-07,DMA_107,70.1092844297968,1,0
2024-01-07,DMA_108,71.31202230737463,1,0
2024-01-07,DMA_109,81.25173812068303,1,0
2024-01-07,DMA_110,74.77123757317605,1,0
2024-01-07,DMA_111,74.95241383250661,1,0
2024-01-07,DMA_112,63.78813799646126,1,0
2024-01-07,DMA_113,80.40687303452772,1,0
2024-01-07,DMA_114,87.1681047753528,1,0
2024-01-07,DMA_115,75.94152046910027,1,0
2024-01-07,DMA_116,86.47098553490733,1,0
2024-01-07,DMA_117,82.91205724529982,1,0
2024-01-07,DMA_118,91.16825417967581,1,0
2024-01-07,DMA_119,82.16933774095025,1,0
2024-01-07,DMA_120,82.70966269070023,1,0
2024-01-07,DMA_121,78.11461852194527,1,0
2024-01-07,DMA_122,80.66696103231132,1,0
2024-01-07,DMA_123,88.94920651852402,1,0
2024-01-07,DMA_124,79.56724154963274,1,0
2024-01-07,DMA_125,91.49053399948437,1,0
2024-01-07,DMA_126,85.23156066646953,1,0
2024-01-07,DMA_127,84.98134298129837,1,0
2024-01-07,DMA_128,88.21797373436927,1,0
2024-01-07,DMA_129,81.33573053949253,1,0
2024-01-07,DMA_130,76.6982350197856,1,0
2024-01-07,DMA_131,85.23974415457889,1,0
2024-01-07,DMA_132,73.61978910692153,1,0
2024-01-07,DMA_133,84.52149959664052,1,0
2024-01-07,DMA_134,84.79357567853536,1,0
2024-01-07,DMA_135,64.48237649200613,1,0
2024-01-07,DMA_136,81.6489666852692,1,0
2024-01-07,DMA_137,78.95289145810926,1,0
2024-01-07,DMA_138,80.04943553325441,1,0
2024-01-07,DMA_139,78.94087398115629,1,1
2024-01-07,DMA_140,78.06053378456672,1,0
2024-01-07,DMA_141,89.34119667704782,1,0
2024-01-07,DMA_142,83.44211715619635,1,0
2024-01-07,DMA_143,76.91745571720456,1,0
2024-01-07,DMA_144,82.34229170209775,1,0
2024-01-07,DMA_145,73.19801401027038,1,0
2024-01-07,DMA_146,82.15162009762692,1,0
2024-01-07,DMA_147,79.6174816728291,1,1
2024-01-07,DMA_148,76.57037552640394,1,0
2024-01-07,DMA_149,79.35994740104684,1,0
2024-01-07,DMA_150,86.12784994453797,1,0
2024-01-14,DMA_001,72.61992436160021,0,0
2024-01-14,DMA_002,73.9312918585845,0,0
2024-01-14,DMA_003,71.74102453659889,0,0
2024-01-14,DMA_004,77.37334563452383,0,0
2024-01-14,DMA_005,68.29762356091828,0,0
2024-01-14,DMA_006,83.20293615506768,0,0
2024-01-14,DMA_007,82.70411543610999,0,0
2024-01-14,DMA_008,75.38803638802214,0,0
2024-01-14,DMA_009,81.32440715062563,0,0
2024-01-14,DMA_010,80.32752849937158,0,0
2024-01-14,DMA_011,72.12683621068793,0,0
2024-01-14,DMA_012,71.88319459676323,0,0
2024-01-14,DMA_013,89.46832655287722,0,0
2024-01-14,DMA_014,82.34233645705226,0,0
2024-01-14,DMA_015,80.1530643308809,0,0
2024-01-14,DMA_016,80.90814259400592,0,0
2024-01-14,DMA_017,84.55156417207203,0,0
2024-01-14,DMA_018,94.78796736244034,0,0
2024-01-14,DMA_019,80.05294513128932,0,0
2024-01-14,DMA_020,72.85858484700596,0,0
2024-01-14,DMA_021,77.83363907677045,0,0
2024-01-14,DMA_022,88.18924211576736,0,0
2024-01-14,DMA_023,82.1590767268237,0,0
2024-01-14,DMA_024,78.63615056934914,0,1
2024-01-14,DMA_025,75.30000548137318,0,0
2024-01-14,DMA_026,80.07516108581262,0,0
2024-01-14,DMA_027,90.68361832419784,0,0
2024-01-14,DMA_028,86.29260766605906,0,0
2024-01-14,DMA_029,77.33342161726901,0,1
2024-01-14,DMA_030,75.73220917629804,0,0
2024-01-14,DMA_031,96.94940212666286,0,0
2024-01-14,DMA_032,84.73255802259743,0,1
2024-01-14,DMA_033,91.14844036013156,0,0
2024-01-14,DMA_034,79.38782393794685,0,0
2024-01-14,DMA_035,64.35426375024167,0,0
2024-01-14,DMA_036,73.87447679205309,0,1
2024-01-14,DMA_037,85.25159265975114,0,0
2024-01-14,DMA_038,78.19309268766571,0,0
2024-01-14,DMA_039,82.1068923135811,0,0
2024-01-14,DMA_040,95.05748646730939,0,0
2024-01-14,DMA_041,87.44974118106494,0,1
2024-01-14,DMA_042,77.98321541641903,0,0
2024-01-14,DMA_043,84.31244128184554,0,0
2024-01-14,DMA_044,86.65219413221254,0,0
2024-01-14,DMA_045,75.85084351605504,0,0
2024-01-14,DMA_046,83.89216217644831,0,0
2024-01-14,DMA_047,76.00283428320122,0,0
2024-01-14,DMA_048,76.30807798530712,0,0
2024-01-14,DMA_049,84.0203875896869,0,0
2024-01-14,DMA_050,69.94335579995202,0,0
2024-01-14,DMA_051,77.89915213948868,0,1
2024-01-14,DMA_052,64.29225743625781,0,0
2024-01-14,DMA_053,74.36918496383805,0,0
2024-01-14,DMA_054,86.04642856965225,0,0
2024-01-14,DMA_055,71.0255358589273,0,0
2024-01-14,DMA_056,75.9359435971133,0,0
2024-01-14,DMA_057,88.83393783081185,0,0
2024-01-14,DMA_058,69.68582201954615,0,1
2024-01-14,DMA_059,88.03484597761842,0,0
2024-01-14,DMA_060,74.96628561065033,0,0
2024-01-14,DMA_061,84.25800183195044,0,0
2024-01-14,DMA_062,84.49989578796433,0,0
2024-01-14,DMA_063,89.26228757361987,0,0
2024-01-14,DMA_064,87.84108358145582,0,0
2024-01-14,DMA_065,84.66741778953379,0,0
2024-01-14,DMA_066,79.32359775365529,0,0
2024-01-14,DMA_067,88.89402743664377,0,1
2024-01-14,DMA_068,76.63177178095287,0,1
2024-01-14,DMA_069,78.86328791353606,0,0
2024-01-14,DMA_070,87.40130758183652,0,1
2024-01-14,DMA_071,87.85266971011644,0,0
2024-01-14,DMA_072,75.62140648322271,0,1
2024-01-14,DMA_073,89.51507587896836,0,0
2024-01-14,DMA_074,82.8634577986194,0,0
2024-01-14,DMA_075,69.8018108337812,0,0
2024-01-14,DMA_076,74.8044886103955,0,0
2024-01-14,DMA_077,81.53412057211767,0,0
2024-01-14,DMA_078,80.5108793482751,0,0
2024-01-14,DMA_079,77.40925720485184,0,0
2024-01-14,DMA_080,79.25162875045622,0,1
2024-01-14,DMA_081,87.67485607881473,0,0
2024-01-14,DMA_082,78.03292930021202,0,0
2024-01-14,DMA_083,77.97171287293327,0,0
2024-01-14,DMA_084,82.41389801149815,0,0
2024-01-14,DMA_085,69.26020988049454,0,0
2024-01-14,DMA_086,75.28087913858754,0,0
2024-01-14,DMA_087,86.30298621433984,0,0
2024-01-14,DMA_088,86.23066683595044,0,0
2024-01-14,DMA_089,76.16486721739112,0,0
2024-01-14,DMA_090,74.0518342744079,0,0
2024-01-14,DMA_091,81.12260224099705,0,0
2024-01-14,DMA_092,81.67786950284099,0,0
2024-01-14,DMA_093,91.00366963111219,0,0
2024-01-14,DMA_094,76.0199669045063,0,0
2024-01-14,DMA_095,87.33909257890309,0,0
2024-01-14,DMA_096,80.34496979284229,0,0
2024-01-14,DMA_097,63.89034396345055,0,0
2024-01-14,DMA_098,73.92604582001695,0,0
2024-01-14,DMA_099,77.32802344234993,0,0
2024-01-14,DMA_100,78.06238742614528,0,0
2024-01-14,DMA_101,73.39227839115136,0,1
2024-01-14,DMA_102,84.43666247703759,0,0
2024-01-14,DMA_103,80.80643059027871,0,0
2024-01-14,DMA_104,73.6247599221328,0,0
2024-01-14,DMA_105,78.78685213424674,0,0
2024-01-14,DMA_106,83.75705063807995,0,0
2024-01-14,DMA_107,72.58974401925501,0,0
2024-01-14,DMA_108,70.89510438859243,0,0
2024-01-14,DMA_109,83.74183205385233,0,1
2024-01-14,DMA_110,82.5649392929509,0,0
2024-01-14,DMA_111,94.09305189670516,0,0
2024-01-14,DMA_112,73.7843847295311,0,0
2024-01-14,DMA_113,75.84580052670616,0,0
2024-01-14,DMA_114,81.4129539439842,0,0
2024-01-14,DMA_115,73.9233190494108,0,0
2024-01-14,DMA_116,71.51312092543887,0,0
2024-01-14,DMA_117,80.74108203968368,0,0
2024-01-14,DMA_118,79.09783888457275,0,0
2024-01-14,DMA_119,68.3015499293973,0,0
2024-01-14,DMA_120,81.79115293538457,0,0
2024-01-14,DMA_121,81.88827037301951,0,0
2024-01-14,DMA_122,71.43865805111737,0,0
2024-01-14,DMA_123,77.50742913619142,0,1
2024-01-14,DMA_124,86.87378507674111,0,0
2024-01-14,DMA_125,92.15005987599396,0,0
2024-01-14,DMA_126,83.48179344680591,0,0
2024-01-14,DMA_127,77.02013235640321,0,0
2024-01-14,DMA_128,84.51569585934334,0,0
2024-01-14,DMA_129,90.47784588254042,0,0
2024-01-14,DMA_130,70.75251552535818,0,1
2024-01-14,DMA_131,75.30954766019302,0,0
2024-01-14,DMA_132,70.63550351712547,0,0
2024-01-14,DMA_133,82.5767193325555,0,0
2024-01-14,DMA_134,88.98270062200888,0,0
2024-01-14,DMA_135,72.47745503792332,0,0
2024-01-14,DMA_136,82.97325599507646,0,0
2024-01-14,DMA_137,69.53569179226216,0,1
2024-01-14,DMA_138,73.39325843892793,0,1
2024-01-14,DMA_139,83.01554672664074,0,0
2024-01-14,DMA_140,72.56363194992853,0,0
2024-01-14,DMA_141,80.31056050134667,0,0
2024-01-14,DMA_142,62.63377348846281,0,0
2024-01-14,DMA_143,77.81861688015306,0,1
2024-01-14,DMA_144,88.38121884416906,0,0
2024-01-14,DMA_145,83.27413252257335,0,0
2024-01-14,DMA_146,82.37753307970456,0,0
2024-01-14,DMA_147,88.88740728460502,0,0
2024-01-14,DMA_148,75.40023502401662,0,0
2024-01-14,DMA_149,73.41109063246758,0,0
2024-01-14,DMA_150,81.1430198530551,0,0
2024-01-21,DMA_001,73.1854101210176,0,1
2024-01-21,DMA_002,71.92249837902011,0,0
2024-01-21,DMA_003,86.14360630958869,0,0
2024-01-21,DMA_004,75.68535356991836,0,0
2024-01-21,DMA_005,73.00461240982463,0,0
2024-01-21,DMA_006,80.95976041207462,0,0
2024-01-21,DMA_007,77.52038928546058,0,1
2024-01-21,DMA_008,69.91073728532223,0,0
2024-01-21,DMA_009,72.35606320039814,0,0
2024-01-21,DMA_010,73.29455858508047,0,0
2024-01-21,DMA_011,79.41522309531942,0,0
2024-01-21,DMA_012,70.29900613694983,0,0
2024-01-21,DMA_013,86.85765138988158,0,0
2024-01-21,DMA_014,93.71896127703747,0,0
2024-01-21,DMA_015,75.76349627932919,0,0
2024-01-21,DMA_016,76.85102850108062,0,0
2024-01-21,DMA_017,76.85261814554772,0,0
2024-01-21,DMA_018,72.55275299982789,0,0
2024-01-21,DMA_019,85.39357652724465,0,1
2024-01-21,DMA_020,75.93875125493614,0,0
2024-01-21,DMA_021,76.37094286488043,0,0
2024-01-21,DMA_022,87.1872447683467,0,0
2024-01-21,DMA_023,76.63928985136165,0,0
2024-01-21,DMA_024,85.41082185989002,0,0
2024-01-21,DMA_025,79.05295234242537,0,0
2024-01-21,DMA_026,71.88322049602397,0,1
2024-01-21,DMA_027,84.19040868899036,0,0
2024-01-21,DMA_028,85.10417964164792,0,0
2024-01-21,DMA_029,86.69309198676471,0,0
2024-01-21,DMA_030,83.32360183639936,0,1
2024-01-21,DMA_031,82.27634069098778,0,0
2024-01-21,DMA_032,90.9219708199498,0,0
2024-01-21,DMA_033,89.96609598905096,0,0
2024-01-21,DMA_034,79.30451017180863,0,0
2024-01-21,DMA_035,71.31326876704789,0,0
2024-01-21,DMA_036,81.86000824170571,0,0
2024-01-21,DMA_037,75.20457351219446,0,0
2024-01-21,DMA_038,77.46292854243873,0,0
2024-01-21,DMA_039,70.60238725606138,0,0
2024-01-21,DMA_040,82.8715071528034,0,0
2024-01-21,DMA_041,78.5800751502278,0,0
2024-01-21,DMA_042,71.4030997591858,0,1
2024-01-21,DMA_043,81.30308567746279,0,0
2024-01-21,DMA_044,85.04083657389077,0,0
2024-01-21,DMA_045,91.41706055115162,0,0
2024-01-21,DMA_046,75.94706115717585,0,0
2024-01-21,DMA_047,81.25148700946023,0,0
2024-01-21,DMA_048,80.46618706800818,0,0
2024-01-21,DMA_049,72.73449147362136,0,0
2024-01-21,DMA_050,75.01649794225449,0,0
2024-01-21,DMA_051,68.58934132070709,0,0
2024-01-21,DMA_052,73.22800262632768,0,0
2024-01-21,DMA_053,83.04036931795441,0,0
2024-01-21,DMA_054,87.03667686588108,0,0
2024-01-21,DMA_055,78.9278801038603,0,0
2024-01-21,DMA_056,75.16799665963836,0,1
2024-01-21,DMA_057,81.25808447084495,0,0
2024-01-21,DMA_058,72.09562955771712,0,0
2024-01-21,DMA_059,71.34542365005964,0,0
2024-01-21,DMA_060,75.43832479764811,0,0
2024-01-21,DMA_061,74.9538670371104,0,0
2024-01-21,DMA_062,86.95450506853507,0,0
2024-01-21,DMA_063,73.23797605158572,0,1
2024-01-21,DMA_064,74.52886010867806,0,1
2024-01-21,DMA_065,72.53996643791514,0,0
2024-01-21,DMA_066,76.25548353187867,0,0
2024-01-21,DMA_067,67.2491827211162,0,0
2024-01-21,DMA_068,79.74611854896612,0,0
2024-01-21,DMA_069,69.68007595030468,0,0
2024-01-21,DMA_070,81.84012737971501,0,0
2024-01-21,DMA_071,78.3649388996577,0,0
2024-01-21,DMA_072,85.49447563023656,0,0
2024-01-21,DMA_073,82.0851199332016,0,0
2024-01-21,DMA_074,83.9585038879711,0,0
2024-01-21,DMA_075,76.38445798712253,0,0
2024-01-21,DMA_076,76.01359628402074,0,0
2024-01-21,DMA_077,82.34518426069434,0,0
2024-01-21,DMA_078,75.91791797596575,0,0
2024-01-21,DMA_079,75.9023504014927,0,0
2024-01-21,DMA_080,83.77753519927809,0,0
2024-01-21,DMA_081,85.0106589390555,0,0
2024-01-21,DMA_082,77.58066963953536,0,0
2024-01-21,DMA_083,76.52206575018646,0,0
2024-01-21,DMA_084,79.48340714639318,0,0
2024-01-21,DMA_085,74.21771031290693,0,0
2024-01-21,DMA_086,78.77377688308196,0,1
2024-01-21,DMA_087,79.87900462583136,0,0
2024-01-21,DMA_088,70.34194782946653,0,0
2024-01-21,DMA_089,81.09124930256867,0,0
2024-01-21,DMA_090,78.19073806470547,0,0
2024-01-21,DMA_091,73.32419598533956,0,0
2024-01-21,DMA_092,72.11495435939068,0,1
2024-01-21,DMA_093,70.15610863027626,0,0
2024-01-21,DMA_094,75.62953025450405,0,0
2024-01-21,DMA_095,91.01515018632963,0,0
2024-01-21,DMA_096,73.80407280473094,0,0
2024-01-21,DMA_097,80.57520102095569,0,0
2024-01-21,DMA_098,73.68804901812007,0,1
2024-01-21,DMA_099,89.07712800242177,0,0
2024-01-21,DMA_100,91.17438241053527,0,0
2024-01-21,DMA_101,70.86664173627705,0,0
2024-01-21,DMA_102,77.283374644684,0,0
2024-01-21,DMA_103,86.45818485814785,0,0
2024-01-21,DMA_104,80.88190786532321,0,0
2024-01-21,DMA_105,79.01641175220144,0,0
2024-01-21,DMA_106,65.86867636253517,0,0
2024-01-21,DMA_107,86.84303005685707,0,0
2024-01-21,DMA_108,79.14377668091393,0,0
2024-01-21,DMA_109,74.60263989827496,0,0
2024-01-21,DMA_110,78.55025438323848,0,0
2024-01-21,DMA_111,74.8822599295114,0,0
2024-01-21,DMA_112,89.36788697991678,0,0
2024-01-21,DMA_113,75.46731119787847,0,0
2024-01-21,DMA_114,86.92386470457004,0,0
2024-01-21,DMA_115,70.55797580321436,0,0
2024-01-21,DMA_116,67.23837969926235,0,0
2024-01-21,DMA_117,82.55152836296052,0,0
2024-01-21,DMA_118,86.78890786620386,0,0
2024-01-21,DMA_119,85.98742807580459,0,0
2024-01-21,DMA_120,89.86881247461959,0,0
2024-01-21,DMA_121,88.81559254137,0,0
2024-01-21,DMA_122,80.6765246260629,0,1
2024-01-21,DMA_123,79.2655660614926,0,0
2024-01-21,DMA_124,88.35738675892846,0,0
2024-01-21,DMA_125,80.0119083494803,0,0
2024-01-21,DMA_126,82.0953110642073,0,0
2024-01-21,DMA_127,78.96289704011237,0,0
2024-01-21,DMA_128,77.75593782233909,0,1
2024-01-21,DMA_129,79.54710197657985,0,0
2024-01-21,DMA_130,80.40174199228639,0,0
2024-01-21,DMA_131,73.13104279584114,0,0
2024-01-21,DMA_132,80.04001246440409,0,0
2024-01-21,DMA_133,73.77534407118465,0,0
2024-01-21,DMA_134,84.76397890248342,0,0
2024-01-21,DMA_135,81.86694186576288,0,0
2024-01-21,DMA_136,77.77553185823267,0,1
2024-01-21,DMA_137,90.76850328488715,0,0
2024-01-21,DMA_138,78.06935256832548,0,0
2024-01-21,DMA_139,75.06963165317167,0,0
2024-01-21,DMA_140,77.8589085923723,0,0
2024-01-21,DMA_141,70.0110274965689,0,1
2024-01-21,DMA_142,90.83073673132736,0,0
2024-01-21,DMA_143,72.60745488567495,0,0
2024-01-21,DMA_144,82.63194472909684,0,0
2024-01-21,DMA_145,84.47321174335121,0,1
2024-01-21,DMA_146,91.53577152226522,0,0
2024-01-21,DMA_147,64.50442458122123,0,0
2024-01-21,DMA_148,91.76304665280512,0,1
2024-01-21,DMA_149,79.44159818086031,0,1
2024-01-21,DMA_150,75.72999362532404,0,0
2024-01-28,DMA_001,69.28745776819918,0,0
2024-01-28,DMA_002,83.1050224893273,0,0
2024-01-28,DMA_003,84.0345427658418,0,0
2024-01-28,DMA_004,75.08557719750867,0,0
2024-01-28,DMA_005,78.54523001608254,0,0
2024-01-28,DMA_006,77.56399593113183,0,0
2024-01-28,DMA_007,73.62907913377674,0,0
2024-01-28,DMA_008,72.33118653541554,0,0
2024-01-28,DMA_009,88.84585603277903,0,0
2024-01-28,DMA_010,92.68743757018372,0,0
2024-01-28,DMA_011,84.64478789389936,0,0
2024-01-28,DMA_012,72.89200202735744,0,0
2024-01-28,DMA_013,77.92973802160381,0,0
2024-01-28,DMA_014,73.91040631777106,0,0
2024-01-28,DMA_015,80.03948563575933,0,1
2024-01-28,DMA_016,86.90411049370184,0,1
2024-01-28,DMA_017,91.14927794507533,0,0
2024-01-28,DMA_018,75.55165859322666,0,0
2024-01-28,DMA_019,87.31815636085052,0,0
2024-01-28,DMA_020,71.7914431120032,0,1
2024-01-28,DMA_021,76.44269068291408,0,1
2024-01-28,DMA_022,80.96704122122425,0,0
2024-01-28,DMA_023,76.36037163867259,0,0
2024-01-28,DMA_024,69.63267674353852,0,1
2024-01-28,DMA_025,81.37824787691558,0,0
2024-01-28,DMA_026,71.25690121657296,0,0
2024-01-28,DMA_027,82.65573166863983,0,0
2024-01-28,DMA_028,79.23792660263048,0,0
2024-01-28,DMA_029,87.42292000095348,0,0
2024-01-28,DMA_030,73.96897919219435,0,1
2024-01-28,DMA_031,78.57972394576194,0,0
2024-01-28,DMA_032,81.86694516257234,0,1
2024-01-28,DMA_033,79.06688133278688,0,0
2024-01-28,DMA_034,90.86203494772568,0,0
2024-01-28,DMA_035,75.1624108250098,0,1
2024-01-28,DMA_036,78.85346584869094,0,0
2024-01-28,DMA_037,88.70894656190241,0,0
2024-01-28,DMA_038,76.23531858684731,0,1
2024-01-28,DMA_039,74.34353687229961,0,0
2024-01-28,DMA_040,84.88623513321035,0,0
2024-01-28,DMA_041,76.18635515201053,0,0
2024-01-28,DMA_042,71.62340417188808,0,0
2024-01-28,DMA_043,88.88279049045583,0,0
2024-01-28,DMA_044,69.51976630823022,0,0
2024-01-28,DMA_045,81.02225165705116,0,0
2024-01-28,DMA_046,80.88595437048444,0,0
2024-01-28,DMA_047,83.99925931471847,0,1
2024-01-28,DMA_048,81.68431983560025,0,0
2024-01-28,DMA_049,83.30262174651543,0,0
2024-01-28,DMA_050,80.2009996859988,0,1
2024-01-28,DMA_051,76.54320429827513,0,1
2024-01-28,DMA_052,75.27622779841717,0,0
2024-01-28,DMA_053,81.92545124400269,0,0
2024-01-28,DMA_054,82.73628907553721,0,0
2024-01-28,DMA_055,81.4718450991898,0,1
2024-01-28,DMA_056,77.321237297171,0,1
2024-01-28,DMA_057,82.36448390183475,0,0
2024-01-28,DMA_058,83.55622201846407,0,0
2024-01-28,DMA_059,73.45305313250162,0,0
2024-01-28,DMA_060,80.83822300390212,0,0
2024-01-28,DMA_061,76.07547632732086,0,0
2024-01-28,DMA_062,61.68667928418555,0,1
2024-01-28,DMA_063,79.16152891270761,0,0
2024-01-28,DMA_064,77.64460665289523,0,0
2024-01-28,DMA_065,89.21293039884222,0,1
2024-01-28,DMA_066,79.07954101618684,0,0
2024-01-28,DMA_067,70.61856572777802,0,0
2024-01-28,DMA_068,88.61349951382664,0,0
2024-01-28,DMA_069,78.65426568434931,0,0
2024-01-28,DMA_070,90.62321601586535,0,0
2024-01-28,DMA_071,65.7550265127243,0,0
2024-01-28,DMA_072,81.59142712394085,0,1
2024-01-28,DMA_073,77.21145242276548,0,0
2024-01-28,DMA_074,81.5518295266761,0,0
2024-01-28,DMA_075,80.9241675625731,0,0
2024-01-28,DMA_076,74.65438954418337,0,0
2024-01-28,DMA_077,79.87110937934013,0,0
2024-01-28,DMA_078,78.16257764376674,0,0
2024-01-28,DMA_079,79.05365793189104,0,0
2024-01-28,DMA_080,80.31352904815273,0,0
2024-01-28,DMA_081,63.10708291640891,0,0
2024-01-28,DMA_082,79.50156789997096,0,0
2024-01-28,DMA_083,73.52505103036266,0,0
2024-01-28,DMA_084,77.66851395277726,0,0
2024-01-28,DMA_085,70.2331398045514,0,0
2024-01-28,DMA_086,81.91282303761704,0,0
2024-01-28,DMA_087,77.17890316227987,0,0
2024-01-28,DMA_088,80.5669555707832,0,0
2024-01-28,DMA_089,78.25679023016453,0,0
2024-01-28,DMA_090,71.64085117116969,0,0
2024-01-28,DMA_091,70.57208387358492,0,0
2024-01-28,DMA_092,78.9937000270798,0,0
2024-01-28,DMA_093,79.12479974784561,0,0
2024-01-28,DMA_094,80.59722466175127,0,0
2024-01-28,DMA_095,95.18050565163948,0,0
2024-01-28,DMA_096,75.04764026842007,0,0
2024-01-28,DMA_097,86.77219724886204,0,0
2024-01-28,DMA_098,65.74148279287216,0,0
2024-01-28,DMA_099,79.84745000206506,0,0
2024-01-28,DMA_100,79.70992690839113,0,0
2024-01-28,DMA_101,74.37613426172253,0,0
2024-01-28,DMA_102,84.19752984899434,0,0
2024-01-28,DMA_103,81.47251518094336,0,1
2024-01-28,DMA_104,80.23232325401047,0,0
2024-01-28,DMA_105,78.15746213762777,0,0
2024-01-28,DMA_106,80.39508963398214,0,0
2024-01-28,DMA_107,81.85014241077229,0,0
2024-01-28,DMA_108,76.09020517613516,0,0
2024-01-28,DMA_109,81.90226582170033,0,0
2024-01-28,DMA_110,78.96361706615453,0,1
2024-01-28,DMA_111,76.09793770455313,0,0
2024-01-28,DMA_112,82.24582509076876,0,0
2024-01-28,DMA_113,72.8130786535482,0,0
2024-01-28,DMA_114,78.17211801720839,0,0
2024-01-28,DMA_115,76.12716834931335,0,0
2024-01-28,DMA_116,75.87234581884296,0,0
2024-01-28,DMA_117,78.05451141731396,0,0
2024-01-28,DMA_118,81.07386756093001,0,0
2024-01-28,DMA_119,78.89184435076426,0,0
2024-01-28,DMA_120,79.69507782962516,0,1
2024-01-28,DMA_121,83.89815393825269,0,0
2024-01-28,DMA_122,67.23230775320602,0,0
2024-01-28,DMA_123,81.3526696731558,0,0
2024-01-28,DMA_124,73.79274762288581,0,1
2024-01-28,DMA_125,77.6453503347234,0,0
2024-01-28,DMA_126,81.1702722995198,0,0
2024-01-28,DMA_127,75.0874484603739,0,0
2024-01-28,DMA_128,83.65901980412801,0,1
2024-01-28,DMA_129,67.70284543534459,0,0
2024-01-28,DMA_130,75.20030376202102,0,0
2024-01-28,DMA_131,84.84424053848693,0,1
2024-01-28,DMA_132,79.96335052812402,0,0
2024-01-28,DMA_133,66.60244827749105,0,0
2024-01-28,DMA_134,93.22033738379157,0,0
2024-01-28,DMA_135,71.32730513588932,0,0
2024-01-28,DMA_136,76.63520461088532,0,0
2024-01-28,DMA_137,71.27108718338891,0,0
2024-01-28,DMA_138,76.37050503081392,0,0
2024-01-28,DMA_139,77.46447660243928,0,0
2024-01-28,DMA_140,83.22028083403377,0,0
2024-01-28,DMA_141,80.94679461453092,0,0
2024-01-28,DMA_142,74.45249496141004,0,0
2024-01-28,DMA_143,83.67252767692864,0,0
2024-01-28,DMA_144,77.38818996820132,0,0
2024-01-28,DMA_145,83.41249125031905,0,0
2024-01-28,DMA_146,70.88825021590547,0,0
2024-01-28,DMA_147,74.33424019526953,0,0
2024-01-28,DMA_148,81.6488498263654,0,0
2024-01-28,DMA_149,84.23097097414923,0,0
2024-01-28,DMA_150,73.9665469879919,0,1
2024-02-04,DMA_001,73.2454476825595,0,0
2024-02-04,DMA_002,76.51766311873165,0,0
2024-02-04,DMA_003,84.9918951594208,0,1
2024-02-04,DMA_004,66.55793000031038,0,0
2024-02-04,DMA_005,77.66514654719985,0,0
2024-02-04,DMA_006,71.12481899762217,0,0
2024-02-04,DMA_007,74.33346233512812,0,0
2024-02-04,DMA_008,83.2074607557106,0,0
2024-02-04,DMA_009,66.39950763578382,0,0
2024-02-04,DMA_010,83.77395500256067,0,0
2024-02-04,DMA_011,85.80533695234114,0,0
2024-02-04,DMA_012,83.67027711296883,0,1
2024-02-04,DMA_013,83.95727493698128,0,0
2024-02-04,DMA_014,70.755433227105,0,1
2024-02-04,DMA_015,68.54462812123104,0,0
2024-02-04,DMA_016,79.00474073771767,0,0
2024-02-04,DMA_017,82.4567623147677,0,0
2024-02-04,DMA_018,76.76051923057028,0,1
2024-02-04,DMA_019,75.21642949708233,0,0
2024-02-04,DMA_020,76.70099131115302,0,0
2024-02-04,DMA_021,72.12370024783101,0,1
2024-02-04,DMA_022,72.23368137560921,0,0
2024-02-04,DMA_023,88.28491562039338,0,0
2024-02-04,DMA_024,89.47355990354404,0,0
2024-02-04,DMA_025,75.41530476572181,0,0
2024-02-04,DMA_026,80.92064626257458,0,0
2024-02-04,DMA_027,71.78112120307591,0,0
2024-02-04,DMA_028,70.37862374539247,0,0
2024-02-04,DMA_029,64.77332879732708,0,0
2024-02-04,DMA_030,74.89251218446272,0,0
2024-02-04,DMA_031,80.27167547607273,0,0
2024-02-04,DMA_032,63.96582690982024,0,0
2024-02-04,DMA_033,81.72165970893316,0,0
2024-02-04,DMA_034,78.98234221500132,0,0
2024-02-04,DMA_035,83.236393525789,0,0
2024-02-04,DMA_036,73.21735696929478,0,0
2024-02-04,DMA_037,79.70782207864254,0,1
2024-02-04,DMA_038,83.30166786291245,0,0
2024-02-04,DMA_039,75.90770112662095,0,0
2024-02-04,DMA_040,82.65688090024369,0,0
2024-02-04,DMA_041,84.13874327329792,0,0
2024-02-04,DMA_042,71.27403461138918,0,0
2024-02-04,DMA_043,74.0376730539492,0,0
2024-02-04,DMA_044,75.51936886902213,0,0
2024-02-04,DMA_045,74.5848469975224,0,0
2024-02-04,DMA_046,84.18503335092267,0,0
2024-02-04,DMA_047,70.8012359481568,0,0
2024-02-04,DMA_048,83.9582712287507,0,1
2024-02-04,DMA_049,76.30220581290202,0,0
2024-02-04,DMA_050,78.14390104445339,0,0
2024-02-04,DMA_051,67.73949431617311,0,0
2024-02-04,DMA_052,70.25222607179782,0,0
2024-02-04,DMA_053,77.47628308029796,0,0
2024-02-04,DMA_054,78.80881134996012,0,0
2024-02-04,DMA_055,82.3577399385405,0,0
2024-02-04,DMA_056,65.95146956379214,0,0
2024-02-04,DMA_057,76.54785951598205,0,0
2024-02-04,DMA_058,83.8772241999172,0,0
2024-02-04,DMA_059,84.8231169673763,0,0
2024-02-04,DMA_060,78.72402371010409,0,0
2024-02-04,DMA_061,82.06635486100687,0,1
2024-02-04,DMA_062,67.68534648924847,0,1
2024-02-04,DMA_063,79.2306965609194,0,0
2024-02-04,DMA_064,83.89883656947158,0,1
2024-02-04,DMA_065,65.5657705277524,0,0
2024-02-04,DMA_066,73.2366919436337,0,1
2024-02-04,DMA_067,73.7987145211153,0,1
2024-02-04,DMA_068,73.06199948483865,0,0
2024-02-04,DMA_069,76.99274468523656,0,0
2024-02-04,DMA_070,81.03299051975497,0,0
2024-02-04,DMA_071,76.18026956981457,0,0
2024-02-04,DMA_072,68.82875371260754,0,0
2024-02-04,DMA_073,78.48478164619198,0,0
2024-02-04,DMA_074,75.25360927169733,0,0
2024-02-04,DMA_075,64.5181157309471,0,0
2024-02-04,DMA_076,79.51509057340057,0,0
2024-02-04,DMA_077,89.15344954950024,0,0
2024-02-04,DMA_078,70.19253115732838,0,0
2024-02-04,DMA_079,86.71200180416643,0,0
2024-02-04,DMA_080,81.67174748123539,0,0
2024-02-04,DMA_081,72.71490801054239,0,0
2024-02-04,DMA_082,75.0716642591184,0,0
2024-02-04,DMA_083,83.3973072149653,0,0
2024-02-04,DMA_084,83.25313008337487,0,1
2024-02-04,DMA_085,85.02212683556445,0,0
2024-02-04,DMA_086,73.20425544594414,0,0
2024-02-04,DMA_087,71.12557527731198,0,0
2024-02-04,DMA_088,74.23163163051974,0,0
2024-02-04,DMA_089,76.14516561230685,0,0
2024-02-04,DMA_090,68.03348556284334,0,0
2024-02-04,DMA_091,75.6932278288519,0,0
2024-02-04,DMA_092,72.55673050259843,0,1
2024-02-04,DMA_093,79.79022339008267,0,0
2024-02-04,DMA_094,77.184378284669,0,1
2024-02-04,DMA_095,74.38652605286761,0,0
2024-02-04,DMA_096,75.25712915736769,0,0
2024-02-04,DMA_097,73.05000708914342,0,0
2024-02-04,DMA_098,72.46770414158551,0,0
2024-02-04,DMA_099,69.55736330537911,0,1
2024-02-04,DMA_100,74.71622133655053,0,1
2024-02-04,DMA_101,83.76727462061838,0,1
2024-02-04,DMA_102,86.33147662636728,0,0
2024-02-04,DMA_103,82.70964646430033,0,0
2024-02-04,DMA_104,78.45958356470433,0,1
2024-02-04,DMA_105,75.73489212575014,0,1
2024-02-04,DMA_106,71.4387344805931,0,0
2024-02-04,DMA_107,74.13984580332256,0,0
2024-02-04,DMA_108,79.34824625942424,0,1
2024-02-04,DMA_109,67.43999084229091,0,0
2024-02-04,DMA_110,68.51958522825883,0,0
2024-02-04,DMA_111,77.64193946737048,0,0
2024-02-04,DMA_112,77.2200894180326,0,0
2024-02-04,DMA_113,84.1282272642213,0,0
2024-02-04,DMA_114,79.83195937125278,0,0
2024-02-04,DMA_115,69.65897949258114,0,0
2024-02-04,DMA_116,74.59251156972111,0,0
2024-02-04,DMA_117,82.75256416845829,0,0
2024-02-04,DMA_118,76.58060851065527,0,0
2024-02-04,DMA_119,69.6746360418551,0,0
2024-02-04,DMA_120,80.87263686981333,0,1
2024-02-04,DMA_121,77.02467296240584,0,0
2024-02-04,DMA_122,74.19183920971976,0,0
2024-02-04,DMA_123,82.84605800003315,0,1
2024-02-04,DMA_124,67.68601847294985,0,0
2024-02-04,DMA_125,74.36833142587503,0,0
2024-02-04,DMA_126,71.56813969783069,0,0
2024-02-04,DMA_127,74.29683609403978,0,0
2024-02-04,DMA_128,90.58747252659776,0,0
2024-02-04,DMA_129,83.50178697496722,0,1
2024-02-04,DMA_130,81.07165447580144,0,0
2024-02-04,DMA_131,67.83185521906799,0,0
2024-02-04,DMA_132,79.26030181571947,0,0
2024-02-04,DMA_133,72.19518982128298,0,0
2024-02-04,DMA_134,78.99216340088849,0,0
2024-02-04,DMA_135,73.71062173371101,0,0
2024-02-04,DMA_136,70.50461433819183,0,0
2024-02-04,DMA_137,68.55673694440127,0,0
2024-02-04,DMA_138,78.69756041621446,0,0
2024-02-04,DMA_139,70.50150945186064,0,0
2024-02-04,DMA_140,87.7194741845865,0,1
2024-02-04,DMA_141,76.11871086638752,0,0
2024-02-04,DMA_142,81.09271868912077,0,0
2024-02-04,DMA_143,70.71208030420817,0,0
2024-02-04,DMA_144,75.85671205556451,0,0
2024-02-04,DMA_145,78.68179649440098,0,0
2024-02-04,DMA_146,88.54282346506136,0,0
2024-02-04,DMA_147,81.36106553694928,0,0
2024-02-04,DMA_148,69.24855250896701,0,0
2024-02-04,DMA_149,87.75380174275992,0,0
2024-02-04,DMA_150,72.63787714163745,0,0
2024-02-11,DMA_001,82.66216064870332,0,0
2024-02-11,DMA_002,75.46599729213335,0,0
2024-02-11,DMA_003,73.82486777606994,0,0
2024-02-11,DMA_004,74.55008593376354,0,1
2024-02-11,DMA_005,66.41790522857686,0,1
2024-02-11,DMA_006,76.99904081946433,0,1
2024-02-11,DMA_007,76.5268356961863,0,0
2024-02-11,DMA_008,78.33337057534875,0,0
2024-02-11,DMA_009,62.96465508682474,0,0
2024-02-11,DMA_010,72.65919169593975,0,0
2024-02-11,DMA_011,75.89214952701961,0,0
2024-02-11,DMA_012,76.53195243698735,0,0
2024-02-11,DMA_013,76.01710519181766,0,0
2024-02-11,DMA_014,69.14490519364566,0,0
2024-02-11,DMA_015,71.99527865229302,0,0
2024-02-11,DMA_016,82.90953708941095,0,0
2024-02-11,DMA_017,75.27628038781707,0,0
2024-02-11,DMA_018,80.83307314768892,0,0
2024-02-11,DMA_019,80.85874352616732,0,0
2024-02-11,DMA_020,64.41170827456314,0,0
2024-02-11,DMA_021,84.08645941003839,0,0
2024-02-11,DMA_022,74.10475030040345,0,0
2024-02-11,DMA_023,78.26890149801342,0,0
2024-02-11,DMA_024,73.14536842744567,0,0
2024-02-11,DMA_025,73.77015627715747,0,0
2024-02-11,DMA_026,83.19079964750338,0,0
2024-02-11,DMA_027,79.59096683930726,0,1
2024-02-11,DMA_028,71.00390357022869,0,0
2024-02-11,DMA_029,85.24738452176943,0,0
2024-02-11,DMA_030,74.44902453228102,0,0
2024-02-11,DMA_031,62.51930505171663,0,0
2024-02-11,DMA_032,81.72630800959787,0,0
2024-02-11,DMA_033,72.680605899693,0,0
2024-02-11,DMA_034,75.04220511041648,0,0
2024-02-11,DMA_035,68.95802901617498,0,0
2024-02-11,DMA_036,66.79022947973878,0,1
2024-02-11,DMA_037,69.18098794166424,0,0
2024-02-11,DMA_038,76.09055288982158,0,0
2024-02-11,DMA_039,68.7126028143224,0,1
2024-02-11,DMA_040,72.3519385697233,0,0
2024-02-11,DMA_041,74.50520090384236,0,0
2024-02-11,DMA_042,78.03832375211331,0,0
2024-02-11,DMA_043,74.52810324033159,0,0
2024-02-11,DMA_044,82.6466557725005,0,0
2024-02-11,DMA_045,77.92803947545615,0,0
2024-02-11,DMA_046,79.27832054717354,0,1
2024-02-11,DMA_047,88.3072173899023,0,0
2024-02-11,DMA_048,76.46600204918698,0,0
2024-02-11,DMA_049,71.70461693369387,0,0
2024-02-11,DMA_050,76.43852053192687,0,0
2024-02-11,DMA_051,71.25485503710706,0,0
2024-02-11,DMA_052,81.04235708861651,0,0
2024-02-11,DMA_053,75.07549031203762,0,0
2024-02-11,DMA_054,61.471441966694584,0,0
2024-02-11,DMA_055,75.27851081556294,0,0
2024-02-11,DMA_056,69.59179523528755,0,1
2024-02-11,DMA_057,74.41635574669472,0,1
2024-02-11,DMA_058,84.36421855158136,0,0
2024-02-11,DMA_059,80.92939146798827,0,0
2024-02-11,DMA_060,81.0952341904148,0,0
2024-02-11,DMA_061,76.22247266293058,0,0
2024-02-11,DMA_062,79.25631727778453,0,1
2024-02-11,DMA_063,71.85145874743398,0,1
2024-02-11,DMA_064,81.8948957573426,0,0
2024-02-11,DMA_065,77.51969639845666,0,1
2024-02-11,DMA_066,69.86624313448189,0,0
2024-02-11,DMA_067,74.03500932390982,0,0
2024-02-11,DMA_068,76.28228032766926,0,0
2024-02-11,DMA_069,67.95820356632285,0,0
2024-02-11,DMA_070,84.75979282217507,0,0
2024-02-11,DMA_071,70.12572236685301,0,1
2024-02-11,DMA_072,78.05678765806525,0,0
2024-02-11,DMA_073,68.30297270298955,0,0
2024-02-11,DMA_074,67.86228614234656,0,0
2024-02-11,DMA_075,82.07179031360634,0,0
2024-02-11,DMA_076,76.78247949061794,0,0
2024-02-11,DMA_077,70.15222648135298,0,1
2024-02-11,DMA_078,73.20895884106407,0,0
2024-02-11,DMA_079,82.68607907590119,0,0
2024-02-11,DMA_080,73.60406909060924,0,0
2024-02-11,DMA_081,75.26859601398341,0,0
2024-02-11,DMA_082,81.57883664203642,0,0
2024-02-11,DMA_083,76.76791543827484,0,1
2024-02-11,DMA_084,68.18784851004656,0,0
2024-02-11,DMA_085,68.94731746359027,0,0
2024-02-11,DMA_086,67.35391732406639,0,0
2024-02-11,DMA_087,77.75291831727405,0,0
2024-02-11,DMA_088,61.73569010673532,0,1
2024-02-11,DMA_089,73.85813783547249,0,1
2024-02-11,DMA_090,75.00508764271207,0,0
2024-02-11,DMA_091,73.73099597079487,0,0
2024-02-11,DMA_092,78.9941862520869,0,0
2024-02-11,DMA_093,67.46566544158068,0,1
2024-02-11,DMA_094,76.60457180757999,0,1
2024-02-11,DMA_095,86.2394519021824,0,0
2024-02-11,DMA_096,72.69543183353743,0,0
2024-02-11,DMA_097,66.58146576928608,0,0
2024-02-11,DMA_098,78.41696481616137,0,0
2024-02-11,DMA_099,76.30473764529351,0,1
2024-02-11,DMA_100,72.73953634387138,0,0
2024-02-11,DMA_101,71.57829118433845,0,0
2024-02-11,DMA_102,75.05760618370543,0,1
2024-02-11,DMA_103,72.17126276846722,0,0
2024-02-11,DMA_104,74.93094266668245,0,1
2024-02-11,DMA_105,67.97771936096227,0,0
2024-02-11,DMA_106,79.28466435586091,0,1
2024-02-11,DMA_107,77.28796515692362,0,1
2024-02-11,DMA_108,69.7682604326439,0,1
2024-02-11,DMA_109,84.36549557057748,0,0
2024-02-11,DMA_110,76.06825345937331,0,0
2024-02-11,DMA_111,70.03007544929756,0,0
2024-02-11,DMA_112,73.63666761519896,0,0
2024-02-11,DMA_113,75.34769477880171,0,0
2024-02-11,DMA_114,74.40203288984576,0,0
2024-02-11,DMA_115,71.87668547072639,0,0
2024-02-11,DMA_116,79.67208190792057,0,0
2024-02-11,DMA_117,67.24260731633375,0,0
2024-02-11,DMA_118,75.56934202509942,0,0
2024-02-11,DMA_119,74.8342984258515,0,0
2024-02-11,DMA_120,78.39366764550621,0,0
2024-02-11,DMA_121,76.83882705825054,0,0
2024-02-11,DMA_122,77.24178031023375,0,0
2024-02-11,DMA_123,78.05897874700227,0,0
2024-02-11,DMA_124,72.07093634850187,0,0
2024-02-11,DMA_125,74.03391982534735,0,1
2024-02-11,DMA_126,71.45590818434981,0,1
2024-02-11,DMA_127,85.55455986230106,0,0
2024-02-11,DMA_128,78.29580228210233,0,0
2024-02-11,DMA_129,74.99812994728235,0,0
2024-02-11,DMA_130,84.29341571208407,0,1
2024-02-11,DMA_131,83.4709530194606,0,0
2024-02-11,DMA_132,81.35596391632055,0,1
2024-02-11,DMA_133,75.65827993604226,0,0
2024-02-11,DMA_134,84.5605285424685,0,1
2024-02-11,DMA_135,76.60829365289963,0,0
2024-02-11,DMA_136,68.52082512140794,0,0
2024-02-11,DMA_137,71.8457316331944,0,0
2024-02-11,DMA_138,76.26928008719679,0,0
2024-02-11,DMA_139,78.66794544623033,0,0
2024-02-11,DMA_140,74.02927994826643,0,0
2024-02-11,DMA_141,78.18685316069603,0,0
2024-02-11,DMA_142,75.91280125947448,0,0
2024-02-11,DMA_143,76.56053733001131,0,1
2024-02-11,DMA_144,74.85698372938344,0,0
2024-02-11,DMA_145,86.81818812100617,0,0
2024-02-11,DMA_146,77.12541260154354,0,0
2024-02-11,DMA_147,75.46090404986174,0,1
2024-02-11,DMA_148,71.8335983528525,0,0
2024-02-11,DMA_149,76.79062516758876,0,1
2024-02-11,DMA_150,75.49814785820116,0,1
2024-02-18,DMA_001,61.80384409331594,0,1
2024-02-18,DMA_002,73.07145404342799,0,0
2024-02-18,DMA_003,71.75785751695031,0,0
2024-02-18,DMA_004,63.652702100284166,0,0
2024-02-18,DMA_005,71.4306052777678,0,0
2024-02-18,DMA_006,73.33370701099655,0,1
2024-02-18,DMA_007,72.59588242428914,0,0
2024-02-18,DMA_008,68.57275893629068,0,0
2024-02-18,DMA_009,79.9809727009012,0,0
2024-02-18,DMA_010,73.86183154211652,0,1
2024-02-18,DMA_011,79.81803618313847,0,0
2024-02-18,DMA_012,72.55659986198091,0,0
2024-02-18,DMA_013,72.69540168280781,0,0
2024-02-18,DMA_014,87.23987525241094,0,0
2024-02-18,DMA_015,81.22518348046589,0,0
2024-02-18,DMA_016,76.90423754047377,0,0
2024-02-18,DMA_017,72.92596887262283,0,0
2024-02-18,DMA_018,80.29114556593433,0,1
2024-02-18,DMA_019,73.8456264981932,0,0
2024-02-18,DMA_020,66.48850883316251,0,0
2024-02-18,DMA_021,69.4383077466499,0,0
2024-02-18,DMA_022,77.48721580635997,0,0
2024-02-18,DMA_023,77.80441697445727,0,1
2024-02-18,DMA_024,68.33289035396169,0,0
2024-02-18,DMA_025,72.30736089964446,0,1
2024-02-18,DMA_026,71.52029253061058,0,0
2024-02-18,DMA_027,68.67827503605422,0,0
2024-02-18,DMA_028,73.26418052426199,0,0
2024-02-18,DMA_029,64.5005914217227,0,0
2024-02-18,DMA_030,70.36704414405685,0,1
2024-02-18,DMA_031,75.76048825200053,0,0
2024-02-18,DMA_032,61.14533932572655,0,1
2024-02-18,DMA_033,83.66507584685291,0,0
2024-02-18,DMA_034,76.80912583964569,0,0
2024-02-18,DMA_035,62.9273952617527,0,0
2024-02-18,DMA_036,62.33774660397694,0,0
2024-02-18,DMA_037,68.8345193224612,0,0
2024-02-18,DMA_038,72.68284836719548,0,0
2024-02-18,DMA_039,63.511629214525605,0,0
2024-02-18,DMA_040,67.15221017829735,0,1
2024-02-18,DMA_041,73.82709180428283,0,0
2024-02-18,DMA_042,70.16128814079472,0,0
2024-02-18,DMA_043,67.23397152835182,0,0
2024-02-18,DMA_044,68.39242558319012,0,1
2024-02-18,DMA_045,75.27559776988515,0,0
2024-02-18,DMA_046,70.83663476456522,0,0
2024-02-18,DMA_047,72.91099937391694,0,0
2024-02-18,DMA_048,81.41290548878193,0,0
2024-02-18,DMA_049,67.5850226173119,0,0
2024-02-18,DMA_050,78.5589203557668,0,1
2024-02-18,DMA_051,68.7866740869293,0,0
2024-02-18,DMA_052,68.13170323556676,0,1
2024-02-18,DMA_053,73.83239140571733,0,0
2024-02-18,DMA_054,60.36316310997726,0,0
2024-02-18,DMA_055,81.63519073209454,0,0
2024-02-18,DMA_056,69.51189403762879,0,0
2024-02-18,DMA_057,75.51674631958538,0,1
2024-02-18,DMA_058,76.23476422922367,0,0
2024-02-18,DMA_059,73.66380804944878,0,1
2024-02-18,DMA_060,67.22720967214903,0,1
2024-02-18,DMA_061,72.39002373042275,0,1
2024-02-18,DMA_062,77.61358174494707,0,0
2024-02-18,DMA_063,73.1725964959317,0,0
2024-02-18,DMA_064,87.19586702710741,0,0
2024-02-18,DMA_065,63.779672611915494,0,0
2024-02-18,DMA_066,80.58942347296751,0,1
2024-02-18,DMA_067,75.0345612575111,0,0
2024-02-18,DMA_068,77.54986813438019,0,0
2024-02-18,DMA_069,84.4726868198309,0,0
2024-02-18,DMA_070,75.2650027680278,0,0
2024-02-18,DMA_071,66.3238420962237,0,0
2024-02-18,DMA_072,73.64208710137525,0,0
2024-02-18,DMA_073,81.01986246651134,0,0
2024-02-18,DMA_074,65.57092045113491,0,0
2024-02-18,DMA_075,81.42784972796117,0,0
2024-02-18,DMA_076,75.98071696025048,0,0
2024-02-18,DMA_077,74.25401992377311,0,1
2024-02-18,DMA_078,74.37396222043907,0,0
2024-02-18,DMA_079,74.07269196906682,0,0
2024-02-18,DMA_080,79.9925846292341,0,0
2024-02-18,DMA_081,71.89929401144056,0,0
2024-02-18,DMA_082,85.46688934046514,0,0
2024-02-18,DMA_083,68.7407090006578,0,0
2024-02-18,DMA_084,73.12831803872285,0,0
2024-02-18,DMA_085,74.95537466023958,0,0
2024-02-18,DMA_086,75.12258632670932,0,0
2024-02-18,DMA_087,70.34315431465299,0,0
2024-02-18,DMA_088,76.23458079098275,0,0
2024-02-18,DMA_089,73.3918035536679,0,1
2024-02-18,DMA_090,76.1031886409786,0,0
2024-02-18,DMA_091,71.96293208950762,0,0
2024-02-18,DMA_092,69.97000472405837,0,0
2024-02-18,DMA_093,75.86061017946622,0,0
2024-02-18,DMA_094,66.08185638115106,0,1
2024-02-18,DMA_095,67.99211062721923,0,0
2024-02-18,DMA_096,77.15486148171266,0,0
2024-02-18,DMA_097,76.28744886741264,0,0
2024-02-18,DMA_098,79.65840453111879,0,1
2024-02-18,DMA_099,67.45752935238768,0,0
2024-02-18,DMA_100,78.61013894850339,0,0
2024-02-18,DMA_101,73.98716119308797,0,0
2024-02-18,DMA_102,80.85832063513467,0,0
2024-02-18,DMA_103,71.7621600710925,0,0
2024-02-18,DMA_104,71.72432479943608,0,0
2024-02-18,DMA_105,81.70487413471886,0,0
2024-02-18,DMA_106,81.37821976905121,0,0
2024-02-18,DMA_107,71.52175089185869,0,0
2024-02-18,DMA_108,66.27772631281847,0,0
2024-02-18,DMA_109,73.12912663286542,0,0
2024-02-18,DMA_110,70.44746934806368,0,0
2024-02-18,DMA_111,63.82305584191192,0,0
2024-02-18,DMA_112,62.92113506715385,0,0
2024-02-18,DMA_113,71.22847419197544,0,1
2024-02-18,DMA_114,67.9414623987486,0,1
2024-02-18,DMA_115,77.12564043603446,0,0
2024-02-18,DMA_116,72.0144540355232,0,0
2024-02-18,DMA_117,73.0429546677076,0,0
2024-02-18,DMA_118,80.68709784745722,0,0
2024-02-18,DMA_119,76.05867304618596,0,0
2024-02-18,DMA_120,67.27866090571551,0,0
2024-02-18,DMA_121,70.17124583224657,0,0
2024-02-18,DMA_122,82.65897039360716,0,0
2024-02-18,DMA_123,79.14110571786358,0,0
2024-02-18,DMA_124,79.87157577352728,0,0
2024-02-18,DMA_125,62.19689781668666,0,0
2024-02-18,DMA_126,76.76074915469445,0,1
2024-02-18,DMA_127,74.41610348855386,0,0
2024-02-18,DMA_128,71.53138180147226,0,1
2024-02-18,DMA_129,76.75195396514036,0,0
2024-02-18,DMA_130,68.29238907085552,0,0
2024-02-18,DMA_131,84.50257565627281,0,1
2024-02-18,DMA_132,72.12975492436044,0,1
2024-02-18,DMA_133,77.20026054948201,0,0
2024-02-18,DMA_134,70.48346624581225,0,0
2024-02-18,DMA_135,75.38205564697411,0,0
2024-02-18,DMA_136,64.13693228911777,0,0
2024-02-18,DMA_137,76.1948477193157,0,0
2024-02-18,DMA_138,70.88934802428489,0,0
2024-02-18,DMA_139,64.94467637803339,0,0
2024-02-18,DMA_140,78.26676687051821,0,0
2024-02-18,DMA_141,67.08979126424077,0,0
2024-02-18,DMA_142,72.69019347777069,0,1
2024-02-18,DMA_143,70.38796832240376,0,0
2024-02-18,DMA_144,62.64131230647712,0,1
2024-02-18,DMA_145,83.80973849885433,0,0
2024-02-18,DMA_146,79.98312794490661,0,0
2024-02-18,DMA_147,70.30365072841886,0,1
2024-02-18,DMA_148,76.00080196156536,0,0
2024-02-18,DMA_149,68.15238129468192,0,0
2024-02-18,DMA_150,78.17432198801696,0,0
2024-02-25,DMA_001,67.17394052185816,0,0
2024-02-25,DMA_002,70.36668111588213,0,0
2024-02-25,DMA_003,73.80574480806935,0,0
2024-02-25,DMA_004,63.59403474894,0,0
2024-02-25,DMA_005,71.61964540048061,0,0
2024-02-25,DMA_006,78.69862961389947,0,0
2024-02-25,DMA_007,79.41959008450688,0,0
2024-02-25,DMA_008,67.10168717876925,0,1
2024-02-25,DMA_009,67.3483204182536,0,0
2024-02-25,DMA_010,76.08216671848113,0,0
2024-02-25,DMA_011,83.97922248371817,0,1
2024-02-25,DMA_012,71.75267881596348,0,0
2024-02-25,DMA_013,69.43311322486154,0,0
2024-02-25,DMA_014,88.342671014603,0,1
2024-02-25,DMA_015,70.0761742341227,0,0
2024-02-25,DMA_016,63.236306499783645,0,0
2024-02-25,DMA_017,72.52296298031524,0,0
2024-02-25,DMA_018,71.83378281817971,0,0
2024-02-25,DMA_019,82.71634632186183,0,0
2024-02-25,DMA_020,83.92799779675175,0,0
2024-02-25,DMA_021,78.24782139595165,0,0
2024-02-25,DMA_022,59.03173546160055,0,0
2024-02-25,DMA_023,67.95528369219733,0,0
2024-02-25,DMA_024,77.87238177046997,0,0
2024-02-25,DMA_025,69.53148701671533,0,0
2024-02-25,DMA_026,68.30451333896998,0,0
2024-02-25,DMA_027,74.7442940431703,0,0
2024-02-25,DMA_028,72.33741092878994,0,0
2024-02-25,DMA_029,62.13812227269548,0,0
2024-02-25,DMA_030,67.3311694332746,0,0
2024-02-25,DMA_031,70.87369618109162,0,0
2024-02-25,DMA_032,67.58923261958488,0,0
2024-02-25,DMA_033,68.7636458657199,0,1
2024-02-25,DMA_034,72.9763378212555,0,1
2024-02-25,DMA_035,70.28686301717846,0,0
2024-02-25,DMA_036,65.47701892293294,0,0
2024-02-25,DMA_037,72.37150505680958,0,0
2024-02-25,DMA_038,75.0177654818807,0,0
2024-02-25,DMA_039,71.99099890284953,0,1
2024-02-25,DMA_040,69.0292541807094,0,0
2024-02-25,DMA_041,76.68319877026588,0,0
2024-02-25,DMA_042,76.52650591949408,0,0
2024-02-25,DMA_043,69.10780864778795,0,0
2024-02-25,DMA_044,61.86864530705606,0,0
2024-02-25,DMA_045,69.20897952963674,0,0
2024-02-25,DMA_046,84.96528613404887,0,0
2024-02-25,DMA_047,68.93040034146665,0,0
2024-02-25,DMA_048,66.34064066909899,0,0
2024-02-25,DMA_049,68.59922996639327,0,0
2024-02-25,DMA_050,69.38022392092192,0,0
2024-02-25,DMA_051,70.01082357540503,0,0
2024-02-25,DMA_052,75.17842795094121,0,1
2024-02-25,DMA_053,71.71865821969446,0,0
2024-02-25,DMA_054,65.67486024178491,0,0
2024-02-25,DMA_055,83.37154932833147,0,0
2024-02-25,DMA_056,70.99239566618371,0,1
2024-02-25,DMA_057,72.66644491780319,0,0
2024-02-25,DMA_058,76.00276641853188,0,0
2024-02-25,DMA_059,64.72175762079354,0,1
2024-02-25,DMA_060,79.60231695551694,0,1
2024-02-25,DMA_061,72.02680110945403,0,0
2024-02-25,DMA_062,69.40214408859077,0,0
2024-02-25,DMA_063,75.23121837521897,0,0
2024-02-25,DMA_064,70.07759829989675,0,0
2024-02-25,DMA_065,79.94872278033228,0,0
2024-02-25,DMA_066,73.59370175902238,0,0
2024-02-25,DMA_067,68.58484188440575,0,0
2024-02-25,DMA_068,67.2045017957678,0,0
2024-02-25,DMA_069,63.36909120761908,0,0
2024-02-25,DMA_070,76.38203180974172,0,1
2024-02-25,DMA_071,73.07387418103245,0,0
2024-02-25,DMA_072,81.6341752498365,0,0
2024-02-25,DMA_073,63.86501622267438,0,0
2024-02-25,DMA_074,61.17728360871349,0,0
2024-02-25,DMA_075,66.96374419321067,0,1
2024-02-25,DMA_076,73.44904480575855,0,0
2024-02-25,DMA_077,70.05619001548149,0,1
2024-02-25,DMA_078,79.91715389728552,0,0
2024-02-25,DMA_079,70.03414650919805,0,0
2024-02-25,DMA_080,74.70302478555747,0,0
2024-02-25,DMA_081,78.1749215704134,0,0
2024-02-25,DMA_082,71.65238142767103,0,0
2024-02-25,DMA_083,66.90435097958857,0,0
2024-02-25,DMA_084,69.22358071845197,0,0
2024-02-25,DMA_085,68.54654623319675,0,0
2024-02-25,DMA_086,76.82903430919455,0,0
2024-02-25,DMA_087,67.21233611537235,0,0
2024-02-25,DMA_088,75.04982532997852,0,1
2024-02-25,DMA_089,73.48130628785705,0,0
2024-02-25,DMA_090,61.38569959297466,0,0
2024-02-25,DMA_091,66.6783577653327,0,0
2024-02-25,DMA_092,74.41371082872364,0,0
2024-02-25,DMA_093,66.59473846597855,0,0
2024-02-25,DMA_094,75.14208870252014,0,0
2024-02-25,DMA_095,67.48266727960674,0,1
2024-02-25,DMA_096,70.84871973945012,0,0
2024-02-25,DMA_097,74.96481914854695,0,0
2024-02-25,DMA_098,64.8050299476099,0,0
2024-02-25,DMA_099,85.78858204477456,0,0
2024-02-25,DMA_100,65.42453205612794,0,0
2024-02-25,DMA_101,64.00260140845356,0,0
2024-02-25,DMA_102,71.70162217440785,0,0
2024-02-25,DMA_103,75.42823273250683,0,0
2024-02-25,DMA_104,69.2072556906309,0,0
2024-02-25,DMA_105,68.59351386729375,0,0
2024-02-25,DMA_106,67.2631288060046,0,0
2024-02-25,DMA_107,76.72271365772166,0,0
2024-02-25,DMA_108,66.18268828263908,0,0
2024-02-25,DMA_109,74.83280779132355,0,0
2024-02-25,DMA_110,64.76118641119137,0,0
2024-02-25,DMA_111,58.52503939004387,0,0
2024-02-25,DMA_112,75.70188093073052,0,0
2024-02-25,DMA_113,73.72256853289693,0,0
2024-02-25,DMA_114,74.21326185036634,0,0
2024-02-25,DMA_115,68.09268498187477,0,0
2024-02-25,DMA_116,73.78865482537128,0,1
2024-02-25,DMA_117,71.07603695592667,0,0
2024-02-25,DMA_118,82.70789916024187,0,0
2024-02-25,DMA_119,66.92410668754026,0,0
2024-02-25,DMA_120,68.32872860180525,0,0
2024-02-25,DMA_121,82.94620030461189,0,0
2024-02-25,DMA_122,76.57453228495515,0,0
2024-02-25,DMA_123,71.79414326911909,0,0
2024-02-25,DMA_124,69.86334615684054,0,0
2024-02-25,DMA_125,62.07721358260368,0,0
2024-02-25,DMA_126,70.33836029853194,0,0
2024-02-25,DMA_127,76.53153993536095,0,0
2024-02-25,DMA_128,76.88008580283534,0,0
2024-02-25,DMA_129,71.84497230052087,0,1
2024-02-25,DMA_130,69.01444087866851,0,0
2024-02-25,DMA_131,63.02108389498052,0,1
2024-02-25,DMA_132,58.87884301227207,0,0
2024-02-25,DMA_133,78.96282012729479,0,0
2024-02-25,DMA_134,80.92681773523935,0,0
2024-02-25,DMA_135,69.71836797530388,0,0
2024-02-25,DMA_136,69.51040821442783,0,1
2024-02-25,DMA_137,68.68843562812718,0,0
2024-02-25,DMA_138,63.55765759557634,0,0
2024-02-25,DMA_139,68.24424080689484,0,0
2024-02-25,DMA_140,80.21536004656302,0,0
2024-02-25,DMA_141,78.26887824068248,0,0
2024-02-25,DMA_142,74.06852996122942,0,0
2024-02-25,DMA_143,82.49923839251483,0,0
2024-02-25,DMA_144,68.96139438748756,0,0
2024-02-25,DMA_145,72.63744787042877,0,0
2024-02-25,DMA_146,77.63635575333605,0,0
2024-02-25,DMA_147,76.72695797667384,0,0
2024-02-25,DMA_148,74.89831707907723,0,0
2024-02-25,DMA_149,80.47625814574094,0,0
2024-02-25,DMA_150,66.00748518588797,0,0
2024-03-03,DMA_001,65.90108120597911,0,0
2024-03-03,DMA_002,69.79039771058751,0,1
2024-03-03,DMA_003,61.934475715692976,0,0
2024-03-03,DMA_004,64.24796396983369,0,0
2024-03-03,DMA_005,71.10476646140695,0,0
2024-03-03,DMA_006,66.8709377472609,0,0
2024-03-03,DMA_007,78.21891933916237,0,0
2024-03-03,DMA_008,58.820903054642294,0,0
2024-03-03,DMA_009,71.2623740484678,0,0
2024-03-03,DMA_010,66.99362800049201,0,1
2024-03-03,DMA_011,74.73163542433713,0,0
2024-03-03,DMA_012,66.82421875824338,0,0
2024-03-03,DMA_013,45.82916218541449,0,1
2024-03-03,DMA_014,73.27655950654949,0,0
2024-03-03,DMA_015,71.22630497508474,0,0
2024-03-03,DMA_016,62.478397916511554,0,0
2024-03-03,DMA_017,72.8058788052957,0,0
2024-03-03,DMA_018,70.37809327718072,0,0
2024-03-03,DMA_019,78.51772861824078,0,1
2024-03-03,DMA_020,66.70011051604432,0,0
2024-03-03,DMA_021,66.4535804856903,0,0
2024-03-03,DMA_022,73.68250540004303,0,0
2024-03-03,DMA_023,69.59062535898697,0,1
2024-03-03,DMA_024,59.41759130760322,0,1
2024-03-03,DMA_025,69.34619882481854,0,0
2024-03-03,DMA_026,71.34751958307935,0,0
2024-03-03,DMA_027,75.66574152216441,0,0
2024-03-03,DMA_028,65.14806845428573,0,0
2024-03-03,DMA_029,64.41239787656603,0,0
2024-03-03,DMA_030,73.49806662047402,0,1
2024-03-03,DMA_031,59.33843722271641,0,1
2024-03-03,DMA_032,61.10148397000262,0,0
2024-03-03,DMA_033,73.25873463839599,0,0
2024-03-03,DMA_034,86.09532775730824,0,0
2024-03-03,DMA_035,70.5498538313764,0,0
2024-03-03,DMA_036,76.9955285520081,0,0
2024-03-03,DMA_037,77.92659141431832,0,1
2024-03-03,DMA_038,76.49004621037426,0,0
2024-03-03,DMA_039,63.344536731325775,0,1
2024-03-03,DMA_040,68.62819395209507,0,0
2024-03-03,DMA_041,74.58044142881151,0,0
2024-03-03,DMA_042,76.87119887188192,0,0
2024-03-03,DMA_043,76.6405819138026,0,0
2024-03-03,DMA_044,59.84582317755422,0,0
2024-03-03,DMA_045,73.84114110835554,0,0
2024-03-03,DMA_046,67.67893149295523,0,0
2024-03-03,DMA_047,62.585483019343314,0,1
2024-03-03,DMA_048,60.42653332487602,0,0
2024-03-03,DMA_049,70.63703580920344,0,0
2024-03-03,DMA_050,67.97797771472534,0,0
2024-03-03,DMA_051,60.804816598700135,0,0
2024-03-03,DMA_052,68.8615830613803,0,0
2024-03-03,DMA_053,59.93796630767203,0,1
2024-03-03,DMA_054,75.88397950765545,0,0
2024-03-03,DMA_055,70.79226350218956,0,0
2024-03-03,DMA_056,67.80987959960383,0,0
2024-03-03,DMA_057,66.45978286825891,0,0
2024-03-03,DMA_058,62.82533822893811,0,0
2024-03-03,DMA_059,69.88425225466545,0,0
2024-03-03,DMA_060,69.50593988696967,0,0
2024-03-03,DMA_061,74.43469452329501,0,1
2024-03-03,DMA_062,79.52379058486967,0,0
2024-03-03,DMA_063,77.68515807590774,0,0
2024-03-03,DMA_064,61.81646391912109,0,0
2024-03-03,DMA_065,74.47717206802201,0,0
2024-03-03,DMA_066,75.31062811259811,0,1
2024-03-03,DMA_067,67.47361456624894,0,0
2024-03-03,DMA_068,71.73972731948808,0,0
2024-03-03,DMA_069,68.08133168859607,0,0
2024-03-03,DMA_070,65.74746197704613,0,0
2024-03-03,DMA_071,52.993107040553966,0,0
2024-03-03,DMA_072,71.55757801580897,0,0
2024-03-03,DMA_073,78.475885718538,0,0
2024-03-03,DMA_074,73.79356970527975,0,0
2024-03-03,DMA_075,63.27660755315552,0,0
2024-03-03,DMA_076,66.02803413085617,0,0
2024-03-03,DMA_077,68.10531446675914,0,0
2024-03-03,DMA_078,63.37810557039945,0,0
2024-03-03,DMA_079,82.65192580271531,0,1
2024-03-03,DMA_080,75.00549180745622,0,0
2024-03-03,DMA_081,80.04844279616009,0,0
2024-03-03,DMA_082,61.40476846276445,0,0
2024-03-03,DMA_083,69.63209177938433,0,0
2024-03-03,DMA_084,63.04130193994777,0,0
2024-03-03,DMA_085,68.51912475988115,0,0
2024-03-03,DMA_086,64.18168088455026,0,0
2024-03-03,DMA_087,71.61109166181983,0,0
2024-03-03,DMA_088,56.269258425567614,0,0
2024-03-03,DMA_089,58.496557798463186,0,0
2024-03-03,DMA_090,72.58220149801379,0,0
2024-03-03,DMA_091,68.78291406020101,0,0
2024-03-03,DMA_092,84.91438026861215,0,0
2024-03-03,DMA_093,82.6485313295402,0,0
2024-03-03,DMA_094,75.15596844508084,0,1
2024-03-03,DMA_095,74.14072357573923,0,1
2024-03-03,DMA_096,71.16762663531912,0,0
2024-03-03,DMA_097,70.41631307600277,0,0
2024-03-03,DMA_098,58.4008986064799,0,1
2024-03-03,DMA_099,72.0459168727474,0,0
2024-03-03,DMA_100,75.57103088260027,0,1
2024-03-03,DMA_101,65.70950837064113,0,0
2024-03-03,DMA_102,60.479385260538,0,0
2024-03-03,DMA_103,75.58627553938041,0,0
2024-03-03,DMA_104,65.994235038872,0,0
2024-03-03,DMA_105,67.83542996894289,0,0
2024-03-03,DMA_106,81.32306886890792,0,0
2024-03-03,DMA_107,68.97050168862766,0,0
2024-03-03,DMA_108,79.9960470566663,0,0
2024-03-03,DMA_109,77.31177510811288,0,1
2024-03-03,DMA_110,63.32727917698813,0,0
2024-03-03,DMA_111,77.07804207204023,0,0
2024-03-03,DMA_112,67.29668265955674,0,0
2024-03-03,DMA_113,68.7269181747427,0,0
2024-03-03,DMA_114,78.80584242205481,0,0
2024-03-03,DMA_115,75.49641496199261,0,0
2024-03-03,DMA_116,66.55873555287455,0,0
2024-03-03,DMA_117,65.36267385931737,0,0
2024-03-03,DMA_118,63.51565302091343,0,0
2024-03-03,DMA_119,69.12840784429444,0,0
2024-03-03,DMA_120,66.19261585073072,0,0
2024-03-03,DMA_121,61.4764258945691,0,0
2024-03-03,DMA_122,60.758067598673584,0,0
2024-03-03,DMA_123,66.47294794654032,0,0
2024-03-03,DMA_124,68.13101346097326,0,0
2024-03-03,DMA_125,70.71993024973712,0,0
2024-03-03,DMA_126,63.33807551140939,0,0
2024-03-03,DMA_127,68.81522893801088,0,0
2024-03-03,DMA_128,63.797715210359144,0,0
2024-03-03,DMA_129,66.19544670557067,0,0
2024-03-03,DMA_130,72.50838395134714,0,0
2024-03-03,DMA_131,76.00009371274565,0,0
2024-03-03,DMA_132,72.20492133439525,0,0
2024-03-03,DMA_133,70.6121834858815,0,0
2024-03-03,DMA_134,63.514405454364464,0,1
2024-03-03,DMA_135,69.07749261876684,0,1
2024-03-03,DMA_136,73.88427750142883,0,0
2024-03-03,DMA_137,72.3871758508001,0,0
2024-03-03,DMA_138,71.56651906316291,0,0
2024-03-03,DMA_139,81.15654125779152,0,1
2024-03-03,DMA_140,64.42559831666456,0,0
2024-03-03,DMA_141,64.33404251166871,0,0
2024-03-03,DMA_142,69.71651342211383,0,0
2024-03-03,DMA_143,75.95732733610691,0,0
2024-03-03,DMA_144,72.42221845932706,0,0
2024-03-03,DMA_145,77.43049641312643,0,0
2024-03-03,DMA_146,70.63411821439276,0,0
2024-03-03,DMA_147,72.5332451926965,0,0
2024-03-03,DMA_148,72.47998139622932,0,0
2024-03-03,DMA_149,72.66581077575232,0,1
2024-03-03,DMA_150,71.036867238772,0,1
2024-03-10,DMA_001,55.89027149185557,0,0
2024-03-10,DMA_002,65.75530930054732,0,1
2024-03-10,DMA_003,60.87117857476153,0,0
2024-03-10,DMA_004,69.48338032476458,0,0
2024-03-10,DMA_005,76.02040601294595,0,0
2024-03-10,DMA_006,53.990302994749484,0,0
2024-03-10,DMA_007,77.8267030868724,0,0
2024-03-10,DMA_008,67.06733591497145,0,0
2024-03-10,DMA_009,63.43009260984428,0,1
2024-03-10,DMA_010,65.87085152436981,0,0
2024-03-10,DMA_011,53.049243692432725,0,0
2024-03-10,DMA_012,67.2726792782006,0,0
2024-03-10,DMA_013,57.19460257281023,0,0
2024-03-10,DMA_014,63.98901796741101,0,0
2024-03-10,DMA_015,72.76857805372563,0,1
2024-03-10,DMA_016,75.2213785871794,0,0
2024-03-10,DMA_017,87.91162805433675,0,0
2024-03-10,DMA_018,66.23514990502936,0,1
2024-03-10,DMA_019,58.889105139217165,0,1
2024-03-10,DMA_020,69.85325660901094,0,0
2024-03-10,DMA_021,73.89503024040818,0,0
2024-03-10,DMA_022,70.5849079780239,0,0
2024-03-10,DMA_023,63.6986826818436,0,0
2024-03-10,DMA_024,60.37609651637639,0,1
2024-03-10,DMA_025,77.20576923871357,0,0
2024-03-10,DMA_026,71.99726875775026,0,0
2024-03-10,DMA_027,64.91097090034506,0,0
2024-03-10,DMA_028,75.03944945733349,0,1
2024-03-10,DMA_029,69.35123777442496,0,0
2024-03-10,DMA_030,62.358333984615356,0,0
2024-03-10,DMA_031,64.74580954845507,0,0
2024-03-10,DMA_032,65.43520187284811,0,0
2024-03-10,DMA_033,65.62474696909196,0,0
2024-03-10,DMA_034,63.68496481773842,0,0
2024-03-10,DMA_035,60.892083614956036,0,0
2024-03-10,DMA_036,70.55607332520786,0,0
2024-03-10,DMA_037,68.20845563707921,0,0
2024-03-10,DMA_038,63.84276563381246,0,0
2024-03-10,DMA_039,62.93747166572303,0,0
2024-03-10,DMA_040,78.18702363703123,0,1
2024-03-10,DMA_041,68.66796188141014,0,1
2024-03-10,DMA_042,67.8144701676311,0,0
2024-03-10,DMA_043,74.64204929409405,0,0
2024-03-10,DMA_044,70.82049635762331,0,0
2024-03-10,DMA_045,57.200928249712206,0,0
2024-03-10,DMA_046,76.33728547785597,0,0
2024-03-10,DMA_047,60.48100346650162,0,0
2024-03-10,DMA_048,53.2953879012675,0,0
2024-03-10,DMA_049,68.60068981885223,0,0
2024-03-10,DMA_050,66.76657396116607,0,1
2024-03-10,DMA_051,78.03700354052347,0,0
2024-03-10,DMA_052,71.13256258335772,0,0
2024-03-10,DMA_053,70.17966492035775,0,1
2024-03-10,DMA_054,69.73342938228936,0,0
2024-03-10,DMA_055,71.21390313651175,0,0
2024-03-10,DMA_056,59.03272762608238,0,1
2024-03-10,DMA_057,65.15123166769051,0,0
2024-03-10,DMA_058,63.2525096198183,0,0
2024-03-10,DMA_059,57.49005309821972,0,0
2024-03-10,DMA_060,71.32184788396557,0,0
2024-03-10,DMA_061,63.031528091215485,0,0
2024-03-10,DMA_062,66.79009937450948,0,0
2024-03-10,DMA_063,60.210877241044166,0,0
2024-03-10,DMA_064,58.79737334201214,0,0
2024-03-10,DMA_065,63.408056912619216,0,0
2024-03-10,DMA_066,68.58970438937409,0,0
2024-03-10,DMA_067,72.53694246896353,0,0
2024-03-10,DMA_068,72.87520775105448,0,1
2024-03-10,DMA_069,58.737611373907555,0,0
2024-03-10,DMA_070,66.81495584605945,0,0
2024-03-10,DMA_071,69.78471403965678,0,0
2024-03-10,DMA_072,56.830698815776344,0,0
2024-03-10,DMA_073,72.9456846150936,0,0
2024-03-10,DMA_074,72.13221817167508,0,0
2024-03-10,DMA_075,63.55063140804414,0,0
2024-03-10,DMA_076,63.00590109995207,0,0
2024-03-10,DMA_077,65.42282419137248,0,0
2024-03-10,DMA_078,66.5094536561345,0,0
2024-03-10,DMA_079,69.9083133060473,0,0
2024-03-10,DMA_080,65.26255610688203,0,0
2024-03-10,DMA_081,65.39335348302112,0,0
2024-03-10,DMA_082,59.373501606495715,0,0
2024-03-10,DMA_083,68.83206001110133,0,0
2024-03-10,DMA_084,68.70853510100125,0,0
2024-03-10,DMA_085,66.15660690570145,0,1
2024-03-10,DMA_086,68.43322018556037,0,0
2024-03-10,DMA_087,73.51682888634424,0,0
2024-03-10,DMA_088,61.849386113349496,0,0
2024-03-10,DMA_089,67.59614805249632,0,0
2024-03-10,DMA_090,73.28337006427854,0,0
2024-03-10,DMA_091,66.662037183965,0,0
2024-03-10,DMA_092,66.25397243072311,0,0
2024-03-10,DMA_093,70.13818052960296,0,0
2024-03-10,DMA_094,61.86808786826256,0,0
2024-03-10,DMA_095,53.63932216043297,0,1
2024-03-10,DMA_096,55.76297814583029,0,0
2024-03-10,DMA_097,80.42433222361623,0,0
2024-03-10,DMA_098,65.31197080404013,0,0
2024-03-10,DMA_099,61.609129773471395,0,0
2024-03-10,DMA_100,62.650473450326174,0,1
2024-03-10,DMA_101,71.79363923188917,0,0
2024-03-10,DMA_102,62.12684033001648,0,0
2024-03-10,DMA_103,70.81079883964127,0,1
2024-03-10,DMA_104,72.05894339522303,0,0
2024-03-10,DMA_105,63.34337114064499,0,1
2024-03-10,DMA_106,63.64561359512552,0,0
2024-03-10,DMA_107,62.48754660643649,0,0
2024-03-10,DMA_108,71.23557348165787,0,0
2024-03-10,DMA_109,61.24305090480497,0,0
2024-03-10,DMA_110,65.79151745628735,0,0
2024-03-10,DMA_111,64.62901474500349,0,0
2024-03-10,DMA_112,66.69720534685585,0,0
2024-03-10,DMA_113,63.791730361096946,0,0
2024-03-10,DMA_114,66.21139364693818,0,0
2024-03-10,DMA_115,61.866439483431954,0,0
2024-03-10,DMA_116,66.65028336318757,0,0
2024-03-10,DMA_117,52.79070183309312,0,0
2024-03-10,DMA_118,64.50911968967921,0,0
2024-03-10,DMA_119,67.02195473930722,0,0
2024-03-10,DMA_120,66.2303688245352,0,0
2024-03-10,DMA_121,72.14062164669647,0,0
2024-03-10,DMA_122,78.44886984725531,0,0
2024-03-10,DMA_123,61.19133309078259,0,0
2024-03-10,DMA_124,65.83938721650499,0,0
2024-03-10,DMA_125,70.5968524740959,0,0
2024-03-10,DMA_126,69.06545979464616,0,0
2024-03-10,DMA_127,68.24967137889838,0,0
2024-03-10,DMA_128,64.1526651364042,0,0
2024-03-10,DMA_129,65.6962683854803,0,0
2024-03-10,DMA_130,77.1486420351737,0,0
2024-03-10,DMA_131,71.61408590478162,0,0
2024-03-10,DMA_132,68.78148124006825,0,0
2024-03-10,DMA_133,68.08594632678566,0,0
2024-03-10,DMA_134,57.57186824528152,0,0
2024-03-10,DMA_135,57.028521603923885,0,0
2024-03-10,DMA_136,53.5149989997107,0,0
2024-03-10,DMA_137,70.27029582451598,0,0
2024-03-10,DMA_138,70.63491856575008,0,0
2024-03-10,DMA_139,68.66578548413204,0,0
2024-03-10,DMA_140,66.60174921176322,0,0
2024-03-10,DMA_141,56.7078317621469,0,0
2024-03-10,DMA_142,70.60721690416645,0,0
2024-03-10,DMA_143,65.77637051377422,0,0
2024-03-10,DMA_144,62.76546522712724,0,0
2024-03-10,DMA_145,68.40325069318821,0,0
2024-03-10,DMA_146,73.49119723366407,0,0
2024-03-10,DMA_147,64.79931864424127,0,0
2024-03-10,DMA_148,68.82001247499758,0,0
2024-03-10,DMA_149,69.98054623606262,0,1
2024-03-10,DMA_150,69.05324582315174,0,0
2024-03-17,DMA_001,53.27355585717892,0,0
2024-03-17,DMA_002,70.75196458189853,0,0
2024-03-17,DMA_003,64.03192294003718,0,0
2024-03-17,DMA_004,62.660469204191834,0,0
2024-03-17,DMA_005,66.14314151913635,0,1
2024-03-17,DMA_006,70.81895586669393,0,0
2024-03-17,DMA_007,63.845850770433834,0,0
2024-03-17,DMA_008,61.861258229496315,0,1
2024-03-17,DMA_009,60.5678587386714,0,0
2024-03-17,DMA_010,61.34506064696745,0,0
2024-03-17,DMA_011,70.31689167093374,0,1
2024-03-17,DMA_012,69.83110598938902,0,0
2024-03-17,DMA_013,80.09803884159676,0,0
2024-03-17,DMA_014,64.00462190241251,0,0
2024-03-17,DMA_015,60.300859281271464,0,1
2024-03-17,DMA_016,48.097522248639706,0,0
2024-03-17,DMA_017,71.21279115332219,0,0
2024-03-17,DMA_018,58.788934438768884,0,1
2024-03-17,DMA_019,60.27053465771997,0,0
2024-03-17,DMA_020,55.895095572657674,0,0
2024-03-17,DMA_021,73.8411052131591,0,0
2024-03-17,DMA_022,66.30617171772845,0,0
2024-03-17,DMA_023,64.31735853684243,0,0
2024-03-17,DMA_024,65.59271178070726,0,0
2024-03-17,DMA_025,60.77166610191043,0,0
2024-03-17,DMA_026,69.74224994830384,0,0
2024-03-17,DMA_027,70.05099924901506,0,0
2024-03-17,DMA_028,58.716376714866534,0,0
2024-03-17,DMA_029,67.73183314616762,0,1
2024-03-17,DMA_030,59.52580675391078,0,0
2024-03-17,DMA_031,59.228200156639865,0,0
2024-03-17,DMA_032,57.845477162525995,0,1
2024-03-17,DMA_033,58.644053649833765,0,0
2024-03-17,DMA_034,66.63320886544554,0,1
2024-03-17,DMA_035,69.17465678714906,0,0
2024-03-17,DMA_036,61.54287268751325,0,0
2024-03-17,DMA_037,71.81469402369201,0,0
2024-03-17,DMA_038,58.788296218947046,0,0
2024-03-17,DMA_039,57.95338216131237,0,0
2024-03-17,DMA_040,82.7835814459498,0,0
2024-03-17,DMA_041,62.93167754232951,0,0
2024-03-17,DMA_042,58.24206561509405,0,0
2024-03-17,DMA_043,51.54541828382233,0,0
2024-03-17,DMA_044,61.69665684994305,0,0
2024-03-17,DMA_045,60.48670470856912,0,0
2024-03-17,DMA_046,64.39502076138719,0,0
2024-03-17,DMA_047,64.56165445213841,0,0
2024-03-17,DMA_048,64.11829904025562,0,1
2024-03-17,DMA_049,59.78513953113253,0,0
2024-03-17,DMA_050,59.09076399721659,0,1
2024-03-17,DMA_051,63.243226457867884,0,0
2024-03-17,DMA_052,65.12707318947305,0,0
2024-03-17,DMA_053,67.18232689427445,0,0
2024-03-17,DMA_054,68.17694698891178,0,0
2024-03-17,DMA_055,59.669929344497525,0,0
2024-03-17,DMA_056,56.49711228667995,0,0
2024-03-17,DMA_057,65.30575210313276,0,0
2024-03-17,DMA_058,61.381848329761766,0,0
2024-03-17,DMA_059,58.49829970382258,0,0
2024-03-17,DMA_060,72.65846781369196,0,0
2024-03-17,DMA_061,68.56695195840017,0,0
2024-03-17,DMA_062,56.495720447359915,0,1
2024-03-17,DMA_063,53.873239388699986,0,1
2024-03-17,DMA_064,62.200493120354494,0,0
2024-03-17,DMA_065,62.31721577843996,0,0
2024-03-17,DMA_066,59.305023402764455,0,0
2024-03-17,DMA_067,68.78517061127899,0,0
2024-03-17,DMA_068,67.9486789316936,0,0
2024-03-17,DMA_069,72.97220525810499,0,0
2024-03-17,DMA_070,57.598661218043546,0,0
2024-03-17,DMA_071,67.74024619081942,0,0
2024-03-17,DMA_072,64.52487197114596,0,1
2024-03-17,DMA_073,65.47253171726153,0,1
2024-03-17,DMA_074,62.433463256076784,0,1
2024-03-17,DMA_075,62.17173208235814,0,0
2024-03-17,DMA_076,62.59909947156326,0,0
2024-03-17,DMA_077,62.09868786224201,0,0
2024-03-17,DMA_078,63.82798142200639,0,0
2024-03-17,DMA_079,71.02516141903483,0,1
2024-03-17,DMA_080,70.95176121046208,0,1
2024-03-17,DMA_081,68.16771290647912,0,0
2024-03-17,DMA_082,56.60403003084595,0,0
2024-03-17,DMA_083,70.1648588625032,0,0
2024-03-17,DMA_084,64.50739014301028,0,1
2024-03-17,DMA_085,60.13916869036965,0,0
2024-03-17,DMA_086,68.5505077381659,0,0
2024-03-17,DMA_087,68.65588996271234,0,0
2024-03-17,DMA_088,54.39573175231101,0,0
2024-03-17,DMA_089,60.288943566827584,0,0
2024-03-17,DMA_090,76.4731330408622,0,0
2024-03-17,DMA_091,60.78333347039204,0,0
2024-03-17,DMA_092,58.9259928662467,0,0
2024-03-17,DMA_093,48.39457049115583,0,0
2024-03-17,DMA_094,73.93332459304747,0,0
2024-03-17,DMA_095,65.30766430430796,0,0
2024-03-17,DMA_096,73.62895670373346,0,0
2024-03-17,DMA_097,70.17746645704811,0,0
2024-03-17,DMA_098,65.2302278601168,0,0
2024-03-17,DMA_099,72.24677201485923,0,0
2024-03-17,DMA_100,77.38854479216704,0,0
2024-03-17,DMA_101,60.4903148043771,0,0
2024-03-17,DMA_102,60.623302536407245,0,0
2024-03-17,DMA_103,59.15101431729184,0,0
2024-03-17,DMA_104,55.56942918028951,0,0
2024-03-17,DMA_105,54.83019632037642,0,0
2024-03-17,DMA_106,59.76706284786335,0,0
2024-03-17,DMA_107,58.58082437651896,0,0
2024-03-17,DMA_108,63.17894097010784,0,0
2024-03-17,DMA_109,67.36468524035848,0,0
2024-03-17,DMA_110,66.34427860283142,0,0
2024-03-17,DMA_111,71.26610154738599,0,0
2024-03-17,DMA_112,69.3784924018547,0,0
2024-03-17,DMA_113,58.83216958402585,0,0
2024-03-17,DMA_114,63.56489333358725,0,1
2024-03-17,DMA_115,67.22799334480757,0,0
2024-03-17,DMA_116,63.703636571675034,0,0
2024-03-17,DMA_117,63.721979108976534,0,0
2024-03-17,DMA_118,56.72615846009331,0,0
2024-03-17,DMA_119,69.59615890820159,0,0
2024-03-17,DMA_120,67.66248137538405,0,0
2024-03-17,DMA_121,64.56611117836384,0,0
2024-03-17,DMA_122,50.3119213743798,0,1
2024-03-17,DMA_123,67.75973652329007,0,1
2024-03-17,DMA_124,69.00187816873986,0,0
2024-03-17,DMA_125,59.37805229995095,0,0
2024-03-17,DMA_126,50.94187427396445,0,0
2024-03-17,DMA_127,63.6050060026694,0,0
2024-03-17,DMA_128,70.83542189075436,0,0
2024-03-17,DMA_129,59.39208864240875,0,0
2024-03-17,DMA_130,61.50413939468269,0,0
2024-03-17,DMA_131,71.08802163072869,0,0
2024-03-17,DMA_132,69.74078598235938,0,0
2024-03-17,DMA_133,74.24314416117173,0,1
2024-03-17,DMA_134,69.5129177084023,0,0
2024-03-17,DMA_135,58.449441293649954,0,1
2024-03-17,DMA_136,72.3230536280958,0,0
2024-03-17,DMA_137,71.1326815656679,0,0
2024-03-17,DMA_138,58.642184178095924,0,0
2024-03-17,DMA_139,64.11511145647891,0,0
2024-03-17,DMA_140,59.752413945825516,0,0
2024-03-17,DMA_141,70.95986691787958,0,0
2024-03-17,DMA_142,54.791440267688145,0,0
2024-03-17,DMA_143,66.42002572301962,0,0
2024-03-17,DMA_144,60.277277151369994,0,0
2024-03-17,DMA_145,70.85868688700744,0,0
2024-03-17,DMA_146,57.751027911084925,0,0
2024-03-17,DMA_147,53.62568522273169,0,0
2024-03-17,DMA_148,63.23128078078684,0,0
2024-03-17,DMA_149,59.14022232523735,0,0
2024-03-17,DMA_150,64.4513608532773,0,0
2024-03-24,DMA_001,60.78252647526575,0,0
2024-03-24,DMA_002,62.48494432263261,0,0
2024-03-24,DMA_003,62.0011535452909,0,0
2024-03-24,DMA_004,62.8902051060767,0,0
2024-03-24,DMA_005,62.284585709285636,0,0
2024-03-24,DMA_006,58.45363658489457,0,0
2024-03-24,DMA_007,66.31330998007346,0,0
2024-03-24,DMA_008,52.9655317667325,0,1
2024-03-24,DMA_009,69.69541976415402,0,0
2024-03-24,DMA_010,57.10687217116478,0,0
2024-03-24,DMA_011,68.15885026105602,0,0
2024-03-24,DMA_012,65.68683110423895,0,0
2024-03-24,DMA_013,64.21962537664686,0,0
2024-03-24,DMA_014,64.21737850119226,0,0
2024-03-24,DMA_015,65.64202335538761,0,0
2024-03-24,DMA_016,47.559456818239525,0,0
2024-03-24,DMA_017,61.4096410020761,0,0
2024-03-24,DMA_018,57.11455501983236,0,0
2024-03-24,DMA_019,58.95153624418166,0,0
2024-03-24,DMA_020,68.20693396008043,0,0
2024-03-24,DMA_021,70.78450257190065,0,0
2024-03-24,DMA_022,50.28482282251903,0,0
2024-03-24,DMA_023,57.953364688478594,0,0
2024-03-24,DMA_024,61.90094495100307,0,0
2024-03-24,DMA_025,56.950906603892506,0,0
2024-03-24,DMA_026,53.97673229450789,0,0
2024-03-24,DMA_027,62.32438856767107,0,0
2024-03-24,DMA_028,66.34432711970052,0,0
2024-03-24,DMA_029,58.28322933752268,0,0
2024-03-24,DMA_030,50.69213056734863,0,0
2024-03-24,DMA_031,54.48536337197436,0,1
2024-03-24,DMA_032,50.98857240399538,0,0
2024-03-24,DMA_033,65.79189101080198,0,0
2024-03-24,DMA_034,68.28051115086545,0,0
2024-03-24,DMA_035,64.88858093391636,0,1
2024-03-24,DMA_036,64.42637867177184,0,0
2024-03-24,DMA_037,65.45831750566279,0,0
2024-03-24,DMA_038,55.11755259428895,0,1
2024-03-24,DMA_039,69.00192164487953,0,0
2024-03-24,DMA_040,67.70144255477756,0,0
2024-03-24,DMA_041,65.56739411675377,0,0
2024-03-24,DMA_042,54.349895588685584,0,0
2024-03-24,DMA_043,55.97601948473959,0,0
2024-03-24,DMA_044,73.60696241100057,0,0
2024-03-24,DMA_045,51.86286484405531,0,0
2024-03-24,DMA_046,60.6238952670513,0,0
2024-03-24,DMA_047,64.89196698730326,0,0
2024-03-24,DMA_048,55.93813447895605,0,0
2024-03-24,DMA_049,61.061276668814514,0,0
2024-03-24,DMA_050,66.20749000068317,0,0
2024-03-24,DMA_051,51.51212324139983,0,0
2024-03-24,DMA_052,57.74073967501801,0,0
2024-03-24,DMA_053,63.34404113470865,0,0
2024-03-24,DMA_054,64.04769939589495,0,1
2024-03-24,DMA_055,56.24893662097914,0,1
2024-03-24,DMA_056,63.9388298891358,0,0
2024-03-24,DMA_057,58.13706984705105,0,0
2024-03-24,DMA_058,64.89597797979964,0,0
2024-03-24,DMA_059,60.68868963214578,0,1
2024-03-24,DMA_060,55.97510655980996,0,0
2024-03-24,DMA_061,69.34384104385504,0,0
2024-03-24,DMA_062,73.58803922684812,0,0
2024-03-24,DMA_063,56.34995106020051,0,0
2024-03-24,DMA_064,61.992864802723524,0,0
2024-03-24,DMA_065,71.24743238776347,0,1
2024-03-24,DMA_066,68.83157113654563,0,0
2024-03-24,DMA_067,54.67589571799012,0,1
2024-03-24,DMA_068,59.63663394768609,0,0
2024-03-24,DMA_069,59.09758969110932,0,0
2024-03-24,DMA_070,58.29169070417156,0,0
2024-03-24,DMA_071,61.90856262790716,0,0
2024-03-24,DMA_072,58.671276328990686,0,0
2024-03-24,DMA_073,65.81702355414403,0,0
2024-03-24,DMA_074,54.45735930135237,0,0
2024-03-24,DMA_075,60.48291329037109,0,1
2024-03-24,DMA_076,67.2302166668711,0,0
2024-03-24,DMA_077,56.15426460696486,0,0
2024-03-24,DMA_078,70.55485728222692,0,0
2024-03-24,DMA_079,73.92357862856396,0,0
2024-03-24,DMA_080,60.57817836936399,0,0
2024-03-24,DMA_081,53.423549561883064,0,0
2024-03-24,DMA_082,55.094619945554825,0,0
2024-03-24,DMA_083,66.0847504629877,0,0
2024-03-24,DMA_084,71.97416212185689,0,0
2024-03-24,DMA_085,48.70735283770527,0,0
2024-03-24,DMA_086,69.44304494469037,0,1
2024-03-24,DMA_087,63.81194134406124,0,0
2024-03-24,DMA_088,68.28244287465955,0,0
2024-03-24,DMA_089,58.712662379360935,0,0
2024-03-24,DMA_090,58.574141995347226,0,0
2024-03-24,DMA_091,55.068050015012204,0,0
2024-03-24,DMA_092,59.46323699110368,0,0
2024-03-24,DMA_093,70.17301707908446,0,0
2024-03-24,DMA_094,61.350676333422065,0,0
2024-03-24,DMA_095,61.541093289341404,0,1
2024-03-24,DMA_096,71.28481644657616,0,1
2024-03-24,DMA_097,56.206826269132264,0,0
2024-03-24,DMA_098,53.266989458413725,0,0
2024-03-24,DMA_099,69.41433815722984,0,0
2024-03-24,DMA_100,59.24117336068686,0,0
2024-03-24,DMA_101,55.75700339424285,0,0
2024-03-24,DMA_102,61.468141036390186,0,0
2024-03-24,DMA_103,52.68585643288177,0,0
2024-03-24,DMA_104,53.94589059124198,0,0
2024-03-24,DMA_105,71.03283840449073,0,0
2024-03-24,DMA_106,60.17793132538167,0,0
2024-03-24,DMA_107,60.82560963703314,0,0
2024-03-24,DMA_108,56.69927305731878,0,0
2024-03-24,DMA_109,57.31310270047264,0,0
2024-03-24,DMA_110,55.71949660363376,0,0
2024-03-24,DMA_111,50.249338129744196,0,1
2024-03-24,DMA_112,50.466853004658915,0,0
2024-03-24,DMA_113,56.04789369243448,0,0
2024-03-24,DMA_114,77.52745326107994,0,0
2024-03-24,DMA_115,73.61116126751645,0,0
2024-03-24,DMA_116,54.04755794244256,0,0
2024-03-24,DMA_117,60.077228809903524,0,1
2024-03-24,DMA_118,66.15103763557036,0,0
2024-03-24,DMA_119,52.92247777063268,0,0
2024-03-24,DMA_120,53.81193407852315,0,0
2024-03-24,DMA_121,74.6245584722775,0,0
2024-03-24,DMA_122,48.179505889243345,0,0
2024-03-24,DMA_123,60.689330735296394,0,1
2024-03-24,DMA_124,65.98297842238615,0,0
2024-03-24,DMA_125,71.08926369697328,0,0
2024-03-24,DMA_126,63.31256451000259,0,0
2024-03-24,DMA_127,67.26812508314188,0,0
2024-03-24,DMA_128,62.82629493489407,0,0
2024-03-24,DMA_129,56.759385152585764,0,1
2024-03-24,DMA_130,69.550017380102,0,0
2024-03-24,DMA_131,52.67454503785174,0,0
2024-03-24,DMA_132,53.31398425230755,0,0
2024-03-24,DMA_133,59.46791561723013,0,1
2024-03-24,DMA_134,65.49201658826914,0,0
2024-03-24,DMA_135,61.532651087641945,0,1
2024-03-24,DMA_136,66.85725935242615,0,1
2024-03-24,DMA_137,56.048951841184106,0,0
2024-03-24,DMA_138,55.10266728434405,0,0
2024-03-24,DMA_139,52.29698407010433,0,1
2024-03-24,DMA_140,62.038494847812245,0,0
2024-03-24,DMA_141,61.37084198069641,0,0
2024-03-24,DMA_142,69.29268936561681,0,0
2024-03-24,DMA_143,62.20384434266844,0,0
2024-03-24,DMA_144,65.94272220241129,0,0
2024-03-24,DMA_145,74.59090995291072,0,0
2024-03-24,DMA_146,68.56706644710061,0,0
2024-03-24,DMA_147,59.37547809566441,0,0
2024-03-24,DMA_148,59.131379918018574,0,0
2024-03-24,DMA_149,53.39402990930523,0,1
2024-03-24,DMA_150,58.83376764222296,0,0
2024-03-31,DMA_001,56.421096147359584,0,0
2024-03-31,DMA_002,63.576677846796024,0,0
2024-03-31,DMA_003,58.529850719408564,0,0
2024-03-31,DMA_004,60.394519964108135,0,1
2024-03-31,DMA_005,57.9315612984776,0,0
2024-03-31,DMA_006,62.05783000222074,0,0
2024-03-31,DMA_007,53.06243250491765,0,0
2024-03-31,DMA_008,55.69408561763823,0,0
2024-03-31,DMA_009,62.88791863907009,0,1
2024-03-31,DMA_010,60.76687367872292,0,0
2024-03-31,DMA_011,54.95020249441998,0,0
2024-03-31,DMA_012,50.848590710820694,0,1
2024-03-31,DMA_013,54.12310485703001,0,0
2024-03-31,DMA_014,61.35570507108445,0,0
2024-03-31,DMA_015,61.8229961998709,0,0
2024-03-31,DMA_016,60.2786404605004,0,0
2024-03-31,DMA_017,59.75748203545521,0,0
2024-03-31,DMA_018,63.40266800427061,0,0
2024-03-31,DMA_019,51.25992859746673,0,0
2024-03-31,DMA_020,59.04192637336306,0,0
2024-03-31,DMA_021,60.86294833111329,0,0
2024-03-31,DMA_022,64.7786356333041,0,0
2024-03-31,DMA_023,67.29905487167639,0,1
2024-03-31,DMA_024,50.65076484149556,0,0
2024-03-31,DMA_025,68.54103135769981,0,0
2024-03-31,DMA_026,48.32924198879725,0,0
2024-03-31,DMA_027,60.833006523848304,0,1
2024-03-31,DMA_028,58.10479545979062,0,0
2024-03-31,DMA_029,65.1421455565137,0,0
2024-03-31,DMA_030,58.82804167273994,0,0
2024-03-31,DMA_031,55.181271251803324,0,0
2024-03-31,DMA_032,54.55774189654886,0,0
2024-03-31,DMA_033,70.40436420954889,0,0
2024-03-31,DMA_034,46.197443013890606,0,0
2024-03-31,DMA_035,61.97414513129623,0,0
2024-03-31,DMA_036,54.47627177928949,0,0
2024-03-31,DMA_037,47.349869006667845,0,0
2024-03-31,DMA_038,59.970355284025835,0,1
2024-03-31,DMA_039,70.83303497724405,0,1
2024-03-31,DMA_040,64.96712630216102,0,0
2024-03-31,DMA_041,57.938068391228306,0,0
2024-03-31,DMA_042,55.17411958852216,0,0
2024-03-31,DMA_043,61.988987526544854,0,0
2024-03-31,DMA_044,62.79795799538739,0,0
2024-03-31,DMA_045,59.511707483306374,0,0
2024-03-31,DMA_046,62.603372998747034,0,0
2024-03-31,DMA_047,56.95163313486398,0,0
2024-03-31,DMA_048,63.31995830738429,0,1
2024-03-31,DMA_049,52.947191448344235,0,0
2024-03-31,DMA_050,54.0944070840134,0,0
2024-03-31,DMA_051,45.279058041287044,0,0
2024-03-31,DMA_052,69.32255643864727,0,0
2024-03-31,DMA_053,53.78041321620348,0,1
2024-03-31,DMA_054,56.582723300070825,0,1
2024-03-31,DMA_055,63.568931435838834,0,0
2024-03-31,DMA_056,63.40546768888629,0,0
2024-03-31,DMA_057,48.51767885367289,0,0
2024-03-31,DMA_058,56.52057449109771,0,0
2024-03-31,DMA_059,65.97276249150698,0,0
2024-03-31,DMA_060,56.816880955715,0,0
2024-03-31,DMA_061,58.52984514546714,0,0
2024-03-31,DMA_062,48.738577913101,0,1
2024-03-31,DMA_063,76.00202393714036,0,0
2024-03-31,DMA_064,66.34776526342955,0,0
2024-03-31,DMA_065,62.138659081250374,0,0
2024-03-31,DMA_066,60.96327829998631,0,0
2024-03-31,DMA_067,64.40733189067366,0,0
2024-03-31,DMA_068,50.680791591004365,0,1
2024-03-31,DMA_069,56.673261242762365,0,0
2024-03-31,DMA_070,52.80813959532279,0,0
2024-03-31,DMA_071,66.53570829845685,0,0
2024-03-31,DMA_072,71.45813131656271,0,0
2024-03-31,DMA_073,48.49344265707734,0,1
2024-03-31,DMA_074,52.817646725727364,0,0
2024-03-31,DMA_075,65.29163804036509,0,0
2024-03-31,DMA_076,59.975924586900305,0,0
2024-03-31,DMA_077,54.34566468971385,0,0
2024-03-31,DMA_078,61.75036968508817,0,0
2024-03-31,DMA_079,60.23688574834272,0,0
2024-03-31,DMA_080,44.077933320878586,0,1
2024-03-31,DMA_081,53.098442225581344,0,0
2024-03-31,DMA_082,65.61405231500736,0,0
2024-03-31,DMA_083,56.5564864530958,0,0
2024-03-31,DMA_084,56.92764629779398,0,0
2024-03-31,DMA_085,62.415698729443086,0,0
2024-03-31,DMA_086,68.28367678430598,0,0
2024-03-31,DMA_087,55.159502771812726,0,0
2024-03-31,DMA_088,58.41799591795569,0,0
2024-03-31,DMA_089,65.83362332255372,0,0
2024-03-31,DMA_090,63.001050487659455,0,0
2024-03-31,DMA_091,48.705146513364014,0,0
2024-03-31,DMA_092,58.40217401920827,0,0
2024-03-31,DMA_093,58.22314735021068,0,0
2024-03-31,DMA_094,69.37166916968954,0,0
2024-03-31,DMA_095,58.982723712152584,0,0
2024-03-31,DMA_096,63.682327434808776,0,0
2024-03-31,DMA_097,64.10199138118753,0,0
2024-03-31,DMA_098,64.76662102956116,0,0
2024-03-31,DMA_099,58.0861860342284,0,0
2024-03-31,DMA_100,53.59252784295288,0,0
2024-03-31,DMA_101,51.25792167969409,0,0
2024-03-31,DMA_102,63.16616282719418,0,0
2024-03-31,DMA_103,71.49994631535468,0,0
2024-03-31,DMA_104,61.472424739231194,0,0
2024-03-31,DMA_105,61.56599387883216,0,0
2024-03-31,DMA_106,57.14749240161113,0,0
2024-03-31,DMA_107,58.0958385965128,0,0
2024-03-31,DMA_108,55.96494957449357,0,0
2024-03-31,DMA_109,58.97296063070951,0,0
2024-03-31,DMA_110,61.03530447721091,0,0
2024-03-31,DMA_111,51.45120749708805,0,0
2024-03-31,DMA_112,74.09978134764651,0,0
2024-03-31,DMA_113,53.27611534191422,0,0
2024-03-31,DMA_114,51.10087949368723,0,0
2024-03-31,DMA_115,43.92805274377177,0,0
2024-03-31,DMA_116,57.77909303530834,0,0
2024-03-31,DMA_117,65.35575476363495,0,0
2024-03-31,DMA_118,54.268612268497975,0,0
2024-03-31,DMA_119,58.5216712127668,0,0
2024-03-31,DMA_120,50.92497684698961,0,0
2024-03-31,DMA_121,69.39644252998511,0,1
2024-03-31,DMA_122,67.10831418773473,0,1
2024-03-31,DMA_123,58.17922735103036,0,0
2024-03-31,DMA_124,46.90785095423339,0,0
2024-03-31,DMA_125,53.3786569678565,0,0
2024-03-31,DMA_126,64.29618473417845,0,0
2024-03-31,DMA_127,56.96149250059291,0,0
2024-03-31,DMA_128,53.38379393718024,0,0
2024-03-31,DMA_129,62.414297457381316,0,0
2024-03-31,DMA_130,55.10694027328806,0,0
2024-03-31,DMA_131,58.40476569343615,0,0
2024-03-31,DMA_132,64.00266279227078,0,0
2024-03-31,DMA_133,64.14994574381252,0,1
2024-03-31,DMA_134,61.41139470830481,0,0
2024-03-31,DMA_135,59.85240889139119,0,0
2024-03-31,DMA_136,58.063742872488945,0,0
2024-03-31,DMA_137,58.89298024384024,0,0
2024-03-31,DMA_138,58.272256241420905,0,0
2024-03-31,DMA_139,64.48306589869915,0,0
2024-03-31,DMA_140,62.08996798714211,0,0
2024-03-31,DMA_141,52.80247069995999,0,0
2024-03-31,DMA_142,56.15178068394017,0,0
2024-03-31,DMA_143,60.58685935485528,0,0
2024-03-31,DMA_144,59.36151757897398,0,0
2024-03-31,DMA_145,65.84252689142906,0,0
2024-03-31,DMA_146,55.97143473400293,0,0
2024-03-31,DMA_147,49.59738850580476,0,0
2024-03-31,DMA_148,60.54352575576161,0,1
2024-03-31,DMA_149,69.64936127597721,0,0
2024-03-31,DMA_150,63.0505120687336,0,0
2024-04-07,DMA_001,50.71197346542336,0,0
2024-04-07,DMA_002,53.956494458183826,0,0
2024-04-07,DMA_003,56.19928361217855,0,0
2024-04-07,DMA_004,68.9287233665709,0,1
2024-04-07,DMA_005,42.390886312478415,0,0
2024-04-07,DMA_006,54.76473802063325,0,0
2024-04-07,DMA_007,58.18034418512776,0,0
2024-04-07,DMA_008,68.64449712923664,0,0
2024-04-07,DMA_009,65.02408126872193,0,0
2024-04-07,DMA_010,60.27553960885083,0,0
2024-04-07,DMA_011,59.786854811780074,0,0
2024-04-07,DMA_012,45.94686254789054,0,0
2024-04-07,DMA_013,47.802232110748704,0,0
2024-04-07,DMA_014,64.59973456742746,0,0
2024-04-07,DMA_015,53.351220097933805,0,1
2024-04-07,DMA_016,52.89087000831534,0,0
2024-04-07,DMA_017,57.80716447307481,0,1
2024-04-07,DMA_018,48.33331377509342,0,0
2024-04-07,DMA_019,65.27848943647842,0,0
2024-04-07,DMA_020,59.72997611079516,0,0
2024-04-07,DMA_021,52.630087385480174,0,0
2024-04-07,DMA_022,62.764132643885866,0,0
2024-04-07,DMA_023,59.33408377432349,0,0
2024-04-07,DMA_024,57.53458425886206,0,0
2024-04-07,DMA_025,55.78465750721346,0,0
2024-04-07,DMA_026,50.83051323943277,0,0
2024-04-07,DMA_027,55.257469163793225,0,0
2024-04-07,DMA_028,48.58957222414129,0,0
2024-04-07,DMA_029,46.54581669669596,0,0
2024-04-07,DMA_030,49.84971141823106,0,0
2024-04-07,DMA_031,66.70825357599833,0,0
2024-04-07,DMA_032,50.35179557273311,0,0
2024-04-07,DMA_033,62.51028523917802,0,0
2024-04-07,DMA_034,42.959346350203134,0,0
2024-04-07,DMA_035,52.367256907010756,0,0
2024-04-07,DMA_036,51.40474601933532,0,0
2024-04-07,DMA_037,57.91792917616466,0,0
2024-04-07,DMA_038,52.22886841650634,0,0
2024-04-07,DMA_039,47.02767428734141,0,0
2024-04-07,DMA_040,51.227220893439494,0,0
2024-04-07,DMA_041,51.20263427332304,0,0
2024-04-07,DMA_042,44.761046588582055,0,1
2024-04-07,DMA_043,59.45141082939799,0,0
2024-04-07,DMA_044,52.07233826215812,0,0
2024-04-07,DMA_045,52.81358199905071,0,0
2024-04-07,DMA_046,47.98482230060692,0,0
2024-04-07,DMA_047,52.67819391993025,0,0
2024-04-07,DMA_048,65.61529907313317,0,0
2024-04-07,DMA_049,54.221826880932745,0,0
2024-04-07,DMA_050,41.13877652091382,0,0
2024-04-07,DMA_051,53.09542937023515,0,0
2024-04-07,DMA_052,44.4294496973317,0,0
2024-04-07,DMA_053,56.40105745811944,0,0
2024-04-07,DMA_054,52.582295318907505,0,0
2024-04-07,DMA_055,51.401317015239115,0,0
2024-04-07,DMA_056,54.70361510312007,0,0
2024-04-07,DMA_057,55.13131837194297,0,0
2024-04-07,DMA_058,62.908550296642176,0,0
2024-04-07,DMA_059,53.80657171256144,0,0
2024-04-07,DMA_060,50.34387172912432,0,0
2024-04-07,DMA_061,60.1943293406612,0,0
2024-04-07,DMA_062,50.898810308994754,0,0
2024-04-07,DMA_063,54.112756036385555,0,0
2024-04-07,DMA_064,56.98638649871397,0,0
2024-04-07,DMA_065,54.595784752867246,0,0
2024-04-07,DMA_066,50.51388269961553,0,0
2024-04-07,DMA_067,49.192919570651355,0,1
2024-04-07,DMA_068,55.87295382083685,0,0
2024-04-07,DMA_069,54.85468854062294,0,1
2024-04-07,DMA_070,50.27230081589657,0,0
2024-04-07,DMA_071,54.669557359316904,0,0
2024-04-07,DMA_072,56.09268341478356,0,0
2024-04-07,DMA_073,47.997397353429946,0,0
2024-04-07,DMA_074,51.66648616915296,0,0
2024-04-07,DMA_075,50.81887287892016,0,1
2024-04-07,DMA_076,51.76750422290954,0,0
2024-04-07,DMA_077,61.59469757897399,0,1
2024-04-07,DMA_078,45.25431934630343,0,0
2024-04-07,DMA_079,61.42349114510173,0,0
2024-04-07,DMA_080,60.28340779945231,0,0
2024-04-07,DMA_081,52.53204687562184,0,0
2024-04-07,DMA_082,53.1453017256594,0,0
2024-04-07,DMA_083,56.832547577602845,0,0
2024-04-07,DMA_084,60.84316705143064,0,0
2024-04-07,DMA_085,48.31189229124333,0,0
2024-04-07,DMA_086,50.678213867214346,0,0
2024-04-07,DMA_087,54.71805571852808,0,0
2024-04-07,DMA_088,58.74325824369778,0,0
2024-04-07,DMA_089,48.19156393759012,0,0
2024-04-07,DMA_090,58.73925784696507,0,0
2024-04-07,DMA_091,60.67889130125918,0,0
2024-04-07,DMA_092,53.97523241934269,0,0
2024-04-07,DMA_093,56.53590572477203,0,0
2024-04-07,DMA_094,47.63341678349806,0,0
2024-04-07,DMA_095,55.67725101810479,0,1
2024-04-07,DMA_096,53.067627773115056,0,0
2024-04-07,DMA_097,43.258282835793835,0,0
2024-04-07,DMA_098,44.047079459488174,0,0
2024-04-07,DMA_099,56.84843967411855,0,0
2024-04-07,DMA_100,59.2812140802599,0,0
2024-04-07,DMA_101,59.92895789235256,0,0
2024-04-07,DMA_102,59.90623476496303,0,0
2024-04-07,DMA_103,52.17788808657813,0,0
2024-04-07,DMA_104,42.859515340442144,0,0
2024-04-07,DMA_105,47.62154760408853,0,1
2024-04-07,DMA_106,52.13109574405762,0,0
2024-04-07,DMA_107,69.0034217396658,0,0
2024-04-07,DMA_108,59.17869794464237,0,0
2024-04-07,DMA_109,40.87060172352098,0,1
2024-04-07,DMA_110,36.99311398170771,0,0
2024-04-07,DMA_111,59.739913865400965,0,0
2024-04-07,DMA_112,54.67608336931921,0,0
2024-04-07,DMA_113,54.537684325783275,0,1
2024-04-07,DMA_114,62.11649174825206,0,0
2024-04-07,DMA_115,51.052280356893675,0,1
2024-04-07,DMA_116,61.26566618204358,0,0
2024-04-07,DMA_117,52.47731214655366,0,0
2024-04-07,DMA_118,52.43837422470832,0,0
2024-04-07,DMA_119,48.38605827396611,0,0
2024-04-07,DMA_120,51.434522512310735,0,0
2024-04-07,DMA_121,50.73305211545919,0,0
2024-04-07,DMA_122,47.99028064689815,0,0
2024-04-07,DMA_123,49.00615655246824,0,0
2024-04-07,DMA_124,44.83114705284914,0,0
2024-04-07,DMA_125,51.06681874463358,0,0
2024-04-07,DMA_126,45.83812832708149,0,0
2024-04-07,DMA_127,56.61490734925202,0,0
2024-04-07,DMA_128,53.184921477445556,0,0
2024-04-07,DMA_129,56.00605262711225,0,0
2024-04-07,DMA_130,48.97126400993807,0,0
2024-04-07,DMA_131,57.943114823941116,0,1
2024-04-07,DMA_132,55.61374587797494,0,0
2024-04-07,DMA_133,45.342963869154055,0,0
2024-04-07,DMA_134,54.987376063246955,0,0
2024-04-07,DMA_135,52.88748643631413,0,0
2024-04-07,DMA_136,48.78227099324933,0,1
2024-04-07,DMA_137,64.18017546775158,0,0
2024-04-07,DMA_138,54.25715506120935,0,0
2024-04-07,DMA_139,53.806263477905404,0,1
2024-04-07,DMA_140,64.74655249702964,0,0
2024-04-07,DMA_141,57.452733686205285,0,0
2024-04-07,DMA_142,55.83914429401208,0,0
2024-04-07,DMA_143,53.59064601290595,0,0
2024-04-07,DMA_144,55.31530683527947,0,1
2024-04-07,DMA_145,61.040464995906355,0,0
2024-04-07,DMA_146,52.20710241945669,0,0
2024-04-07,DMA_147,50.708167391687674,0,0
2024-04-07,DMA_148,55.74080168975878,0,0
2024-04-07,DMA_149,53.884647335485475,0,0
2024-04-07,DMA_150,54.92437423358352,0,0
2024-04-14,DMA_001,53.65444877787781,0,0
2024-04-14,DMA_002,55.649096222836846,0,0
2024-04-14,DMA_003,56.13549112451135,0,0
2024-04-14,DMA_004,55.89501298481567,0,0
2024-04-14,DMA_005,53.16558862159787,0,0
2024-04-14,DMA_006,50.982303952003484,0,0
2024-04-14,DMA_007,61.41210451678792,0,1
2024-04-14,DMA_008,52.195587722854185,0,0
2024-04-14,DMA_009,56.41068077736437,0,0
2024-04-14,DMA_010,48.365964045009335,0,0
2024-04-14,DMA_011,59.2204321639812,0,0
2024-04-14,DMA_012,49.8721177615513,0,0
2024-04-14,DMA_013,44.02136786748507,0,0
2024-04-14,DMA_014,55.480239626203144,0,0
2024-04-14,DMA_015,51.782365010264705,0,1
2024-04-14,DMA_016,57.15310413435581,0,0
2024-04-14,DMA_017,52.94927992748122,0,0
2024-04-14,DMA_018,49.3925772971333,0,0
2024-04-14,DMA_019,55.86953878717133,0,1
2024-04-14,DMA_020,52.103125512634975,0,0
2024-04-14,DMA_021,40.42028812695218,0,0
2024-04-14,DMA_022,51.11424331633957,0,0
2024-04-14,DMA_023,42.950410810385435,0,0
2024-04-14,DMA_024,55.3950691354154,0,0
2024-04-14,DMA_025,44.55082167237697,0,0
2024-04-14,DMA_026,51.28909096604204,0,0
2024-04-14,DMA_027,48.91536181059188,0,0
2024-04-14,DMA_028,53.35380325459133,0,0
2024-04-14,DMA_029,55.45345402251301,0,0
2024-04-14,DMA_030,60.52749799535999,0,0
2024-04-14,DMA_031,53.459908382808194,0,0
2024-04-14,DMA_032,55.269314720253604,0,0
2024-04-14,DMA_033,50.74527539814149,0,0
2024-04-14,DMA_034,41.98820102143182,0,0
2024-04-14,DMA_035,41.43346336838771,0,0
2024-04-14,DMA_036,50.020726712523725,0,0
2024-04-14,DMA_037,41.3362330121101,0,0
2024-04-14,DMA_038,47.9598483669483,0,0
2024-04-14,DMA_039,49.245247878541875,0,1
2024-04-14,DMA_040,49.17598005168836,0,0
2024-04-14,DMA_041,51.99840529681518,0,0
2024-04-14,DMA_042,59.16103500390716,0,0
2024-04-14,DMA_043,39.79601848956902,0,0
2024-04-14,DMA_044,38.15318416234688,0,0
2024-04-14,DMA_045,49.33610442952512,0,0
2024-04-14,DMA_046,50.51561672543633,0,0
2024-04-14,DMA_047,45.70457103404839,0,0
2024-04-14,DMA_048,43.44110873519132,0,0
2024-04-14,DMA_049,51.03755065118407,0,0
2024-04-14,DMA_050,59.25521494513483,0,1
2024-04-14,DMA_051,50.070031275507255,0,0
2024-04-14,DMA_052,42.16734247893453,0,0
2024-04-14,DMA_053,56.034019817385456,0,0
2024-04-14,DMA_054,41.44994846398943,0,0
2024-04-14,DMA_055,54.69766284779228,0,0
2024-04-14,DMA_056,47.05548558655995,0,0
2024-04-14,DMA_057,49.07082272389539,0,0
2024-04-14,DMA_058,48.35166057975298,0,0
2024-04-14,DMA_059,57.423240954866934,0,0
2024-04-14,DMA_060,56.831787059948866,0,1
2024-04-14,DMA_061,58.50847976542696,0,0
2024-04-14,DMA_062,48.36167126127666,0,1
2024-04-14,DMA_063,43.12714510855247,0,0
2024-04-14,DMA_064,48.774001801968,0,0
2024-04-14,DMA_065,48.10202556032052,0,0
2024-04-14,DMA_066,51.05916833708102,0,0
2024-04-14,DMA_067,43.4567448192501,0,1
2024-04-14,DMA_068,62.40967263836751,0,0
2024-04-14,DMA_069,60.60317149165078,0,0
2024-04-14,DMA_070,44.38342103644399,0,0
2024-04-14,DMA_071,43.98485266731049,0,0
2024-04-14,DMA_072,61.64451351729137,0,0
2024-04-14,DMA_073,46.60398450888418,0,1
2024-04-14,DMA_074,50.25391761942697,0,0
2024-04-14,DMA_075,49.682448925451396,0,0
2024-04-14,DMA_076,52.78442970288132,0,1
2024-04-14,DMA_077,52.63964965093021,0,1
2024-04-14,DMA_078,44.92162584859075,0,0
2024-04-14,DMA_079,49.39608636120466,0,0
2024-04-14,DMA_080,52.92921680579101,0,0
2024-04-14,DMA_081,52.8745544114582,0,0
2024-04-14,DMA_082,48.71942164566439,0,0
2024-04-14,DMA_083,52.44231301273519,0,0
2024-04-14,DMA_084,56.996605082808,0,0
2024-04-14,DMA_085,49.18603498188898,0,0
2024-04-14,DMA_086,48.84822431517564,0,0
2024-04-14,DMA_087,53.92786380557402,0,1
2024-04-14,DMA_088,57.00700127516737,0,0
2024-04-14,DMA_089,44.5141507757654,0,0
2024-04-14,DMA_090,57.110545657133606,0,0
2024-04-14,DMA_091,51.74769488527223,0,1
2024-04-14,DMA_092,53.990484968636245,0,0
2024-04-14,DMA_093,59.88741641462313,0,0
2024-04-14,DMA_094,50.08722988014265,0,0
2024-04-14,DMA_095,54.06814542124327,0,0
2024-04-14,DMA_096,59.55931706874145,0,0
2024-04-14,DMA_097,52.66438757584925,0,0
2024-04-14,DMA_098,46.59620641841689,0,0
2024-04-14,DMA_099,52.269903461684336,0,0
2024-04-14,DMA_100,52.779772999890874,0,1
2024-04-14,DMA_101,43.3928699705707,0,0
2024-04-14,DMA_102,48.43304748452192,0,0
2024-04-14,DMA_103,53.773548442534306,0,0
2024-04-14,DMA_104,50.11975467240031,0,0
2024-04-14,DMA_105,43.81228163721859,0,0
2024-04-14,DMA_106,51.71845632658708,0,0
2024-04-14,DMA_107,53.19718208608213,0,0
2024-04-14,DMA_108,53.45622365387748,0,0
2024-04-14,DMA_109,49.49135273233318,0,0
2024-04-14,DMA_110,47.550859980139144,0,0
2024-04-14,DMA_111,56.753700926895505,0,0
2024-04-14,DMA_112,49.96396605054677,0,0
2024-04-14,DMA_113,57.63426213209381,0,0
2024-04-14,DMA_114,54.59733356645857,0,0
2024-04-14,DMA_115,49.17691702753609,0,0
2024-04-14,DMA_116,54.78776738077298,0,0
2024-04-14,DMA_117,52.78521091640362,0,0
2024-04-14,DMA_118,50.592978949701596,0,0
2024-04-14,DMA_119,47.5305405817164,0,0
2024-04-14,DMA_120,50.80078578414451,0,0
2024-04-14,DMA_121,42.36079002171442,0,0
2024-04-14,DMA_122,54.65786414785567,0,0
2024-04-14,DMA_123,52.27282816282151,0,0
2024-04-14,DMA_124,60.082693518078926,0,0
2024-04-14,DMA_125,60.800011414281634,0,0
2024-04-14,DMA_126,48.80859233819646,0,0
2024-04-14,DMA_127,45.762358726304804,0,0
2024-04-14,DMA_128,59.098890918814504,0,0
2024-04-14,DMA_129,46.872173663379094,0,0
2024-04-14,DMA_130,53.29399130021121,0,1
2024-04-14,DMA_131,50.809785725162975,0,0
2024-04-14,DMA_132,50.8149030467669,0,0
2024-04-14,DMA_133,54.31531281335163,0,0
2024-04-14,DMA_134,59.54810512858525,0,0
2024-04-14,DMA_135,51.905642418572796,0,0
2024-04-14,DMA_136,61.49092977018635,0,1
2024-04-14,DMA_137,48.84888020021786,0,0
2024-04-14,DMA_138,37.00225266245904,0,0
2024-04-14,DMA_139,56.56608441870337,0,0
2024-04-14,DMA_140,44.32702954323041,0,0
2024-04-14,DMA_141,53.29198865320941,0,0
2024-04-14,DMA_142,54.01383043562024,0,0
2024-04-14,DMA_143,55.15852911134683,0,0
2024-04-14,DMA_144,52.360053437979026,0,0
2024-04-14,DMA_145,51.67225901986277,0,0
2024-04-14,DMA_146,47.12986747380221,0,0
2024-04-14,DMA_147,52.781733461192495,0,0
2024-04-14,DMA_148,54.557766158903895,0,0
2024-04-14,DMA_149,43.98473644213492,0,0
2024-04-14,DMA_150,56.655367621107985,0,0
2024-04-21,DMA_001,58.59082326485894,0,1
2024-04-21,DMA_002,53.48539377673693,0,0
2024-04-21,DMA_003,38.54455981638331,0,0
2024-04-21,DMA_004,47.70340861811873,0,0
2024-04-21,DMA_005,41.32911261617408,0,0
2024-04-21,DMA_006,51.67153988159947,0,1
2024-04-21,DMA_007,50.869994998432134,0,0
2024-04-21,DMA_008,54.76965130992644,0,0
2024-04-21,DMA_009,60.04401578624731,0,0
2024-04-21,DMA_010,46.256907766096745,0,1
2024-04-21,DMA_011,40.288361501611725,0,0
2024-04-21,DMA_012,50.940852168028805,0,0
2024-04-21,DMA_013,43.33667595499759,0,0
2024-04-21,DMA_014,51.82949695969265,0,0
2024-04-21,DMA_015,57.15924565643943,0,0
2024-04-21,DMA_016,47.62334517465822,0,0
2024-04-21,DMA_017,49.34311077735536,0,0
2024-04-21,DMA_018,46.60307464993581,0,0
2024-04-21,DMA_019,57.92312901436707,0,1
2024-04-21,DMA_020,55.003991107352,0,0
2024-04-21,DMA_021,46.1662775551796,0,0
2024-04-21,DMA_022,42.3952334620435,0,0
2024-04-21,DMA_023,49.98264572831191,0,0
2024-04-21,DMA_024,52.84238316152316,0,0
2024-04-21,DMA_025,56.40198924721574,0,0
2024-04-21,DMA_026,50.514544165741995,0,0
2024-04-21,DMA_027,68.82145196256833,0,1
2024-04-21,DMA_028,46.431533202160075,0,0
2024-04-21,DMA_029,44.588650822475905,0,0
2024-04-21,DMA_030,38.74547541199062,0,0
2024-04-21,DMA_031,58.99055875580884,0,0
2024-04-21,DMA_032,49.678351192122236,0,1
2024-04-21,DMA_033,44.99184570778911,0,0
2024-04-21,DMA_034,41.18913123970139,0,0
2024-04-21,DMA_035,46.41378858542161,0,0
2024-04-21,DMA_036,45.31663862208925,0,1
2024-04-21,DMA_037,52.11753892675953,0,0
2024-04-21,DMA_038,50.00842379124462,0,0
2024-04-21,DMA_039,53.9124972781161,0,0
2024-04-21,DMA_040,48.538300861428624,0,0
2024-04-21,DMA_041,50.92891554625943,0,0
2024-04-21,DMA_042,50.629050290832815,0,0
2024-04-21,DMA_043,55.47818023141749,0,0
2024-04-21,DMA_044,49.06485062221171,0,0
2024-04-21,DMA_045,47.839789682400095,0,0
2024-04-21,DMA_046,56.56349551602452,0,1
2024-04-21,DMA_047,42.46002521883742,0,0
2024-04-21,DMA_048,42.67615341884277,0,0
2024-04-21,DMA_049,48.6279092705388,0,1
2024-04-21,DMA_050,54.497706898104525,0,0
2024-04-21,DMA_051,36.95238944004393,0,0
2024-04-21,DMA_052,60.13435003724055,0,0
2024-04-21,DMA_053,46.93545892510962,0,0
2024-04-21,DMA_054,41.92777739963847,0,0
2024-04-21,DMA_055,46.708037339030966,0,0
2024-04-21,DMA_056,49.691655651487416,0,0
2024-04-21,DMA_057,42.017183364735985,0,0
2024-04-21,DMA_058,46.48187692257161,0,0
2024-04-21,DMA_059,52.09111764332959,0,0
2024-04-21,DMA_060,57.39315173677192,0,1
2024-04-21,DMA_061,49.65019363242132,0,1
2024-04-21,DMA_062,58.16381974111171,0,0
2024-04-21,DMA_063,44.633502898936136,0,0
2024-04-21,DMA_064,54.53729212635306,0,0
2024-04-21,DMA_065,45.398257192556706,0,0
2024-04-21,DMA_066,44.979836494663516,0,1
2024-04-21,DMA_067,47.9778587139477,0,0
2024-04-21,DMA_068,55.642927897475445,0,0
2024-04-21,DMA_069,61.884977549855144,0,0
2024-04-21,DMA_070,59.144663333661185,0,0
2024-04-21,DMA_071,47.82708655219358,0,0
2024-04-21,DMA_072,40.66086953685313,0,0
2024-04-21,DMA_073,54.83034355074152,0,1
2024-04-21,DMA_074,53.0271817181956,0,0
2024-04-21,DMA_075,53.596020658973906,0,1
2024-04-21,DMA_076,54.13074085560203,0,0
2024-04-21,DMA_077,59.121336008222336,0,0
2024-04-21,DMA_078,47.649732977244476,0,0
2024-04-21,DMA_079,40.91496594771213,0,0
2024-04-21,DMA_080,47.3034032056133,0,1
2024-04-21,DMA_081,50.9512977184272,0,1
2024-04-21,DMA_082,44.60518857747891,0,0
2024-04-21,DMA_083,39.915983656349866,0,0
2024-04-21,DMA_084,54.61732414293285,0,0
2024-04-21,DMA_085,43.967169468494205,0,0
2024-04-21,DMA_086,47.81638443921639,0,1
2024-04-21,DMA_087,43.62679119847932,0,0
2024-04-21,DMA_088,45.81687917674249,0,0
2024-04-21,DMA_089,47.58564941747137,0,0
2024-04-21,DMA_090,41.4789886722014,0,1
2024-04-21,DMA_091,46.206743595156475,0,1
2024-04-21,DMA_092,46.89052862757056,0,0
2024-04-21,DMA_093,45.656728948992566,0,0
2024-04-21,DMA_094,44.93606662268762,0,0
2024-04-21,DMA_095,39.842327280218704,0,0
2024-04-21,DMA_096,53.15504464140594,0,0
2024-04-21,DMA_097,46.753808158037394,0,0
2024-04-21,DMA_098,50.80261905688129,0,0
2024-04-21,DMA_099,50.0394384011042,0,0
2024-04-21,DMA_100,40.32396207868046,0,0
2024-04-21,DMA_101,40.9682387744412,0,0
2024-04-21,DMA_102,36.395596229043505,0,0
2024-04-21,DMA_103,54.29723495455357,0,0
2024-04-21,DMA_104,56.30664510905621,0,0
2024-04-21,DMA_105,60.48974742084816,0,0
2024-04-21,DMA_106,46.524248304404416,0,0
2024-04-21,DMA_107,50.97769730005879,0,0
2024-04-21,DMA_108,54.38679356274111,0,0
2024-04-21,DMA_109,44.27876513382225,0,0
2024-04-21,DMA_110,48.59758770811391,0,0
2024-04-21,DMA_111,56.52888264963857,0,0
2024-04-21,DMA_112,53.67202253629402,0,0
2024-04-21,DMA_113,49.906964430780015,0,0
2024-04-21,DMA_114,50.146804488792796,0,0
2024-04-21,DMA_115,38.86416514270074,0,0
2024-04-21,DMA_116,49.17270125892533,0,1
2024-04-21,DMA_117,46.90958810609577,0,0
2024-04-21,DMA_118,45.38497314741694,0,0
2024-04-21,DMA_119,48.99158156273834,0,1
2024-04-21,DMA_120,43.26227402918391,0,0
2024-04-21,DMA_121,47.91728144746699,0,0
2024-04-21,DMA_122,54.97668964629443,0,0
2024-04-21,DMA_123,57.01198384241586,0,0
2024-04-21,DMA_124,40.052756051094136,0,0
2024-04-21,DMA_125,43.7811814958759,0,0
2024-04-21,DMA_126,45.06938379025799,0,0
2024-04-21,DMA_127,31.184709312057915,0,0
2024-04-21,DMA_128,43.25498344445579,0,1
2024-04-21,DMA_129,38.15866865073285,0,0
2024-04-21,DMA_130,46.52766524993121,0,0
2024-04-21,DMA_131,41.31594282189262,0,0
2024-04-21,DMA_132,40.669509391626065,0,0
2024-04-21,DMA_133,50.294202875072656,0,0
2024-04-21,DMA_134,49.635742386382134,0,0
2024-04-21,DMA_135,51.33947174272803,0,0
2024-04-21,DMA_136,42.27632037873572,0,0
2024-04-21,DMA_137,46.151281552098986,0,0
2024-04-21,DMA_138,57.204026257657986,0,1
2024-04-21,DMA_139,43.141085519352394,0,0
2024-04-21,DMA_140,53.88732327503231,0,1
2024-04-21,DMA_141,49.171740849635704,0,0
2024-04-21,DMA_142,44.48681015686096,0,0
2024-04-21,DMA_143,43.449342603121096,0,0
2024-04-21,DMA_144,49.38286490244311,0,0
2024-04-21,DMA_145,38.295642265034566,0,0
2024-04-21,DMA_146,44.27420974400137,0,0
2024-04-21,DMA_147,50.624734505489066,0,1
2024-04-21,DMA_148,56.73687081077804,0,1
2024-04-21,DMA_149,48.7345221919666,0,0
2024-04-21,DMA_150,52.638167815696264,0,0
2024-04-28,DMA_001,49.579002400351804,0,1
2024-04-28,DMA_002,40.07763310076885,0,1
2024-04-28,DMA_003,49.10635465038355,0,0
2024-04-28,DMA_004,38.62998097522332,0,0
2024-04-28,DMA_005,50.98592269608449,0,0
2024-04-28,DMA_006,47.810249377175346,0,0
2024-04-28,DMA_007,46.60588190255262,0,0
2024-04-28,DMA_008,56.76487076701687,0,0
2024-04-28,DMA_009,50.128655546775086,0,0
2024-04-28,DMA_010,49.81840884939708,0,0
2024-04-28,DMA_011,34.19884534972695,0,0
2024-04-28,DMA_012,34.398889518816475,0,0
2024-04-28,DMA_013,46.37248787417462,0,0
2024-04-28,DMA_014,43.240726782161545,0,0
2024-04-28,DMA_015,44.315664780259915,0,1
2024-04-28,DMA_016,44.89171496075408,0,0
2024-04-28,DMA_017,51.529692894924956,0,0
2024-04-28,DMA_018,46.27410647684185,0,0
2024-04-28,DMA_019,36.63343258860952,0,0
2024-04-28,DMA_020,45.83610103129845,0,0
2024-04-28,DMA_021,44.14829562871774,0,0
2024-04-28,DMA_022,37.64433526971152,0,0
2024-04-28,DMA_023,43.8106035729386,0,0
2024-04-28,DMA_024,45.492341035871306,0,0
2024-04-28,DMA_025,54.03978815743902,0,0
2024-04-28,DMA_026,38.50687161145508,0,1
2024-04-28,DMA_027,57.561893803764406,0,0
2024-04-28,DMA_028,46.833105560973806,0,0
2024-04-28,DMA_029,41.52257013889326,0,0
2024-04-28,DMA_030,41.31641878691543,0,0
2024-04-28,DMA_031,40.17038071810448,0,0
2024-04-28,DMA_032,48.015001367369365,0,0
2024-04-28,DMA_033,36.683140543196856,0,1
2024-04-28,DMA_034,42.16157157422164,0,0
2024-04-28,DMA_035,40.14482104541683,0,0
2024-04-28,DMA_036,45.55886449086955,0,1
2024-04-28,DMA_037,48.73540205163221,0,1
2024-04-28,DMA_038,44.74147525454868,0,0
2024-04-28,DMA_039,45.87494834204916,0,0
2024-04-28,DMA_040,54.8131867992621,0,1
2024-04-28,DMA_041,45.78726275226506,0,0
2024-04-28,DMA_042,43.2236648161582,0,0
2024-04-28,DMA_043,48.69029829330734,0,1
2024-04-28,DMA_044,47.26327840380425,0,0
2024-04-28,DMA_045,45.322162927256244,0,0
2024-04-28,DMA_046,42.20681462862577,0,0
2024-04-28,DMA_047,43.635926425117816,0,1
2024-04-28,DMA_048,59.28406796110144,0,0
2024-04-28,DMA_049,47.069201457088795,0,1
2024-04-28,DMA_050,49.118895603778675,0,0
2024-04-28,DMA_051,36.911012781472735,0,0
2024-04-28,DMA_052,57.47403277431961,0,0
2024-04-28,DMA_053,43.626498822210195,0,1
2024-04-28,DMA_054,37.70479368942845,0,0
2024-04-28,DMA_055,52.93291826589815,0,0
2024-04-28,DMA_056,43.607485392478345,0,0
2024-04-28,DMA_057,43.40191746515998,0,0
2024-04-28,DMA_058,38.662815449061206,0,0
2024-04-28,DMA_059,50.43660625010928,0,1
2024-04-28,DMA_060,47.423071185022856,0,0
2024-04-28,DMA_061,43.88572314433685,0,0
2024-04-28,DMA_062,55.306764401011876,0,1
2024-04-28,DMA_063,46.8070935437908,0,0
2024-04-28,DMA_064,50.95375575972773,0,0
2024-04-28,DMA_065,59.61773047816162,0,1
2024-04-28,DMA_066,45.96269628795702,0,0
2024-04-28,DMA_067,45.13655829395249,0,0
2024-04-28,DMA_068,56.649663945333224,0,0
2024-04-28,DMA_069,47.13501352967358,0,0
2024-04-28,DMA_070,50.08286507107653,0,0
2024-04-28,DMA_071,36.177716883233465,0,0
2024-04-28,DMA_072,32.11495676252407,0,0
2024-04-28,DMA_073,44.12378118904267,0,0
2024-04-28,DMA_074,49.8470656373367,0,0
2024-04-28,DMA_075,46.96931286120943,0,0
2024-04-28,DMA_076,33.00892602574625,0,0
2024-04-28,DMA_077,50.7677660090725,0,0
2024-04-28,DMA_078,49.995620800496745,0,0
2024-04-28,DMA_079,47.541016454650844,0,0
2024-04-28,DMA_080,45.174993518309414,0,0
2024-04-28,DMA_081,43.64788866769636,0,0
2024-04-28,DMA_082,37.93292051374222,0,0
2024-04-28,DMA_083,39.164413756293456,0,0
2024-04-28,DMA_084,46.50113968684491,0,1
2024-04-28,DMA_085,42.583654262838785,0,0
2024-04-28,DMA_086,50.89080586107495,0,0
2024-04-28,DMA_087,46.930111217324885,0,0
2024-04-28,DMA_088,48.455182739590356,0,1
2024-04-28,DMA_089,43.89670036205999,0,1
2024-04-28,DMA_090,37.483236131858874,0,0
2024-04-28,DMA_091,57.57272749800541,0,0
2024-04-28,DMA_092,50.51381848367176,0,0
2024-04-28,DMA_093,41.619301958372176,0,0
2024-04-28,DMA_094,48.32972652550419,0,0
2024-04-28,DMA_095,43.27470062808429,0,0
2024-04-28,DMA_096,41.62282920136036,0,0
2024-04-28,DMA_097,46.441578994094755,0,0
2024-04-28,DMA_098,41.4643310978699,0,0
2024-04-28,DMA_099,53.663777157559934,0,0
2024-04-28,DMA_100,42.242064790647774,0,1
2024-04-28,DMA_101,57.88724076458257,0,0
2024-04-28,DMA_102,50.99588340788728,0,0
2024-04-28,DMA_103,55.24676837115176,0,0
2024-04-28,DMA_104,46.278520963188285,0,1
2024-04-28,DMA_105,41.87034539968522,0,0
2024-04-28,DMA_106,51.2059055476434,0,0
2024-04-28,DMA_107,48.86617233594483,0,0
2024-04-28,DMA_108,52.89689719914893,0,0
2024-04-28,DMA_109,51.09959763021564,0,0
2024-04-28,DMA_110,51.39067743245012,0,0
2024-04-28,DMA_111,46.422189813835516,0,0
2024-04-28,DMA_112,54.26995401144633,0,0
2024-04-28,DMA_113,56.48185775588074,0,0
2024-04-28,DMA_114,43.9043241135666,0,0
2024-04-28,DMA_115,41.053395243333654,0,0
2024-04-28,DMA_116,39.079609521160286,0,0
2024-04-28,DMA_117,61.56448185045088,0,0
2024-04-28,DMA_118,44.22969622575267,0,0
2024-04-28,DMA_119,51.11789518166843,0,0
2024-04-28,DMA_120,35.715961675674734,0,0
2024-04-28,DMA_121,40.942397432909665,0,0
2024-04-28,DMA_122,53.64373354975362,0,0
2024-04-28,DMA_123,50.63764147845118,0,1
2024-04-28,DMA_124,52.80918539298819,0,0
2024-04-28,DMA_125,52.07438341707183,0,0
2024-04-28,DMA_126,48.98401890134417,0,1
2024-04-28,DMA_127,46.66446411297176,0,0
2024-04-28,DMA_128,41.853774767904156,0,0
2024-04-28,DMA_129,40.02272930409021,0,0
2024-04-28,DMA_130,58.392928641723735,0,0
2024-04-28,DMA_131,43.73583257749678,0,0
2024-04-28,DMA_132,39.132081674540615,0,0
2024-04-28,DMA_133,39.165402624059396,0,0
2024-04-28,DMA_134,52.22123878520427,0,0
2024-04-28,DMA_135,41.62108668255149,0,0
2024-04-28,DMA_136,57.83137114271776,0,0
2024-04-28,DMA_137,42.49887652482295,0,0
2024-04-28,DMA_138,48.543343253369144,0,1
2024-04-28,DMA_139,46.91116061340894,0,0
2024-04-28,DMA_140,46.697922397599285,0,0
2024-04-28,DMA_141,53.27797453177355,0,0
2024-04-28,DMA_142,38.17661561250797,0,1
2024-04-28,DMA_143,43.71485418129198,0,1
2024-04-28,DMA_144,44.98333114683745,0,0
2024-04-28,DMA_145,53.52438848181385,0,0
2024-04-28,DMA_146,42.23997725793719,0,0
2024-04-28,DMA_147,30.389390297117377,0,1
2024-04-28,DMA_148,54.41620333981064,0,1
2024-04-28,DMA_149,38.17561888577214,0,0
2024-04-28,DMA_150,43.86550416083227,0,1
2024-05-05,DMA_001,46.52232520851176,0,0
2024-05-05,DMA_002,46.16202427808131,0,0
2024-05-05,DMA_003,40.03501653477867,0,0
2024-05-05,DMA_004,38.194134528205375,0,0
2024-05-05,DMA_005,52.85744876403856,0,0
2024-05-05,DMA_006,38.48198730794998,0,0
2024-05-05,DMA_007,37.42357198494841,0,1
2024-05-05,DMA_008,36.84415930869021,0,0
2024-05-05,DMA_009,35.68775735372991,0,0
2024-05-05,DMA_010,40.411327525928264,0,0
2024-05-05,DMA_011,47.45476568368054,0,0
2024-05-05,DMA_012,42.29325266444525,0,0
2024-05-05,DMA_013,48.095430811459345,0,0
2024-05-05,DMA_014,52.342830585778856,0,0
2024-05-05,DMA_015,40.78100777567179,0,0
2024-05-05,DMA_016,49.28975885133397,0,0
2024-05-05,DMA_017,49.140960646451134,0,0
2024-05-05,DMA_018,40.95075173652075,0,0
2024-05-05,DMA_019,43.24334589785042,0,0
2024-05-05,DMA_020,46.00262608027995,0,0
2024-05-05,DMA_021,51.05039470663389,0,0
2024-05-05,DMA_022,49.57888144837594,0,0
2024-05-05,DMA_023,45.431682040198034,0,1
2024-05-05,DMA_024,46.831125547479324,0,0
2024-05-05,DMA_025,55.09145083465577,0,0
2024-05-05,DMA_026,42.20130802968717,0,0
2024-05-05,DMA_027,44.70656006497103,0,0
2024-05-05,DMA_028,50.05719916837472,0,0
2024-05-05,DMA_029,34.25073136856422,0,0
2024-05-05,DMA_030,44.6558497210546,0,0
2024-05-05,DMA_031,51.326075248422185,0,0
2024-05-05,DMA_032,42.73920963854669,0,0
2024-05-05,DMA_033,37.185259323496034,0,0
2024-05-05,DMA_034,37.38018107189515,0,0
2024-05-05,DMA_035,35.246641204383906,0,0
2024-05-05,DMA_036,38.11256890872108,0,0
2024-05-05,DMA_037,52.61980496919834,0,0
2024-05-05,DMA_038,46.13281061887097,0,0
2024-05-05,DMA_039,42.616565487221656,0,1
2024-05-05,DMA_040,41.810550706098645,0,0
2024-05-05,DMA_041,41.05019563417203,0,0
2024-05-05,DMA_042,44.7084917911217,0,0
2024-05-05,DMA_043,34.03277407473415,0,0
2024-05-05,DMA_044,31.680931382389602,0,0
2024-05-05,DMA_045,47.91429411921606,0,0
2024-05-05,DMA_046,42.6555382578301,0,0
2024-05-05,DMA_047,46.57914200041652,0,1
2024-05-05,DMA_048,49.97368629958968,0,0
2024-05-05,DMA_049,44.827484127309376,0,0
2024-05-05,DMA_050,58.176119819835435,0,0
2024-05-05,DMA_051,48.377979794879444,0,1
2024-05-05,DMA_052,49.73018771104922,0,0
2024-05-05,DMA_053,37.73305743251402,0,0
2024-05-05,DMA_054,49.051731595435385,0,0
2024-05-05,DMA_055,47.50956296827593,0,0
2024-05-05,DMA_056,51.726277194572965,0,1
2024-05-05,DMA_057,40.93988628983489,0,1
2024-05-05,DMA_058,45.96643238032496,0,0
2024-05-05,DMA_059,54.781279701132846,0,0
2024-05-05,DMA_060,42.563783694194775,0,0
2024-05-05,DMA_061,47.93058957892148,0,1
2024-05-05,DMA_062,38.759548370773274,0,0
2024-05-05,DMA_063,43.80712589466651,0,1
2024-05-05,DMA_064,38.0244843529683,0,0
2024-05-05,DMA_065,38.44120678106752,0,0
2024-05-05,DMA_066,44.06661209078339,0,0
2024-05-05,DMA_067,45.091466944404765,0,0
2024-05-05,DMA_068,47.037272749577326,0,0
2024-05-05,DMA_069,45.5944924020436,0,0
2024-05-05,DMA_070,42.4247335628743,0,0
2024-05-05,DMA_071,36.35969836541572,0,0
2024-05-05,DMA_072,40.09314438814725,0,0
2024-05-05,DMA_073,42.691807716013905,0,0
2024-05-05,DMA_074,47.32686767601969,0,0
2024-05-05,DMA_075,49.62765930460513,0,0
2024-05-05,DMA_076,44.275638888773756,0,0
2024-05-05,DMA_077,36.63913611534074,0,0
2024-05-05,DMA_078,55.27725897077896,0,1
2024-05-05,DMA_079,39.87717716045441,0,0
2024-05-05,DMA_080,55.475736516495004,0,1
2024-05-05,DMA_081,39.13958903623467,0,1
2024-05-05,DMA_082,43.93146602299943,0,0
2024-05-05,DMA_083,39.02681426321342,0,0
2024-05-05,DMA_084,37.28534407490268,0,0
2024-05-05,DMA_085,36.444882594533055,0,0
2024-05-05,DMA_086,35.82626039928563,0,0
2024-05-05,DMA_087,49.393102022853384,0,0
2024-05-05,DMA_088,56.054482256465334,0,0
2024-05-05,DMA_089,50.052993319969204,0,0
2024-05-05,DMA_090,41.242370612461734,0,1
2024-05-05,DMA_091,48.06064813699895,0,0
2024-05-05,DMA_092,39.660008716249635,0,0
2024-05-05,DMA_093,50.888447285539925,0,0
2024-05-05,DMA_094,34.513418475694195,0,1
2024-05-05,DMA_095,54.25592419991494,0,1
2024-05-05,DMA_096,40.45712495710169,0,1
2024-05-05,DMA_097,39.07543489190428,0,0
2024-05-05,DMA_098,43.941084723713566,0,0
2024-05-05,DMA_099,45.51213973336528,0,0
2024-05-05,DMA_100,54.60843709543627,0,1
2024-05-05,DMA_101,33.33878178061761,0,0
2024-05-05,DMA_102,45.23479026935416,0,1
2024-05-05,DMA_103,45.6719773915915,0,0
2024-05-05,DMA_104,45.62873413460798,0,0
2024-05-05,DMA_105,47.9628698108627,0,0
2024-05-05,DMA_106,46.14488954241528,0,0
2024-05-05,DMA_107,36.50764874807422,0,0
2024-05-05,DMA_108,43.84824208384741,0,0
2024-05-05,DMA_109,43.771907999761495,0,0
2024-05-05,DMA_110,42.063258712012,0,0
2024-05-05,DMA_111,38.462335269372886,0,1
2024-05-05,DMA_112,43.64416242816342,0,0
2024-05-05,DMA_113,56.41811758978387,0,0
2024-05-05,DMA_114,43.87224936502567,0,0
2024-05-05,DMA_115,39.94397826466576,0,1
2024-05-05,DMA_116,44.84095563893471,0,0
2024-05-05,DMA_117,49.04628240682907,0,0
2024-05-05,DMA_118,47.60698990585299,0,0
2024-05-05,DMA_119,36.810737940814434,0,0
2024-05-05,DMA_120,43.164542616303144,0,0
2024-05-05,DMA_121,34.781467430136395,0,0
2024-05-05,DMA_122,46.3426345728779,0,0
2024-05-05,DMA_123,46.68770882573604,0,0
2024-05-05,DMA_124,52.80220248719554,0,0
2024-05-05,DMA_125,41.01649367611,0,0
2024-05-05,DMA_126,40.851355184352705,0,0
2024-05-05,DMA_127,43.22688701565707,0,0
2024-05-05,DMA_128,35.884050105423356,0,0
2024-05-05,DMA_129,35.01849509494843,0,0
2024-05-05,DMA_130,37.78635651669461,0,0
2024-05-05,DMA_131,41.15095739560342,0,0
2024-05-05,DMA_132,49.13123886729132,0,0
2024-05-05,DMA_133,41.54513012599192,0,0
2024-05-05,DMA_134,51.815534764995995,0,0
2024-05-05,DMA_135,53.45349631867947,0,0
2024-05-05,DMA_136,38.77568852029565,0,0
2024-05-05,DMA_137,41.314220872604196,0,0
2024-05-05,DMA_138,44.06860666664578,0,0
2024-05-05,DMA_139,48.19224825022719,0,0
2024-05-05,DMA_140,34.780022071171075,0,0
2024-05-05,DMA_141,41.80480265120592,0,0
2024-05-05,DMA_142,39.961877488481306,0,0
2024-05-05,DMA_143,37.905183492389114,0,0
2024-05-05,DMA_144,46.608126326049735,0,0
2024-05-05,DMA_145,41.435032044342634,0,1
2024-05-05,DMA_146,45.45399775944871,0,1
2024-05-05,DMA_147,48.913248371506306,0,0
2024-05-05,DMA_148,39.83822092326679,0,0
2024-05-05,DMA_149,44.59350225614861,0,0
2024-05-05,DMA_150,45.49906817000993,0,0
2024-05-12,DMA_001,47.573616797534335,0,0
2024-05-12,DMA_002,41.708933876314674,0,0
2024-05-12,DMA_003,35.354739868179024,0,0
2024-05-12,DMA_004,43.89260639387938,0,1
2024-05-12,DMA_005,42.02578241893246,0,0
2024-05-12,DMA_006,44.65723085539344,0,0
2024-05-12,DMA_007,37.976114260067995,0,0
2024-05-12,DMA_008,47.56823126263972,0,1
2024-05-12,DMA_009,44.68649927660577,0,0
2024-05-12,DMA_010,51.107043624749636,0,0
2024-05-12,DMA_011,41.3404586979542,0,0
2024-05-12,DMA_012,35.316952280315675,0,0
2024-05-12,DMA_013,42.769835261250954,0,0
2024-05-12,DMA_014,48.230089557461696,0,0
2024-05-12,DMA_015,26.65672122980464,0,0
2024-05-12,DMA_016,40.9056023006205,0,0
2024-05-12,DMA_017,41.61079660973748,0,0
2024-05-12,DMA_018,49.2153964559963,0,0
2024-05-12,DMA_019,43.95439689621376,0,0
2024-05-12,DMA_020,42.298455439190796,0,0
2024-05-12,DMA_021,45.24560665869744,0,0
2024-05-12,DMA_022,32.60492867210448,0,0
2024-05-12,DMA_023,48.721270724506596,0,0
2024-05-12,DMA_024,42.93968526425705,0,1
2024-05-12,DMA_025,49.68991023555831,0,0
2024-05-12,DMA_026,53.121909082944676,0,0
2024-05-12,DMA_027,37.263800082250775,0,0
2024-05-12,DMA_028,43.87769329336589,0,0
2024-05-12,DMA_029,27.403708177229372,0,0
2024-05-12,DMA_030,55.95831030012013,0,0
2024-05-12,DMA_031,30.654873289048286,0,0
2024-05-12,DMA_032,35.07435666087247,0,0
2024-05-12,DMA_033,43.46441690033673,0,1
2024-05-12,DMA_034,37.79897950111394,0,1
2024-05-12,DMA_035,50.73249934058268,0,0
2024-05-12,DMA_036,34.2048085744237,0,0
2024-05-12,DMA_037,50.92931772008728,0,0
2024-05-12,DMA_038,40.14130332681632,0,0
2024-05-12,DMA_039,34.366553458575986,0,0
2024-05-12,DMA_040,37.70386725485199,0,0
2024-05-12,DMA_041,47.63923495058373,0,0
2024-05-12,DMA_042,43.925118596319415,0,1
2024-05-12,DMA_043,43.53768950030312,0,0
2024-05-12,DMA_044,39.43900784049131,0,1
2024-05-12,DMA_045,43.35225276011108,0,0
2024-05-12,DMA_046,38.42221935724052,0,0
2024-05-12,DMA_047,39.55519126144517,0,0
2024-05-12,DMA_048,40.99366570896791,0,0
2024-05-12,DMA_049,38.10157715676801,0,0
2024-05-12,DMA_050,35.13752052615074,0,0
2024-05-12,DMA_051,38.50103446425725,0,0
2024-05-12,DMA_052,49.68857112236448,0,0
2024-05-12,DMA_053,45.919331896320706,0,1
2024-05-12,DMA_054,38.34099557420477,0,1
2024-05-12,DMA_055,31.46792200263542,0,0
2024-05-12,DMA_056,40.14032980931459,0,0
2024-05-12,DMA_057,37.30850191845357,0,0
2024-05-12,DMA_058,39.53168796522531,0,0
2024-05-12,DMA_059,44.16487546137595,0,0
2024-05-12,DMA_060,43.11810853009965,0,1
2024-05-12,DMA_061,30.51280784775225,0,0
2024-05-12,DMA_062,29.83873789187033,0,1
2024-05-12,DMA_063,39.94743863324135,0,1
2024-05-12,DMA_064,38.72215427464758,0,0
2024-05-12,DMA_065,31.824149213221645,0,0
2024-05-12,DMA_066,46.471656044107455,0,0
2024-05-12,DMA_067,33.532699695599746,0,0
2024-05-12,DMA_068,36.3707517042789,0,0
2024-05-12,DMA_069,44.968607363108546,0,0
2024-05-12,DMA_070,37.91558528004695,0,1
2024-05-12,DMA_071,38.87879252242136,0,1
2024-05-12,DMA_072,50.389050458795225,0,0
2024-05-12,DMA_073,42.25789781305307,0,0
2024-05-12,DMA_074,44.45883038050213,0,1
2024-05-12,DMA_075,33.51899380804346,0,0
2024-05-12,DMA_076,44.12774908344035,0,0
2024-05-12,DMA_077,48.17225346496565,0,0
2024-05-12,DMA_078,40.72199096627651,0,0
2024-05-12,DMA_079,41.79631674875035,0,0
2024-05-12,DMA_080,53.9338615484099,0,0
2024-05-12,DMA_081,36.758430883471505,0,1
2024-05-12,DMA_082,50.459483398463874,0,0
2024-05-12,DMA_083,42.502620946961414,0,0
2024-05-12,DMA_084,37.89119323110126,0,0
2024-05-12,DMA_085,29.903585573591116,0,0
2024-05-12,DMA_086,32.562069456907494,0,0
2024-05-12,DMA_087,34.99864375694284,0,0
2024-05-12,DMA_088,40.92728330646415,0,0
2024-05-12,DMA_089,42.64970337491657,0,0
2024-05-12,DMA_090,56.586584745091294,0,0
2024-05-12,DMA_091,48.09196423577538,0,0
2024-05-12,DMA_092,32.770583404064965,0,0
2024-05-12,DMA_093,42.52151652338179,0,1
2024-05-12,DMA_094,40.852496088850344,0,1
2024-05-12,DMA_095,41.66772521886535,0,0
2024-05-12,DMA_096,46.708414141930874,0,0
2024-05-12,DMA_097,38.925025462840125,0,1
2024-05-12,DMA_098,37.89523251179223,0,1
2024-05-12,DMA_099,41.268258652503405,0,0
2024-05-12,DMA_100,38.76501185200102,0,0
2024-05-12,DMA_101,40.30515206296214,0,0
2024-05-12,DMA_102,53.37583955663135,0,0
2024-05-12,DMA_103,31.937700096953066,0,0
2024-05-12,DMA_104,42.93612649703721,0,0
2024-05-12,DMA_105,40.55148734402781,0,0
2024-05-12,DMA_106,35.99330380640722,0,0
2024-05-12,DMA_107,35.69961917956404,0,0
2024-05-12,DMA_108,32.49005365127124,0,0
2024-05-12,DMA_109,28.19223448657841,0,0
2024-05-12,DMA_110,37.40037762948781,0,0
2024-05-12,DMA_111,38.833796058232,0,0
2024-05-12,DMA_112,38.47095824178715,0,1
2024-05-12,DMA_113,34.21028935441505,0,0
2024-05-12,DMA_114,47.014915648985486,0,0
2024-05-12,DMA_115,46.04101412876635,0,0
2024-05-12,DMA_116,39.88923098193975,0,0
2024-05-12,DMA_117,39.70159881860319,0,0
2024-05-12,DMA_118,29.49244208446296,0,0
2024-05-12,DMA_119,35.70013902201562,0,1
2024-05-12,DMA_120,37.64279011133095,0,0
2024-05-12,DMA_121,43.79560794314458,0,1
2024-05-12,DMA_122,44.50590083936109,0,0
2024-05-12,DMA_123,39.515277680273435,0,1
2024-05-12,DMA_124,40.86599619980323,0,0
2024-05-12,DMA_125,44.13685719550752,0,1
2024-05-12,DMA_126,37.960409099805936,0,0
2024-05-12,DMA_127,51.00274470331125,0,0
2024-05-12,DMA_128,42.506018794071814,0,0
2024-05-12,DMA_129,47.00847493392255,0,0
2024-05-12,DMA_130,46.71916382430832,0,0
2024-05-12,DMA_131,36.04159837999942,0,0
2024-05-12,DMA_132,34.4214165187274,0,0
2024-05-12,DMA_133,50.83387893358749,0,1
2024-05-12,DMA_134,31.95896407918943,0,0
2024-05-12,DMA_135,42.11457709838362,0,1
2024-05-12,DMA_136,43.84199913374339,0,0
2024-05-12,DMA_137,49.17345619285326,0,0
2024-05-12,DMA_138,31.52736135929972,0,1
2024-05-12,DMA_139,44.86724095940425,0,0
2024-05-12,DMA_140,42.42567097561784,0,0
2024-05-12,DMA_141,48.6854127126686,0,0
2024-05-12,DMA_142,37.9541203245053,0,0
2024-05-12,DMA_143,44.940813891426224,0,0
2024-05-12,DMA_144,38.83357214304188,0,0
2024-05-12,DMA_145,38.15069956568068,0,0
2024-05-12,DMA_146,44.52144982538855,0,0
2024-05-12,DMA_147,40.34481964917917,0,0
2024-05-12,DMA_148,47.106429917124515,0,1
2024-05-12,DMA_149,49.01579464607178,0,0
2024-05-12,DMA_150,34.81389413671696,0,1
2024-05-19,DMA_001,44.15480492935159,0,0
2024-05-19,DMA_002,29.539398640722066,0,0
2024-05-19,DMA_003,26.373218729873994,0,0
2024-05-19,DMA_004,40.44973754709374,0,0
2024-05-19,DMA_005,31.14445509698001,0,1
2024-05-19,DMA_006,33.82479626173349,0,0
2024-05-19,DMA_007,36.70873577517405,0,0
2024-05-19,DMA_008,41.51503086907791,0,0
2024-05-19,DMA_009,43.70270392652279,0,0
2024-05-19,DMA_010,46.4033862173879,0,0
2024-05-19,DMA_011,46.03608785562697,0,0
2024-05-19,DMA_012,24.829077364342165,0,0
2024-05-19,DMA_013,43.519496386062244,0,0
2024-05-19,DMA_014,35.815773917714424,0,0
2024-05-19,DMA_015,34.85513752361028,0,0
2024-05-19,DMA_016,51.4018987152884,0,0
2024-05-19,DMA_017,46.953953024912494,0,0
2024-05-19,DMA_018,32.46464441838042,0,0
2024-05-19,DMA_019,31.733390684871523,0,0
2024-05-19,DMA_020,31.94258717452866,0,0
2024-05-19,DMA_021,28.74337869195144,0,0
2024-05-19,DMA_022,43.288439813248,0,0
2024-05-19,DMA_023,45.40004094281437,0,0
2024-05-19,DMA_024,38.51354954342555,0,0
2024-05-19,DMA_025,32.74265261656803,0,0
2024-05-19,DMA_026,47.29316935620821,0,0
2024-05-19,DMA_027,30.785842893357007,0,0
2024-05-19,DMA_028,42.4927283514581,0,1
2024-05-19,DMA_029,40.51040278268439,0,0
2024-05-19,DMA_030,32.90110771061601,0,0
2024-05-19,DMA_031,33.24150760759907,0,0
2024-05-19,DMA_032,38.945847252497735,0,0
2024-05-19,DMA_033,38.60093105228544,0,0
2024-05-19,DMA_034,51.52102114819411,0,1
2024-05-19,DMA_035,32.99951638708986,0,0
2024-05-19,DMA_036,34.55647628081869,0,0
2024-05-19,DMA_037,35.1040913463365,0,0
2024-05-19,DMA_038,46.72445411689151,0,1
2024-05-19,DMA_039,33.011796978697625,0,0
2024-05-19,DMA_040,36.31433433006463,0,0
2024-05-19,DMA_041,38.636671607478256,0,1
2024-05-19,DMA_042,38.24246806813757,0,0
2024-05-19,DMA_043,29.305624285715826,0,0
2024-05-19,DMA_044,31.91826619550325,0,0
2024-05-19,DMA_045,37.02534980931791,0,0
2024-05-19,DMA_046,41.28264414289234,0,1
2024-05-19,DMA_047,34.31041429853492,0,0
2024-05-19,DMA_048,37.922278596863045,0,0
2024-05-19,DMA_049,39.249069575951765,0,0
2024-05-19,DMA_050,33.03572621177433,0,1
2024-05-19,DMA_051,42.02622872612601,0,0
2024-05-19,DMA_052,42.942920824857254,0,0
2024-05-19,DMA_053,39.360824139944,0,0
2024-05-19,DMA_054,44.74462164593323,0,0
2024-05-19,DMA_055,47.61396023336805,0,0
2024-05-19,DMA_056,33.282681675545646,0,1
2024-05-19,DMA_057,33.18531510491253,0,0
2024-05-19,DMA_058,37.2674822359368,0,0
2024-05-19,DMA_059,44.29143825056671,0,1
2024-05-19,DMA_060,46.33631022201738,0,0
2024-05-19,DMA_061,48.46671761267153,0,0
2024-05-19,DMA_062,36.68861836155834,0,0
2024-05-19,DMA_063,38.29637234734964,0,0
2024-05-19,DMA_064,32.95186625087333,0,0
2024-05-19,DMA_065,36.70239409520403,0,1
2024-05-19,DMA_066,41.74693246471284,0,0
2024-05-19,DMA_067,37.27248961706619,0,1
2024-05-19,DMA_068,37.663192856525576,0,0
2024-05-19,DMA_069,40.323128035901334,0,0
2024-05-19,DMA_070,38.388956665162645,0,0
2024-05-19,DMA_071,37.11869919510323,0,0
2024-05-19,DMA_072,29.747717481288344,0,1
2024-05-19,DMA_073,34.71702819932069,0,0
2024-05-19,DMA_074,49.47138048222161,0,0
2024-05-19,DMA_075,48.70347462136967,0,1
2024-05-19,DMA_076,39.365540930825546,0,0
2024-05-19,DMA_077,40.89959751791644,0,0
2024-05-19,DMA_078,38.81955873134616,0,0
2024-05-19,DMA_079,40.27414390107883,0,0
2024-05-19,DMA_080,44.30760004058759,0,0
2024-05-19,DMA_081,43.12300929760188,0,0
2024-05-19,DMA_082,33.54543703709496,0,0
2024-05-19,DMA_083,45.480733202623526,0,0
2024-05-19,DMA_084,33.704166589160735,0,0
2024-05-19,DMA_085,37.94460555760731,0,0
2024-05-19,DMA_086,44.35785897393533,0,1
2024-05-19,DMA_087,29.910891514700374,0,0
2024-05-19,DMA_088,29.975605417249803,0,0
2024-05-19,DMA_089,34.84523861382847,0,0
2024-05-19,DMA_090,36.20302952920028,0,0
2024-05-19,DMA_091,44.71219214576327,0,0
2024-05-19,DMA_092,36.00144056679027,0,0
2024-05-19,DMA_093,47.93462500719571,0,0
2024-05-19,DMA_094,33.215541085800936,0,0
2024-05-19,DMA_095,28.363802090731486,0,0
2024-05-19,DMA_096,37.40778418588999,0,0
2024-05-19,DMA_097,38.97419537464152,0,0
2024-05-19,DMA_098,37.20535609886827,0,0
2024-05-19,DMA_099,43.43116646125041,0,0
2024-05-19,DMA_100,47.32660816879288,0,0
2024-05-19,DMA_101,29.66442745630809,0,0
2024-05-19,DMA_102,39.49741145939475,0,1
2024-05-19,DMA_103,29.469302428742267,0,0
2024-05-19,DMA_104,40.318968728901154,0,0
2024-05-19,DMA_105,37.102405012309916,0,0
2024-05-19,DMA_106,40.73814184254431,0,1
2024-05-19,DMA_107,34.82977790939999,0,0
2024-05-19,DMA_108,47.57293145692807,0,0
2024-05-19,DMA_109,38.14984964635954,0,0
2024-05-19,DMA_110,47.94482396165447,0,1
2024-05-19,DMA_111,40.83963455057098,0,0
2024-05-19,DMA_112,35.622398811536044,0,0
2024-05-19,DMA_113,35.108149319326074,0,0
2024-05-19,DMA_114,42.66853328527679,0,0
2024-05-19,DMA_115,30.984052367755872,0,1
2024-05-19,DMA_116,32.81374486967705,0,0
2024-05-19,DMA_117,37.008349699685986,0,0
2024-05-19,DMA_118,41.53034104506518,0,0
2024-05-19,DMA_119,42.346945262046646,0,0
2024-05-19,DMA_120,35.80759118428376,0,0
2024-05-19,DMA_121,30.654054604084273,0,0
2024-05-19,DMA_122,45.34395893684939,0,0
2024-05-19,DMA_123,40.28278719827569,0,1
2024-05-19,DMA_124,30.84050304106818,0,0
2024-05-19,DMA_125,39.9483056492364,0,0
2024-05-19,DMA_126,31.681740481706047,0,1
2024-05-19,DMA_127,37.354122646764964,0,0
2024-05-19,DMA_128,37.99179247054853,0,0
2024-05-19,DMA_129,41.484380422342774,0,0
2024-05-19,DMA_130,30.817886532264215,0,0
2024-05-19,DMA_131,39.560332259883,0,0
2024-05-19,DMA_132,34.43755483137397,0,0
2024-05-19,DMA_133,28.67660440721141,0,0
2024-05-19,DMA_134,51.43466420393142,0,0
2024-05-19,DMA_135,39.786719627440725,0,0
2024-05-19,DMA_136,43.46870970168845,0,1
2024-05-19,DMA_137,49.747686978169284,0,0
2024-05-19,DMA_138,40.81371060297534,0,0
2024-05-19,DMA_139,27.288552643601996,0,0
2024-05-19,DMA_140,52.04475114110569,0,0
2024-05-19,DMA_141,34.594976802652894,0,0
2024-05-19,DMA_142,28.049167209007827,0,0
2024-05-19,DMA_143,52.245199945177646,0,0
2024-05-19,DMA_144,39.42627557767352,0,0
2024-05-19,DMA_145,32.02994543542425,0,0
2024-05-19,DMA_146,35.77955124064775,0,0
2024-05-19,DMA_147,29.936977359839698,0,0
2024-05-19,DMA_148,44.23989064653482,0,0
2024-05-19,DMA_149,41.733218219260564,0,1
2024-05-19,DMA_150,47.44334726704873,0,0
2024-05-26,DMA_001,31.38236624444999,0,0
2024-05-26,DMA_002,40.56142757835706,0,0
2024-05-26,DMA_003,36.87779205348709,0,0
2024-05-26,DMA_004,29.165266549856078,0,0
2024-05-26,DMA_005,38.92222167569127,0,0
2024-05-26,DMA_006,35.7453712761496,0,0
2024-05-26,DMA_007,36.9226164338381,0,0
2024-05-26,DMA_008,38.30875044093272,0,0
2024-05-26,DMA_009,27.466031557937427,0,1
2024-05-26,DMA_010,40.97585891882856,0,0
2024-05-26,DMA_011,38.1099873188629,0,0
2024-05-26,DMA_012,42.47484748556196,0,0
2024-05-26,DMA_013,34.151695947684345,0,0
2024-05-26,DMA_014,34.4516922362039,0,0
2024-05-26,DMA_015,49.26442283418701,0,0
2024-05-26,DMA_016,30.284193370121997,0,0
2024-05-26,DMA_017,34.579605040842544,0,0
2024-05-26,DMA_018,27.27689075578682,0,0
2024-05-26,DMA_019,36.29934761701018,0,0
2024-05-26,DMA_020,34.875319157878266,0,0
2024-05-26,DMA_021,39.624240836056515,0,1
2024-05-26,DMA_022,36.47030256840681,0,0
2024-05-26,DMA_023,35.6841539442485,0,0
2024-05-26,DMA_024,38.07937920893656,0,0
2024-05-26,DMA_025,33.92519655085985,0,0
2024-05-26,DMA_026,30.184321355312893,0,0
2024-05-26,DMA_027,32.04160698866467,0,0
2024-05-26,DMA_028,31.15419976818439,0,0
2024-05-26,DMA_029,39.41711526471833,0,0
2024-05-26,DMA_030,35.66611143110033,0,0
2024-05-26,DMA_031,37.689174203769326,0,0
2024-05-26,DMA_032,32.88598490937761,0,0
2024-05-26,DMA_033,45.285778269011224,0,0
2024-05-26,DMA_034,42.70816586255462,0,1
2024-05-26,DMA_035,31.290227445721918,0,0
2024-05-26,DMA_036,31.647280826960696,0,0
2024-05-26,DMA_037,27.747563619879706,0,0
2024-05-26,DMA_038,32.62779480373016,0,0
2024-05-26,DMA_039,37.8471882600456,0,0
2024-05-26,DMA_040,32.34338899767326,0,1
2024-05-26,DMA_041,35.116213790427054,0,0
2024-05-26,DMA_042,30.76245973957342,0,0
2024-05-26,DMA_043,28.429684432746527,0,0
2024-05-26,DMA_044,26.67087685788647,0,0
2024-05-26,DMA_045,27.054031543483802,0,0
2024-05-26,DMA_046,33.50279107649353,0,0
2024-05-26,DMA_047,46.37188218406647,0,0
2024-05-26,DMA_048,37.47293638869599,0,0
2024-05-26,DMA_049,51.63564378228608,0,0
2024-05-26,DMA_050,29.542906599767473,0,0
2024-05-26,DMA_051,42.35156822486222,0,0
2024-05-26,DMA_052,26.17042364399689,0,0
2024-05-26,DMA_053,33.75879555527919,0,0
2024-05-26,DMA_054,42.234982406890865,0,0
2024-05-26,DMA_055,41.71141455079784,0,0
2024-05-26,DMA_056,44.63296579823723,0,0
2024-05-26,DMA_057,25.089423329471405,0,0
2024-05-26,DMA_058,32.88564814913201,0,0
2024-05-26,DMA_059,33.68039521014587,0,0
2024-05-26,DMA_060,42.05439869159656,0,0
2024-05-26,DMA_061,24.140359182556093,0,0
2024-05-26,DMA_062,43.55147961491745,0,1
2024-05-26,DMA_063,37.526198667369634,0,1
2024-05-26,DMA_064,45.3564756881824,0,1
2024-05-26,DMA_065,36.27816342218203,0,0
2024-05-26,DMA_066,37.361918332763636,0,0
2024-05-26,DMA_067,27.313341287304375,0,1
2024-05-26,DMA_068,33.0563389245341,0,0
2024-05-26,DMA_069,51.008617679523454,0,0
2024-05-26,DMA_070,35.748256643901954,0,0
2024-05-26,DMA_071,26.094683330910033,0,0
2024-05-26,DMA_072,31.87523271029493,0,0
2024-05-26,DMA_073,41.881360629886935,0,0
2024-05-26,DMA_074,42.10546292186431,0,1
2024-05-26,DMA_075,42.31108901099339,0,0
2024-05-26,DMA_076,38.9149773823096,0,0
2024-05-26,DMA_077,34.964614839075196,0,1
2024-05-26,DMA_078,34.621720011638715,0,0
2024-05-26,DMA_079,30.316525510666246,0,0
2024-05-26,DMA_080,34.153430234766034,0,0
2024-05-26,DMA_081,31.790810156335,0,0
2024-05-26,DMA_082,37.0053605320782,0,1
2024-05-26,DMA_083,37.1606719594173,0,0
2024-05-26,DMA_084,28.146301466368474,0,0
2024-05-26,DMA_085,39.21843797307956,0,0
2024-05-26,DMA_086,24.554241047410144,0,0
2024-05-26,DMA_087,32.55367174018481,0,1
2024-05-26,DMA_088,39.822882012184635,0,0
2024-05-26,DMA_089,41.61516931906202,0,0
2024-05-26,DMA_090,40.099427514651936,0,0
2024-05-26,DMA_091,35.740333879110075,0,0
2024-05-26,DMA_092,35.217716946446814,0,0
2024-05-26,DMA_093,36.73862179412459,0,0
2024-05-26,DMA_094,32.313090998265544,0,0
2024-05-26,DMA_095,40.69639162438665,0,0
2024-05-26,DMA_096,37.553184513524265,0,0
2024-05-26,DMA_097,35.68033892001324,0,1
2024-05-26,DMA_098,31.32049610740502,0,0
2024-05-26,DMA_099,29.344522158082835,0,0
2024-05-26,DMA_100,46.28158151029382,0,0
2024-05-26,DMA_101,31.69743590577408,0,0
2024-05-26,DMA_102,35.01469588588576,0,0
2024-05-26,DMA_103,42.732862556802175,0,0
2024-05-26,DMA_104,30.23348968621432,0,0
2024-05-26,DMA_105,26.52141078409012,0,0
2024-05-26,DMA_106,18.278513976314823,0,0
2024-05-26,DMA_107,42.71133917252886,0,0
2024-05-26,DMA_108,47.336025655844516,0,0
2024-05-26,DMA_109,40.657788577246386,0,0
2024-05-26,DMA_110,38.050756431603325,0,0
2024-05-26,DMA_111,39.804393052772554,0,0
2024-05-26,DMA_112,41.6941373458455,0,0
2024-05-26,DMA_113,37.09301175645023,0,0
2024-05-26,DMA_114,46.73037644474745,0,0
2024-05-26,DMA_115,33.04773564522939,0,0
2024-05-26,DMA_116,28.590969054071248,0,0
2024-05-26,DMA_117,28.09180070711772,0,0
2024-05-26,DMA_118,32.16492827780539,0,1
2024-05-26,DMA_119,28.635175846940527,0,1
2024-05-26,DMA_120,29.86527072603605,0,0
2024-05-26,DMA_121,34.90862156258622,0,0
2024-05-26,DMA_122,36.120429452866574,0,0
2024-05-26,DMA_123,25.02923030008003,0,0
2024-05-26,DMA_124,38.646786525219824,0,0
2024-05-26,DMA_125,42.969508759420336,0,0
2024-05-26,DMA_126,46.82141865145185,0,0
2024-05-26,DMA_127,35.10348756937467,0,0
2024-05-26,DMA_128,43.56026529839196,0,0
2024-05-26,DMA_129,40.79971640830435,0,0
2024-05-26,DMA_130,28.896354915849514,0,0
2024-05-26,DMA_131,32.03425093114882,0,1
2024-05-26,DMA_132,31.801225989037828,0,0
2024-05-26,DMA_133,43.615418117080694,0,0
2024-05-26,DMA_134,35.2566760439963,0,0
2024-05-26,DMA_135,34.34146750187772,0,0
2024-05-26,DMA_136,43.97115307188068,0,1
2024-05-26,DMA_137,34.834779017782175,0,0
2024-05-26,DMA_138,36.080355489400254,0,0
2024-05-26,DMA_139,51.19925149947029,0,1
2024-05-26,DMA_140,35.74535363421452,0,1
2024-05-26,DMA_141,43.52995978627699,0,0
2024-05-26,DMA_142,27.391346846091075,0,0
2024-05-26,DMA_143,42.07275666850787,0,0
2024-05-26,DMA_144,38.2685084782491,0,0
2024-05-26,DMA_145,27.99554645333726,0,0
2024-05-26,DMA_146,41.5800841624537,0,0
2024-05-26,DMA_147,35.43719891750858,0,1
2024-05-26,DMA_148,30.57376660608771,0,0
2024-05-26,DMA_149,38.66978886893065,0,0
2024-05-26,DMA_150,35.1700909401409,0,0
2024-06-02,DMA_001,30.978728175246776,0,0
2024-06-02,DMA_002,40.85406164877229,0,1
2024-06-02,DMA_003,35.23996113840591,0,0
2024-06-02,DMA_004,38.68894998522738,0,1
2024-06-02,DMA_005,31.2973301261005,0,0
2024-06-02,DMA_006,35.73950000526213,0,0
2024-06-02,DMA_007,33.55356655239301,0,0
2024-06-02,DMA_008,36.981672916572116,0,0
2024-06-02,DMA_009,36.31221978076591,0,0
2024-06-02,DMA_010,35.90908867512509,0,0
2024-06-02,DMA_011,42.272192273689235,0,0
2024-06-02,DMA_012,32.45928308634734,0,1
2024-06-02,DMA_013,37.93286639895096,0,1
2024-06-02,DMA_014,35.96150807387089,0,0
2024-06-02,DMA_015,47.87788065094481,0,0
2024-06-02,DMA_016,26.37330602460323,0,0
2024-06-02,DMA_017,40.748494611970045,0,0
2024-06-02,DMA_018,24.114397076542083,0,0
2024-06-02,DMA_019,21.546001469511065,0,0
2024-06-02,DMA_020,44.502056393822244,0,0
2024-06-02,DMA_021,33.88058844557411,0,0
2024-06-02,DMA_022,28.87876424854106,0,0
2024-06-02,DMA_023,38.58695207305141,0,0
2024-06-02,DMA_024,27.603698624327812,0,1
2024-06-02,DMA_025,45.39114332645886,0,0
2024-06-02,DMA_026,36.73485602622518,0,0
2024-06-02,DMA_027,20.395915858182335,0,0
2024-06-02,DMA_028,42.37690817714446,0,1
2024-06-02,DMA_029,32.18378717273592,0,0
2024-06-02,DMA_030,39.50630934570759,0,0
2024-06-02,DMA_031,34.5859182226365,0,0
2024-06-02,DMA_032,37.69319221343234,0,0
2024-06-02,DMA_033,50.571823121524304,0,0
2024-06-02,DMA_034,26.2163328923601,0,0
2024-06-02,DMA_035,28.17715326437846,0,0
2024-06-02,DMA_036,38.951585145450835,0,1
2024-06-02,DMA_037,24.01592962439743,0,0
2024-06-02,DMA_038,32.34187081617345,0,0
2024-06-02,DMA_039,41.223498324048855,0,1
2024-06-02,DMA_040,31.36921654923671,0,0
2024-06-02,DMA_041,31.677128563703562,0,0
2024-06-02,DMA_042,48.779007799144935,0,0
2024-06-02,DMA_043,39.83431710382584,0,0
2024-06-02,DMA_044,32.28656770866591,0,0
2024-06-02,DMA_045,39.188258760933266,0,0
2024-06-02,DMA_046,45.3474299802582,0,0
2024-06-02,DMA_047,34.5501330806502,0,0
2024-06-02,DMA_048,29.5069679824493,0,0
2024-06-02,DMA_049,48.738794344819155,0,0
2024-06-02,DMA_050,37.575229848414025,0,0
2024-06-02,DMA_051,36.66356854059908,0,0
2024-06-02,DMA_052,48.23633650668326,0,0
2024-06-02,DMA_053,35.76369846779872,0,0
2024-06-02,DMA_054,42.852924419078214,0,0
2024-06-02,DMA_055,37.14255641667204,0,0
2024-06-02,DMA_056,32.27183955046945,0,0
2024-06-02,DMA_057,35.19339274454431,0,0
2024-06-02,DMA_058,30.753164192116042,0,0
2024-06-02,DMA_059,39.07595475371479,0,0
2024-06-02,DMA_060,43.553831813462835,0,0
2024-06-02,DMA_061,40.834997244311815,0,0
2024-06-02,DMA_062,31.893139253430842,0,0
2024-06-02,DMA_063,39.34480220258497,0,0
2024-06-02,DMA_064,35.4720522067741,0,0
2024-06-02,DMA_065,39.741304700123386,0,0
2024-06-02,DMA_066,33.527583583754556,0,0
2024-06-02,DMA_067,31.387400225660716,0,0
2024-06-02,DMA_068,38.10685702046405,0,1
2024-06-02,DMA_069,39.06035676510629,0,1
2024-06-02,DMA_070,37.27982176223894,0,0
2024-06-02,DMA_071,27.89035592967913,0,1
2024-06-02,DMA_072,32.746052600261606,0,0
2024-06-02,DMA_073,40.07553502422406,0,0
2024-06-02,DMA_074,37.390385922737735,0,0
2024-06-02,DMA_075,37.65132538200705,0,0
2024-06-02,DMA_076,31.43920589392558,0,0
2024-06-02,DMA_077,23.680804977039216,0,0
2024-06-02,DMA_078,31.033413622178784,0,0
2024-06-02,DMA_079,30.123159197516905,0,0
2024-06-02,DMA_080,35.724052102204496,0,0
2024-06-02,DMA_081,34.65272606373951,0,0
2024-06-02,DMA_082,29.004246202342465,0,0
2024-06-02,DMA_083,28.725315683353045,0,0
2024-06-02,DMA_084,27.797419466714032,0,0
2024-06-02,DMA_085,23.016060243891246,0,0
2024-06-02,DMA_086,38.03559539376181,0,0
2024-06-02,DMA_087,39.983604324892625,0,0
2024-06-02,DMA_088,28.776444535110738,0,0
2024-06-02,DMA_089,22.12150690996218,0,0
2024-06-02,DMA_090,35.48845944126829,0,0
2024-06-02,DMA_091,42.63961821296783,0,0
2024-06-02,DMA_092,35.9467254879813,0,0
2024-06-02,DMA_093,22.767381097138927,0,0
2024-06-02,DMA_094,40.9504137818078,0,0
2024-06-02,DMA_095,19.612468210900964,0,0
2024-06-02,DMA_096,36.57411247938876,0,1
2024-06-02,DMA_097,27.196657451398323,0,1
2024-06-02,DMA_098,40.021267637467716,0,0
2024-06-02,DMA_099,29.849619238873984,0,1
2024-06-02,DMA_100,41.54505568034878,0,1
2024-06-02,DMA_101,33.689241878624074,0,0
2024-06-02,DMA_102,37.84125866853587,0,0
2024-06-02,DMA_103,32.35978632855909,0,0
2024-06-02,DMA_104,38.07882905348103,0,0
2024-06-02,DMA_105,30.181910744543647,0,0
2024-06-02,DMA_106,13.008956399946499,0,0
2024-06-02,DMA_107,34.934594503110326,0,0
2024-06-02,DMA_108,37.673932739688986,0,1
2024-06-02,DMA_109,35.838677698231436,0,0
2024-06-02,DMA_110,35.55863222168912,0,0
2024-06-02,DMA_111,42.7673503322942,0,0
2024-06-02,DMA_112,33.96718599288576,0,0
2024-06-02,DMA_113,21.150138880339767,0,0
2024-06-02,DMA_114,24.444915502234238,0,0
2024-06-02,DMA_115,35.930792739227634,0,0
2024-06-02,DMA_116,36.47839336996379,0,0
2024-06-02,DMA_117,39.714695268876866,0,0
2024-06-02,DMA_118,40.623205199946426,0,0
2024-06-02,DMA_119,34.54788420187823,0,0
2024-06-02,DMA_120,39.463581282292914,0,1
2024-06-02,DMA_121,48.35513804695031,0,0
2024-06-02,DMA_122,40.635367756731526,0,0
2024-06-02,DMA_123,31.28394034911704,0,1
2024-06-02,DMA_124,37.909443353437545,0,0
2024-06-02,DMA_125,36.82289227741071,0,1
2024-06-02,DMA_126,37.86038364076498,0,0
2024-06-02,DMA_127,31.351400525336608,0,0
2024-06-02,DMA_128,35.53045484054127,0,1
2024-06-02,DMA_129,43.7644398370902,0,1
2024-06-02,DMA_130,43.826559029015094,0,1
2024-06-02,DMA_131,34.8744031811251,0,0
2024-06-02,DMA_132,41.21250540881102,0,1
2024-06-02,DMA_133,26.520906255463498,0,0
2024-06-02,DMA_134,26.207365770231995,0,1
2024-06-02,DMA_135,32.00406469080245,0,1
2024-06-02,DMA_136,35.83407514363791,0,0
2024-06-02,DMA_137,41.621014118845395,0,0
2024-06-02,DMA_138,40.767507599664,0,0
2024-06-02,DMA_139,20.79656401403979,0,0
2024-06-02,DMA_140,34.4909424798001,0,0
2024-06-02,DMA_141,33.72999342533466,0,0
2024-06-02,DMA_142,21.068497271259957,0,0
2024-06-02,DMA_143,38.93066670314977,0,0
2024-06-02,DMA_144,35.45558515768707,0,0
2024-06-02,DMA_145,32.70476553134532,0,0
2024-06-02,DMA_146,33.37804546752058,0,0
2024-06-02,DMA_147,33.3814071454402,0,0
2024-06-02,DMA_148,39.3821227401773,0,0
2024-06-02,DMA_149,36.58991042086867,0,0
2024-06-02,DMA_150,38.248392146141036,0,0
2024-06-09,DMA_001,27.625119836289763,0,0
2024-06-09,DMA_002,40.46374761734103,0,1
2024-06-09,DMA_003,22.892369574771074,0,0
2024-06-09,DMA_004,16.092335723017488,0,0
2024-06-09,DMA_005,23.196569314886034,0,0
2024-06-09,DMA_006,37.33757119084881,0,0
2024-06-09,DMA_007,30.624957379965288,0,0
2024-06-09,DMA_008,42.432482989478146,0,0
2024-06-09,DMA_009,38.820833335666734,0,0
2024-06-09,DMA_010,26.31482746305351,0,0
2024-06-09,DMA_011,44.3662337216915,0,0
2024-06-09,DMA_012,26.9422092298362,0,1
2024-06-09,DMA_013,36.77015575199455,0,1
2024-06-09,DMA_014,30.398662408424315,0,0
2024-06-09,DMA_015,33.28883649638854,0,0
2024-06-09,DMA_016,32.4561838904139,0,0
2024-06-09,DMA_017,24.079154798528307,0,0
2024-06-09,DMA_018,34.533766255401254,0,0
2024-06-09,DMA_019,28.97252625743421,0,0
2024-06-09,DMA_020,31.197635515213047,0,0
2024-06-09,DMA_021,37.9988881528824,0,0
2024-06-09,DMA_022,35.146626971757634,0,0
2024-06-09,DMA_023,25.999480837607205,0,0
2024-06-09,DMA_024,30.933156128779814,0,0
2024-06-09,DMA_025,28.968144678358307,0,0
2024-06-09,DMA_026,29.594560619654516,0,0
2024-06-09,DMA_027,27.111624736923773,0,0
2024-06-09,DMA_028,34.458707968853886,0,0
2024-06-09,DMA_029,22.014431151551637,0,0
2024-06-09,DMA_030,36.94466085204724,0,0
2024-06-09,DMA_031,36.01404866580532,0,0
2024-06-09,DMA_032,36.0745868029402,0,0
2024-06-09,DMA_033,33.54439904153845,0,1
2024-06-09,DMA_034,32.33672779668402,0,0
2024-06-09,DMA_035,29.942040905738427,0,0
2024-06-09,DMA_036,31.374120608648035,0,0
2024-06-09,DMA_037,27.189897074145016,0,0
2024-06-09,DMA_038,36.538442310842946,0,0
2024-06-09,DMA_039,32.97587709611593,0,0
2024-06-09,DMA_040,32.45379541115686,0,0
2024-06-09,DMA_041,38.67838433856947,0,0
2024-06-09,DMA_042,46.01389173584257,0,0
2024-06-09,DMA_043,31.263789375057627,0,0
2024-06-09,DMA_044,35.48803936353297,0,0
2024-06-09,DMA_045,35.72495018187421,0,1
2024-06-09,DMA_046,41.913083214938325,0,0
2024-06-09,DMA_047,26.757945395561386,0,0
2024-06-09,DMA_048,25.072699658323486,0,0
2024-06-09,DMA_049,28.71841515685634,0,0
2024-06-09,DMA_050,32.51238881174786,0,0
2024-06-09,DMA_051,34.26191613781334,0,0
2024-06-09,DMA_052,38.987668512858235,0,0
2024-06-09,DMA_053,34.948433274944946,0,0
2024-06-09,DMA_054,30.59207640449531,0,0
2024-06-09,DMA_055,40.14361254989183,0,0
2024-06-09,DMA_056,37.71094176335922,0,0
2024-06-09,DMA_057,34.384166989806936,0,0
2024-06-09,DMA_058,31.256599995241604,0,0
2024-06-09,DMA_059,28.590856416645686,0,1
2024-06-09,DMA_060,22.661880533402105,0,0
2024-06-09,DMA_061,30.215650134239365,0,0
2024-06-09,DMA_062,41.24350397823207,0,0
2024-06-09,DMA_063,30.72701501254081,0,0
2024-06-09,DMA_064,34.50459812126282,0,0
2024-06-09,DMA_065,32.578429550165225,0,0
2024-06-09,DMA_066,42.370714447412816,0,0
2024-06-09,DMA_067,27.933454005298145,0,0
2024-06-09,DMA_068,25.163976636483,0,0
2024-06-09,DMA_069,31.67811378624877,0,0
2024-06-09,DMA_070,38.718400369193624,0,0
2024-06-09,DMA_071,31.204202282652346,0,1
2024-06-09,DMA_072,32.74818283281142,0,0
2024-06-09,DMA_073,32.75944016885883,0,0
2024-06-09,DMA_074,34.42311468334466,0,0
2024-06-09,DMA_075,27.952335157365752,0,0
2024-06-09,DMA_076,35.78929598205242,0,0
2024-06-09,DMA_077,32.38879409470688,0,0
2024-06-09,DMA_078,31.558029503962814,0,0
2024-06-09,DMA_079,43.38349521008172,0,0
2024-06-09,DMA_080,34.55659025321335,0,1
2024-06-09,DMA_081,37.46243146451088,0,0
2024-06-09,DMA_082,28.45840449960479,0,0
2024-06-09,DMA_083,40.07299109758525,0,0
2024-06-09,DMA_084,24.02615793398493,0,0
2024-06-09,DMA_085,29.74342433131407,0,0
2024-06-09,DMA_086,26.119725046288316,0,0
2024-06-09,DMA_087,36.4378922331053,0,0
2024-06-09,DMA_088,34.20133986911136,0,0
2024-06-09,DMA_089,24.306495968971575,0,0
2024-06-09,DMA_090,22.790886404113714,0,0
2024-06-09,DMA_091,24.770762069051173,0,0
2024-06-09,DMA_092,26.536867678009845,0,1
2024-06-09,DMA_093,38.00808744540671,0,0
2024-06-09,DMA_094,39.313437844311295,0,0
2024-06-09,DMA_095,18.58012714185807,0,1
2024-06-09,DMA_096,24.623127703034815,0,0
2024-06-09,DMA_097,26.063483519707724,0,0
2024-06-09,DMA_098,28.406820317002982,0,0
2024-06-09,DMA_099,44.152823343458266,0,0
2024-06-09,DMA_100,34.39623408576419,0,0
2024-06-09,DMA_101,37.21312867844892,0,0
2024-06-09,DMA_102,41.52191231801476,0,0
2024-06-09,DMA_103,27.018869231255543,0,0
2024-06-09,DMA_104,42.96687118473698,0,0
2024-06-09,DMA_105,27.833344727253305,0,1
2024-06-09,DMA_106,38.67708518278033,0,1
2024-06-09,DMA_107,32.9199468087522,0,0
2024-06-09,DMA_108,44.17586546989515,0,0
2024-06-09,DMA_109,44.97797958675888,0,0
2024-06-09,DMA_110,38.21261272658117,0,0
2024-06-09,DMA_111,28.038781497094096,0,1
2024-06-09,DMA_112,37.013040626783024,0,0
2024-06-09,DMA_113,29.63829337784925,0,0
2024-06-09,DMA_114,32.458323351099565,0,0
2024-06-09,DMA_115,35.44204889700625,0,0
2024-06-09,DMA_116,31.076108571279427,0,0
2024-06-09,DMA_117,39.85429889523656,0,0
2024-06-09,DMA_118,33.85627459582477,0,1
2024-06-09,DMA_119,25.31856618872535,0,0
2024-06-09,DMA_120,35.137405694911536,0,0
2024-06-09,DMA_121,30.320852649087435,0,0
2024-06-09,DMA_122,36.23443299841822,0,0
2024-06-09,DMA_123,33.88075507970713,0,0
2024-06-09,DMA_124,32.39638023421244,0,0
2024-06-09,DMA_125,39.216177868238255,0,0
2024-06-09,DMA_126,23.94217035098295,0,0
2024-06-09,DMA_127,29.3552929294966,0,0
2024-06-09,DMA_128,31.480846804846877,0,0
2024-06-09,DMA_129,19.08344183982375,0,1
2024-06-09,DMA_130,35.292943165709076,0,0
2024-06-09,DMA_131,32.910556266583704,0,0
2024-06-09,DMA_132,35.878534524198585,0,0
2024-06-09,DMA_133,41.53743112082187,0,0
2024-06-09,DMA_134,29.193656852004235,0,1
2024-06-09,DMA_135,39.783675572853525,0,0
2024-06-09,DMA_136,38.044704916058095,0,0
2024-06-09,DMA_137,31.499371955737875,0,0
2024-06-09,DMA_138,26.35108151469843,0,0
2024-06-09,DMA_139,27.640406035157493,0,0
2024-06-09,DMA_140,40.77173589336431,0,0
2024-06-09,DMA_141,33.41065894089969,0,1
2024-06-09,DMA_142,41.2786754649617,0,0
2024-06-09,DMA_143,39.80208337232835,0,0
2024-06-09,DMA_144,32.231757966193385,0,0
2024-06-09,DMA_145,33.863704720329466,0,0
2024-06-09,DMA_146,27.61163811649792,0,0
2024-06-09,DMA_147,37.08647062161731,0,0
2024-06-09,DMA_148,35.308756237555684,0,0
2024-06-09,DMA_149,27.047848863743575,0,0
2024-06-09,DMA_150,38.4328181720672,0,0
2024-06-16,DMA_001,29.593863394285393,1,0
2024-06-16,DMA_002,42.41880315429398,1,0
2024-06-16,DMA_003,32.33366916398926,1,0
2024-06-16,DMA_004,37.50474322151913,1,0
2024-06-16,DMA_005,27.80438671636275,1,0
2024-06-16,DMA_006,28.772938118043133,1,0
2024-06-16,DMA_007,34.93465931240305,1,0
2024-06-16,DMA_008,24.282985490121913,1,0
2024-06-16,DMA_009,41.23778883201704,1,0
2024-06-16,DMA_010,33.56353742775299,1,0
2024-06-16,DMA_011,23.79985474532564,1,0
2024-06-16,DMA_012,35.67303856105507,1,0
2024-06-16,DMA_013,28.24132767997147,1,0
2024-06-16,DMA_014,37.44836343306658,1,0
2024-06-16,DMA_015,38.22627777594485,1,1
2024-06-16,DMA_016,30.90131633404935,1,0
2024-06-16,DMA_017,34.865435447161786,1,0
2024-06-16,DMA_018,32.56690378145905,1,1
2024-06-16,DMA_019,33.65081798013846,1,1
2024-06-16,DMA_020,40.73369373472268,1,0
2024-06-16,DMA_021,36.4797767862701,1,0
2024-06-16,DMA_022,36.23359219229041,1,0
2024-06-16,DMA_023,24.092654890988584,1,0
2024-06-16,DMA_024,19.15620436898617,1,0
2024-06-16,DMA_025,29.075332079056313,1,0
2024-06-16,DMA_026,39.08765309432281,1,1
2024-06-16,DMA_027,32.88245905508701,1,0
2024-06-16,DMA_028,24.065383007270754,1,1
2024-06-16,DMA_029,46.18825634854097,1,0
2024-06-16,DMA_030,25.111453738122023,1,1
2024-06-16,DMA_031,22.279502852595268,1,1
2024-06-16,DMA_032,34.110396094350904,1,0
2024-06-16,DMA_033,31.540188543111622,1,0
2024-06-16,DMA_034,38.269029606150525,1,0
2024-06-16,DMA_035,27.176542617554574,1,0
2024-06-16,DMA_036,31.054107534324732,1,0
2024-06-16,DMA_037,22.922498341608293,1,0
2024-06-16,DMA_038,35.93997178016723,1,0
2024-06-16,DMA_039,28.04959213571016,1,0
2024-06-16,DMA_040,15.893554278445741,1,0
2024-06-16,DMA_041,26.796450238773986,1,0
2024-06-16,DMA_042,38.696281908918515,1,0
2024-06-16,DMA_043,29.94192143378977,1,0
2024-06-16,DMA_044,24.21652990006414,1,0
2024-06-16,DMA_045,32.47081149225715,1,0
2024-06-16,DMA_046,35.32477282988738,1,0
2024-06-16,DMA_047,44.232916735692484,1,0
2024-06-16,DMA_048,20.945224573478455,1,0
2024-06-16,DMA_049,26.094335347215093,1,0
2024-06-16,DMA_050,37.30253903220785,1,0
2024-06-16,DMA_051,27.331580072713415,1,0
2024-06-16,DMA_052,27.403019530421798,1,0
2024-06-16,DMA_053,25.898999374150684,1,0
2024-06-16,DMA_054,27.306750386174656,1,0
2024-06-16,DMA_055,27.114941526396585,1,0
2024-06-16,DMA_056,30.23316236724858,1,0
2024-06-16,DMA_057,36.235291966248035,1,0
2024-06-16,DMA_058,33.549704025852265,1,0
2024-06-16,DMA_059,36.087928323378044,1,0
2024-06-16,DMA_060,41.45182392091681,1,0
2024-06-16,DMA_061,32.42851199822892,1,1
2024-06-16,DMA_062,29.260887298755314,1,0
2024-06-16,DMA_063,37.79728910719891,1,0
2024-06-16,DMA_064,36.673586400097065,1,0
2024-06-16,DMA_065,37.15911989261135,1,0
2024-06-16,DMA_066,15.100395985443217,1,0
2024-06-16,DMA_067,39.08081248212708,1,0
2024-06-16,DMA_068,26.953801694374647,1,0
2024-06-16,DMA_069,30.398274790967836,1,0
2024-06-16,DMA_070,37.81931963530075,1,0
2024-06-16,DMA_071,40.43378968769098,1,0
2024-06-16,DMA_072,34.127055670774865,1,0
2024-06-16,DMA_073,33.44695499571207,1,0
2024-06-16,DMA_074,27.295357730118987,1,0
2024-06-16,DMA_075,30.53199364017413,1,0
2024-06-16,DMA_076,28.38592257439656,1,0
2024-06-16,DMA_077,21.05936106428875,1,0
2024-06-16,DMA_078,32.743075906130514,1,0
2024-06-16,DMA_079,29.91673225886683,1,0
2024-06-16,DMA_080,36.4465521973527,1,0
2024-06-16,DMA_081,37.39691155826447,1,0
2024-06-16,DMA_082,33.60240195066919,1,0
2024-06-16,DMA_083,31.32418260584507,1,1
2024-06-16,DMA_084,33.5402479879558,1,0
2024-06-16,DMA_085,36.567961010695726,1,0
2024-06-16,DMA_086,28.56071785292996,1,0
2024-06-16,DMA_087,30.311271366471473,1,0
2024-06-16,DMA_088,34.762274522135456,1,0
2024-06-16,DMA_089,20.440573495242806,1,0
2024-06-16,DMA_090,32.81982958716896,1,0
2024-06-16,DMA_091,35.31471850773497,1,1
2024-06-16,DMA_092,29.618706223174573,1,0
2024-06-16,DMA_093,25.86050040217869,1,1
2024-06-16,DMA_094,26.772278772807596,1,0
2024-06-16,DMA_095,23.298578886423343,1,0
2024-06-16,DMA_096,35.91536570548086,1,0
2024-06-16,DMA_097,38.11345599451071,1,1
2024-06-16,DMA_098,29.566557586114698,1,0
2024-06-16,DMA_099,25.042527813593722,1,0
2024-06-16,DMA_100,29.064507342735325,1,0
2024-06-16,DMA_101,24.683321708433425,1,0
2024-06-16,DMA_102,27.019477813142498,1,1
2024-06-16,DMA_103,11.941182163355293,1,0
2024-06-16,DMA_104,41.35799473582973,1,1
2024-06-16,DMA_105,34.35326768378518,1,0
2024-06-16,DMA_106,41.54830640245731,1,0
2024-06-16,DMA_107,33.00623652161549,1,0
2024-06-16,DMA_108,44.94988611146666,1,0
2024-06-16,DMA_109,42.305972777583975,1,0
2024-06-16,DMA_110,25.956476623271463,1,0
2024-06-16,DMA_111,29.941129754653623,1,1
2024-06-16,DMA_112,29.6985562997796,1,0
2024-06-16,DMA_113,30.3139395517565,1,0
2024-06-16,DMA_114,28.723833961571476,1,0
2024-06-16,DMA_115,41.242355079145234,1,0
2024-06-16,DMA_116,23.439566968578575,1,0
2024-06-16,DMA_117,26.843388026216413,1,0
2024-06-16,DMA_118,36.829290489077685,1,1
2024-06-16,DMA_119,28.933431489803628,1,0
2024-06-16,DMA_120,37.872964569759006,1,1
2024-06-16,DMA_121,32.059518523646,1,0
2024-06-16,DMA_122,34.603008602624804,1,0
2024-06-16,DMA_123,31.935426469835825,1,1
2024-06-16,DMA_124,32.132897656225275,1,1
2024-06-16,DMA_125,32.735789833002926,1,0
2024-06-16,DMA_126,26.745529896625435,1,0
2024-06-16,DMA_127,33.0749065561229,1,0
2024-06-16,DMA_128,29.813443850681807,1,0
2024-06-16,DMA_129,36.17169565089017,1,0
2024-06-16,DMA_130,35.486753653910384,1,0
2024-06-16,DMA_131,45.09306599556723,1,0
2024-06-16,DMA_132,37.08826483559362,1,0
2024-06-16,DMA_133,31.786425809599614,1,0
2024-06-16,DMA_134,32.96424959685645,1,0
2024-06-16,DMA_135,34.179220264769164,1,0
2024-06-16,DMA_136,45.01153694622949,1,0
2024-06-16,DMA_137,30.85354543472081,1,0
2024-06-16,DMA_138,27.490303983372648,1,0
2024-06-16,DMA_139,34.32570016899482,1,1
2024-06-16,DMA_140,30.951546400160826,1,0
2024-06-16,DMA_141,34.607775779098375,1,0
2024-06-16,DMA_142,25.453233974399765,1,0
2024-06-16,DMA_143,26.916695962413524,1,0
2024-06-16,DMA_144,46.02048666431604,1,0
2024-06-16,DMA_145,31.063481512685335,1,0
2024-06-16,DMA_146,33.49741074772998,1,1
2024-06-16,DMA_147,28.817854506138357,1,0
2024-06-16,DMA_148,41.475532893636974,1,0
2024-06-16,DMA_149,28.653531387688606,1,0
2024-06-16,DMA_150,34.52408962757096,1,0
2024-06-23,DMA_001,27.838933865983762,0,0
2024-06-23,DMA_002,24.333672597870905,0,0
2024-06-23,DMA_003,39.750486718187474,0,0
2024-06-23,DMA_004,31.438886735193964,0,0
2024-06-23,DMA_005,32.467849107294924,0,0
2024-06-23,DMA_006,29.311715115722343,0,0
2024-06-23,DMA_007,24.55765787298286,0,0
2024-06-23,DMA_008,31.635523468900523,0,0
2024-06-23,DMA_009,20.012121799094608,0,0
2024-06-23,DMA_010,26.780235923789544,0,0
2024-06-23,DMA_011,34.99158664796199,0,0
2024-06-23,DMA_012,28.77964722847058,0,1
2024-06-23,DMA_013,32.119263976921744,0,0
2024-06-23,DMA_014,38.86073343622401,0,0
2024-06-23,DMA_015,31.376082942064883,0,0
2024-06-23,DMA_016,29.12450985815728,0,0
2024-06-23,DMA_017,28.19513084470116,0,0
2024-06-23,DMA_018,23.136473143541465,0,0
2024-06-23,DMA_019,26.850789211324972,0,0
2024-06-23,DMA_020,22.401143221774753,0,0
2024-06-23,DMA_021,27.60580715025362,0,0
2024-06-23,DMA_022,27.692443765111626,0,0
2024-06-23,DMA_023,29.85616039254896,0,0
2024-06-23,DMA_024,36.69622314042096,0,1
2024-06-23,DMA_025,36.96224065078063,0,0
2024-06-23,DMA_026,32.05220334212257,0,0
2024-06-23,DMA_027,36.21179064182136,0,1
2024-06-23,DMA_028,28.499911974519282,0,0
2024-06-23,DMA_029,33.01189166740084,0,0
2024-06-23,DMA_030,36.40130690040157,0,0
2024-06-23,DMA_031,45.00731190662573,0,0
2024-06-23,DMA_032,31.508994375691216,0,0
2024-06-23,DMA_033,35.833520346214534,0,0
2024-06-23,DMA_034,30.25311644030675,0,0
2024-06-23,DMA_035,29.387609803970342,0,0
2024-06-23,DMA_036,30.764759166892535,0,0
2024-06-23,DMA_037,21.297491997327597,0,0
2024-06-23,DMA_038,28.314401844856228,0,0
2024-06-23,DMA_039,32.768186597617905,0,0
2024-06-23,DMA_040,31.95950180739623,0,0
2024-06-23,DMA_041,25.73868683146148,0,0
2024-06-23,DMA_042,42.385188256050725,0,0
2024-06-23,DMA_043,32.25223879958682,0,1
2024-06-23,DMA_044,33.10360346948313,0,0
2024-06-23,DMA_045,31.438752993776408,0,0
2024-06-23,DMA_046,30.553653710809186,0,0
2024-06-23,DMA_047,35.280370931029395,0,0
2024-06-23,DMA_048,38.62058271006478,0,0
2024-06-23,DMA_049,36.97476553201532,0,1
2024-06-23,DMA_050,39.2836860391415,0,0
2024-06-23,DMA_051,39.030478465167384,0,0
2024-06-23,DMA_052,40.17613849692951,0,1
2024-06-23,DMA_053,28.768556541323083,0,0
2024-06-23,DMA_054,28.978750645175854,0,0
2024-06-23,DMA_055,25.94225857076441,0,0
2024-06-23,DMA_056,29.962349715776835,0,0
2024-06-23,DMA_057,25.195470242473597,0,0
2024-06-23,DMA_058,27.16938160961709,0,0
2024-06-23,DMA_059,34.9896540652101,0,0
2024-06-23,DMA_060,37.37895488092064,0,0
2024-06-23,DMA_061,29.938690312326248,0,0
2024-06-23,DMA_062,26.55593541896238,0,0
2024-06-23,DMA_063,27.409806492391603,0,0
2024-06-23,DMA_064,41.44388417288147,0,1
2024-06-23,DMA_065,36.676732840524096,0,0
2024-06-23,DMA_066,35.52659221957536,0,0
2024-06-23,DMA_067,28.322581610182898,0,0
2024-06-23,DMA_068,24.516566429182816,0,0
2024-06-23,DMA_069,30.428847005545038,0,0
2024-06-23,DMA_070,28.48338755831365,0,0
2024-06-23,DMA_071,37.1855856427952,0,0
2024-06-23,DMA_072,28.069445192096186,0,0
2024-06-23,DMA_073,27.086525758640384,0,0
2024-06-23,DMA_074,26.52494763869199,0,0
2024-06-23,DMA_075,36.54921174397261,0,0
2024-06-23,DMA_076,27.95948526217653,0,0
2024-06-23,DMA_077,26.82552833009826,0,1
2024-06-23,DMA_078,25.015489146991882,0,1
2024-06-23,DMA_079,22.630644819996338,0,1
2024-06-23,DMA_080,28.360664883866644,0,0
2024-06-23,DMA_081,26.74104811479377,0,1
2024-06-23,DMA_082,30.734838646269704,0,1
2024-06-23,DMA_083,31.39139393146558,0,1
2024-06-23,DMA_084,25.23228911548039,0,0
2024-06-23,DMA_085,35.499996473368505,0,0
2024-06-23,DMA_086,21.181252310700717,0,0
2024-06-23,DMA_087,33.34191929612257,0,0
2024-06-23,DMA_088,26.993255358583905,0,0
2024-06-23,DMA_089,21.40143057613401,0,0
2024-06-23,DMA_090,23.20293951467481,0,0
2024-06-23,DMA_091,19.223260431350944,0,1
2024-06-23,DMA_092,33.89719812652529,0,0
2024-06-23,DMA_093,27.9316789685111,0,0
2024-06-23,DMA_094,40.95564925467747,0,0
2024-06-23,DMA_095,28.495571190302353,0,0
2024-06-23,DMA_096,31.134908796604165,0,0
2024-06-23,DMA_097,31.7747596673686,0,0
2024-06-23,DMA_098,37.93865759466672,0,0
2024-06-23,DMA_099,27.212252004591665,0,0
2024-06-23,DMA_100,30.56374626990111,0,0
2024-06-23,DMA_101,26.21031995961483,0,1
2024-06-23,DMA_102,30.559357616261494,0,0
2024-06-23,DMA_103,27.338291778489307,0,0
2024-06-23,DMA_104,16.452646366772424,0,1
2024-06-23,DMA_105,25.398764541360116,0,1
2024-06-23,DMA_106,24.574825385337984,0,0
2024-06-23,DMA_107,28.7160864949392,0,0
2024-06-23,DMA_108,31.563510302429677,0,0
2024-06-23,DMA_109,21.67182050972933,0,0
2024-06-23,DMA_110,42.50402601530516,0,0
2024-06-23,DMA_111,45.25113673766319,0,0
2024-06-23,DMA_112,30.920869639803886,0,0
2024-06-23,DMA_113,36.71847145239333,0,0
2024-06-23,DMA_114,12.67212568829568,0,0
2024-06-23,DMA_115,33.059188482452655,0,0
2024-06-23,DMA_116,28.02524340593909,0,0
2024-06-23,DMA_117,33.26625248052829,0,0
2024-06-23,DMA_118,31.626539634811323,0,0
2024-06-23,DMA_119,31.686179187699096,0,0
2024-06-23,DMA_120,16.618560598051552,0,1
2024-06-23,DMA_121,32.94189088912593,0,1
2024-06-23,DMA_122,28.142302876810223,0,0
2024-06-23,DMA_123,18.385163780250444,0,0
2024-06-23,DMA_124,37.62194754575557,0,0
2024-06-23,DMA_125,31.777273823470242,0,0
2024-06-23,DMA_126,32.2437481549187,0,0
2024-06-23,DMA_127,40.85409290401407,0,0
2024-06-23,DMA_128,36.229839977868295,0,0
2024-06-23,DMA_129,40.0502022195031,0,0
2024-06-23,DMA_130,32.69900581628119,0,0
2024-06-23,DMA_131,27.48377421768851,0,0
2024-06-23,DMA_132,35.34759289427035,0,0
2024-06-23,DMA_133,33.39081623341238,0,0
2024-06-23,DMA_134,29.700994867309056,0,0
2024-06-23,DMA_135,24.39855511414084,0,0
2024-06-23,DMA_136,38.14962807113131,0,0
2024-06-23,DMA_137,25.337366226947232,0,0
2024-06-23,DMA_138,32.35486786262119,0,0
2024-06-23,DMA_139,34.188291014190405,0,0
2024-06-23,DMA_140,27.684876241744398,0,1
2024-06-23,DMA_141,26.050435872151226,0,0
2024-06-23,DMA_142,35.13845070231098,0,0
2024-06-23,DMA_143,23.474222889571003,0,0
2024-06-23,DMA_144,19.228818404353706,0,1
2024-06-23,DMA_145,28.52047364365958,0,1
2024-06-23,DMA_146,26.11885436695217,0,0
2024-06-23,DMA_147,31.54902064787838,0,0
2024-06-23,DMA_148,35.99819662893381,0,0
2024-06-23,DMA_149,26.21931191012321,0,0
2024-06-23,DMA_150,38.58074550510739,0,0
2024-06-30,DMA_001,26.223446988596567,0,0
2024-06-30,DMA_002,30.16600005898305,0,0
2024-06-30,DMA_003,23.76264085940995,0,0
2024-06-30,DMA_004,18.352867520687482,0,0
2024-06-30,DMA_005,37.32390655319885,0,1
2024-06-30,DMA_006,34.797459605977906,0,1
2024-06-30,DMA_007,27.809421372569403,0,0
2024-06-30,DMA_008,40.0792484548038,0,0
2024-06-30,DMA_009,23.51480967542111,0,0
2024-06-30,DMA_010,33.67893117020763,0,0
2024-06-30,DMA_011,38.56351510412006,0,0
2024-06-30,DMA_012,40.00789231722659,0,0
2024-06-30,DMA_013,32.49077849445746,0,0
2024-06-30,DMA_014,23.939367705947497,0,0
2024-06-30,DMA_015,38.24257058750347,0,0
2024-06-30,DMA_016,25.16646204293898,0,0
2024-06-30,DMA_017,37.795843036978184,0,0
2024-06-30,DMA_018,21.86231235234282,0,0
2024-06-30,DMA_019,32.214520641416776,0,1
2024-06-30,DMA_020,42.589672623253016,0,0
2024-06-30,DMA_021,33.543284207515995,0,0
2024-06-30,DMA_022,40.11672381041827,0,0
2024-06-30,DMA_023,36.94272130820967,0,0
2024-06-30,DMA_024,36.69644764822914,0,1
2024-06-30,DMA_025,32.51999049526649,0,0
2024-06-30,DMA_026,31.670490194404206,0,0
2024-06-30,DMA_027,33.017149231629865,0,0
2024-06-30,DMA_028,23.129065481622007,0,0
2024-06-30,DMA_029,22.136509245971954,0,0
2024-06-30,DMA_030,32.65028984107145,0,0
2024-06-30,DMA_031,28.417400848709047,0,0
2024-06-30,DMA_032,33.44367053771804,0,0
2024-06-30,DMA_033,28.497213448751413,0,0
2024-06-30,DMA_034,30.137476076415076,0,0
2024-06-30,DMA_035,37.47730971537317,0,1
2024-06-30,DMA_036,28.907952101369048,0,0
2024-06-30,DMA_037,16.84982650804288,0,0
2024-06-30,DMA_038,34.843424152385374,0,0
2024-06-30,DMA_039,30.51162651269286,0,0
2024-06-30,DMA_040,26.943899158078224,0,0
2024-06-30,DMA_041,26.035547270240954,0,0
2024-06-30,DMA_042,33.60334171971619,0,0
2024-06-30,DMA_043,34.34865967898919,0,0
2024-06-30,DMA_044,34.444567552814284,0,0
2024-06-30,DMA_045,34.77671548936325,0,0
2024-06-30,DMA_046,31.394589639220563,0,0
2024-06-30,DMA_047,27.33854652278008,0,0
2024-06-30,DMA_048,38.86370569444865,0,0
2024-06-30,DMA_049,23.176266835244842,0,1
2024-06-30,DMA_050,25.94652283580033,0,0
2024-06-30,DMA_051,30.504254731384247,0,0
2024-06-30,DMA_052,28.15414304539627,0,0
2024-06-30,DMA_053,31.60937646418882,0,0
2024-06-30,DMA_054,33.738741605014454,0,0
2024-06-30,DMA_055,22.815417610606467,0,0
2024-06-30,DMA_056,34.88367345032216,0,1
2024-06-30,DMA_057,26.875297019351812,0,0
2024-06-30,DMA_058,28.469907649636237,0,0
2024-06-30,DMA_059,32.20895565994701,0,1
2024-06-30,DMA_060,29.890385229461543,0,0
2024-06-30,DMA_061,29.464304065978922,0,0
2024-06-30,DMA_062,20.74777324108689,0,0
2024-06-30,DMA_063,29.35826365281373,0,0
2024-06-30,DMA_064,29.177256166938953,0,0
2024-06-30,DMA_065,32.05316754841064,0,0
2024-06-30,DMA_066,38.800050628619225,0,0
2024-06-30,DMA_067,29.46843213905871,0,0
2024-06-30,DMA_068,26.95082424483717,0,0
2024-06-30,DMA_069,25.14603186370347,0,0
2024-06-30,DMA_070,31.49167586480936,0,0
2024-06-30,DMA_071,37.776563569761315,0,0
2024-06-30,DMA_072,29.6478662188385,0,0
2024-06-30,DMA_073,36.35178578799897,0,1
2024-06-30,DMA_074,37.4052657261239,0,0
2024-06-30,DMA_075,38.37730623960844,0,0
2024-06-30,DMA_076,33.9335664445248,0,1
2024-06-30,DMA_077,29.098595609654755,0,1
2024-06-30,DMA_078,31.265613432410902,0,0
2024-06-30,DMA_079,30.80189415590905,0,0
2024-06-30,DMA_080,22.13620645827469,0,0
2024-06-30,DMA_081,24.371905746968082,0,0
2024-06-30,DMA_082,27.825771949474646,0,0
2024-06-30,DMA_083,25.461053848499553,0,0
2024-06-30,DMA_084,23.001173791039957,0,0
2024-06-30,DMA_085,33.47004751707246,0,0
2024-06-30,DMA_086,31.7044129388975,0,1
2024-06-30,DMA_087,22.972303720243403,0,0
2024-06-30,DMA_088,35.95764232287236,0,0
2024-06-30,DMA_089,33.87658909135886,0,1
2024-06-30,DMA_090,31.767574353326378,0,1
2024-06-30,DMA_091,17.765666705120143,0,0
2024-06-30,DMA_092,17.564909551701525,0,1
2024-06-30,DMA_093,34.957212334602545,0,0
2024-06-30,DMA_094,33.68490443059627,0,0
2024-06-30,DMA_095,30.301839848427917,0,1
2024-06-30,DMA_096,35.52572070089284,0,0
2024-06-30,DMA_097,20.331623409305287,0,1
2024-06-30,DMA_098,24.836596910725408,0,0
2024-06-30,DMA_099,20.30104152447616,0,0
2024-06-30,DMA_100,22.441354132041635,0,0
2024-06-30,DMA_101,38.52624319591349,0,0
2024-06-30,DMA_102,27.045794859333867,0,0
2024-06-30,DMA_103,9.745785673961059,0,1
2024-06-30,DMA_104,30.00236339081601,0,0
2024-06-30,DMA_105,40.048118540477574,0,0
2024-06-30,DMA_106,28.18156596585042,0,0
2024-06-30,DMA_107,31.101341045926283,0,0
2024-06-30,DMA_108,22.597974984145722,0,0
2024-06-30,DMA_109,24.709734168743736,0,0
2024-06-30,DMA_110,37.7677053458543,0,0
2024-06-30,DMA_111,24.90697509020117,0,0
2024-06-30,DMA_112,37.475553165971704,0,0
2024-06-30,DMA_113,23.324780033289244,0,0
2024-06-30,DMA_114,36.13732246999763,0,0
2024-06-30,DMA_115,27.296688819733085,0,0
2024-06-30,DMA_116,30.695216207928908,0,0
2024-06-30,DMA_117,26.46458535147726,0,1
2024-06-30,DMA_118,26.317442939869608,0,0
2024-06-30,DMA_119,33.35485621681251,0,0
2024-06-30,DMA_120,32.933993459664485,0,0
2024-06-30,DMA_121,25.16729478226945,0,0
2024-06-30,DMA_122,35.84392104356888,0,1
2024-06-30,DMA_123,22.12004292135474,0,0
2024-06-30,DMA_124,11.744215438339982,0,1
2024-06-30,DMA_125,23.768858069086555,0,1
2024-06-30,DMA_126,36.365929279515534,0,0
2024-06-30,DMA_127,29.9797608345083,0,0
2024-06-30,DMA_128,24.71177627533295,0,0
2024-06-30,DMA_129,29.96079562560383,0,0
2024-06-30,DMA_130,25.69985446426633,0,0
2024-06-30,DMA_131,23.086687247370264,0,0
2024-06-30,DMA_132,30.966960165247848,0,0
2024-06-30,DMA_133,20.222945867070365,0,0
2024-06-30,DMA_134,12.430188941241742,0,0
2024-06-30,DMA_135,19.639933089793715,0,0
2024-06-30,DMA_136,32.83881278883254,0,0
2024-06-30,DMA_137,39.91149192475201,0,0
2024-06-30,DMA_138,27.368468138133913,0,1
2024-06-30,DMA_139,43.20278006269664,0,0
2024-06-30,DMA_140,30.229600451335827,0,0
2024-06-30,DMA_141,30.000867514708748,0,0
2024-06-30,DMA_142,21.458429621648946,0,1
2024-06-30,DMA_143,25.315321923546072,0,0
2024-06-30,DMA_144,32.93148732406975,0,0
2024-06-30,DMA_145,29.08771791835891,0,0
2024-06-30,DMA_146,31.44729914449361,0,0
2024-06-30,DMA_147,31.608126157622685,0,0
2024-06-30,DMA_148,20.764559087766422,0,1
2024-06-30,DMA_149,34.54950808802161,0,1
2024-06-30,DMA_150,17.940638275163803,0,0
2024-07-07,DMA_001,19.672493691176868,0,1
2024-07-07,DMA_002,25.451988065786868,0,0
2024-07-07,DMA_003,27.227207958853626,0,0
2024-07-07,DMA_004,37.378808824221935,0,0
2024-07-07,DMA_005,26.328111101797546,0,0
2024-07-07,DMA_006,31.885288643371016,0,1
2024-07-07,DMA_007,27.821115396469033,0,0
2024-07-07,DMA_008,41.496220007510836,0,0
2024-07-07,DMA_009,29.15004550365027,0,0
2024-07-07,DMA_010,40.649716791367666,0,0
2024-07-07,DMA_011,38.64573231634112,0,0
2024-07-07,DMA_012,20.93771825868101,0,0
2024-07-07,DMA_013,37.894590066395125,0,0
2024-07-07,DMA_014,28.845599371474055,0,0
2024-07-07,DMA_015,32.854288909944,0,1
2024-07-07,DMA_016,28.863099507120086,0,0
2024-07-07,DMA_017,36.770050546790735,0,0
2024-07-07,DMA_018,30.05122940467974,0,1
2024-07-07,DMA_019,24.08111805597843,0,0
2024-07-07,DMA_020,28.950071352229617,0,0
2024-07-07,DMA_021,33.9348228205688,0,0
2024-07-07,DMA_022,29.47168453273516,0,0
2024-07-07,DMA_023,26.79072464086235,0,0
2024-07-07,DMA_024,42.051927273317645,0,0
2024-07-07,DMA_025,33.61728218571701,0,0
2024-07-07,DMA_026,34.58125061077705,0,0
2024-07-07,DMA_027,35.45844229467049,0,0
2024-07-07,DMA_028,30.645679316958294,0,0
2024-07-07,DMA_029,23.902615141540814,0,0
2024-07-07,DMA_030,39.513611669660136,0,0
2024-07-07,DMA_031,31.58745133416573,0,0
2024-07-07,DMA_032,21.257907768780278,0,0
2024-07-07,DMA_033,40.607325264996874,0,0
2024-07-07,DMA_034,25.788753168123215,0,1
2024-07-07,DMA_035,31.128133542434448,0,0
2024-07-07,DMA_036,34.18796067988754,0,0
2024-07-07,DMA_037,35.86013884871359,0,0
2024-07-07,DMA_038,44.96480385717028,0,0
2024-07-07,DMA_039,35.12160455334533,0,0
2024-07-07,DMA_040,24.265119095969382,0,0
2024-07-07,DMA_041,25.905799216950534,0,1
2024-07-07,DMA_042,39.57692185439461,0,0
2024-07-07,DMA_043,39.48453535715131,0,0
2024-07-07,DMA_044,16.509217292646028,0,0
2024-07-07,DMA_045,41.881636008058706,0,0
2024-07-07,DMA_046,32.68339102442673,0,1
2024-07-07,DMA_047,20.161296326956027,0,0
2024-07-07,DMA_048,28.15803735592134,0,0
2024-07-07,DMA_049,32.18430867979249,0,0
2024-07-07,DMA_050,27.964383362111754,0,0
2024-07-07,DMA_051,30.338740615464015,0,1
2024-07-07,DMA_052,29.38380141391155,0,0
2024-07-07,DMA_053,29.62575907773036,0,0
2024-07-07,DMA_054,37.51174782400159,0,1
2024-07-07,DMA_055,30.053478772782878,0,1
2024-07-07,DMA_056,31.902156858907425,0,0
2024-07-07,DMA_057,31.08379669616761,0,0
2024-07-07,DMA_058,35.20722819400491,0,0
2024-07-07,DMA_059,27.343085084087857,0,0
2024-07-07,DMA_060,33.9398429365921,0,0
2024-07-07,DMA_061,30.90743358734074,0,0
2024-07-07,DMA_062,20.820361675453633,0,0
2024-07-07,DMA_063,21.834275556660398,0,0
2024-07-07,DMA_064,27.348917216744777,0,0
2024-07-07,DMA_065,35.414997917124666,0,0
2024-07-07,DMA_066,31.560760923360235,0,0
2024-07-07,DMA_067,40.12479031266605,0,0
2024-07-07,DMA_068,31.393844436084144,0,0
2024-07-07,DMA_069,17.59904162725352,0,0
2024-07-07,DMA_070,32.452266100253965,0,0
2024-07-07,DMA_071,35.357309749501,0,0
2024-07-07,DMA_072,31.7274111190013,0,1
2024-07-07,DMA_073,26.79586668584183,0,0
2024-07-07,DMA_074,21.96652773156348,0,0
2024-07-07,DMA_075,21.705650705236565,0,0
2024-07-07,DMA_076,19.757328247579302,0,0
2024-07-07,DMA_077,30.881650339948713,0,0
2024-07-07,DMA_078,41.54213736510567,0,1
2024-07-07,DMA_079,22.948978315465652,0,0
2024-07-07,DMA_080,26.811789058090532,0,0
2024-07-07,DMA_081,34.21522892581419,0,0
2024-07-07,DMA_082,26.46120485403321,0,0
2024-07-07,DMA_083,34.216497606079514,0,0
2024-07-07,DMA_084,32.849000955085714,0,0
2024-07-07,DMA_085,33.50477794582861,0,1
2024-07-07,DMA_086,44.068291886939214,0,0
2024-07-07,DMA_087,27.34242813669457,0,1
2024-07-07,DMA_088,31.614381078473325,0,1
2024-07-07,DMA_089,29.799714810625638,0,0
2024-07-07,DMA_090,31.675900378273244,0,1
2024-07-07,DMA_091,27.29553337349717,0,0
2024-07-07,DMA_092,35.889020025404186,0,0
2024-07-07,DMA_093,23.823250198173014,0,0
2024-07-07,DMA_094,31.662240467459796,0,0
2024-07-07,DMA_095,32.99975861040393,0,0
2024-07-07,DMA_096,35.67096282448374,0,0
2024-07-07,DMA_097,26.07157683976366,0,0
2024-07-07,DMA_098,22.0424867928605,0,0
2024-07-07,DMA_099,36.83454413420111,0,0
2024-07-07,DMA_100,30.42283868248738,0,0
2024-07-07,DMA_101,43.16324166599837,0,1
2024-07-07,DMA_102,30.905613565305305,0,0
2024-07-07,DMA_103,28.96355363884601,0,0
2024-07-07,DMA_104,30.307672963957426,0,0
2024-07-07,DMA_105,26.500671059525917,0,0
2024-07-07,DMA_106,40.48454281921775,0,0
2024-07-07,DMA_107,39.696756704424914,0,0
2024-07-07,DMA_108,30.7676570685634,0,0
2024-07-07,DMA_109,34.24799792412991,0,1
2024-07-07,DMA_110,29.977080320679132,0,0
2024-07-07,DMA_111,19.59671323746225,0,0
2024-07-07,DMA_112,36.10296274132207,0,0
2024-07-07,DMA_113,19.750701603681243,0,0
2024-07-07,DMA_114,30.11208987684971,0,0
2024-07-07,DMA_115,38.55716897887456,0,0
2024-07-07,DMA_116,41.04394902770533,0,0
2024-07-07,DMA_117,16.217028306655003,0,0
2024-07-07,DMA_118,17.80644173511159,0,0
2024-07-07,DMA_119,29.597679082081992,0,0
2024-07-07,DMA_120,26.83223897201236,0,0
2024-07-07,DMA_121,35.93674869024987,0,1
2024-07-07,DMA_122,24.772641513524512,0,0
2024-07-07,DMA_123,35.90262155563494,0,0
2024-07-07,DMA_124,23.50317213376574,0,0
2024-07-07,DMA_125,28.297174510314985,0,0
2024-07-07,DMA_126,19.851191562513158,0,0
2024-07-07,DMA_127,36.69271792823845,0,0
2024-07-07,DMA_128,30.670763340802008,0,1
2024-07-07,DMA_129,37.57002394152531,0,0
2024-07-07,DMA_130,31.06144021572649,0,0
2024-07-07,DMA_131,34.727610304109675,0,0
2024-07-07,DMA_132,27.5554156581863,0,1
2024-07-07,DMA_133,36.512821216573556,0,0
2024-07-07,DMA_134,35.673753240933976,0,0
2024-07-07,DMA_135,33.9962124881214,0,0
2024-07-07,DMA_136,31.470239926151237,0,0
2024-07-07,DMA_137,36.861140180995584,0,1
2024-07-07,DMA_138,26.159625908721864,0,0
2024-07-07,DMA_139,29.4043003885821,0,0
2024-07-07,DMA_140,23.09662102166508,0,0
2024-07-07,DMA_141,26.317750503170174,0,0
2024-07-07,DMA_142,26.49262124022517,0,0
2024-07-07,DMA_143,36.92597923128358,0,0
2024-07-07,DMA_144,38.96850115879807,0,0
2024-07-07,DMA_145,22.559047799912754,0,0
2024-07-07,DMA_146,26.127735782408642,0,0
2024-07-07,DMA_147,33.03942761136193,0,0
2024-07-07,DMA_148,32.0961330630726,0,0
2024-07-07,DMA_149,43.03009325159291,0,0
2024-07-07,DMA_150,26.32388424276164,0,0
2024-07-14,DMA_001,38.33903949838737,0,0
2024-07-14,DMA_002,31.617781173609977,0,0
2024-07-14,DMA_003,32.14422930164361,0,0
2024-07-14,DMA_004,36.659943930745165,0,0
2024-07-14,DMA_005,27.008182821177105,0,0
2024-07-14,DMA_006,34.21453784154684,0,0
2024-07-14,DMA_007,22.29241878102566,0,0
2024-07-14,DMA_008,33.871109819202864,0,0
2024-07-14,DMA_009,31.23129649949837,0,0
2024-07-14,DMA_010,32.74729260624452,0,0
2024-07-14,DMA_011,33.96625642708241,0,1
2024-07-14,DMA_012,27.823913818156125,0,1
2024-07-14,DMA_013,30.463241455747106,0,0
2024-07-14,DMA_014,29.8392738409628,0,0
2024-07-14,DMA_015,27.393967903170484,0,0
2024-07-14,DMA_016,31.34676536110407,0,0
2024-07-14,DMA_017,37.69216935819187,0,0
2024-07-14,DMA_018,30.489643926175663,0,0
2024-07-14,DMA_019,40.99039786257055,0,0
2024-07-14,DMA_020,28.65998120473948,0,0
2024-07-14,DMA_021,17.100721908738947,0,0
2024-07-14,DMA_022,31.41070950094714,0,0
2024-07-14,DMA_023,34.27839141097982,0,0
2024-07-14,DMA_024,28.832788982735376,0,0
2024-07-14,DMA_025,27.96232276738158,0,0
2024-07-14,DMA_026,29.625765796298715,0,0
2024-07-14,DMA_027,36.4453327443922,0,0
2024-07-14,DMA_028,28.75457664687363,0,0
2024-07-14,DMA_029,47.38969509419504,0,0
2024-07-14,DMA_030,15.837291563002783,0,0
2024-07-14,DMA_031,23.794239494750055,0,1
2024-07-14,DMA_032,30.513855222109274,0,0
2024-07-14,DMA_033,24.30507960763417,0,1
2024-07-14,DMA_034,39.00569941479743,0,0
2024-07-14,DMA_035,17.54783176134031,0,0
2024-07-14,DMA_036,28.317421378561466,0,0
2024-07-14,DMA_037,28.743842618005072,0,0
2024-07-14,DMA_038,26.78205396496606,0,0
2024-07-14,DMA_039,40.5487942976765,0,1
2024-07-14,DMA_040,19.962668251933838,0,0
2024-07-14,DMA_041,27.686751840652338,0,0
2024-07-14,DMA_042,33.069817729607735,0,0
2024-07-14,DMA_043,20.784343393672437,0,0
2024-07-14,DMA_044,32.69053751458737,0,1
2024-07-14,DMA_045,27.94721528173439,0,0
2024-07-14,DMA_046,27.391666516010815,0,0
2024-07-14,DMA_047,24.58184449630898,0,0
2024-07-14,DMA_048,28.813506757887538,0,0
2024-07-14,DMA_049,22.03235951083975,0,0
2024-07-14,DMA_050,35.57243540957446,0,0
2024-07-14,DMA_051,33.277808260926925,0,0
2024-07-14,DMA_052,22.707168265263025,0,0
2024-07-14,DMA_053,38.87814517255214,0,0
2024-07-14,DMA_054,33.58323797065681,0,0
2024-07-14,DMA_055,14.959617907176316,0,0
2024-07-14,DMA_056,36.47539925565253,0,1
2024-07-14,DMA_057,16.68437378469696,0,0
2024-07-14,DMA_058,34.114773961172425,0,0
2024-07-14,DMA_059,24.040562755355133,0,0
2024-07-14,DMA_060,28.27832408273254,0,0
2024-07-14,DMA_061,30.143897569068766,0,0
2024-07-14,DMA_062,33.0393647332044,0,0
2024-07-14,DMA_063,33.66241035195382,0,0
2024-07-14,DMA_064,26.651448385744015,0,0
2024-07-14,DMA_065,24.735069805731953,0,0
2024-07-14,DMA_066,26.583405889796147,0,1
2024-07-14,DMA_067,38.70109916964941,0,0
2024-07-14,DMA_068,17.058269749942117,0,0
2024-07-14,DMA_069,34.538618038508275,0,0
2024-07-14,DMA_070,32.15384353476574,0,0
2024-07-14,DMA_071,24.496674921960945,0,0
2024-07-14,DMA_072,23.038086963860305,0,0
2024-07-14,DMA_073,27.219415571702147,0,0
2024-07-14,DMA_074,34.84233724929154,0,0
2024-07-14,DMA_075,27.770589253385918,0,0
2024-07-14,DMA_076,42.13161268821864,0,0
2024-07-14,DMA_077,39.56776365784345,0,0
2024-07-14,DMA_078,28.936520972197503,0,0
2024-07-14,DMA_079,27.492152915052316,0,0
2024-07-14,DMA_080,32.78430937025183,0,1
2024-07-14,DMA_081,42.354247285785554,0,0
2024-07-14,DMA_082,25.85191922339687,0,0
2024-07-14,DMA_083,36.82649860626325,0,0
2024-07-14,DMA_084,26.776331258448828,0,0
2024-07-14,DMA_085,37.581151607294,0,0
2024-07-14,DMA_086,27.913340329420958,0,0
2024-07-14,DMA_087,39.41567565548305,0,0
2024-07-14,DMA_088,31.253930194648525,0,0
2024-07-14,DMA_089,24.486043497024177,0,1
2024-07-14,DMA_090,34.50562502022964,0,0
2024-07-14,DMA_091,23.57078051531881,0,0
2024-07-14,DMA_092,33.62472067746054,0,0
2024-07-14,DMA_093,25.8206347683961,0,0
2024-07-14,DMA_094,33.55760755554429,0,1
2024-07-14,DMA_095,20.724354731336348,0,0
2024-07-14,DMA_096,27.80020294623622,0,0
2024-07-14,DMA_097,26.807554549755764,0,0
2024-07-14,DMA_098,24.09127881858803,0,0
2024-07-14,DMA_099,19.839542026398203,0,0
2024-07-14,DMA_100,35.09002845015671,0,0
2024-07-14,DMA_101,47.92749930441735,0,0
2024-07-14,DMA_102,25.586805756185438,0,0
2024-07-14,DMA_103,30.899436860288468,0,0
2024-07-14,DMA_104,29.609715791776182,0,0
2024-07-14,DMA_105,29.705035609195495,0,0
2024-07-14,DMA_106,33.90614016022731,0,0
2024-07-14,DMA_107,33.62137620122062,0,0
2024-07-14,DMA_108,33.92116260741538,0,0
2024-07-14,DMA_109,36.85695587913084,0,0
2024-07-14,DMA_110,33.2717570331077,0,0
2024-07-14,DMA_111,27.0179337531923,0,0
2024-07-14,DMA_112,38.7451591462087,0,0
2024-07-14,DMA_113,29.782984593917977,0,0
2024-07-14,DMA_114,46.373427858403836,0,0
2024-07-14,DMA_115,29.045329505261194,0,0
2024-07-14,DMA_116,26.56758766500417,0,1
2024-07-14,DMA_117,31.56729124224242,0,0
2024-07-14,DMA_118,30.590781857674376,0,0
2024-07-14,DMA_119,35.47329268782194,0,0
2024-07-14,DMA_120,18.367030951516348,0,1
2024-07-14,DMA_121,28.693090254812944,0,0
2024-07-14,DMA_122,30.207461706026372,0,1
2024-07-14,DMA_123,31.750404134119442,0,0
2024-07-14,DMA_124,31.33290078820378,0,0
2024-07-14,DMA_125,29.905169459310972,0,0
2024-07-14,DMA_126,23.412600940977715,0,0
2024-07-14,DMA_127,21.126114527153202,0,0
2024-07-14,DMA_128,17.759819290914905,0,0
2024-07-14,DMA_129,32.61775919388218,0,0
2024-07-14,DMA_130,43.89389025543436,0,0
2024-07-14,DMA_131,50.288029116432654,0,0
2024-07-14,DMA_132,25.096123755114967,0,0
2024-07-14,DMA_133,33.814298967832706,0,0
2024-07-14,DMA_134,37.84956386754456,0,0
2024-07-14,DMA_135,32.62868636459974,0,0
2024-07-14,DMA_136,30.619435760853605,0,0
2024-07-14,DMA_137,34.39170144785376,0,0
2024-07-14,DMA_138,30.73080770006027,0,0
2024-07-14,DMA_139,22.704629356791905,0,0
2024-07-14,DMA_140,29.06114369466913,0,0
2024-07-14,DMA_141,25.29392558739202,0,0
2024-07-14,DMA_142,27.474361124386146,0,0
2024-07-14,DMA_143,24.061449112703848,0,0
2024-07-14,DMA_144,30.367182913957866,0,0
2024-07-14,DMA_145,33.32088383909426,0,0
2024-07-14,DMA_146,26.26729518691985,0,0
2024-07-14,DMA_147,31.75393707398889,0,0
2024-07-14,DMA_148,36.68722102070587,0,1
2024-07-14,DMA_149,28.252243524892517,0,0
2024-07-14,DMA_150,34.011308327634076,0,0
2024-07-21,DMA_001,22.347015350068595,0,0
2024-07-21,DMA_002,31.21050963101287,0,0
2024-07-21,DMA_003,35.98453280293212,0,0
2024-07-21,DMA_004,18.48546231773842,0,0
2024-07-21,DMA_005,30.607082506519053,0,0
2024-07-21,DMA_006,32.60003596271795,0,0
2024-07-21,DMA_007,33.07007006731317,0,0
2024-07-21,DMA_008,29.301417289671015,0,0
2024-07-21,DMA_009,35.48685723354566,0,0
2024-07-21,DMA_010,22.485279618251305,0,0
2024-07-21,DMA_011,34.65179798210035,0,1
2024-07-21,DMA_012,32.430028181300166,0,0
2024-07-21,DMA_013,26.20632782650138,0,0
2024-07-21,DMA_014,23.89252010628252,0,0
2024-07-21,DMA_015,20.534425469459315,0,1
2024-07-21,DMA_016,29.747436305369703,0,0
2024-07-21,DMA_017,35.33877809242091,0,0
2024-07-21,DMA_018,27.885736141221223,0,0
2024-07-21,DMA_019,30.930556636697947,0,1
2024-07-21,DMA_020,34.72909074721187,0,0
2024-07-21,DMA_021,33.701300758703255,0,0
2024-07-21,DMA_022,26.2769828002299,0,0
2024-07-21,DMA_023,35.479331195290136,0,0
2024-07-21,DMA_024,23.720969855967553,0,0
2024-07-21,DMA_025,18.80751477225576,0,0
2024-07-21,DMA_026,32.35579247713164,0,0
2024-07-21,DMA_027,28.078273748749364,0,0
2024-07-21,DMA_028,37.419366090100795,0,0
2024-07-21,DMA_029,39.73823348800936,0,0
2024-07-21,DMA_030,41.597703949508634,0,0
2024-07-21,DMA_031,21.47349765220803,0,0
2024-07-21,DMA_032,40.3628426555625,0,0
2024-07-21,DMA_033,20.204884441031403,0,0
2024-07-21,DMA_034,28.879839092513794,0,0
2024-07-21,DMA_035,38.4005584042156,0,0
2024-07-21,DMA_036,23.8069787928549,0,0
2024-07-21,DMA_037,26.22229490373928,0,1
2024-07-21,DMA_038,31.68059014866703,0,0
2024-07-21,DMA_039,27.94030476113699,0,0
2024-07-21,DMA_040,39.86070197093665,0,1
2024-07-21,DMA_041,26.47260578929369,0,0
2024-07-21,DMA_042,28.581573471256117,0,0
2024-07-21,DMA_043,30.583693439628565,0,0
2024-07-21,DMA_044,28.539142270611375,0,0
2024-07-21,DMA_045,33.88082615475866,0,0
2024-07-21,DMA_046,28.319902831686935,0,0
2024-07-21,DMA_047,30.0813961803324,0,0
2024-07-21,DMA_048,32.119166245590066,0,0
2024-07-21,DMA_049,36.45463624491522,0,0
2024-07-21,DMA_050,24.286358685277065,0,0
2024-07-21,DMA_051,34.76430957826466,0,0
2024-07-21,DMA_052,27.326148163887773,0,0
2024-07-21,DMA_053,34.87763546958369,0,1
2024-07-21,DMA_054,38.413871880293804,0,0
2024-07-21,DMA_055,38.05913723623269,0,0
2024-07-21,DMA_056,33.8097377200942,0,0
2024-07-21,DMA_057,29.43977702498837,0,1
2024-07-21,DMA_058,32.80706570488455,0,1
2024-07-21,DMA_059,23.5722457316501,0,0
2024-07-21,DMA_060,32.41128940714723,0,0
2024-07-21,DMA_061,31.45057364492758,0,0
2024-07-21,DMA_062,32.59891269482237,0,1
2024-07-21,DMA_063,36.044170857891764,0,0
2024-07-21,DMA_064,31.397016559646858,0,0
2024-07-21,DMA_065,34.30171833972686,0,0
2024-07-21,DMA_066,29.0496533953647,0,0
2024-07-21,DMA_067,32.09473839938173,0,0
2024-07-21,DMA_068,32.580995862430434,0,0
2024-07-21,DMA_069,28.943848903488593,0,0
2024-07-21,DMA_070,19.798155713252022,0,0
2024-07-21,DMA_071,39.317008898527874,0,0
2024-07-21,DMA_072,25.355037011240572,0,0
2024-07-21,DMA_073,37.46312740806691,0,0
2024-07-21,DMA_074,42.02462653037428,0,1
2024-07-21,DMA_075,25.156304807344064,0,0
2024-07-21,DMA_076,29.930992314921326,0,0
2024-07-21,DMA_077,24.917757342209818,0,0
2024-07-21,DMA_078,30.645624164524737,0,1
2024-07-21,DMA_079,28.504820041226978,0,0
2024-07-21,DMA_080,34.90980505601477,0,0
2024-07-21,DMA_081,34.38787180418129,0,0
2024-07-21,DMA_082,33.369915700667676,0,0
2024-07-21,DMA_083,31.268106697304194,0,0
2024-07-21,DMA_084,26.104589049539598,0,0
2024-07-21,DMA_085,24.369181716004285,0,0
2024-07-21,DMA_086,35.87000832707252,0,0
2024-07-21,DMA_087,18.75718488002966,0,0
2024-07-21,DMA_088,22.04803590498682,0,0
2024-07-21,DMA_089,33.09247871488155,0,1
2024-07-21,DMA_090,26.090202690777506,0,0
2024-07-21,DMA_091,34.277948338367274,0,0
2024-07-21,DMA_092,28.78226481110837,0,0
2024-07-21,DMA_093,28.590301042789854,0,0
2024-07-21,DMA_094,30.42352105382696,0,0
2024-07-21,DMA_095,30.89048853353862,0,0
2024-07-21,DMA_096,27.506465107976062,0,1
2024-07-21,DMA_097,24.696541222751193,0,0
2024-07-21,DMA_098,24.321259631455845,0,0
2024-07-21,DMA_099,22.66878035300162,0,1
2024-07-21,DMA_100,27.363800031520825,0,0
2024-07-21,DMA_101,32.722774277061475,0,0
2024-07-21,DMA_102,26.311032533282464,0,0
2024-07-21,DMA_103,23.458347487282275,0,0
2024-07-21,DMA_104,34.5747356967988,0,0
2024-07-21,DMA_105,18.92661634041198,0,0
2024-07-21,DMA_106,28.371618342132557,0,0
2024-07-21,DMA_107,31.976146616672427,0,0
2024-07-21,DMA_108,34.7313049620481,0,0
2024-07-21,DMA_109,34.49364560546953,0,0
2024-07-21,DMA_110,33.30728356931856,0,0
2024-07-21,DMA_111,30.782687756642925,0,1
2024-07-21,DMA_112,37.959501440364946,0,0
2024-07-21,DMA_113,46.207884697228394,0,0
2024-07-21,DMA_114,31.43753141201516,0,1
2024-07-21,DMA_115,40.954078879865634,0,0
2024-07-21,DMA_116,36.359223664456614,0,0
2024-07-21,DMA_117,27.618152063329994,0,0
2024-07-21,DMA_118,40.008990837606504,0,1
2024-07-21,DMA_119,36.87192029368035,0,0
2024-07-21,DMA_120,33.28273378817286,0,0
2024-07-21,DMA_121,30.49415496636762,0,0
2024-07-21,DMA_122,34.21852735221452,0,0
2024-07-21,DMA_123,21.43254186212416,0,0
2024-07-21,DMA_124,35.83770119130506,0,1
2024-07-21,DMA_125,25.37887450041609,0,0
2024-07-21,DMA_126,36.56797930582849,0,0
2024-07-21,DMA_127,35.016093561334884,0,0
2024-07-21,DMA_128,26.225498500120665,0,0
2024-07-21,DMA_129,39.54821817138696,0,0
2024-07-21,DMA_130,24.756993492648856,0,0
2024-07-21,DMA_131,39.17548695334269,0,0
2024-07-21,DMA_132,39.90046572237682,0,0
2024-07-21,DMA_133,28.409820116634243,0,0
2024-07-21,DMA_134,35.671165720257534,0,0
2024-07-21,DMA_135,38.99729359041447,0,0
2024-07-21,DMA_136,34.39586910707772,0,0
2024-07-21,DMA_137,28.626615704395107,0,1
2024-07-21,DMA_138,27.56164324528885,0,0
2024-07-21,DMA_139,29.79870481111226,0,0
2024-07-21,DMA_140,36.122542461775254,0,1
2024-07-21,DMA_141,35.98491111508566,0,0
2024-07-21,DMA_142,36.892055930075365,0,0
2024-07-21,DMA_143,22.534373483110087,0,0
2024-07-21,DMA_144,44.28804778210362,0,0
2024-07-21,DMA_145,35.0903405428829,0,0
2024-07-21,DMA_146,34.6324684302437,0,0
2024-07-21,DMA_147,28.874936103102016,0,0
2024-07-21,DMA_148,28.24748188960454,0,0
2024-07-21,DMA_149,41.76724766218008,0,0
2024-07-21,DMA_150,17.46427383096312,0,0
2024-07-28,DMA_001,31.126488787006085,0,0
2024-07-28,DMA_002,25.662472940842626,0,0
2024-07-28,DMA_003,22.770443296453614,0,0
2024-07-28,DMA_004,33.13372557918869,0,0
2024-07-28,DMA_005,36.74878603453851,0,0
2024-07-28,DMA_006,30.294044471126753,0,0
2024-07-28,DMA_007,26.74164217048778,0,0
2024-07-28,DMA_008,36.68292084911071,0,0
2024-07-28,DMA_009,27.026743899593697,0,0
2024-07-28,DMA_010,43.97017787898895,0,0
2024-07-28,DMA_011,24.205569417639726,0,0
2024-07-28,DMA_012,25.106818039857153,0,0
2024-07-28,DMA_013,27.338421088435137,0,0
2024-07-28,DMA_014,32.59926313093706,0,1
2024-07-28,DMA_015,28.73628832228162,0,0
2024-07-28,DMA_016,34.29214727144716,0,0
2024-07-28,DMA_017,26.045331192441218,0,0
2024-07-28,DMA_018,37.55104699009404,0,0
2024-07-28,DMA_019,34.12047385892541,0,0
2024-07-28,DMA_020,30.920768942488873,0,0
2024-07-28,DMA_021,22.25925455430832,0,0
2024-07-28,DMA_022,28.134235555917755,0,1
2024-07-28,DMA_023,35.46337612648337,0,1
2024-07-28,DMA_024,37.636050265410724,0,0
2024-07-28,DMA_025,27.285859951939486,0,0
2024-07-28,DMA_026,37.91847823860711,0,0
2024-07-28,DMA_027,19.189228764841776,0,0
2024-07-28,DMA_028,28.262747260694287,0,0
2024-07-28,DMA_029,15.86542745870888,0,0
2024-07-28,DMA_030,41.93277014853404,0,0
2024-07-28,DMA_031,29.909538020257067,0,0
2024-07-28,DMA_032,31.100972061229633,0,0
2024-07-28,DMA_033,24.070974924038318,0,0
2024-07-28,DMA_034,35.22015432285948,0,0
2024-07-28,DMA_035,16.703247976992337,0,0
2024-07-28,DMA_036,26.823010061405807,0,0
2024-07-28,DMA_037,29.727142732307204,0,0
2024-07-28,DMA_038,24.414464433642433,0,1
2024-07-28,DMA_039,28.63472712445353,0,0
2024-07-28,DMA_040,24.74852983484384,0,0
2024-07-28,DMA_041,36.51991416117613,0,1
2024-07-28,DMA_042,28.28994292091216,0,0
2024-07-28,DMA_043,29.710927277340588,0,0
2024-07-28,DMA_044,29.553249147804955,0,0
2024-07-28,DMA_045,31.191061679522925,0,0
2024-07-28,DMA_046,30.722640014479765,0,1
2024-07-28,DMA_047,32.27580077045925,0,0
2024-07-28,DMA_048,39.319492341641066,0,0
2024-07-28,DMA_049,25.727242060140362,0,0
2024-07-28,DMA_050,37.6149458206445,0,0
2024-07-28,DMA_051,23.23236321236136,0,0
2024-07-28,DMA_052,19.168059906623455,0,0
2024-07-28,DMA_053,32.558367115696576,0,0
2024-07-28,DMA_054,24.885904851112052,0,0
2024-07-28,DMA_055,36.02540553081785,0,0
2024-07-28,DMA_056,33.924269364021235,0,0
2024-07-28,DMA_057,25.149385721315397,0,1
2024-07-28,DMA_058,26.024895189743027,0,0
2024-07-28,DMA_059,29.71019977847996,0,0
2024-07-28,DMA_060,33.62481367779308,0,0
2024-07-28,DMA_061,38.546654247787416,0,0
2024-07-28,DMA_062,35.15061950257184,0,0
2024-07-28,DMA_063,31.368384969108604,0,0
2024-07-28,DMA_064,32.350781688287505,0,0
2024-07-28,DMA_065,21.455102492167413,0,0
2024-07-28,DMA_066,22.97536829223317,0,0
2024-07-28,DMA_067,34.29105690481851,0,0
2024-07-28,DMA_068,43.142033191193235,0,0
2024-07-28,DMA_069,26.371733935558062,0,0
2024-07-28,DMA_070,49.09170152472636,0,1
2024-07-28,DMA_071,23.427369007393857,0,0
2024-07-28,DMA_072,32.01779783787465,0,0
2024-07-28,DMA_073,26.97366911771068,0,0
2024-07-28,DMA_074,33.2893271220687,0,0
2024-07-28,DMA_075,35.07017149241845,0,0
2024-07-28,DMA_076,34.387574781138056,0,0
2024-07-28,DMA_077,29.61671836985067,0,0
2024-07-28,DMA_078,38.882978285259036,0,0
2024-07-28,DMA_079,37.448513288711425,0,0
2024-07-28,DMA_080,21.85905295097637,0,0
2024-07-28,DMA_081,36.66649912460004,0,0
2024-07-28,DMA_082,35.84483371614663,0,0
2024-07-28,DMA_083,33.804005952351424,0,0
2024-07-28,DMA_084,33.634116891224274,0,0
2024-07-28,DMA_085,24.95127888821537,0,0
2024-07-28,DMA_086,31.251002466873892,0,0
2024-07-28,DMA_087,28.672319465813654,0,0
2024-07-28,DMA_088,28.006459806607644,0,0
2024-07-28,DMA_089,43.76381059516968,0,0
2024-07-28,DMA_090,49.259486293045,0,0
2024-07-28,DMA_091,31.02303155305485,0,1
2024-07-28,DMA_092,31.653385014589237,0,0
2024-07-28,DMA_093,36.94785295129372,0,0
2024-07-28,DMA_094,40.15682411895456,0,0
2024-07-28,DMA_095,32.843140462150714,0,0
2024-07-28,DMA_096,29.3374581445459,0,0
2024-07-28,DMA_097,32.405738761701016,0,0
2024-07-28,DMA_098,28.332968498346958,0,0
2024-07-28,DMA_099,22.189402134557945,0,0
2024-07-28,DMA_100,40.18598875322168,0,0
2024-07-28,DMA_101,33.963625701837394,0,0
2024-07-28,DMA_102,40.96850693265711,0,0
2024-07-28,DMA_103,36.03742893113976,0,0
2024-07-28,DMA_104,29.20962786242728,0,1
2024-07-28,DMA_105,32.403413284277754,0,0
2024-07-28,DMA_106,34.49281248711029,0,0
2024-07-28,DMA_107,32.06043035531575,0,0
2024-07-28,DMA_108,24.506988220260954,0,0
2024-07-28,DMA_109,36.2537086161586,0,1
2024-07-28,DMA_110,39.09950127061751,0,0
2024-07-28,DMA_111,33.45357057396882,0,1
2024-07-28,DMA_112,36.933418064922876,0,0
2024-07-28,DMA_113,24.56533387201454,0,0
2024-07-28,DMA_114,31.666925297482855,0,0
2024-07-28,DMA_115,39.31217202453928,0,0
2024-07-28,DMA_116,27.39277159434404,0,0
2024-07-28,DMA_117,25.059448614086868,0,0
2024-07-28,DMA_118,34.93219368305073,0,0
2024-07-28,DMA_119,31.5698862268047,0,1
2024-07-28,DMA_120,28.065322340460813,0,0
2024-07-28,DMA_121,42.10433459389141,0,1
2024-07-28,DMA_122,26.737816030885156,0,0
2024-07-28,DMA_123,31.53812988026777,0,0
2024-07-28,DMA_124,37.21056655233368,0,0
2024-07-28,DMA_125,34.644065024775486,0,0
2024-07-28,DMA_126,25.59329837514389,0,0
2024-07-28,DMA_127,34.06596221801365,0,0
2024-07-28,DMA_128,16.7981510547512,0,0
2024-07-28,DMA_129,29.045254484858084,0,1
2024-07-28,DMA_130,36.22057370043711,0,0
2024-07-28,DMA_131,33.71763973723418,0,0
2024-07-28,DMA_132,44.257999159645394,0,0
2024-07-28,DMA_133,40.14110384983013,0,0
2024-07-28,DMA_134,30.372664308903786,0,0
2024-07-28,DMA_135,26.329453059604596,0,1
2024-07-28,DMA_136,23.716462232842268,0,0
2024-07-28,DMA_137,37.015580976146836,0,1
2024-07-28,DMA_138,42.929529055710205,0,1
2024-07-28,DMA_139,26.747382286344983,0,0
2024-07-28,DMA_140,39.05743536891139,0,0
2024-07-28,DMA_141,46.89666548920348,0,0
2024-07-28,DMA_142,45.712576971392814,0,0
2024-07-28,DMA_143,33.019192765984606,0,0
2024-07-28,DMA_144,36.532273289410156,0,0
2024-07-28,DMA_145,43.129262873947795,0,0
2024-07-28,DMA_146,40.47924700752944,0,1
2024-07-28,DMA_147,33.1140754813877,0,1
2024-07-28,DMA_148,37.349831569402134,0,0
2024-07-28,DMA_149,29.43010895691399,0,1
2024-07-28,DMA_150,35.245778431201344,0,0
2024-08-04,DMA_001,35.96521678898371,0,0
2024-08-04,DMA_002,25.496576375666727,0,0
2024-08-04,DMA_003,38.36170774794172,0,0
2024-08-04,DMA_004,32.447692706957056,0,0
2024-08-04,DMA_005,38.01312693559808,0,0
2024-08-04,DMA_006,39.33755589449128,0,0
2024-08-04,DMA_007,25.08489536752986,0,0
2024-08-04,DMA_008,32.7285051690099,0,0
2024-08-04,DMA_009,35.74697139123431,0,0
2024-08-04,DMA_010,33.373077245017896,0,0
2024-08-04,DMA_011,19.676443488589154,0,0
2024-08-04,DMA_012,42.28969884637506,0,0
2024-08-04,DMA_013,32.78741733775946,0,0
2024-08-04,DMA_014,34.53850737910946,0,0
2024-08-04,DMA_015,40.358064897686816,0,1
2024-08-04,DMA_016,36.762704904955996,0,0
2024-08-04,DMA_017,35.283371549146565,0,0
2024-08-04,DMA_018,28.14809868271237,0,0
2024-08-04,DMA_019,21.254053067303275,0,0
2024-08-04,DMA_020,36.29763762539101,0,0
2024-08-04,DMA_021,34.55295797391066,0,0
2024-08-04,DMA_022,32.16692703041759,0,0
2024-08-04,DMA_023,36.92351516578244,0,0
2024-08-04,DMA_024,34.70803966586406,0,0
2024-08-04,DMA_025,28.959351185513682,0,0
2024-08-04,DMA_026,32.09744221693923,0,0
2024-08-04,DMA_027,28.11224290267739,0,0
2024-08-04,DMA_028,36.73631065089736,0,0
2024-08-04,DMA_029,39.07787144955087,0,1
2024-08-04,DMA_030,35.64143846252372,0,0
2024-08-04,DMA_031,42.08943208849661,0,0
2024-08-04,DMA_032,29.442122954525882,0,0
2024-08-04,DMA_033,41.99922604826253,0,0
2024-08-04,DMA_034,23.873755701200324,0,0
2024-08-04,DMA_035,26.13012629007162,0,1
2024-08-04,DMA_036,37.92674970383142,0,0
2024-08-04,DMA_037,34.82860563391673,0,0
2024-08-04,DMA_038,44.47814223594388,0,0
2024-08-04,DMA_039,43.03528806648197,0,0
2024-08-04,DMA_040,41.073185347800376,0,0
2024-08-04,DMA_041,37.901803889242714,0,0
2024-08-04,DMA_042,36.945028713834176,0,0
2024-08-04,DMA_043,30.300195754615867,0,0
2024-08-04,DMA_044,30.376258064901123,0,0
2024-08-04,DMA_045,37.12318629849887,0,0
2024-08-04,DMA_046,31.592966220157198,0,0
2024-08-04,DMA_047,39.625338444411575,0,0
2024-08-04,DMA_048,32.958039343211894,0,0
2024-08-04,DMA_049,27.25169484385405,0,0
2024-08-04,DMA_050,24.6760161161092,0,0
2024-08-04,DMA_051,31.67447156528307,0,0
2024-08-04,DMA_052,30.743011925951404,0,1
2024-08-04,DMA_053,27.111635309462386,0,0
2024-08-04,DMA_054,29.3970408570279,0,0
2024-08-04,DMA_055,31.090383234864746,0,1
2024-08-04,DMA_056,39.68440650701914,0,0
2024-08-04,DMA_057,39.9490655938426,0,1
2024-08-04,DMA_058,32.105731426802656,0,0
2024-08-04,DMA_059,36.84593103555671,0,0
2024-08-04,DMA_060,39.79028766341962,0,0
2024-08-04,DMA_061,30.624454263444107,0,0
2024-08-04,DMA_062,34.823641236404704,0,1
2024-08-04,DMA_063,27.325355384056436,0,0
2024-08-04,DMA_064,19.835311450349682,0,1
2024-08-04,DMA_065,33.51910310641467,0,0
2024-08-04,DMA_066,35.33325190131181,0,0
2024-08-04,DMA_067,25.131152979792585,0,0
2024-08-04,DMA_068,42.362654094730445,0,0
2024-08-04,DMA_069,24.62399942376162,0,1
2024-08-04,DMA_070,34.52726084492186,0,0
2024-08-04,DMA_071,32.08340747844484,0,1
2024-08-04,DMA_072,27.547704353094957,0,0
2024-08-04,DMA_073,23.60727565258563,0,0
2024-08-04,DMA_074,33.583788359525826,0,0
2024-08-04,DMA_075,38.2132687601516,0,0
2024-08-04,DMA_076,38.40554602220964,0,0
2024-08-04,DMA_077,21.268916204101814,0,0
2024-08-04,DMA_078,23.256739443461733,0,0
2024-08-04,DMA_079,43.44806055044679,0,0
2024-08-04,DMA_080,32.32265986719696,0,1
2024-08-04,DMA_081,25.175307242447197,0,0
2024-08-04,DMA_082,37.49992538377796,0,0
2024-08-04,DMA_083,35.97400960937829,0,0
2024-08-04,DMA_084,39.026306767512146,0,1
2024-08-04,DMA_085,34.05765634483477,0,0
2024-08-04,DMA_086,27.362668659186856,0,1
2024-08-04,DMA_087,25.677477127812107,0,0
2024-08-04,DMA_088,36.292325276929134,0,0
2024-08-04,DMA_089,30.864567245178694,0,1
2024-08-04,DMA_090,33.781358791742996,0,0
2024-08-04,DMA_091,28.739415920406362,0,0
2024-08-04,DMA_092,32.5500049518241,0,0
2024-08-04,DMA_093,28.388664712976325,0,1
2024-08-04,DMA_094,29.242016805569044,0,0
2024-08-04,DMA_095,28.780738798040744,0,0
2024-08-04,DMA_096,38.21766265404419,0,0
2024-08-04,DMA_097,31.937782633333722,0,0
2024-08-04,DMA_098,32.316297906227206,0,0
2024-08-04,DMA_099,39.29488741079809,0,1
2024-08-04,DMA_100,34.31485492570019,0,0
2024-08-04,DMA_101,36.64139424975097,0,0
2024-08-04,DMA_102,45.10828499560202,0,0
2024-08-04,DMA_103,36.42831703393248,0,0
2024-08-04,DMA_104,33.948517923215164,0,0
2024-08-04,DMA_105,26.19023021846012,0,0
2024-08-04,DMA_106,27.95059659710105,0,0
2024-08-04,DMA_107,26.490842234226726,0,0
2024-08-04,DMA_108,26.727804379290525,0,0
2024-08-04,DMA_109,28.646612289543143,0,0
2024-08-04,DMA_110,23.899359246837072,0,0
2024-08-04,DMA_111,22.626605170486812,0,0
2024-08-04,DMA_112,30.465874932577396,0,0
2024-08-04,DMA_113,37.75274810255134,0,1
2024-08-04,DMA_114,24.740841106550654,0,0
2024-08-04,DMA_115,37.40462488948317,0,0
2024-08-04,DMA_116,33.27504997720059,0,0
2024-08-04,DMA_117,29.72372135128383,0,0
2024-08-04,DMA_118,29.54127642345225,0,0
2024-08-04,DMA_119,35.92989168283559,0,1
2024-08-04,DMA_120,33.13981999044102,0,1
2024-08-04,DMA_121,33.922225969166085,0,0
2024-08-04,DMA_122,34.34488536246962,0,0
2024-08-04,DMA_123,33.67138593474613,0,0
2024-08-04,DMA_124,28.753619270311926,0,0
2024-08-04,DMA_125,35.33329576415179,0,0
2024-08-04,DMA_126,30.97358032098976,0,0
2024-08-04,DMA_127,40.6512817002298,0,0
2024-08-04,DMA_128,27.367807292288475,0,0
2024-08-04,DMA_129,24.915997162733667,0,0
2024-08-04,DMA_130,34.22378300249069,0,0
2024-08-04,DMA_131,30.119329049458212,0,0
2024-08-04,DMA_132,27.680970364189427,0,0
2024-08-04,DMA_133,29.956456980145443,0,0
2024-08-04,DMA_134,30.586284796409,0,1
2024-08-04,DMA_135,35.501697720674954,0,0
2024-08-04,DMA_136,24.943905450697194,0,0
2024-08-04,DMA_137,29.238761231362712,0,1
2024-08-04,DMA_138,24.863831268798396,0,0
2024-08-04,DMA_139,30.643970732692267,0,0
2024-08-04,DMA_140,30.212574384289724,0,0
2024-08-04,DMA_141,29.141005651539924,0,0
2024-08-04,DMA_142,29.69119657709625,0,0
2024-08-04,DMA_143,32.42358292481527,0,0
2024-08-04,DMA_144,39.50379327807627,0,0
2024-08-04,DMA_145,44.69232973596832,0,1
2024-08-04,DMA_146,29.21575578503338,0,0
2024-08-04,DMA_147,29.129195868089703,0,1
2024-08-04,DMA_148,18.483205236632084,0,0
2024-08-04,DMA_149,31.583720336331385,0,0
2024-08-04,DMA_150,30.68016777712561,0,0
2024-08-11,DMA_001,32.4563451434181,0,0
2024-08-11,DMA_002,29.963111842647884,0,0
2024-08-11,DMA_003,35.14886822413236,0,0
2024-08-11,DMA_004,29.770556705527923,0,1
2024-08-11,DMA_005,30.40798178222339,0,0
2024-08-11,DMA_006,31.425097503074536,0,1
2024-08-11,DMA_007,33.21327151679254,0,1
2024-08-11,DMA_008,45.136801765625734,0,0
2024-08-11,DMA_009,37.110913635754834,0,0
2024-08-11,DMA_010,27.51296011569969,0,0
2024-08-11,DMA_011,37.22465256013432,0,1
2024-08-11,DMA_012,25.988859889001404,0,1
2024-08-11,DMA_013,25.86646300278437,0,0
2024-08-11,DMA_014,41.72440183363172,0,1
2024-08-11,DMA_015,34.048975897659766,0,0
2024-08-11,DMA_016,33.99003088130242,0,0
2024-08-11,DMA_017,37.32436784762532,0,0
2024-08-11,DMA_018,31.777782551073578,0,0
2024-08-11,DMA_019,35.64123904778925,0,0
2024-08-11,DMA_020,29.785817838153715,0,0
2024-08-11,DMA_021,39.616193553010646,0,0
2024-08-11,DMA_022,30.390785551558455,0,0
2024-08-11,DMA_023,31.530406062641713,0,0
2024-08-11,DMA_024,35.43361334565113,0,1
2024-08-11,DMA_025,31.403902859598638,0,0
2024-08-11,DMA_026,30.10982036649554,0,0
2024-08-11,DMA_027,30.307807469344507,0,0
2024-08-11,DMA_028,41.529277961800176,0,0
2024-08-11,DMA_029,39.82810028060961,0,0
2024-08-11,DMA_030,27.836841135279116,0,0
2024-08-11,DMA_031,32.04353467037031,0,0
2024-08-11,DMA_032,32.31656198633206,0,0
2024-08-11,DMA_033,30.22243771532101,0,0
2024-08-11,DMA_034,36.873875931768104,0,0
2024-08-11,DMA_035,46.31350713746275,0,0
2024-08-11,DMA_036,40.03930057459518,0,0
2024-08-11,DMA_037,29.333857704876884,0,0
2024-08-11,DMA_038,26.566723559580918,0,0
2024-08-11,DMA_039,44.5385043927176,0,0
2024-08-11,DMA_040,12.766648721690938,0,0
2024-08-11,DMA_041,33.86379762819321,0,0
2024-08-11,DMA_042,40.09188066689525,0,0
2024-08-11,DMA_043,41.02181585745752,0,1
2024-08-11,DMA_044,27.91158360276487,0,0
2024-08-11,DMA_045,33.01932448151126,0,0
2024-08-11,DMA_046,29.852512857691877,0,0
2024-08-11,DMA_047,36.65131958103018,0,1
2024-08-11,DMA_048,39.213819357415375,0,0
2024-08-11,DMA_049,33.90468218970894,0,0
2024-08-11,DMA_050,35.9108173936682,0,0
2024-08-11,DMA_051,40.63291065340618,0,0
2024-08-11,DMA_052,35.579525127078924,0,1
2024-08-11,DMA_053,31.497167793052974,0,0
2024-08-11,DMA_054,37.594882211354815,0,0
2024-08-11,DMA_055,39.14805420333593,0,0
2024-08-11,DMA_056,36.063400898897505,0,0
2024-08-11,DMA_057,28.001048012515106,0,0
2024-08-11,DMA_058,34.29367795924204,0,0
2024-08-11,DMA_059,37.88791296750076,0,1
2024-08-11,DMA_060,37.93535366640179,0,0
2024-08-11,DMA_061,39.3761714729859,0,0
2024-08-11,DMA_062,27.3965962311528,0,0
2024-08-11,DMA_063,32.39508932296442,0,1
2024-08-11,DMA_064,27.85176818917194,0,0
2024-08-11,DMA_065,25.93733344481251,0,0
2024-08-11,DMA_066,29.353408035150455,0,0
2024-08-11,DMA_067,27.85515613812413,0,0
2024-08-11,DMA_068,36.92112359743239,0,0
2024-08-11,DMA_069,34.68861881342209,0,0
2024-08-11,DMA_070,40.290376528653,0,0
2024-08-11,DMA_071,29.020330781957878,0,0
2024-08-11,DMA_072,37.95089113371248,0,0
2024-08-11,DMA_073,41.28750384514227,0,0
2024-08-11,DMA_074,40.17949720008554,0,0
2024-08-11,DMA_075,34.51623305857264,0,0
2024-08-11,DMA_076,44.31238428697604,0,0
2024-08-11,DMA_077,36.60873476422955,0,0
2024-08-11,DMA_078,30.64300817985419,0,0
2024-08-11,DMA_079,40.947299956405224,0,0
2024-08-11,DMA_080,30.18608085522052,0,0
2024-08-11,DMA_081,23.005320946210418,0,0
2024-08-11,DMA_082,34.827032185688665,0,0
2024-08-11,DMA_083,27.75516624024504,0,1
2024-08-11,DMA_084,26.274389082885875,0,0
2024-08-11,DMA_085,26.408161373917125,0,0
2024-08-11,DMA_086,37.35645049641994,0,0
2024-08-11,DMA_087,33.196948391530164,0,0
2024-08-11,DMA_088,36.74053489879712,0,0
2024-08-11,DMA_089,42.94992426810454,0,0
2024-08-11,DMA_090,30.060308405845838,0,0
2024-08-11,DMA_091,38.4598697519639,0,1
2024-08-11,DMA_092,34.29564696190326,0,0
2024-08-11,DMA_093,27.35861344017968,0,0
2024-08-11,DMA_094,25.28752751107067,0,0
2024-08-11,DMA_095,35.77813083763377,0,0
2024-08-11,DMA_096,33.053216996196596,0,0
2024-08-11,DMA_097,32.81293144853636,0,0
2024-08-11,DMA_098,38.51183789568033,0,0
2024-08-11,DMA_099,30.379598214503456,0,0
2024-08-11,DMA_100,38.20884527778579,0,1
2024-08-11,DMA_101,34.47563198625274,0,0
2024-08-11,DMA_102,31.615619802341485,0,0
2024-08-11,DMA_103,26.628809051143215,0,0
2024-08-11,DMA_104,26.44212655887137,0,0
2024-08-11,DMA_105,44.535083891752365,0,0
2024-08-11,DMA_106,39.830678229164825,0,0
2024-08-11,DMA_107,39.82037840084856,0,0
2024-08-11,DMA_108,34.602291416581615,0,0
2024-08-11,DMA_109,45.38556560528757,0,0
2024-08-11,DMA_110,43.9392184017461,0,1
2024-08-11,DMA_111,29.185530005123983,0,0
2024-08-11,DMA_112,35.79802704680557,0,0
2024-08-11,DMA_113,35.18246746048301,0,1
2024-08-11,DMA_114,39.725100014440805,0,0
2024-08-11,DMA_115,43.86523611001999,0,1
2024-08-11,DMA_116,18.18999741392839,0,1
2024-08-11,DMA_117,35.706861990100755,0,0
2024-08-11,DMA_118,29.64126251088575,0,1
2024-08-11,DMA_119,34.885148853810854,0,0
2024-08-11,DMA_120,30.411683880444734,0,0
2024-08-11,DMA_121,35.57718741350288,0,0
2024-08-11,DMA_122,30.004549464636277,0,0
2024-08-11,DMA_123,35.293320395006276,0,0
2024-08-11,DMA_124,41.19398434244969,0,0
2024-08-11,DMA_125,35.485471274884276,0,0
2024-08-11,DMA_126,45.53560792064452,0,0
2024-08-11,DMA_127,33.04691854550312,0,0
2024-08-11,DMA_128,32.18277019575323,0,1
2024-08-11,DMA_129,36.05739487697043,0,0
2024-08-11,DMA_130,30.141702895797895,0,0
2024-08-11,DMA_131,34.52185897092903,0,0
2024-08-11,DMA_132,34.914077278728804,0,0
2024-08-11,DMA_133,43.456721228436045,0,0
2024-08-11,DMA_134,26.60956376408446,0,0
2024-08-11,DMA_135,33.62355316988787,0,0
2024-08-11,DMA_136,24.703179615095237,0,1
2024-08-11,DMA_137,29.27637831889863,0,0
2024-08-11,DMA_138,26.257847291786447,0,0
2024-08-11,DMA_139,36.22593699888539,0,0
2024-08-11,DMA_140,33.450932390403935,0,0
2024-08-11,DMA_141,34.48629289174448,0,0
2024-08-11,DMA_142,38.944649343241764,0,1
2024-08-11,DMA_143,37.90325721211263,0,0
2024-08-11,DMA_144,34.44503152607352,0,1
2024-08-11,DMA_145,37.696199485483746,0,0
2024-08-11,DMA_146,33.827162071156835,0,1
2024-08-11,DMA_147,33.8339393634297,0,1
2024-08-11,DMA_148,27.084252769946797,0,0
2024-08-11,DMA_149,29.344164441354124,0,0
2024-08-11,DMA_150,39.49697177817766,0,0
2024-08-18,DMA_001,43.64439668235859,0,0
2024-08-18,DMA_002,31.022721148272105,0,0
2024-08-18,DMA_003,43.81542366331165,0,1
2024-08-18,DMA_004,30.884972923426268,0,0
2024-08-18,DMA_005,40.70323766627895,0,0
2024-08-18,DMA_006,30.90117305522514,0,0
2024-08-18,DMA_007,43.08541438184085,0,0
2024-08-18,DMA_008,37.64076697175461,0,0
2024-08-18,DMA_009,43.93506259900075,0,0
2024-08-18,DMA_010,35.45808530631448,0,0
2024-08-18,DMA_011,39.696512332911766,0,0
2024-08-18,DMA_012,34.806790725361665,0,0
2024-08-18,DMA_013,33.74165417967065,0,0
2024-08-18,DMA_014,40.56808752068751,0,1
2024-08-18,DMA_015,37.37646160105644,0,1
2024-08-18,DMA_016,39.024606302264544,0,0
2024-08-18,DMA_017,38.973950465279174,0,0
2024-08-18,DMA_018,29.670339298437277,0,0
2024-08-18,DMA_019,36.4630836146276,0,0
2024-08-18,DMA_020,46.05028484995271,0,0
2024-08-18,DMA_021,41.83219491529919,0,0
2024-08-18,DMA_022,37.68279551245426,0,0
2024-08-18,DMA_023,29.086636133769936,0,0
2024-08-18,DMA_024,34.499686833184285,0,0
2024-08-18,DMA_025,36.635365423032646,0,0
2024-08-18,DMA_026,41.03981072738456,0,0
2024-08-18,DMA_027,32.34741822775521,0,0
2024-08-18,DMA_028,46.38815006101699,0,0
2024-08-18,DMA_029,37.21820035779849,0,0
2024-08-18,DMA_030,40.10080549529774,0,0
2024-08-18,DMA_031,36.12771072052355,0,1
2024-08-18,DMA_032,31.611387228513962,0,1
2024-08-18,DMA_033,28.371985582930368,0,0
2024-08-18,DMA_034,45.685687786353036,0,1
2024-08-18,DMA_035,34.39297232427016,0,0
2024-08-18,DMA_036,26.38826331753816,0,0
2024-08-18,DMA_037,46.970662804257685,0,0
2024-08-18,DMA_038,29.424010333158357,0,0
2024-08-18,DMA_039,38.29186208353245,0,0
2024-08-18,DMA_040,38.05591510770192,0,0
2024-08-18,DMA_041,40.136796907936805,0,0
2024-08-18,DMA_042,35.001378409126936,0,0
2024-08-18,DMA_043,40.05814856086402,0,0
2024-08-18,DMA_044,32.9651502686746,0,1
2024-08-18,DMA_045,46.32750508914414,0,0
2024-08-18,DMA_046,31.640162646802107,0,0
2024-08-18,DMA_047,39.10039391946573,0,0
2024-08-18,DMA_048,28.523822350064428,0,0
2024-08-18,DMA_049,40.37903642069411,0,0
2024-08-18,DMA_050,30.27777544869192,0,0
2024-08-18,DMA_051,37.11037203789176,0,0
2024-08-18,DMA_052,32.37086992242404,0,0
2024-08-18,DMA_053,34.66810646570843,0,0
2024-08-18,DMA_054,35.192623265107095,0,1
2024-08-18,DMA_055,37.59693428934746,0,0
2024-08-18,DMA_056,21.500504339550343,0,1
2024-08-18,DMA_057,34.457490352625925,0,0
2024-08-18,DMA_058,33.99144698130447,0,0
2024-08-18,DMA_059,42.05562789808739,0,1
2024-08-18,DMA_060,48.42041105103554,0,0
2024-08-18,DMA_061,37.17707730309151,0,0
2024-08-18,DMA_062,39.486353795614896,0,0
2024-08-18,DMA_063,48.58287080937363,0,1
2024-08-18,DMA_064,39.442095208979325,0,0
2024-08-18,DMA_065,34.52620555780993,0,0
2024-08-18,DMA_066,41.29459275300234,0,0
2024-08-18,DMA_067,43.167662347568864,0,0
2024-08-18,DMA_068,32.11827393781712,0,0
2024-08-18,DMA_069,35.55463545544181,0,0
2024-08-18,DMA_070,29.230570728292818,0,0
2024-08-18,DMA_071,27.14102054107605,0,0
2024-08-18,DMA_072,36.74376487590815,0,0
2024-08-18,DMA_073,34.97845886757548,0,0
2024-08-18,DMA_074,41.073153066199744,0,0
2024-08-18,DMA_075,31.252090299102175,0,0
2024-08-18,DMA_076,45.25085601688704,0,0
2024-08-18,DMA_077,32.69875694143923,0,1
2024-08-18,DMA_078,29.62961808752469,0,0
2024-08-18,DMA_079,30.79150965989326,0,0
2024-08-18,DMA_080,40.17523855305974,0,0
2024-08-18,DMA_081,29.992833362567414,0,0
2024-08-18,DMA_082,38.33447745834171,0,1
2024-08-18,DMA_083,37.206989838165285,0,1
2024-08-18,DMA_084,32.4004050279151,0,0
2024-08-18,DMA_085,42.49472344692148,0,0
2024-08-18,DMA_086,41.460442084614186,0,0
2024-08-18,DMA_087,40.045528312022746,0,0
2024-08-18,DMA_088,36.72850956217957,0,1
2024-08-18,DMA_089,43.55204576147126,0,0
2024-08-18,DMA_090,38.83048295984024,0,0
2024-08-18,DMA_091,28.706172778625028,0,0
2024-08-18,DMA_092,43.39003186939571,0,0
2024-08-18,DMA_093,33.395506611198165,0,0
2024-08-18,DMA_094,35.79043143356844,0,0
2024-08-18,DMA_095,33.69942006095307,0,0
2024-08-18,DMA_096,39.424857277283685,0,0
2024-08-18,DMA_097,35.45518818378275,0,0
2024-08-18,DMA_098,27.66075514848773,0,0
2024-08-18,DMA_099,34.011273709617925,0,1
2024-08-18,DMA_100,33.00569416131848,0,1
2024-08-18,DMA_101,42.36961389034694,0,0
2024-08-18,DMA_102,37.27246709834148,0,1
2024-08-18,DMA_103,31.02678070802892,0,0
2024-08-18,DMA_104,42.273654012278534,0,0
2024-08-18,DMA_105,46.05393447719705,0,0
2024-08-18,DMA_106,38.554399859155524,0,0
2024-08-18,DMA_107,43.7341390299161,0,0
2024-08-18,DMA_108,27.8503641193742,0,0
2024-08-18,DMA_109,39.244143479941584,0,0
2024-08-18,DMA_110,30.061191581271245,0,0
2024-08-18,DMA_111,30.034310956956503,0,0
2024-08-18,DMA_112,24.357716999505698,0,0
2024-08-18,DMA_113,36.61463092170503,0,0
2024-08-18,DMA_114,27.824402796172098,0,0
2024-08-18,DMA_115,40.94635493247853,0,0
2024-08-18,DMA_116,45.78916772146561,0,0
2024-08-18,DMA_117,45.03373377999115,0,0
2024-08-18,DMA_118,33.373995818377225,0,0
2024-08-18,DMA_119,40.384625257645034,0,1
2024-08-18,DMA_120,40.947674325064746,0,0
2024-08-18,DMA_121,36.619839160191226,0,0
2024-08-18,DMA_122,36.37657590898169,0,0
2024-08-18,DMA_123,39.60767701693619,0,1
2024-08-18,DMA_124,37.73265525457844,0,0
2024-08-18,DMA_125,36.083498731824974,0,0
2024-08-18,DMA_126,33.46343790605091,0,0
2024-08-18,DMA_127,31.85562694017738,0,0
2024-08-18,DMA_128,43.702972952886924,0,0
2024-08-18,DMA_129,36.353539167551205,0,1
2024-08-18,DMA_130,34.92002718301088,0,0
2024-08-18,DMA_131,32.83054604944709,0,0
2024-08-18,DMA_132,41.32738844431098,0,0
2024-08-18,DMA_133,34.964245614620324,0,0
2024-08-18,DMA_134,38.56810845479822,0,0
2024-08-18,DMA_135,32.846099091378576,0,0
2024-08-18,DMA_136,46.49105549569999,0,0
2024-08-18,DMA_137,34.825904606216824,0,0
2024-08-18,DMA_138,28.007009712915888,0,0
2024-08-18,DMA_139,21.12819763275542,0,0
2024-08-18,DMA_140,32.745502071434274,0,1
2024-08-18,DMA_141,40.623910683773204,0,0
2024-08-18,DMA_142,43.25637394910778,0,0
2024-08-18,DMA_143,38.171007981776164,0,0
2024-08-18,DMA_144,33.072456155238775,0,0
2024-08-18,DMA_145,21.813889976951895,0,0
2024-08-18,DMA_146,42.608834634737796,0,0
2024-08-18,DMA_147,34.67506191916698,0,1
2024-08-18,DMA_148,35.495540505761404,0,0
2024-08-18,DMA_149,36.77015227981412,0,0
2024-08-18,DMA_150,32.336943731802506,0,0
2024-08-25,DMA_001,46.458119377974974,0,1
2024-08-25,DMA_002,47.970912249229805,0,0
2024-08-25,DMA_003,35.475992959830876,0,0
2024-08-25,DMA_004,23.16282417536472,0,0
2024-08-25,DMA_005,45.4971594785395,0,0
2024-08-25,DMA_006,31.903588807251204,0,0
2024-08-25,DMA_007,35.2369622319953,0,0
2024-08-25,DMA_008,48.439135384738165,0,1
2024-08-25,DMA_009,35.47951402877048,0,0
2024-08-25,DMA_010,41.614766209272716,0,0
2024-08-25,DMA_011,40.70803103956818,0,0
2024-08-25,DMA_012,42.08256876581695,0,0
2024-08-25,DMA_013,31.305382303396627,0,0
2024-08-25,DMA_014,45.156497789428734,0,0
2024-08-25,DMA_015,38.405479849252174,0,0
2024-08-25,DMA_016,42.48560855536457,0,0
2024-08-25,DMA_017,37.226146412546015,0,1
2024-08-25,DMA_018,44.76124910253183,0,0
2024-08-25,DMA_019,42.00527860543248,0,0
2024-08-25,DMA_020,35.2479986099104,0,0
2024-08-25,DMA_021,29.070839732870784,0,0
2024-08-25,DMA_022,36.59582757663936,0,0
2024-08-25,DMA_023,37.509134245138334,0,0
2024-08-25,DMA_024,45.76241689995937,0,0
2024-08-25,DMA_025,39.71265668322935,0,0
2024-08-25,DMA_026,40.590686660753306,0,0
2024-08-25,DMA_027,30.470692122773755,0,0
2024-08-25,DMA_028,30.537487966579384,0,0
2024-08-25,DMA_029,55.50595386340453,0,0
2024-08-25,DMA_030,42.18664469999201,0,0
2024-08-25,DMA_031,42.626191292181964,0,1
2024-08-25,DMA_032,44.98234774302722,0,0
2024-08-25,DMA_033,37.33457571253604,0,0
2024-08-25,DMA_034,50.07277547138808,0,0
2024-08-25,DMA_035,31.825695832515173,0,0
2024-08-25,DMA_036,37.452517126138694,0,1
2024-08-25,DMA_037,26.964649198612143,0,0
2024-08-25,DMA_038,47.04153702251324,0,1
2024-08-25,DMA_039,47.756200813896896,0,0
2024-08-25,DMA_040,46.808111256395705,0,0
2024-08-25,DMA_041,34.52982713724734,0,0
2024-08-25,DMA_042,35.70849497993789,0,1
2024-08-25,DMA_043,30.454683016159613,0,0
2024-08-25,DMA_044,38.665290701494165,0,0
2024-08-25,DMA_045,43.3968992418356,0,0
2024-08-25,DMA_046,32.94898120215776,0,0
2024-08-25,DMA_047,36.977616516487146,0,0
2024-08-25,DMA_048,37.900266619624524,0,0
2024-08-25,DMA_049,44.63367182452416,0,0
2024-08-25,DMA_050,36.72919737328132,0,0
2024-08-25,DMA_051,39.45012655861141,0,0
2024-08-25,DMA_052,36.607190861868155,0,0
2024-08-25,DMA_053,43.32880394971914,0,0
2024-08-25,DMA_054,38.006577761099514,0,1
2024-08-25,DMA_055,39.8422073737968,0,0
2024-08-25,DMA_056,38.185860029000395,0,0
2024-08-25,DMA_057,36.27973300682479,0,0
2024-08-25,DMA_058,49.12775641491483,0,0
2024-08-25,DMA_059,33.90328591404358,0,0
2024-08-25,DMA_060,40.83162368054556,0,0
2024-08-25,DMA_061,31.964522985058398,0,0
2024-08-25,DMA_062,22.65305260870924,0,0
2024-08-25,DMA_063,36.12062461997754,0,0
2024-08-25,DMA_064,35.65567160922386,0,0
2024-08-25,DMA_065,38.26158374677311,0,0
2024-08-25,DMA_066,38.20755371422947,0,0
2024-08-25,DMA_067,38.10446340258322,0,0
2024-08-25,DMA_068,33.11588386773235,0,0
2024-08-25,DMA_069,41.816186558518936,0,0
2024-08-25,DMA_070,37.351067061021176,0,0
2024-08-25,DMA_071,40.84422768949947,0,0
2024-08-25,DMA_072,38.73069490643886,0,0
2024-08-25,DMA_073,33.10574826659915,0,0
2024-08-25,DMA_074,38.843074390129864,0,0
2024-08-25,DMA_075,39.908834059020045,0,0
2024-08-25,DMA_076,29.303318691515003,0,0
2024-08-25,DMA_077,30.950818199717503,0,0
2024-08-25,DMA_078,38.491540610635575,0,0
2024-08-25,DMA_079,42.37622618230915,0,0
2024-08-25,DMA_080,37.531275152381454,0,1
2024-08-25,DMA_081,37.698698569188274,0,0
2024-08-25,DMA_082,39.912961687241136,0,1
2024-08-25,DMA_083,35.133322768924415,0,0
2024-08-25,DMA_084,34.605174963652374,0,0
2024-08-25,DMA_085,42.01897263876919,0,1
2024-08-25,DMA_086,34.481436728518894,0,0
2024-08-25,DMA_087,37.73632149295331,0,0
2024-08-25,DMA_088,43.5827281452686,0,0
2024-08-25,DMA_089,37.22030835062657,0,0
2024-08-25,DMA_090,47.57474031558398,0,0
2024-08-25,DMA_091,37.67235135432133,0,1
2024-08-25,DMA_092,29.729286434086134,0,0
2024-08-25,DMA_093,37.27544604661791,0,0
2024-08-25,DMA_094,39.15522600891713,0,0
2024-08-25,DMA_095,44.00292493447939,0,0
2024-08-25,DMA_096,43.89768219789103,0,0
2024-08-25,DMA_097,31.25019357927078,0,0
2024-08-25,DMA_098,20.163582797469406,0,0
2024-08-25,DMA_099,31.015040617679347,0,0
2024-08-25,DMA_100,48.07840734540689,0,0
2024-08-25,DMA_101,37.282688155468826,0,0
2024-08-25,DMA_102,25.14918403919905,0,0
2024-08-25,DMA_103,47.845018619968506,0,1
2024-08-25,DMA_104,42.0710637962071,0,0
2024-08-25,DMA_105,44.508635161311396,0,0
2024-08-25,DMA_106,44.17621991983063,0,0
2024-08-25,DMA_107,46.26944418331342,0,0
2024-08-25,DMA_108,43.646998767305135,0,1
2024-08-25,DMA_109,36.6220724900357,0,0
2024-08-25,DMA_110,31.718145463114716,0,0
2024-08-25,DMA_111,37.73226959605758,0,0
2024-08-25,DMA_112,45.83290086262346,0,0
2024-08-25,DMA_113,31.894937502317838,0,0
2024-08-25,DMA_114,43.09502094491559,0,1
2024-08-25,DMA_115,51.29979326542555,0,0
2024-08-25,DMA_116,18.867587616730283,0,0
2024-08-25,DMA_117,42.942115163314256,0,0
2024-08-25,DMA_118,31.255791801166552,0,1
2024-08-25,DMA_119,39.353325122745375,0,0
2024-08-25,DMA_120,35.66789420436177,0,0
2024-08-25,DMA_121,40.218785785510676,0,0
2024-08-25,DMA_122,32.8389921313027,0,0
2024-08-25,DMA_123,38.42722151692406,0,0
2024-08-25,DMA_124,31.722413246376128,0,0
2024-08-25,DMA_125,34.42256532048922,0,0
2024-08-25,DMA_126,50.307792519546716,0,0
2024-08-25,DMA_127,37.93217341946438,0,0
2024-08-25,DMA_128,37.15823685676352,0,0
2024-08-25,DMA_129,36.839076705534794,0,0
2024-08-25,DMA_130,29.59750735879438,0,0
2024-08-25,DMA_131,37.338579323225666,0,1
2024-08-25,DMA_132,33.41965412742863,0,0
2024-08-25,DMA_133,29.78664408718969,0,0
2024-08-25,DMA_134,45.43761351438258,0,0
2024-08-25,DMA_135,36.08468476315212,0,0
2024-08-25,DMA_136,35.98866801672776,0,0
2024-08-25,DMA_137,40.31070483504874,0,1
2024-08-25,DMA_138,24.76815940999225,0,1
2024-08-25,DMA_139,41.76206991110315,0,0
2024-08-25,DMA_140,36.39225761972862,0,1
2024-08-25,DMA_141,43.27924592534091,0,0
2024-08-25,DMA_142,40.57627822060764,0,0
2024-08-25,DMA_143,35.92871659445118,0,0
2024-08-25,DMA_144,40.748987853548634,0,0
2024-08-25,DMA_145,39.74782542978155,0,0
2024-08-25,DMA_146,42.31925982037375,0,0
2024-08-25,DMA_147,33.05445173444387,0,0
2024-08-25,DMA_148,37.76120246402335,0,0
2024-08-25,DMA_149,34.418463908026,0,1
2024-08-25,DMA_150,39.073385994079075,0,0
2024-09-01,DMA_001,35.538973982666924,0,0
2024-09-01,DMA_002,43.71197087707003,0,0
2024-09-01,DMA_003,47.16284437708028,0,0
2024-09-01,DMA_004,41.67108587565836,0,1
2024-09-01,DMA_005,49.504511563411626,0,0
2024-09-01,DMA_006,48.86735883413724,0,0
2024-09-01,DMA_007,44.88765025265649,0,0
2024-09-01,DMA_008,39.32573442720371,0,0
2024-09-01,DMA_009,37.03866367320241,0,0
2024-09-01,DMA_010,35.663718214499,0,1
2024-09-01,DMA_011,48.202730029894255,0,1
2024-09-01,DMA_012,37.435905358095404,0,1
2024-09-01,DMA_013,46.818842551460065,0,0
2024-09-01,DMA_014,44.41988612656116,0,0
2024-09-01,DMA_015,35.200648635258084,0,0
2024-09-01,DMA_016,35.56821173210342,0,0
2024-09-01,DMA_017,47.309868087498934,0,0
2024-09-01,DMA_018,40.553061462371026,0,0
2024-09-01,DMA_019,34.925285918460645,0,0
2024-09-01,DMA_020,38.097264223498904,0,0
2024-09-01,DMA_021,41.39274182522955,0,1
2024-09-01,DMA_022,36.551726011715154,0,0
2024-09-01,DMA_023,38.9714828438507,0,0
2024-09-01,DMA_024,34.24202163262922,0,0
2024-09-01,DMA_025,31.72957110004041,0,0
2024-09-01,DMA_026,34.592370058758554,0,0
2024-09-01,DMA_027,44.48343672845282,0,0
2024-09-01,DMA_028,37.2275446273098,0,0
2024-09-01,DMA_029,47.846674698484556,0,0
2024-09-01,DMA_030,33.12035472312948,0,0
2024-09-01,DMA_031,35.79955147342907,0,0
2024-09-01,DMA_032,34.940944746038504,0,0
2024-09-01,DMA_033,44.68648664909237,0,0
2024-09-01,DMA_034,38.467051431085125,0,0
2024-09-01,DMA_035,44.78765431625286,0,0
2024-09-01,DMA_036,38.47860232372119,0,0
2024-09-01,DMA_037,39.680309482920926,0,0
2024-09-01,DMA_038,41.80196437090283,0,0
2024-09-01,DMA_039,38.18961529239854,0,0
2024-09-01,DMA_040,35.91058981749306,0,1
2024-09-01,DMA_041,35.549203975112434,0,0
2024-09-01,DMA_042,35.9196442146964,0,0
2024-09-01,DMA_043,45.95471460037997,0,0
2024-09-01,DMA_044,34.968666633371434,0,1
2024-09-01,DMA_045,43.99023285142788,0,0
2024-09-01,DMA_046,35.00135020257384,0,0
2024-09-01,DMA_047,50.06050548159182,0,0
2024-09-01,DMA_048,37.33101485079951,0,0
2024-09-01,DMA_049,49.20427816239044,0,1
2024-09-01,DMA_050,44.212328444286356,0,0
2024-09-01,DMA_051,36.31517607974338,0,0
2024-09-01,DMA_052,37.77394059828658,0,0
2024-09-01,DMA_053,44.17733376193438,0,1
2024-09-01,DMA_054,37.1954294959895,0,0
2024-09-01,DMA_055,40.89814299978723,0,0
2024-09-01,DMA_056,38.0962985055367,0,0
2024-09-01,DMA_057,46.91306983186812,0,0
2024-09-01,DMA_058,38.42490020671747,0,0
2024-09-01,DMA_059,47.027003057478034,0,0
2024-09-01,DMA_060,36.64547996011228,0,0
2024-09-01,DMA_061,34.97012481331139,0,0
2024-09-01,DMA_062,31.498719376232202,0,1
2024-09-01,DMA_063,40.762566074399764,0,0
2024-09-01,DMA_064,41.794988692631186,0,0
2024-09-01,DMA_065,53.080697413922884,0,0
2024-09-01,DMA_066,44.08029631407902,0,0
2024-09-01,DMA_067,33.954842034666385,0,0
2024-09-01,DMA_068,49.14800569897167,0,1
2024-09-01,DMA_069,42.68433939824314,0,0
2024-09-01,DMA_070,38.4185234475311,0,0
2024-09-01,DMA_071,40.5993774086994,0,0
2024-09-01,DMA_072,40.14945885524453,0,0
2024-09-01,DMA_073,47.24805991992132,0,0
2024-09-01,DMA_074,36.43643239866242,0,0
2024-09-01,DMA_075,35.042685344376345,0,1
2024-09-01,DMA_076,38.77521719712534,0,0
2024-09-01,DMA_077,53.981248034520405,0,0
2024-09-01,DMA_078,41.529279519347455,0,0
2024-09-01,DMA_079,36.35470407671103,0,0
2024-09-01,DMA_080,44.60661916936023,0,0
2024-09-01,DMA_081,35.36446152678801,0,0
2024-09-01,DMA_082,32.73141251041547,0,1
2024-09-01,DMA_083,45.08557903252441,0,0
2024-09-01,DMA_084,40.659154094251704,0,0
2024-09-01,DMA_085,35.60566334286075,0,0
2024-09-01,DMA_086,39.164552601414876,0,1
2024-09-01,DMA_087,37.54927986718491,0,0
2024-09-01,DMA_088,37.367187015337805,0,0
2024-09-01,DMA_089,46.86251116570899,0,0
2024-09-01,DMA_090,41.10091369939572,0,0
2024-09-01,DMA_091,51.72636258025108,0,0
2024-09-01,DMA_092,54.315456921581664,0,0
2024-09-01,DMA_093,31.702136082660957,0,0
2024-09-01,DMA_094,38.467737279581506,0,0
2024-09-01,DMA_095,48.70932884012237,0,0
2024-09-01,DMA_096,35.04110666519799,0,0
2024-09-01,DMA_097,45.46675809987047,0,0
2024-09-01,DMA_098,43.51461403721223,0,0
2024-09-01,DMA_099,40.005518989504,0,1
2024-09-01,DMA_100,39.08979539920572,0,0
2024-09-01,DMA_101,45.128124766462406,0,0
2024-09-01,DMA_102,36.83084358810466,0,1
2024-09-01,DMA_103,43.890493379062036,0,0
2024-09-01,DMA_104,51.595745736305574,0,1
2024-09-01,DMA_105,35.453717131167785,0,0
2024-09-01,DMA_106,32.296771810959605,0,1
2024-09-01,DMA_107,31.191210308252533,0,0
2024-09-01,DMA_108,46.273426215931316,0,0
2024-09-01,DMA_109,46.96764678854962,0,0
2024-09-01,DMA_110,30.750980114277638,0,0
2024-09-01,DMA_111,42.31561880050886,0,1
2024-09-01,DMA_112,40.72075647142248,0,0
2024-09-01,DMA_113,45.99780586190329,0,0
2024-09-01,DMA_114,37.44295505907381,0,0
2024-09-01,DMA_115,47.05235096610618,0,0
2024-09-01,DMA_116,43.80608566263132,0,0
2024-09-01,DMA_117,32.55149369353353,0,0
2024-09-01,DMA_118,41.18059456889052,0,1
2024-09-01,DMA_119,37.03596554000298,0,0
2024-09-01,DMA_120,48.856377457879816,0,0
2024-09-01,DMA_121,37.03078634216646,0,0
2024-09-01,DMA_122,42.77219538702746,0,0
2024-09-01,DMA_123,44.424931260865044,0,0
2024-09-01,DMA_124,40.072158749413504,0,0
2024-09-01,DMA_125,47.6153941411241,0,0
2024-09-01,DMA_126,36.18311504257519,0,0
2024-09-01,DMA_127,45.155041974818374,0,0
2024-09-01,DMA_128,32.61144949559324,0,0
2024-09-01,DMA_129,47.87872423641162,0,0
2024-09-01,DMA_130,40.94083239093925,0,0
2024-09-01,DMA_131,40.268876938568575,0,0
2024-09-01,DMA_132,33.442841759436064,0,0
2024-09-01,DMA_133,35.92218549342394,0,1
2024-09-01,DMA_134,45.14871297420056,0,0
2024-09-01,DMA_135,37.95016598641005,0,0
2024-09-01,DMA_136,31.673052345470936,0,0
2024-09-01,DMA_137,54.95057714034599,0,0
2024-09-01,DMA_138,36.68706337432425,0,0
2024-09-01,DMA_139,49.58979795409257,0,0
2024-09-01,DMA_140,32.57004448756898,0,0
2024-09-01,DMA_141,42.6138668238996,0,0
2024-09-01,DMA_142,36.07770658647785,0,0
2024-09-01,DMA_143,35.78028721539015,0,0
2024-09-01,DMA_144,46.14006985153314,0,0
2024-09-01,DMA_145,40.48078849021564,0,1
2024-09-01,DMA_146,51.53761666601574,0,0
2024-09-01,DMA_147,41.090870994729784,0,0
2024-09-01,DMA_148,29.721738814136206,0,1
2024-09-01,DMA_149,41.40049325248614,0,1
2024-09-01,DMA_150,31.463285107452982,0,1
2024-09-08,DMA_001,50.78899712256991,0,0
2024-09-08,DMA_002,38.41163112168806,0,0
2024-09-08,DMA_003,41.366147643718676,0,0
2024-09-08,DMA_004,42.81996662155892,0,0
2024-09-08,DMA_005,53.0056441851353,0,0
2024-09-08,DMA_006,45.84906640871422,0,0
2024-09-08,DMA_007,44.84648672842834,0,0
2024-09-08,DMA_008,40.02979098643528,0,0
2024-09-08,DMA_009,54.89727920594659,0,0
2024-09-08,DMA_010,39.92902706251066,0,0
2024-09-08,DMA_011,46.839428758819665,0,0
2024-09-08,DMA_012,50.57094016827256,0,0
2024-09-08,DMA_013,46.77050221390489,0,0
2024-09-08,DMA_014,32.1872564000306,0,0
2024-09-08,DMA_015,43.81946396488405,0,1
2024-09-08,DMA_016,45.81045347400601,0,1
2024-09-08,DMA_017,50.59798295560164,0,0
2024-09-08,DMA_018,50.29171460973731,0,0
2024-09-08,DMA_019,44.86153508748311,0,0
2024-09-08,DMA_020,41.48482925678017,0,0
2024-09-08,DMA_021,46.754313147217545,0,0
2024-09-08,DMA_022,47.776039446461105,0,0
2024-09-08,DMA_023,46.12126611028121,0,0
2024-09-08,DMA_024,33.65558302407737,0,0
2024-09-08,DMA_025,37.88326864120272,0,1
2024-09-08,DMA_026,53.15706409541943,0,1
2024-09-08,DMA_027,46.4581536577445,0,0
2024-09-08,DMA_028,37.33214997349463,0,0
2024-09-08,DMA_029,47.00111120061796,0,0
2024-09-08,DMA_030,44.01889912030496,0,0
2024-09-08,DMA_031,41.97331892344546,0,0
2024-09-08,DMA_032,48.77075859625779,0,1
2024-09-08,DMA_033,45.64525044679552,0,0
2024-09-08,DMA_034,54.218704318554295,0,0
2024-09-08,DMA_035,45.22920926871069,0,0
2024-09-08,DMA_036,33.159664704184905,0,0
2024-09-08,DMA_037,41.02503178757855,0,0
2024-09-08,DMA_038,42.59902297015379,0,0
2024-09-08,DMA_039,46.07916741836113,0,0
2024-09-08,DMA_040,36.139982569853004,0,1
2024-09-08,DMA_041,38.69986293544946,0,0
2024-09-08,DMA_042,40.0447477363782,0,0
2024-09-08,DMA_043,48.24070091143702,0,0
2024-09-08,DMA_044,49.15490715892978,0,0
2024-09-08,DMA_045,35.2943883135226,0,0
2024-09-08,DMA_046,55.403452083728254,0,0
2024-09-08,DMA_047,40.078646518411475,0,0
2024-09-08,DMA_048,49.841713356027306,0,1
2024-09-08,DMA_049,42.27097560779686,0,0
2024-09-08,DMA_050,48.08931747104779,0,0
2024-09-08,DMA_051,40.11891233643252,0,0
2024-09-08,DMA_052,47.10828148487348,0,0
2024-09-08,DMA_053,43.846989548258264,0,0
2024-09-08,DMA_054,46.13676528408207,0,1
2024-09-08,DMA_055,44.67727381769219,0,1
2024-09-08,DMA_056,39.579995929013286,0,0
2024-09-08,DMA_057,45.51691243710932,0,1
2024-09-08,DMA_058,50.316244800001144,0,0
2024-09-08,DMA_059,43.936528115420934,0,0
2024-09-08,DMA_060,46.628617191678856,0,1
2024-09-08,DMA_061,49.55600860231941,0,0
2024-09-08,DMA_062,53.1974283602815,0,0
2024-09-08,DMA_063,44.526749808378824,0,0
2024-09-08,DMA_064,51.689587438936115,0,0
2024-09-08,DMA_065,42.14897309231994,0,1
2024-09-08,DMA_066,49.41120103254006,0,1
2024-09-08,DMA_067,41.33015673784004,0,0
2024-09-08,DMA_068,52.90165441743063,0,1
2024-09-08,DMA_069,31.022795021335675,0,0
2024-09-08,DMA_070,45.686452364997976,0,0
2024-09-08,DMA_071,45.13505239286303,0,0
2024-09-08,DMA_072,44.104498274111926,0,0
2024-09-08,DMA_073,41.83703483494385,0,1
2024-09-08,DMA_074,46.78784436653586,0,0
2024-09-08,DMA_075,38.783265563791005,0,1
2024-09-08,DMA_076,39.685976709275785,0,0
2024-09-08,DMA_077,47.998170315581284,0,0
2024-09-08,DMA_078,47.0921660783472,0,0
2024-09-08,DMA_079,48.68206895546183,0,0
2024-09-08,DMA_080,41.7211281210638,0,0
2024-09-08,DMA_081,47.40654639629544,0,0
2024-09-08,DMA_082,33.5445977137381,0,0
2024-09-08,DMA_083,29.363157537185813,0,0
2024-09-08,DMA_084,50.041949458496006,0,0
2024-09-08,DMA_085,39.521854090217374,0,1
2024-09-08,DMA_086,45.828490400486515,0,1
2024-09-08,DMA_087,51.49554363298442,0,0
2024-09-08,DMA_088,42.680581553166625,0,0
2024-09-08,DMA_089,44.2884657260441,0,1
2024-09-08,DMA_090,39.96046280179931,0,0
2024-09-08,DMA_091,51.78731702875643,0,0
2024-09-08,DMA_092,46.15087270092547,0,1
2024-09-08,DMA_093,41.62141712334792,0,0
2024-09-08,DMA_094,50.921894116422,0,0
2024-09-08,DMA_095,43.455015885157145,0,1
2024-09-08,DMA_096,33.352889773986476,0,0
2024-09-08,DMA_097,42.04756711982106,0,0
2024-09-08,DMA_098,49.25493001199423,0,0
2024-09-08,DMA_099,55.250205120149175,0,0
2024-09-08,DMA_100,42.17918179264242,0,0
2024-09-08,DMA_101,43.33280884332739,0,0
2024-09-08,DMA_102,45.876998784931246,0,0
2024-09-08,DMA_103,37.94170023527717,0,0
2024-09-08,DMA_104,53.373838463541986,0,0
2024-09-08,DMA_105,37.93231097056254,0,0
2024-09-08,DMA_106,44.612622169541304,0,0
2024-09-08,DMA_107,34.52576292054433,0,1
2024-09-08,DMA_108,38.555759365968186,0,0
2024-09-08,DMA_109,45.68718477713358,0,1
2024-09-08,DMA_110,58.21023847148843,0,0
2024-09-08,DMA_111,38.69233746279799,0,0
2024-09-08,DMA_112,39.02188829062844,0,0
2024-09-08,DMA_113,41.773765229907504,0,1
2024-09-08,DMA_114,51.819158635103186,0,0
2024-09-08,DMA_115,42.72232632458201,0,0
2024-09-08,DMA_116,48.604858943263636,0,0
2024-09-08,DMA_117,54.52498631293457,0,0
2024-09-08,DMA_118,43.594388841195624,0,0
2024-09-08,DMA_119,44.613803804447215,0,0
2024-09-08,DMA_120,42.70140059968481,0,0
2024-09-08,DMA_121,49.16172302835304,0,0
2024-09-08,DMA_122,54.13553177764426,0,1
2024-09-08,DMA_123,44.698629035873545,0,0
2024-09-08,DMA_124,43.63454534070023,0,0
2024-09-08,DMA_125,40.38508171909287,0,0
2024-09-08,DMA_126,55.902749915461605,0,1
2024-09-08,DMA_127,53.18702197289821,0,0
2024-09-08,DMA_128,49.36769415603803,0,0
2024-09-08,DMA_129,37.53669177526969,0,1
2024-09-08,DMA_130,39.34025271733145,0,1
2024-09-08,DMA_131,43.53209547321214,0,0
2024-09-08,DMA_132,35.68761082947019,0,1
2024-09-08,DMA_133,43.301646686262885,0,0
2024-09-08,DMA_134,49.080085466744215,0,0
2024-09-08,DMA_135,44.21920997169005,0,1
2024-09-08,DMA_136,41.11066614670734,0,1
2024-09-08,DMA_137,45.488522777458705,0,0
2024-09-08,DMA_138,41.98059422997149,0,0
2024-09-08,DMA_139,50.39022061873885,0,0
2024-09-08,DMA_140,42.92199080416667,0,0
2024-09-08,DMA_141,49.24477742814674,0,0
2024-09-08,DMA_142,48.19617164029171,0,0
2024-09-08,DMA_143,38.70178031470177,0,0
2024-09-08,DMA_144,41.283895176346064,0,0
2024-09-08,DMA_145,35.78026758625021,0,0
2024-09-08,DMA_146,44.35903354714501,0,0
2024-09-08,DMA_147,51.730405442905045,0,0
2024-09-08,DMA_148,49.389007601544975,0,0
2024-09-08,DMA_149,36.49775839680464,0,0
2024-09-08,DMA_150,36.88274898412904,0,0
2024-09-15,DMA_001,51.763171884222814,0,0
2024-09-15,DMA_002,44.1920493053405,0,0
2024-09-15,DMA_003,51.391613292945344,0,0
2024-09-15,DMA_004,45.42338454640615,0,0
2024-09-15,DMA_005,37.37736946461976,0,1
2024-09-15,DMA_006,46.09402889922251,0,0
2024-09-15,DMA_007,47.06102381090652,0,0
2024-09-15,DMA_008,42.344120700261456,0,0
2024-09-15,DMA_009,56.16734931789737,0,0
2024-09-15,DMA_010,45.638100884071854,0,0
2024-09-15,DMA_011,43.04367112218319,0,1
2024-09-15,DMA_012,52.279977129544186,0,0
2024-09-15,DMA_013,53.41501586022548,0,0
2024-09-15,DMA_014,49.52057462747986,0,0
2024-09-15,DMA_015,44.45849000756052,0,0
2024-09-15,DMA_016,50.76002140078906,0,0
2024-09-15,DMA_017,47.92178831579272,0,0
2024-09-15,DMA_018,52.4656250788029,0,0
2024-09-15,DMA_019,46.039238259838285,0,1
2024-09-15,DMA_020,39.042546508965266,0,0
2024-09-15,DMA_021,41.73354117396429,0,0
2024-09-15,DMA_022,37.69856821900281,0,0
2024-09-15,DMA_023,42.66410961419506,0,0
2024-09-15,DMA_024,42.43504241794867,0,1
2024-09-15,DMA_025,43.300850119068215,0,1
2024-09-15,DMA_026,46.33087275626436,0,0
2024-09-15,DMA_027,48.75761165349961,0,0
2024-09-15,DMA_028,37.91289614093356,0,0
2024-09-15,DMA_029,42.347561462571825,0,0
2024-09-15,DMA_030,32.067058198185194,0,0
2024-09-15,DMA_031,47.93924123159477,0,0
2024-09-15,DMA_032,51.012028273830865,0,0
2024-09-15,DMA_033,47.05803152737112,0,0
2024-09-15,DMA_034,50.357205639408484,0,0
2024-09-15,DMA_035,43.88841620990205,0,0
2024-09-15,DMA_036,62.00060754542581,0,0
2024-09-15,DMA_037,43.14137667280452,0,0
2024-09-15,DMA_038,44.31570368281092,0,1
2024-09-15,DMA_039,45.838804542412674,0,0
2024-09-15,DMA_040,56.87280210059883,0,0
2024-09-15,DMA_041,48.464540067599074,0,0
2024-09-15,DMA_042,49.463197488937446,0,0
2024-09-15,DMA_043,37.90474191244857,0,0
2024-09-15,DMA_044,38.89899120938082,0,0
2024-09-15,DMA_045,37.128712001207084,0,0
2024-09-15,DMA_046,48.34677181354744,0,0
2024-09-15,DMA_047,35.925462648948894,0,0
2024-09-15,DMA_048,45.36665602975806,0,0
2024-09-15,DMA_049,42.315514481100934,0,0
2024-09-15,DMA_050,29.046071337251803,0,0
2024-09-15,DMA_051,57.285052765285215,0,1
2024-09-15,DMA_052,35.00282621810333,0,0
2024-09-15,DMA_053,40.84885391238794,0,0
2024-09-15,DMA_054,53.53822207547121,0,1
2024-09-15,DMA_055,50.95497881285211,0,0
2024-09-15,DMA_056,48.70377199098828,0,0
2024-09-15,DMA_057,43.24580176981331,0,1
2024-09-15,DMA_058,45.68879299799051,0,1
2024-09-15,DMA_059,49.90195925890785,0,0
2024-09-15,DMA_060,50.91008937139147,0,0
2024-09-15,DMA_061,46.15719122523082,0,0
2024-09-15,DMA_062,59.390246274283015,0,0
2024-09-15,DMA_063,49.67277441398761,0,0
2024-09-15,DMA_064,34.297302798460954,0,0
2024-09-15,DMA_065,48.084026633854,0,0
2024-09-15,DMA_066,54.35901458135634,0,0
2024-09-15,DMA_067,36.982656333998776,0,1
2024-09-15,DMA_068,46.50273968011965,0,0
2024-09-15,DMA_069,41.06932447107029,0,0
2024-09-15,DMA_070,39.79487275038967,0,1
2024-09-15,DMA_071,47.7580412156609,0,0
2024-09-15,DMA_072,39.07010419350468,0,1
2024-09-15,DMA_073,56.825482226274815,0,0
2024-09-15,DMA_074,46.09457303838033,0,1
2024-09-15,DMA_075,49.1950187221164,0,0
2024-09-15,DMA_076,47.617448387987224,0,0
2024-09-15,DMA_077,31.337641946840655,0,0
2024-09-15,DMA_078,47.00002931235557,0,0
2024-09-15,DMA_079,46.067932908577674,0,0
2024-09-15,DMA_080,53.38785167770085,0,0
2024-09-15,DMA_081,46.75903402895486,0,0
2024-09-15,DMA_082,49.98196082671554,0,0
2024-09-15,DMA_083,48.17534639969646,0,0
2024-09-15,DMA_084,39.44606443656594,0,0
2024-09-15,DMA_085,46.2311350822387,0,0
2024-09-15,DMA_086,32.26324375979756,0,0
2024-09-15,DMA_087,39.67310626808492,0,0
2024-09-15,DMA_088,47.38711201532447,0,0
2024-09-15,DMA_089,47.42725720909937,0,0
2024-09-15,DMA_090,42.881462454014674,0,0
2024-09-15,DMA_091,35.155030209443105,0,0
2024-09-15,DMA_092,44.958691142826446,0,1
2024-09-15,DMA_093,45.0064201950307,0,0
2024-09-15,DMA_094,45.154650064794275,0,0
2024-09-15,DMA_095,56.023110185839116,0,0
2024-09-15,DMA_096,47.73666212660384,0,0
2024-09-15,DMA_097,45.22066344983665,0,0
2024-09-15,DMA_098,48.18466473720309,0,1
2024-09-15,DMA_099,62.24623198402056,0,1
2024-09-15,DMA_100,55.65506004244551,0,1
2024-09-15,DMA_101,50.06391875800754,0,0
2024-09-15,DMA_102,44.676099921671515,0,0
2024-09-15,DMA_103,44.55706476554014,0,0
2024-09-15,DMA_104,54.021559652471716,0,0
2024-09-15,DMA_105,53.885606986721186,0,1
2024-09-15,DMA_106,44.97969911068227,0,0
2024-09-15,DMA_107,40.66590393395258,0,0
2024-09-15,DMA_108,52.26324798656201,0,0
2024-09-15,DMA_109,44.1608304478808,0,0
2024-09-15,DMA_110,49.09054638656106,0,0
2024-09-15,DMA_111,46.209581023038766,0,0
2024-09-15,DMA_112,44.32364988562067,0,0
2024-09-15,DMA_113,43.018165086873125,0,0
2024-09-15,DMA_114,42.394906805326414,0,0
2024-09-15,DMA_115,39.889858178537146,0,0
2024-09-15,DMA_116,62.41486565485059,0,0
2024-09-15,DMA_117,46.71510685387121,0,0
2024-09-15,DMA_118,45.134207973296895,0,1
2024-09-15,DMA_119,51.933911894541744,0,0
2024-09-15,DMA_120,49.102170348285036,0,0
2024-09-15,DMA_121,44.48646244284581,0,1
2024-09-15,DMA_122,47.613312166144446,0,0
2024-09-15,DMA_123,50.189434095165765,0,0
2024-09-15,DMA_124,50.46987665713543,0,0
2024-09-15,DMA_125,50.324414252111865,0,1
2024-09-15,DMA_126,55.89466209341906,0,0
2024-09-15,DMA_127,46.24483333224553,0,0
2024-09-15,DMA_128,45.758935428167135,0,0
2024-09-15,DMA_129,42.41016376200245,0,0
2024-09-15,DMA_130,38.70333711736262,0,0
2024-09-15,DMA_131,53.78447494538835,0,0
2024-09-15,DMA_132,43.617458367597294,0,0
2024-09-15,DMA_133,53.45109945230936,0,0
2024-09-15,DMA_134,48.74598711830543,0,0
2024-09-15,DMA_135,36.029322256089465,0,0
2024-09-15,DMA_136,43.928910835588574,0,0
2024-09-15,DMA_137,38.228110810719976,0,1
2024-09-15,DMA_138,41.91413138840832,0,0
2024-09-15,DMA_139,42.084439478695195,0,0
2024-09-15,DMA_140,37.88115652184595,0,0
2024-09-15,DMA_141,51.295489743614134,0,0
2024-09-15,DMA_142,45.72451766198486,0,0
2024-09-15,DMA_143,44.45197486439126,0,0
2024-09-15,DMA_144,40.67179041195779,0,0
2024-09-15,DMA_145,36.67085708740032,0,0
2024-09-15,DMA_146,37.72688491558735,0,0
2024-09-15,DMA_147,52.62348043349267,0,0
2024-09-15,DMA_148,43.710871138638105,0,0
2024-09-15,DMA_149,48.260636348047186,0,0
2024-09-15,DMA_150,38.637692945894045,0,1
2024-09-22,DMA_001,55.79161489701245,0,0
2024-09-22,DMA_002,52.57316406688093,0,0
2024-09-22,DMA_003,42.41069999003092,0,0
2024-09-22,DMA_004,55.8326240576713,0,0
2024-09-22,DMA_005,53.74182697022609,0,0
2024-09-22,DMA_006,56.50808211493931,0,0
2024-09-22,DMA_007,56.477401169126075,0,0
2024-09-22,DMA_008,39.605483112209996,0,1
2024-09-22,DMA_009,47.990787008631564,0,0
2024-09-22,DMA_010,43.758895849614035,0,0
2024-09-22,DMA_011,58.00451259732831,0,0
2024-09-22,DMA_012,55.49962537941478,0,0
2024-09-22,DMA_013,54.21919672938025,0,0
2024-09-22,DMA_014,42.821853951576884,0,0
2024-09-22,DMA_015,47.38513841457331,0,1
2024-09-22,DMA_016,46.14913230549825,0,1
2024-09-22,DMA_017,54.53856418758521,0,0
2024-09-22,DMA_018,57.98777351545216,0,0
2024-09-22,DMA_019,54.53002871449999,0,0
2024-09-22,DMA_020,55.20881688647783,0,0
2024-09-22,DMA_021,49.335335843327805,0,0
2024-09-22,DMA_022,45.889014545533755,0,0
2024-09-22,DMA_023,49.232085526189664,0,0
2024-09-22,DMA_024,44.17460105515822,0,0
2024-09-22,DMA_025,43.20975184999493,0,0
2024-09-22,DMA_026,52.840857277389375,0,0
2024-09-22,DMA_027,49.32539350733196,0,0
2024-09-22,DMA_028,56.753927354417094,0,0
2024-09-22,DMA_029,39.645360869159845,0,0
2024-09-22,DMA_030,53.40821379416254,0,0
2024-09-22,DMA_031,53.34762164463023,0,1
2024-09-22,DMA_032,46.439036301939076,0,1
2024-09-22,DMA_033,41.18547926330614,0,1
2024-09-22,DMA_034,40.13303128584297,0,0
2024-09-22,DMA_035,45.51645803801953,0,0
2024-09-22,DMA_036,34.042819326634344,0,0
2024-09-22,DMA_037,39.782807441925236,0,0
2024-09-22,DMA_038,41.95003441728008,0,1
2024-09-22,DMA_039,49.97748550607732,0,0
2024-09-22,DMA_040,51.3556855045606,0,0
2024-09-22,DMA_041,59.14639311682773,0,0
2024-09-22,DMA_042,51.68906283298903,0,0
2024-09-22,DMA_043,51.08389414392606,0,0
2024-09-22,DMA_044,40.919113016267346,0,0
2024-09-22,DMA_045,40.894769498718986,0,0
2024-09-22,DMA_046,47.482881252378434,0,0
2024-09-22,DMA_047,61.36456896747114,0,0
2024-09-22,DMA_048,50.6676604484174,0,0
2024-09-22,DMA_049,43.7506953451031,0,1
2024-09-22,DMA_050,45.51128308950013,0,1
2024-09-22,DMA_051,50.77817322294491,0,0
2024-09-22,DMA_052,60.90351557013614,0,0
2024-09-22,DMA_053,40.17070476237426,0,0
2024-09-22,DMA_054,54.53792029301319,0,0
2024-09-22,DMA_055,53.38310628542559,0,1
2024-09-22,DMA_056,51.299964401513876,0,0
2024-09-22,DMA_057,40.55015225502116,0,0
2024-09-22,DMA_058,42.95297216632611,0,0
2024-09-22,DMA_059,37.098145827887706,0,0
2024-09-22,DMA_060,42.404733583485495,0,1
2024-09-22,DMA_061,42.78738649270451,0,0
2024-09-22,DMA_062,40.3676864130096,0,0
2024-09-22,DMA_063,43.5759480847302,0,0
2024-09-22,DMA_064,46.8061546119092,0,0
2024-09-22,DMA_065,48.382105366334265,0,1
2024-09-22,DMA_066,60.401850810703486,0,0
2024-09-22,DMA_067,46.69090919551556,0,0
2024-09-22,DMA_068,46.68899566000352,0,0
2024-09-22,DMA_069,46.77475668466916,0,1
2024-09-22,DMA_070,55.58084452336238,0,0
2024-09-22,DMA_071,38.45023707439553,0,0
2024-09-22,DMA_072,50.4628079309757,0,0
2024-09-22,DMA_073,52.72636121555872,0,1
2024-09-22,DMA_074,57.90092285311188,0,0
2024-09-22,DMA_075,45.60324137814285,0,0
2024-09-22,DMA_076,46.34801349999711,0,0
2024-09-22,DMA_077,55.63973435141082,0,0
2024-09-22,DMA_078,52.71718995520479,0,0
2024-09-22,DMA_079,56.46954669631485,0,0
2024-09-22,DMA_080,55.65441052151273,0,0
2024-09-22,DMA_081,40.15040311761624,0,0
2024-09-22,DMA_082,48.214151422561415,0,0
2024-09-22,DMA_083,48.02915586171743,0,0
2024-09-22,DMA_084,41.417255016264306,0,1
2024-09-22,DMA_085,48.68965161073488,0,0
2024-09-22,DMA_086,47.56065649692081,0,0
2024-09-22,DMA_087,40.404025267082034,0,0
2024-09-22,DMA_088,50.975640185285066,0,0
2024-09-22,DMA_089,46.077207543115875,0,0
2024-09-22,DMA_090,45.40902419335344,0,1
2024-09-22,DMA_091,38.76883110514156,0,0
2024-09-22,DMA_092,50.2160715281515,0,1
2024-09-22,DMA_093,43.149385402877456,0,0
2024-09-22,DMA_094,41.32633905315028,0,0
2024-09-22,DMA_095,46.56954689348561,0,0
2024-09-22,DMA_096,56.471880752272504,0,0
2024-09-22,DMA_097,48.2811109332163,0,0
2024-09-22,DMA_098,50.78971050075713,0,0
2024-09-22,DMA_099,52.95030927327759,0,0
2024-09-22,DMA_100,54.74526796179448,0,0
2024-09-22,DMA_101,49.675110723448,0,0
2024-09-22,DMA_102,53.59800412022453,0,0
2024-09-22,DMA_103,40.78194930843343,0,0
2024-09-22,DMA_104,38.656539704082334,0,0
2024-09-22,DMA_105,47.56221916854984,0,1
2024-09-22,DMA_106,40.39443149788471,0,0
2024-09-22,DMA_107,39.4244133736096,0,1
2024-09-22,DMA_108,36.92430551738524,0,0
2024-09-22,DMA_109,52.167967553990685,0,0
2024-09-22,DMA_110,44.65472263402736,0,0
2024-09-22,DMA_111,44.36619465334704,0,0
2024-09-22,DMA_112,48.20517442242306,0,0
2024-09-22,DMA_113,49.95863554359953,0,1
2024-09-22,DMA_114,42.72993959122753,0,0
2024-09-22,DMA_115,51.00408731422449,0,0
2024-09-22,DMA_116,57.69241861751669,0,0
2024-09-22,DMA_117,51.675647568441136,0,0
2024-09-22,DMA_118,52.113281350452354,0,0
2024-09-22,DMA_119,44.60285386672612,0,0
2024-09-22,DMA_120,43.6528320224907,0,0
2024-09-22,DMA_121,56.27338172038144,0,0
2024-09-22,DMA_122,52.43578456221367,0,0
2024-09-22,DMA_123,53.89920573437556,0,0
2024-09-22,DMA_124,49.48900495917933,0,1
2024-09-22,DMA_125,55.32371105169263,0,0
2024-09-22,DMA_126,53.6571789490729,0,0
2024-09-22,DMA_127,36.8050354356251,0,0
2024-09-22,DMA_128,45.23190319499446,0,1
2024-09-22,DMA_129,49.66312143782526,0,0
2024-09-22,DMA_130,50.45197942975112,0,0
2024-09-22,DMA_131,34.84627965361691,0,0
2024-09-22,DMA_132,50.1755499278355,0,0
2024-09-22,DMA_133,50.98492324195996,0,0
2024-09-22,DMA_134,43.19330430944953,0,0
2024-09-22,DMA_135,46.70195689460144,0,1
2024-09-22,DMA_136,48.658784034813664,0,0
2024-09-22,DMA_137,44.253198059138334,0,0
2024-09-22,DMA_138,59.744733410689705,0,0
2024-09-22,DMA_139,46.424997427840445,0,0
2024-09-22,DMA_140,59.67639023923663,0,0
2024-09-22,DMA_141,41.37646884130661,0,0
2024-09-22,DMA_142,34.005867378569064,0,0
2024-09-22,DMA_143,44.421835240628766,0,0
2024-09-22,DMA_144,55.25853146893009,0,1
2024-09-22,DMA_145,42.02098849389739,0,0
2024-09-22,DMA_146,46.99319602145366,0,0
2024-09-22,DMA_147,43.70903475220899,0,0
2024-09-22,DMA_148,50.95185415302562,0,0
2024-09-22,DMA_149,45.34352415297523,0,0
2024-09-22,DMA_150,37.25675822362416,0,0
2024-09-29,DMA_001,60.187550607516364,0,0
2024-09-29,DMA_002,57.482397425309344,0,0
2024-09-29,DMA_003,54.094555126306794,0,0
2024-09-29,DMA_004,55.146836835307866,0,0
2024-09-29,DMA_005,57.5814375640731,0,0
2024-09-29,DMA_006,55.700887484912336,0,0
2024-09-29,DMA_007,51.97298358734141,0,0
2024-09-29,DMA_008,58.84133694970335,0,1
2024-09-29,DMA_009,57.18281575215007,0,0
2024-09-29,DMA_010,54.537980971221266,0,0
2024-09-29,DMA_011,53.09239407946138,0,0
2024-09-29,DMA_012,55.749558626851496,0,1
2024-09-29,DMA_013,49.730767631870876,0,1
2024-09-29,DMA_014,54.70526747764329,0,0
2024-09-29,DMA_015,46.71248140422267,0,0
2024-09-29,DMA_016,56.497243151880696,0,0
2024-09-29,DMA_017,57.2141340360243,0,1
2024-09-29,DMA_018,43.74860933495589,0,0
2024-09-29,DMA_019,46.68116247811443,0,1
2024-09-29,DMA_020,45.45484046068134,0,0
2024-09-29,DMA_021,47.78656590615176,0,0
2024-09-29,DMA_022,49.15703155721952,0,0
2024-09-29,DMA_023,46.61829086177615,0,1
2024-09-29,DMA_024,55.80372610844346,0,0
2024-09-29,DMA_025,54.52234037554951,0,1
2024-09-29,DMA_026,46.16268514522459,0,0
2024-09-29,DMA_027,44.69801314527484,0,1
2024-09-29,DMA_028,53.33087146596146,0,0
2024-09-29,DMA_029,41.520148437537614,0,0
2024-09-29,DMA_030,52.43629220939797,0,0
2024-09-29,DMA_031,41.95440621343903,0,0
2024-09-29,DMA_032,60.071832679626056,0,0
2024-09-29,DMA_033,54.65466572664829,0,0
2024-09-29,DMA_034,59.73268797514287,0,0
2024-09-29,DMA_035,51.71301519328466,0,0
2024-09-29,DMA_036,52.85235619177623,0,0
2024-09-29,DMA_037,59.1437051017413,0,1
2024-09-29,DMA_038,48.710801561809916,0,0
2024-09-29,DMA_039,51.56758753404894,0,0
2024-09-29,DMA_040,59.73901823429209,0,1
2024-09-29,DMA_041,48.01650270998311,0,0
2024-09-29,DMA_042,65.03689748668214,0,0
2024-09-29,DMA_043,63.70766805368363,0,0
2024-09-29,DMA_044,51.18946130289818,0,0
2024-09-29,DMA_045,42.33662799759566,0,0
2024-09-29,DMA_046,51.01234695716317,0,0
2024-09-29,DMA_047,56.80412818961305,0,0
2024-09-29,DMA_048,51.72244921378044,0,0
2024-09-29,DMA_049,48.39359558581076,0,0
2024-09-29,DMA_050,55.03586299913723,0,0
2024-09-29,DMA_051,55.81422450920161,0,0
2024-09-29,DMA_052,61.039932401577126,0,1
2024-09-29,DMA_053,61.26315938408949,0,0
2024-09-29,DMA_054,50.518883172713345,0,0
2024-09-29,DMA_055,48.6504104592689,0,0
2024-09-29,DMA_056,46.103937152580414,0,0
2024-09-29,DMA_057,58.18899990252136,0,0
2024-09-29,DMA_058,53.882794618728965,0,0
2024-09-29,DMA_059,57.7961190819263,0,1
2024-09-29,DMA_060,44.21327033994507,0,0
2024-09-29,DMA_061,53.160666528191015,0,0
2024-09-29,DMA_062,60.33051886509349,0,0
2024-09-29,DMA_063,56.68234782465872,0,0
2024-09-29,DMA_064,44.418726216271786,0,0
2024-09-29,DMA_065,54.43684751397104,0,0
2024-09-29,DMA_066,49.127949719882245,0,0
2024-09-29,DMA_067,52.503636067445704,0,0
2024-09-29,DMA_068,52.89040460707254,0,0
2024-09-29,DMA_069,57.69799378904992,0,0
2024-09-29,DMA_070,43.42054947325256,0,0
2024-09-29,DMA_071,50.00525921740807,0,0
2024-09-29,DMA_072,41.08561424462928,0,1
2024-09-29,DMA_073,54.05301222038988,0,0
2024-09-29,DMA_074,52.51498436289745,0,1
2024-09-29,DMA_075,52.13165589632092,0,0
2024-09-29,DMA_076,52.43288975184648,0,0
2024-09-29,DMA_077,46.03267724309936,0,0
2024-09-29,DMA_078,49.564648777942224,0,0
2024-09-29,DMA_079,51.801172827436226,0,0
2024-09-29,DMA_080,50.00804662342989,0,1
2024-09-29,DMA_081,56.60967164784242,0,0
2024-09-29,DMA_082,54.207937499292996,0,0
2024-09-29,DMA_083,50.434664116092144,0,0
2024-09-29,DMA_084,57.77697383819027,0,0
2024-09-29,DMA_085,53.900535630932076,0,0
2024-09-29,DMA_086,52.37580018005903,0,0
2024-09-29,DMA_087,54.01944617346794,0,0
2024-09-29,DMA_088,56.02992752167035,0,0
2024-09-29,DMA_089,49.7423988353508,0,0
2024-09-29,DMA_090,51.120154513769485,0,0
2024-09-29,DMA_091,53.18965400627594,0,0
2024-09-29,DMA_092,52.541627776739865,0,0
2024-09-29,DMA_093,51.324706708776695,0,0
2024-09-29,DMA_094,51.967752530398926,0,0
2024-09-29,DMA_095,53.34948495910221,0,0
2024-09-29,DMA_096,53.897022529344504,0,0
2024-09-29,DMA_097,48.85232907453929,0,0
2024-09-29,DMA_098,66.01992814015108,0,0
2024-09-29,DMA_099,49.05491115625832,0,0
2024-09-29,DMA_100,67.63679178737291,0,0
2024-09-29,DMA_101,47.184913520486596,0,0
2024-09-29,DMA_102,44.149193186310995,0,1
2024-09-29,DMA_103,48.34450246768745,0,0
2024-09-29,DMA_104,56.78831777124777,0,0
2024-09-29,DMA_105,56.19776670094399,0,0
2024-09-29,DMA_106,52.711307599556704,0,1
2024-09-29,DMA_107,49.8440034226812,0,0
2024-09-29,DMA_108,63.66328663391687,0,0
2024-09-29,DMA_109,42.16878410888594,0,0
2024-09-29,DMA_110,55.573089015295544,0,0
2024-09-29,DMA_111,52.87989549770434,0,0
2024-09-29,DMA_112,52.24369953692919,0,0
2024-09-29,DMA_113,48.627694577066215,0,0
2024-09-29,DMA_114,57.797983299232236,0,0
2024-09-29,DMA_115,51.588776480895085,0,0
2024-09-29,DMA_116,51.94125823389488,0,0
2024-09-29,DMA_117,52.868853345226235,0,0
2024-09-29,DMA_118,44.298094982584836,0,0
2024-09-29,DMA_119,48.08070574989999,0,0
2024-09-29,DMA_120,51.640308988110235,0,1
2024-09-29,DMA_121,50.510550997586144,0,0
2024-09-29,DMA_122,56.2622160019605,0,0
2024-09-29,DMA_123,57.08142899330912,0,1
2024-09-29,DMA_124,53.48730959944682,0,1
2024-09-29,DMA_125,57.17437351939379,0,0
2024-09-29,DMA_126,55.15722544710531,0,1
2024-09-29,DMA_127,63.746459456031864,0,0
2024-09-29,DMA_128,41.57581009238976,0,0
2024-09-29,DMA_129,51.95079378690879,0,1
2024-09-29,DMA_130,39.50649387283775,0,1
2024-09-29,DMA_131,53.03750070470174,0,0
2024-09-29,DMA_132,47.52690001050502,0,1
2024-09-29,DMA_133,48.49608853268548,0,0
2024-09-29,DMA_134,49.62922256017066,0,0
2024-09-29,DMA_135,61.01003176560508,0,0
2024-09-29,DMA_136,49.50792232939808,0,0
2024-09-29,DMA_137,50.18497340004886,0,0
2024-09-29,DMA_138,49.3990998569385,0,0
2024-09-29,DMA_139,54.67707812646518,0,0
2024-09-29,DMA_140,51.52263296586157,0,1
2024-09-29,DMA_141,54.40911996372724,0,0
2024-09-29,DMA_142,51.13517767747323,0,0
2024-09-29,DMA_143,49.01447424599953,0,0
2024-09-29,DMA_144,57.60427147447855,0,0
2024-09-29,DMA_145,39.63218182857518,0,0
2024-09-29,DMA_146,46.42707508634079,0,0
2024-09-29,DMA_147,43.59231337283518,0,0
2024-09-29,DMA_148,58.30774804553802,0,0
2024-09-29,DMA_149,51.39302362103974,0,0
2024-09-29,DMA_150,61.62249143180453,0,0
2024-10-06,DMA_001,58.10243458403241,0,0
2024-10-06,DMA_002,55.207972331514455,0,0
2024-10-06,DMA_003,56.555040270947686,0,0
2024-10-06,DMA_004,56.955205005902826,0,0
2024-10-06,DMA_005,48.9614443475611,0,1
2024-10-06,DMA_006,63.092992411156125,0,0
2024-10-06,DMA_007,51.75988964947242,0,0
2024-10-06,DMA_008,52.45965456651513,0,1
2024-10-06,DMA_009,54.91729954229019,0,0
2024-10-06,DMA_010,50.20082698701891,0,0
2024-10-06,DMA_011,55.28543567999748,0,0
2024-10-06,DMA_012,52.51957231607075,0,1
2024-10-06,DMA_013,58.01891134995267,0,0
2024-10-06,DMA_014,60.75116862434667,0,0
2024-10-06,DMA_015,62.76643575844906,0,0
2024-10-06,DMA_016,51.07352685615267,0,0
2024-10-06,DMA_017,52.567711584629265,0,1
2024-10-06,DMA_018,66.10932992956107,0,0
2024-10-06,DMA_019,57.82490736727755,0,0
2024-10-06,DMA_020,44.726937701455505,0,1
2024-10-06,DMA_021,55.81652067906243,0,0
2024-10-06,DMA_022,50.62702986572996,0,0
2024-10-06,DMA_023,61.58280204830549,0,0
2024-10-06,DMA_024,59.24552831218867,0,0
2024-10-06,DMA_025,55.93396741486992,0,1
2024-10-06,DMA_026,50.88819042785968,0,0
2024-10-06,DMA_027,64.63727569531432,0,1
2024-10-06,DMA_028,50.149374448049365,0,0
2024-10-06,DMA_029,46.62686658466781,0,1
2024-10-06,DMA_030,55.32844344636086,0,1
2024-10-06,DMA_031,49.37375925265823,0,1
2024-10-06,DMA_032,61.92598264351135,0,0
2024-10-06,DMA_033,48.49873315148248,0,1
2024-10-06,DMA_034,60.46862373103775,0,0
2024-10-06,DMA_035,50.91586941254126,0,0
2024-10-06,DMA_036,57.944633858625615,0,0
2024-10-06,DMA_037,61.62777095707998,0,0
2024-10-06,DMA_038,51.42152680507643,0,0
2024-10-06,DMA_039,64.1903804067,0,0
2024-10-06,DMA_040,62.206957081396126,0,0
2024-10-06,DMA_041,54.766398609993104,0,0
2024-10-06,DMA_042,55.18429192104345,0,0
2024-10-06,DMA_043,58.958813817651595,0,0
2024-10-06,DMA_044,45.40556260095293,0,0
2024-10-06,DMA_045,54.00035826090718,0,0
2024-10-06,DMA_046,62.196065254880274,0,0
2024-10-06,DMA_047,44.384867382797935,0,0
2024-10-06,DMA_048,58.977264749479524,0,0
2024-10-06,DMA_049,59.68364712679512,0,0
2024-10-06,DMA_050,58.323196123032865,0,0
2024-10-06,DMA_051,63.34333208901867,0,0
2024-10-06,DMA_052,51.57498329404796,0,1
2024-10-06,DMA_053,56.054052713725056,0,0
2024-10-06,DMA_054,57.37765941215994,0,1
2024-10-06,DMA_055,55.54915953725309,0,0
2024-10-06,DMA_056,54.34658616450683,0,0
2024-10-06,DMA_057,46.06298996016885,0,0
2024-10-06,DMA_058,50.623964664830595,0,0
2024-10-06,DMA_059,52.84283536007234,0,0
2024-10-06,DMA_060,46.26499589441612,0,0
2024-10-06,DMA_061,51.5582092512845,0,0
2024-10-06,DMA_062,56.8219222910785,0,1
2024-10-06,DMA_063,54.292675217388904,0,0
2024-10-06,DMA_064,58.83483016614337,0,0
2024-10-06,DMA_065,59.40502961842314,0,0
2024-10-06,DMA_066,49.35794926358327,0,0
2024-10-06,DMA_067,48.51179872739166,0,0
2024-10-06,DMA_068,58.27016788040439,0,1
2024-10-06,DMA_069,49.15907154229835,0,0
2024-10-06,DMA_070,63.96409819027059,0,1
2024-10-06,DMA_071,63.574268570751265,0,0
2024-10-06,DMA_072,53.71069687718363,0,0
2024-10-06,DMA_073,57.64096785737717,0,1
2024-10-06,DMA_074,54.065447115065304,0,0
2024-10-06,DMA_075,58.18212732832792,0,1
2024-10-06,DMA_076,49.81222352212275,0,0
2024-10-06,DMA_077,50.41474506534322,0,0
2024-10-06,DMA_078,54.889639497276214,0,1
2024-10-06,DMA_079,62.57395292582035,0,0
2024-10-06,DMA_080,47.4272433557962,0,0
2024-10-06,DMA_081,52.31863519476661,0,0
2024-10-06,DMA_082,50.46099294202073,0,0
2024-10-06,DMA_083,57.3900258492704,0,0
2024-10-06,DMA_084,55.6690637110872,0,0
2024-10-06,DMA_085,49.87029255335122,0,0
2024-10-06,DMA_086,48.70101865983998,0,0
2024-10-06,DMA_087,57.891182352066856,0,0
2024-10-06,DMA_088,58.79687369592328,0,1
2024-10-06,DMA_089,59.5915963217508,0,0
2024-10-06,DMA_090,55.1945522302944,0,0
2024-10-06,DMA_091,61.10929948681438,0,0
2024-10-06,DMA_092,51.04559818819935,0,0
2024-10-06,DMA_093,60.69708766300609,0,0
2024-10-06,DMA_094,56.056587875700046,0,1
2024-10-06,DMA_095,50.45905689625009,0,0
2024-10-06,DMA_096,56.12657918920786,0,0
2024-10-06,DMA_097,54.606892068189,0,0
2024-10-06,DMA_098,64.13912122431674,0,0
2024-10-06,DMA_099,53.686176070632214,0,0
2024-10-06,DMA_100,51.130958734989285,0,0
2024-10-06,DMA_101,58.93606659871447,0,0
2024-10-06,DMA_102,55.948065344857355,0,0
2024-10-06,DMA_103,45.88637739844073,0,0
2024-10-06,DMA_104,58.31526190925147,0,0
2024-10-06,DMA_105,49.38101654435147,0,1
2024-10-06,DMA_106,57.933808286585425,0,0
2024-10-06,DMA_107,46.45378958757503,0,0
2024-10-06,DMA_108,49.799174354742355,0,0
2024-10-06,DMA_109,48.59296714736988,0,0
2024-10-06,DMA_110,68.46234266034344,0,1
2024-10-06,DMA_111,52.212496385426725,0,0
2024-10-06,DMA_112,69.15661910094543,0,0
2024-10-06,DMA_113,45.35523992074324,0,0
2024-10-06,DMA_114,48.140952026106994,0,0
2024-10-06,DMA_115,40.32333125761485,0,0
2024-10-06,DMA_116,48.10927573796874,0,0
2024-10-06,DMA_117,53.05103603890069,0,0
2024-10-06,DMA_118,54.83799323848722,0,0
2024-10-06,DMA_119,60.95269523380652,0,0
2024-10-06,DMA_120,61.01544780966969,0,1
2024-10-06,DMA_121,49.85400259043279,0,0
2024-10-06,DMA_122,59.50010809806202,0,0
2024-10-06,DMA_123,52.68162301109418,0,0
2024-10-06,DMA_124,55.465069386060925,0,1
2024-10-06,DMA_125,54.0477071987457,0,0
2024-10-06,DMA_126,67.98195545553861,0,1
2024-10-06,DMA_127,61.74285317330204,0,0
2024-10-06,DMA_128,65.83387116107288,0,0
2024-10-06,DMA_129,53.143500424602635,0,0
2024-10-06,DMA_130,60.90080651597903,0,0
2024-10-06,DMA_131,41.39313084543181,0,0
2024-10-06,DMA_132,47.8647536355931,0,0
2024-10-06,DMA_133,54.53878113200999,0,1
2024-10-06,DMA_134,58.380207733728305,0,0
2024-10-06,DMA_135,55.06811049230588,0,0
2024-10-06,DMA_136,51.68789590783655,0,1
2024-10-06,DMA_137,55.485569202831506,0,0
2024-10-06,DMA_138,60.044658488052015,0,0
2024-10-06,DMA_139,57.334495862034885,0,0
2024-10-06,DMA_140,47.81074371219832,0,0
2024-10-06,DMA_141,52.39124523185384,0,0
2024-10-06,DMA_142,53.33541193313565,0,0
2024-10-06,DMA_143,64.7607155255064,0,0
2024-10-06,DMA_144,53.429178244456075,0,0
2024-10-06,DMA_145,55.987959796614014,0,0
2024-10-06,DMA_146,64.99128058366881,0,0
2024-10-06,DMA_147,60.73774405941297,0,0
2024-10-06,DMA_148,60.05763874998912,0,0
2024-10-06,DMA_149,57.65978410487982,0,0
2024-10-06,DMA_150,54.16225372796808,0,0
2024-10-13,DMA_001,58.7112075483742,0,0
2024-10-13,DMA_002,50.88034776254511,0,0
2024-10-13,DMA_003,51.76866474345884,0,0
2024-10-13,DMA_004,62.04506809168776,0,0
2024-10-13,DMA_005,51.80103509419188,0,0
2024-10-13,DMA_006,47.46479067450803,0,0
2024-10-13,DMA_007,66.27066083637484,0,0
2024-10-13,DMA_008,66.3537976780743,0,0
2024-10-13,DMA_009,61.926211244171064,0,0
2024-10-13,DMA_010,63.14787450057933,0,0
2024-10-13,DMA_011,54.24740084609125,0,0
2024-10-13,DMA_012,63.54251388608595,0,0
2024-10-13,DMA_013,59.72898907152411,0,0
2024-10-13,DMA_014,55.600445709395906,0,0
2024-10-13,DMA_015,54.06415959569624,0,0
2024-10-13,DMA_016,46.800107933966586,0,0
2024-10-13,DMA_017,68.600856609963,0,0
2024-10-13,DMA_018,51.70777603052814,0,0
2024-10-13,DMA_019,70.3506578676687,0,0
2024-10-13,DMA_020,64.19095017297938,0,0
2024-10-13,DMA_021,52.34838403557711,0,0
2024-10-13,DMA_022,50.47831836414496,0,0
2024-10-13,DMA_023,46.67184800466717,0,0
2024-10-13,DMA_024,51.95971644374318,0,0
2024-10-13,DMA_025,52.974830851582304,0,1
2024-10-13,DMA_026,59.540800959148854,0,0
2024-10-13,DMA_027,45.67529330080548,0,0
2024-10-13,DMA_028,55.80589015936164,0,0
2024-10-13,DMA_029,55.9512454234359,0,0
2024-10-13,DMA_030,58.71124464319041,0,0
2024-10-13,DMA_031,56.53876527324027,0,0
2024-10-13,DMA_032,64.22211450232264,0,0
2024-10-13,DMA_033,67.759441633999,0,0
2024-10-13,DMA_034,56.120975163097285,0,0
2024-10-13,DMA_035,62.686100507745245,0,0
2024-10-13,DMA_036,49.431496742257465,0,0
2024-10-13,DMA_037,48.86590782922665,0,0
2024-10-13,DMA_038,59.44155999617067,0,0
2024-10-13,DMA_039,51.72499719342194,0,0
2024-10-13,DMA_040,62.7541927620554,0,0
2024-10-13,DMA_041,49.46116688055485,0,0
2024-10-13,DMA_042,52.622305480671,0,0
2024-10-13,DMA_043,50.42190324384669,0,0
2024-10-13,DMA_044,61.279725777392144,0,1
2024-10-13,DMA_045,52.435967868492206,0,1
2024-10-13,DMA_046,54.246845688979896,0,0
2024-10-13,DMA_047,62.45463591990389,0,0
2024-10-13,DMA_048,58.895274270470104,0,0
2024-10-13,DMA_049,61.5252554416889,0,0
2024-10-13,DMA_050,51.98180082553212,0,0
2024-10-13,DMA_051,48.72695916946427,0,0
2024-10-13,DMA_052,49.9827132326775,0,0
2024-10-13,DMA_053,61.82203343884744,0,0
2024-10-13,DMA_054,57.7657816683982,0,0
2024-10-13,DMA_055,54.84362493970703,0,0
2024-10-13,DMA_056,60.57625609255,0,0
2024-10-13,DMA_057,53.92810629995257,0,0
2024-10-13,DMA_058,58.45464973627867,0,0
2024-10-13,DMA_059,54.74266940820863,0,0
2024-10-13,DMA_060,69.17351675078083,0,0
2024-10-13,DMA_061,61.14866232688192,0,0
2024-10-13,DMA_062,58.473607156027974,0,0
2024-10-13,DMA_063,61.9788195224975,0,0
2024-10-13,DMA_064,61.53418415092134,0,0
2024-10-13,DMA_065,59.91417751359454,0,0
2024-10-13,DMA_066,56.850717839798094,0,0
2024-10-13,DMA_067,61.80555998868692,0,0
2024-10-13,DMA_068,63.47189540170723,0,0
2024-10-13,DMA_069,57.02379792025677,0,0
2024-10-13,DMA_070,60.51611248170216,0,1
2024-10-13,DMA_071,54.33852001529287,0,0
2024-10-13,DMA_072,48.91822389225764,0,0
2024-10-13,DMA_073,56.36733591965829,0,0
2024-10-13,DMA_074,51.15570128912617,0,0
2024-10-13,DMA_075,55.32699404129805,0,0
2024-10-13,DMA_076,54.19941706366037,0,0
2024-10-13,DMA_077,52.834840410901506,0,0
2024-10-13,DMA_078,50.86118263173989,0,0
2024-10-13,DMA_079,68.31387531152886,0,0
2024-10-13,DMA_080,55.09399361733143,0,0
2024-10-13,DMA_081,48.1830101547244,0,0
2024-10-13,DMA_082,66.42602154491686,0,0
2024-10-13,DMA_083,58.71215182823702,0,0
2024-10-13,DMA_084,59.666422139080346,0,0
2024-10-13,DMA_085,54.41248125037258,0,0
2024-10-13,DMA_086,68.49868057934883,0,0
2024-10-13,DMA_087,58.8869513941121,0,0
2024-10-13,DMA_088,69.53155327867069,0,0
2024-10-13,DMA_089,55.69355136892323,0,0
2024-10-13,DMA_090,63.00597196277913,0,0
2024-10-13,DMA_091,64.47985066055169,0,0
2024-10-13,DMA_092,64.89897175432382,0,0
2024-10-13,DMA_093,54.977644350589344,0,0
2024-10-13,DMA_094,62.453694726871845,0,0
2024-10-13,DMA_095,59.3806969395239,0,0
2024-10-13,DMA_096,58.881865122774826,0,0
2024-10-13,DMA_097,50.92458114062743,0,0
2024-10-13,DMA_098,51.653357868018965,0,0
2024-10-13,DMA_099,62.24863669260729,0,0
2024-10-13,DMA_100,58.080993422786634,0,0
2024-10-13,DMA_101,53.41716855944385,0,0
2024-10-13,DMA_102,50.31020547703742,0,0
2024-10-13,DMA_103,67.67898883759152,0,0
2024-10-13,DMA_104,61.200797831235256,0,0
2024-10-13,DMA_105,53.86628550129045,0,0
2024-10-13,DMA_106,51.944896427250036,0,0
2024-10-13,DMA_107,57.65665599193482,0,0
2024-10-13,DMA_108,52.97709713474292,0,0
2024-10-13,DMA_109,50.213525107760006,0,1
2024-10-13,DMA_110,64.41943394878268,0,0
2024-10-13,DMA_111,63.31422982350237,0,1
2024-10-13,DMA_112,55.598235755553404,0,1
2024-10-13,DMA_113,62.06322558959255,0,0
2024-10-13,DMA_114,58.1910472411264,0,0
2024-10-13,DMA_115,45.3017157153094,0,0
2024-10-13,DMA_116,45.781235894093044,0,0
2024-10-13,DMA_117,52.73469531431855,0,1
2024-10-13,DMA_118,58.56292674029794,0,0
2024-10-13,DMA_119,61.132266319037015,0,0
2024-10-13,DMA_120,64.41522371699023,0,0
2024-10-13,DMA_121,52.25693354583575,0,0
2024-10-13,DMA_122,52.76994907152408,0,0
2024-10-13,DMA_123,63.23408187220662,0,0
2024-10-13,DMA_124,58.30748882666105,0,0
2024-10-13,DMA_125,52.290711044230484,0,0
2024-10-13,DMA_126,60.34861807648979,0,0
2024-10-13,DMA_127,60.194450399940116,0,0
2024-10-13,DMA_128,56.102091406797975,0,0
2024-10-13,DMA_129,59.692217762100086,0,0
2024-10-13,DMA_130,47.36791219339189,0,0
2024-10-13,DMA_131,59.863057988545194,0,0
2024-10-13,DMA_132,47.89431111228413,0,0
2024-10-13,DMA_133,56.039816214880624,0,0
2024-10-13,DMA_134,53.10604549730054,0,1
2024-10-13,DMA_135,67.87794685753698,0,1
2024-10-13,DMA_136,60.316497847867936,0,0
2024-10-13,DMA_137,59.455908156454264,0,1
2024-10-13,DMA_138,63.55667717505792,0,0
2024-10-13,DMA_139,61.489736782406695,0,1
2024-10-13,DMA_140,56.86115686828237,0,1
2024-10-13,DMA_141,42.3437786494833,0,0
2024-10-13,DMA_142,50.33308844967193,0,0
2024-10-13,DMA_143,60.688421614824456,0,0
2024-10-13,DMA_144,54.55482422310705,0,0
2024-10-13,DMA_145,34.498466815879084,0,0
2024-10-13,DMA_146,62.25508629578086,0,0
2024-10-13,DMA_147,55.61455329426204,0,1
2024-10-13,DMA_148,66.06078681880496,0,0
2024-10-13,DMA_149,62.223379221577545,0,0
2024-10-13,DMA_150,48.902548174165204,0,0
2024-10-20,DMA_001,64.65502566377859,0,0
2024-10-20,DMA_002,63.06104223410654,0,0
2024-10-20,DMA_003,65.34161791042153,0,0
2024-10-20,DMA_004,59.99639613602394,0,0
2024-10-20,DMA_005,70.1131360808555,0,0
2024-10-20,DMA_006,54.55088140453562,0,0
2024-10-20,DMA_007,62.01388255102926,0,0
2024-10-20,DMA_008,58.73412972635304,0,0
2024-10-20,DMA_009,51.09461918593257,0,0
2024-10-20,DMA_010,60.471556690791786,0,1
2024-10-20,DMA_011,49.63570385236256,0,0
2024-10-20,DMA_012,46.12863820782654,0,1
2024-10-20,DMA_013,54.16931219100818,0,0
2024-10-20,DMA_014,66.43144540772222,0,0
2024-10-20,DMA_015,58.054678682701805,0,0
2024-10-20,DMA_016,64.75290208101521,0,1
2024-10-20,DMA_017,57.78058770178778,0,0
2024-10-20,DMA_018,65.89438787164357,0,0
2024-10-20,DMA_019,60.999486699584004,0,0
2024-10-20,DMA_020,62.88688288237935,0,0
2024-10-20,DMA_021,50.02339556216766,0,0
2024-10-20,DMA_022,67.76138311349008,0,0
2024-10-20,DMA_023,51.84916611537099,0,0
2024-10-20,DMA_024,62.984131639479465,0,1
2024-10-20,DMA_025,65.6452059887437,0,1
2024-10-20,DMA_026,63.08855303129854,0,0
2024-10-20,DMA_027,63.49849887580316,0,0
2024-10-20,DMA_028,57.205299890470094,0,0
2024-10-20,DMA_029,54.51751638809979,0,0
2024-10-20,DMA_030,57.8631329913524,0,0
2024-10-20,DMA_031,45.2430236613689,0,0
2024-10-20,DMA_032,67.60012238560836,0,0
2024-10-20,DMA_033,67.7435412998056,0,1
2024-10-20,DMA_034,65.7276527570148,0,0
2024-10-20,DMA_035,68.8301537095493,0,0
2024-10-20,DMA_036,61.36178636838462,0,1
2024-10-20,DMA_037,68.73050043414814,0,0
2024-10-20,DMA_038,68.55881848877867,0,0
2024-10-20,DMA_039,54.25298057358597,0,0
2024-10-20,DMA_040,61.610993381936865,0,1
2024-10-20,DMA_041,53.766785632875795,0,1
2024-10-20,DMA_042,55.739177098932934,0,1
2024-10-20,DMA_043,68.71678084473008,0,0
2024-10-20,DMA_044,71.73971673788799,0,0
2024-10-20,DMA_045,69.91519063826097,0,0
2024-10-20,DMA_046,58.40378752717661,0,1
2024-10-20,DMA_047,62.09250204395929,0,0
2024-10-20,DMA_048,62.36343134918713,0,0
2024-10-20,DMA_049,63.66730759072662,0,0
2024-10-20,DMA_050,61.505624362048074,0,0
2024-10-20,DMA_051,58.188454585650895,0,0
2024-10-20,DMA_052,59.88002888917772,0,0
2024-10-20,DMA_053,60.14894785282808,0,0
2024-10-20,DMA_054,55.063361288306965,0,0
2024-10-20,DMA_055,60.01993954474398,0,0
2024-10-20,DMA_056,67.20352179341981,0,0
2024-10-20,DMA_057,55.769949820638885,0,0
2024-10-20,DMA_058,70.37727662778923,0,0
2024-10-20,DMA_059,61.238119244990145,0,0
2024-10-20,DMA_060,70.98661873252618,0,0
2024-10-20,DMA_061,65.0901886291648,0,0
2024-10-20,DMA_062,70.49407056630365,0,0
2024-10-20,DMA_063,65.01715195666155,0,0
2024-10-20,DMA_064,65.51977689239835,0,0
2024-10-20,DMA_065,58.82638827598691,0,1
2024-10-20,DMA_066,60.781110118181964,0,0
2024-10-20,DMA_067,51.73028781407308,0,0
2024-10-20,DMA_068,58.655112372010656,0,0
2024-10-20,DMA_069,62.13390507857409,0,0
2024-10-20,DMA_070,60.383254309379325,0,0
2024-10-20,DMA_071,43.39596455130546,0,0
2024-10-20,DMA_072,58.705927011687564,0,0
2024-10-20,DMA_073,61.905889558692024,0,0
2024-10-20,DMA_074,65.11609414910804,0,0
2024-10-20,DMA_075,63.47533240480735,0,0
2024-10-20,DMA_076,55.40674770276178,0,0
2024-10-20,DMA_077,63.65016275729079,0,0
2024-10-20,DMA_078,58.754677604897005,0,0
2024-10-20,DMA_079,60.57296096558931,0,0
2024-10-20,DMA_080,54.89146857795497,0,0
2024-10-20,DMA_081,56.205064500961164,0,0
2024-10-20,DMA_082,59.003003343587395,0,0
2024-10-20,DMA_083,51.13058224771389,0,0
2024-10-20,DMA_084,44.98887130945399,0,1
2024-10-20,DMA_085,63.70219827994462,0,0
2024-10-20,DMA_086,64.70059060969137,0,0
2024-10-20,DMA_087,65.57102723041992,0,0
2024-10-20,DMA_088,63.4593063838276,0,0
2024-10-20,DMA_089,59.54874019593422,0,0
2024-10-20,DMA_090,52.19832696044809,0,0
2024-10-20,DMA_091,56.14761108998622,0,0
2024-10-20,DMA_092,63.04566497432609,0,0
2024-10-20,DMA_093,68.93914950541212,0,0
2024-10-20,DMA_094,65.72072686537612,0,0
2024-10-20,DMA_095,62.05736371805941,0,0
2024-10-20,DMA_096,53.90751900758851,0,0
2024-10-20,DMA_097,52.5524077602624,0,0
2024-10-20,DMA_098,66.09367800258448,0,0
2024-10-20,DMA_099,64.07151573111966,0,0
2024-10-20,DMA_100,67.40246594220964,0,0
2024-10-20,DMA_101,58.17682855559029,0,0
2024-10-20,DMA_102,67.95437373519164,0,0
2024-10-20,DMA_103,51.32908340790692,0,0
2024-10-20,DMA_104,58.885032897035515,0,0
2024-10-20,DMA_105,54.21856270345232,0,0
2024-10-20,DMA_106,69.63538516483928,0,0
2024-10-20,DMA_107,56.49937490516863,0,0
2024-10-20,DMA_108,67.41552460430809,0,0
2024-10-20,DMA_109,61.65191919324623,0,0
2024-10-20,DMA_110,49.829439396142504,0,0
2024-10-20,DMA_111,56.46688239741456,0,0
2024-10-20,DMA_112,62.383617340572094,0,0
2024-10-20,DMA_113,60.320570471549765,0,0
2024-10-20,DMA_114,57.13297781450916,0,0
2024-10-20,DMA_115,58.977547104243584,0,0
2024-10-20,DMA_116,59.55181997840627,0,0
2024-10-20,DMA_117,62.2167246146305,0,0
2024-10-20,DMA_118,59.24145762540516,0,0
2024-10-20,DMA_119,66.75533670220949,0,1
2024-10-20,DMA_120,64.20649410030407,0,0
2024-10-20,DMA_121,62.845895184605624,0,0
2024-10-20,DMA_122,56.00877810506292,0,0
2024-10-20,DMA_123,52.27463814364214,0,0
2024-10-20,DMA_124,53.94764734385204,0,0
2024-10-20,DMA_125,69.49968435348953,0,0
2024-10-20,DMA_126,54.99795826005821,0,0
2024-10-20,DMA_127,61.49698407940462,0,0
2024-10-20,DMA_128,52.85892503733064,0,0
2024-10-20,DMA_129,65.86342994406127,0,0
2024-10-20,DMA_130,59.77489070752619,0,1
2024-10-20,DMA_131,74.00814491865484,0,0
2024-10-20,DMA_132,69.76284074680015,0,1
2024-10-20,DMA_133,60.2962785763592,0,0
2024-10-20,DMA_134,56.32266355237965,0,0
2024-10-20,DMA_135,69.01093702802686,0,1
2024-10-20,DMA_136,54.82222034095374,0,0
2024-10-20,DMA_137,54.09942097164971,0,0
2024-10-20,DMA_138,57.34181534204649,0,1
2024-10-20,DMA_139,61.50786177595843,0,1
2024-10-20,DMA_140,55.6168715157265,0,0
2024-10-20,DMA_141,64.99511053178146,0,0
2024-10-20,DMA_142,58.684946409521515,0,1
2024-10-20,DMA_143,60.69203788098292,0,0
2024-10-20,DMA_144,59.37477677174251,0,0
2024-10-20,DMA_145,64.23630851862964,0,0
2024-10-20,DMA_146,67.5960541841405,0,0
2024-10-20,DMA_147,57.68004662557647,0,1
2024-10-20,DMA_148,62.20800216280793,0,0
2024-10-20,DMA_149,63.01449982936125,0,1
2024-10-20,DMA_150,57.218889348758175,0,0
2024-10-27,DMA_001,64.51409158123028,0,0
2024-10-27,DMA_002,74.68248693494705,0,0
2024-10-27,DMA_003,66.86351049340446,0,0
2024-10-27,DMA_004,63.476060829764265,0,0
2024-10-27,DMA_005,59.33264906989246,0,0
2024-10-27,DMA_006,68.74817319584731,0,0
2024-10-27,DMA_007,72.99973011042395,0,0
2024-10-27,DMA_008,55.330159048514474,0,0
2024-10-27,DMA_009,64.49003623504647,0,0
2024-10-27,DMA_010,65.44742930293643,0,0
2024-10-27,DMA_011,68.97243155048716,0,0
2024-10-27,DMA_012,54.571389661154804,0,0
2024-10-27,DMA_013,66.28999004830379,0,0
2024-10-27,DMA_014,56.3699193898057,0,0
2024-10-27,DMA_015,65.28428471238644,0,0
2024-10-27,DMA_016,67.54660129798366,0,1
2024-10-27,DMA_017,54.6696706068556,0,0
2024-10-27,DMA_018,63.636213169199664,0,0
2024-10-27,DMA_019,52.49905373266563,0,0
2024-10-27,DMA_020,59.08435188418875,0,0
2024-10-27,DMA_021,65.9137680058157,0,0
2024-10-27,DMA_022,68.3788235004141,0,1
2024-10-27,DMA_023,61.151830851942606,0,0
2024-10-27,DMA_024,62.71108430819853,0,0
2024-10-27,DMA_025,59.479348371053185,0,0
2024-10-27,DMA_026,58.98496149674985,0,0
2024-10-27,DMA_027,70.84513240500884,0,0
2024-10-27,DMA_028,60.992614156010404,0,0
2024-10-27,DMA_029,58.59808456119321,0,0
2024-10-27,DMA_030,63.061267168518135,0,0
2024-10-27,DMA_031,55.85157524966911,0,0
2024-10-27,DMA_032,59.390041947400285,0,0
2024-10-27,DMA_033,60.398553529843525,0,0
2024-10-27,DMA_034,51.24342898556535,0,0
2024-10-27,DMA_035,49.198704249007264,0,0
2024-10-27,DMA_036,51.30656467059657,0,0
2024-10-27,DMA_037,74.96876496584622,0,0
2024-10-27,DMA_038,60.43664230890578,0,0
2024-10-27,DMA_039,63.97800676797183,0,0
2024-10-27,DMA_040,66.13276487108826,0,0
2024-10-27,DMA_041,65.90585487630091,0,1
2024-10-27,DMA_042,56.032568587781206,0,0
2024-10-27,DMA_043,70.04058969624546,0,0
2024-10-27,DMA_044,60.156502596108034,0,0
2024-10-27,DMA_045,58.259171096038,0,0
2024-10-27,DMA_046,64.5780960095752,0,0
2024-10-27,DMA_047,69.97398558706608,0,0
2024-10-27,DMA_048,56.49542456525148,0,1
2024-10-27,DMA_049,57.73496109479082,0,0
2024-10-27,DMA_050,66.45171597433038,0,0
2024-10-27,DMA_051,72.0448043547353,0,0
2024-10-27,DMA_052,62.429935112302395,0,1
2024-10-27,DMA_053,77.21097057721246,0,1
2024-10-27,DMA_054,63.46521825828171,0,0
2024-10-27,DMA_055,63.41470524867701,0,0
2024-10-27,DMA_056,65.6492806044411,0,0
2024-10-27,DMA_057,54.45321904287743,0,0
2024-10-27,DMA_058,70.39255173787198,0,0
2024-10-27,DMA_059,60.26544722672817,0,1
2024-10-27,DMA_060,69.66994212719541,0,0
2024-10-27,DMA_061,65.96142650017826,0,0
2024-10-27,DMA_062,67.26712343335268,0,1
2024-10-27,DMA_063,48.079811225646736,0,0
2024-10-27,DMA_064,58.49117134068193,0,0
2024-10-27,DMA_065,69.5903910735169,0,1
2024-10-27,DMA_066,52.91326227698353,0,0
2024-10-27,DMA_067,58.15677892719743,0,0
2024-10-27,DMA_068,61.32402084910417,0,0
2024-10-27,DMA_069,64.41855339425342,0,1
2024-10-27,DMA_070,53.61969650316303,0,0
2024-10-27,DMA_071,62.68187245196385,0,0
2024-10-27,DMA_072,63.790641367502275,0,1
2024-10-27,DMA_073,56.61467820651608,0,0
2024-10-27,DMA_074,73.33370116444411,0,1
2024-10-27,DMA_075,67.00719178442733,0,1
2024-10-27,DMA_076,68.51316931993493,0,0
2024-10-27,DMA_077,60.09756951957087,0,0
2024-10-27,DMA_078,59.76451439695868,0,0
2024-10-27,DMA_079,66.70947622283546,0,0
2024-10-27,DMA_080,65.51409778083418,0,0
2024-10-27,DMA_081,64.13778833281778,0,0
2024-10-27,DMA_082,67.37589988828306,0,0
2024-10-27,DMA_083,58.07755196030341,0,0
2024-10-27,DMA_084,62.61403460635826,0,0
2024-10-27,DMA_085,69.78496155071295,0,0
2024-10-27,DMA_086,70.41206655020981,0,0
2024-10-27,DMA_087,53.50119163477837,0,0
2024-10-27,DMA_088,69.79461691333255,0,1
2024-10-27,DMA_089,57.64549176478957,0,0
2024-10-27,DMA_090,58.000677627239995,0,0
2024-10-27,DMA_091,61.71715600440657,0,0
2024-10-27,DMA_092,53.083564768352815,0,1
2024-10-27,DMA_093,73.19692340718932,0,0
2024-10-27,DMA_094,48.60875726357351,0,0
2024-10-27,DMA_095,59.85032357473323,0,1
2024-10-27,DMA_096,74.61561900135871,0,0
2024-10-27,DMA_097,70.23701730930466,0,0
2024-10-27,DMA_098,65.70468062366447,0,0
2024-10-27,DMA_099,68.98629384045145,0,1
2024-10-27,DMA_100,75.23909736922765,0,0
2024-10-27,DMA_101,49.25422814718776,0,0
2024-10-27,DMA_102,60.815897826673506,0,0
2024-10-27,DMA_103,56.925154805294355,0,0
2024-10-27,DMA_104,58.61385081718469,0,0
2024-10-27,DMA_105,64.30484135391609,0,0
2024-10-27,DMA_106,53.52489364084822,0,0
2024-10-27,DMA_107,68.78453811755324,0,1
2024-10-27,DMA_108,61.08341927411201,0,0
2024-10-27,DMA_109,65.13120231732505,0,0
2024-10-27,DMA_110,63.44285517099039,0,0
2024-10-27,DMA_111,55.984463114434476,0,0
2024-10-27,DMA_112,73.77310308536548,0,0
2024-10-27,DMA_113,77.19785576908676,0,0
2024-10-27,DMA_114,63.57459462149883,0,0
2024-10-27,DMA_115,64.30368963876167,0,1
2024-10-27,DMA_116,58.8794827271197,0,0
2024-10-27,DMA_117,68.8318994001275,0,0
2024-10-27,DMA_118,59.853009974522166,0,0
2024-10-27,DMA_119,57.67154928292277,0,0
2024-10-27,DMA_120,77.42268644977092,0,0
2024-10-27,DMA_121,77.59834458320675,0,0
2024-10-27,DMA_122,66.36109989688751,0,0
2024-10-27,DMA_123,69.42314847808878,0,0
2024-10-27,DMA_124,67.1258918691382,0,1
2024-10-27,DMA_125,72.05620419768879,0,1
2024-10-27,DMA_126,63.505410792271256,0,0
2024-10-27,DMA_127,54.5689786164218,0,0
2024-10-27,DMA_128,54.39555092189262,0,0
2024-10-27,DMA_129,61.59621283008435,0,0
2024-10-27,DMA_130,65.65313367920938,0,0
2024-10-27,DMA_131,69.221798768073,0,0
2024-10-27,DMA_132,66.33326046941593,0,0
2024-10-27,DMA_133,63.42054898189179,0,0
2024-10-27,DMA_134,75.43856587253087,0,0
2024-10-27,DMA_135,63.74336158088318,0,0
2024-10-27,DMA_136,65.84202911711377,0,0
2024-10-27,DMA_137,83.3089202969787,0,0
2024-10-27,DMA_138,55.683469588520396,0,0
2024-10-27,DMA_139,67.42492436693057,0,0
2024-10-27,DMA_140,66.93248229146069,0,0
2024-10-27,DMA_141,62.03211215510652,0,0
2024-10-27,DMA_142,57.01701694792219,0,0
2024-10-27,DMA_143,63.42289332097684,0,0
2024-10-27,DMA_144,58.449985405126704,0,0
2024-10-27,DMA_145,66.34338506824763,0,0
2024-10-27,DMA_146,62.484423823430696,0,0
2024-10-27,DMA_147,63.212767035003594,0,0
2024-10-27,DMA_148,56.19850088164917,0,0
2024-10-27,DMA_149,59.7705706457982,0,0
2024-10-27,DMA_150,58.5311392221662,0,0
2024-11-03,DMA_001,64.7888349592502,0,0
2024-11-03,DMA_002,68.06606319503508,0,1
2024-11-03,DMA_003,72.44138368765148,0,1
2024-11-03,DMA_004,68.28032253703383,0,1
2024-11-03,DMA_005,69.59289425568457,0,0
2024-11-03,DMA_006,73.3660840639514,0,0
2024-11-03,DMA_007,56.32072308206637,0,1
2024-11-03,DMA_008,74.81869823715037,0,1
2024-11-03,DMA_009,72.75466415765253,0,0
2024-11-03,DMA_010,66.07739797923432,0,0
2024-11-03,DMA_011,77.91069276329549,0,0
2024-11-03,DMA_012,73.6185466780131,0,0
2024-11-03,DMA_013,68.48358690485283,0,1
2024-11-03,DMA_014,75.53005544524932,0,0
2024-11-03,DMA_015,67.89753950998946,0,0
2024-11-03,DMA_016,68.12572613236333,0,0
2024-11-03,DMA_017,70.05167028983767,0,0
2024-11-03,DMA_018,73.75726359317707,0,0
2024-11-03,DMA_019,63.04994309594868,0,0
2024-11-03,DMA_020,73.47745802809122,0,0
2024-11-03,DMA_021,70.43914953536107,0,0
2024-11-03,DMA_022,61.03525080084301,0,0
2024-11-03,DMA_023,65.49793431373719,0,0
2024-11-03,DMA_024,69.08460597941537,0,0
2024-11-03,DMA_025,66.03320816366605,0,0
2024-11-03,DMA_026,71.65606106531692,0,0
2024-11-03,DMA_027,59.65821526020652,0,0
2024-11-03,DMA_028,64.9963550827016,0,0
2024-11-03,DMA_029,74.2971509345124,0,0
2024-11-03,DMA_030,60.56620023982961,0,0
2024-11-03,DMA_031,63.90391011699659,0,0
2024-11-03,DMA_032,67.83719299073356,0,0
2024-11-03,DMA_033,75.17177176980918,0,0
2024-11-03,DMA_034,66.45836827483427,0,0
2024-11-03,DMA_035,76.01427659951705,0,0
2024-11-03,DMA_036,60.03827468667725,0,0
2024-11-03,DMA_037,61.76683303442833,0,1
2024-11-03,DMA_038,66.84263817613072,0,0
2024-11-03,DMA_039,76.04903509675297,0,0
2024-11-03,DMA_040,63.66761676579822,0,1
2024-11-03,DMA_041,76.26467471299999,0,0
2024-11-03,DMA_042,66.5610095468055,0,0
2024-11-03,DMA_043,63.313675994744656,0,0
2024-11-03,DMA_044,69.70748793874422,0,0
2024-11-03,DMA_045,67.46054948849235,0,0
2024-11-03,DMA_046,63.48174746919902,0,0
2024-11-03,DMA_047,61.80912941439297,0,0
2024-11-03,DMA_048,63.76650052144741,0,0
2024-11-03,DMA_049,69.00877020108523,0,0
2024-11-03,DMA_050,67.48113010731807,0,0
2024-11-03,DMA_051,61.51798204683155,0,0
2024-11-03,DMA_052,55.543567077260334,0,0
2024-11-03,DMA_053,77.48600634713598,0,0
2024-11-03,DMA_054,55.72077363355649,0,0
2024-11-03,DMA_055,71.08866249805459,0,0
2024-11-03,DMA_056,62.58822244858425,0,0
2024-11-03,DMA_057,72.02183855758601,0,0
2024-11-03,DMA_058,68.47067982654895,0,0
2024-11-03,DMA_059,67.76183967270116,0,0
2024-11-03,DMA_060,64.49108161247595,0,0
2024-11-03,DMA_061,71.09508699068013,0,0
2024-11-03,DMA_062,67.26659512772324,0,1
2024-11-03,DMA_063,74.97221925405233,0,0
2024-11-03,DMA_064,58.908511136750704,0,0
2024-11-03,DMA_065,71.04964055234232,0,0
2024-11-03,DMA_066,59.87995596008045,0,0
2024-11-03,DMA_067,60.45989417634498,0,1
2024-11-03,DMA_068,68.06602215649053,0,0
2024-11-03,DMA_069,61.994291527544945,0,0
2024-11-03,DMA_070,65.58942101480909,0,0
2024-11-03,DMA_071,72.76475282409353,0,0
2024-11-03,DMA_072,75.72399467628833,0,0
2024-11-03,DMA_073,61.75015498061436,0,0
2024-11-03,DMA_074,61.533104688621286,0,0
2024-11-03,DMA_075,66.15674937808114,0,0
2024-11-03,DMA_076,74.73962407230484,0,0
2024-11-03,DMA_077,69.12445598557704,0,0
2024-11-03,DMA_078,60.08176666102844,0,1
2024-11-03,DMA_079,62.770935700159285,0,0
2024-11-03,DMA_080,67.38637140497484,0,0
2024-11-03,DMA_081,69.59305581517827,0,1
2024-11-03,DMA_082,58.412323550959016,0,0
2024-11-03,DMA_083,78.55252523409777,0,1
2024-11-03,DMA_084,60.91251173021786,0,0
2024-11-03,DMA_085,70.25704474306657,0,0
2024-11-03,DMA_086,62.26821382665702,0,0
2024-11-03,DMA_087,66.89660494210075,0,0
2024-11-03,DMA_088,67.17414132138964,0,0
2024-11-03,DMA_089,66.57198946715114,0,0
2024-11-03,DMA_090,72.50281982283515,0,1
2024-11-03,DMA_091,57.13065006236894,0,0
2024-11-03,DMA_092,56.56571983330976,0,0
2024-11-03,DMA_093,70.8168751040691,0,0
2024-11-03,DMA_094,56.692921169471994,0,0
2024-11-03,DMA_095,63.18570670338054,0,0
2024-11-03,DMA_096,61.47491641875619,0,1
2024-11-03,DMA_097,71.68387987161529,0,1
2024-11-03,DMA_098,65.59288938532026,0,0
2024-11-03,DMA_099,78.98450377974453,0,0
2024-11-03,DMA_100,62.47091558233833,0,0
2024-11-03,DMA_101,66.26162039331577,0,0
2024-11-03,DMA_102,62.113652550712715,0,1
2024-11-03,DMA_103,68.89116860056541,0,0
2024-11-03,DMA_104,69.22799710724134,0,0
2024-11-03,DMA_105,66.36370347995609,0,0
2024-11-03,DMA_106,66.8004285843816,0,0
2024-11-03,DMA_107,68.06320966182611,0,0
2024-11-03,DMA_108,68.90878873315474,0,0
2024-11-03,DMA_109,72.96434862223056,0,1
2024-11-03,DMA_110,74.52367216688586,0,0
2024-11-03,DMA_111,58.35602287472995,0,0
2024-11-03,DMA_112,56.456963654130234,0,0
2024-11-03,DMA_113,69.52764924491953,0,0
2024-11-03,DMA_114,72.4069011606897,0,0
2024-11-03,DMA_115,53.686078635605696,0,0
2024-11-03,DMA_116,63.26006899376963,0,0
2024-11-03,DMA_117,79.63398140733862,0,0
2024-11-03,DMA_118,71.29130850404542,0,1
2024-11-03,DMA_119,63.62283083018445,0,0
2024-11-03,DMA_120,64.35518706557903,0,0
2024-11-03,DMA_121,70.93388622974535,0,0
2024-11-03,DMA_122,65.87591807684595,0,0
2024-11-03,DMA_123,71.4399441220735,0,0
2024-11-03,DMA_124,69.13729305089105,0,0
2024-11-03,DMA_125,71.96283521510782,0,0
2024-11-03,DMA_126,67.88819478290276,0,0
2024-11-03,DMA_127,62.916892510142716,0,0
2024-11-03,DMA_128,61.39517385065171,0,1
2024-11-03,DMA_129,68.54015350358937,0,0
2024-11-03,DMA_130,68.36421075769259,0,0
2024-11-03,DMA_131,57.22690115225791,0,0
2024-11-03,DMA_132,66.63801633233028,0,0
2024-11-03,DMA_133,64.58168252826805,0,0
2024-11-03,DMA_134,67.10587834100417,0,0
2024-11-03,DMA_135,60.948730022607656,0,0
2024-11-03,DMA_136,57.81009299921298,0,0
2024-11-03,DMA_137,75.20385956926542,0,0
2024-11-03,DMA_138,69.6048259311577,0,1
2024-11-03,DMA_139,68.42317279682429,0,0
2024-11-03,DMA_140,60.501182513997,0,0
2024-11-03,DMA_141,58.161178015625566,0,1
2024-11-03,DMA_142,68.20515444153801,0,0
2024-11-03,DMA_143,74.19249601791424,0,1
2024-11-03,DMA_144,62.43584551819031,0,0
2024-11-03,DMA_145,68.23573912849322,0,0
2024-11-03,DMA_146,67.97123016773648,0,0
2024-11-03,DMA_147,53.76046961121808,0,0
2024-11-03,DMA_148,60.17443382246184,0,1
2024-11-03,DMA_149,67.0550067162713,0,0
2024-11-03,DMA_150,63.7112909123593,0,1
2024-11-10,DMA_001,59.96997852924515,0,0
2024-11-10,DMA_002,71.98182916356289,0,0
2024-11-10,DMA_003,70.48320782409063,0,0
2024-11-10,DMA_004,67.6116864318427,0,1
2024-11-10,DMA_005,72.99612940254431,0,0
2024-11-10,DMA_006,75.43744640625545,0,0
2024-11-10,DMA_007,65.0992071188366,0,1
2024-11-10,DMA_008,65.37340414659212,0,0
2024-11-10,DMA_009,66.74689970558765,0,0
2024-11-10,DMA_010,76.25605313168994,0,0
2024-11-10,DMA_011,75.14919192931835,0,0
2024-11-10,DMA_012,59.575801388295744,0,0
2024-11-10,DMA_013,60.60618439303927,0,0
2024-11-10,DMA_014,72.17901270660053,0,1
2024-11-10,DMA_015,81.57001810943687,0,1
2024-11-10,DMA_016,76.97966436820826,0,0
2024-11-10,DMA_017,65.01433552921038,0,0
2024-11-10,DMA_018,64.6276939669157,0,1
2024-11-10,DMA_019,66.20868151094582,0,1
2024-11-10,DMA_020,73.64883310721828,0,0
2024-11-10,DMA_021,68.58539302573483,0,0
2024-11-10,DMA_022,69.62221157241687,0,0
2024-11-10,DMA_023,72.48514518948852,0,0
2024-11-10,DMA_024,67.51626527758229,0,0
2024-11-10,DMA_025,64.01976822325597,0,0
2024-11-10,DMA_026,71.46497085104248,0,1
2024-11-10,DMA_027,58.33463372023535,0,0
2024-11-10,DMA_028,64.33875827608028,0,1
2024-11-10,DMA_029,71.41366932846208,0,0
2024-11-10,DMA_030,60.12410246523066,0,0
2024-11-10,DMA_031,65.0016276704161,0,0
2024-11-10,DMA_032,64.06141661920857,0,0
2024-11-10,DMA_033,65.62565911869268,0,0
2024-11-10,DMA_034,70.95243158622013,0,0
2024-11-10,DMA_035,72.35610926168246,0,0
2024-11-10,DMA_036,61.53383111982535,0,0
2024-11-10,DMA_037,65.84004944275449,0,0
2024-11-10,DMA_038,82.01352086785343,0,0
2024-11-10,DMA_039,68.22341968900993,0,0
2024-11-10,DMA_040,65.08424504926924,0,0
2024-11-10,DMA_041,70.18703077169455,0,0
2024-11-10,DMA_042,71.29848832607738,0,1
2024-11-10,DMA_043,70.63716170770377,0,0
2024-11-10,DMA_044,71.62950372522744,0,0
2024-11-10,DMA_045,67.07391609363387,0,1
2024-11-10,DMA_046,63.76647099295187,0,0
2024-11-10,DMA_047,59.21348706241828,0,0
2024-11-10,DMA_048,65.03987526942662,0,1
2024-11-10,DMA_049,75.44631123988253,0,0
2024-11-10,DMA_050,77.06613490559506,0,0
2024-11-10,DMA_051,71.90920084320047,0,0
2024-11-10,DMA_052,64.64758238989543,0,0
2024-11-10,DMA_053,71.22455135805058,0,0
2024-11-10,DMA_054,61.923048754433474,0,0
2024-11-10,DMA_055,59.70378873327034,0,0
2024-11-10,DMA_056,63.9116296762092,0,0
2024-11-10,DMA_057,72.10980613938426,0,0
2024-11-10,DMA_058,61.82291283537435,0,0
2024-11-10,DMA_059,64.55349657718698,0,0
2024-11-10,DMA_060,77.19717407187727,0,0
2024-11-10,DMA_061,79.02294499161772,0,0
2024-11-10,DMA_062,65.26361373318596,0,0
2024-11-10,DMA_063,60.56848762671905,0,0
2024-11-10,DMA_064,70.29423131304003,0,0
2024-11-10,DMA_065,66.62259276199714,0,0
2024-11-10,DMA_066,66.690671144775,0,0
2024-11-10,DMA_067,80.78685302859111,0,0
2024-11-10,DMA_068,69.77568891814325,0,1
2024-11-10,DMA_069,63.74245711163341,0,0
2024-11-10,DMA_070,71.22030483491575,0,0
2024-11-10,DMA_071,69.87758583005731,0,0
2024-11-10,DMA_072,71.78536675924153,0,0
2024-11-10,DMA_073,69.97311054136169,0,0
2024-11-10,DMA_074,65.38206228306652,0,0
2024-11-10,DMA_075,71.26744613933502,0,0
2024-11-10,DMA_076,75.51516799091249,0,0
2024-11-10,DMA_077,83.81004104572023,0,0
2024-11-10,DMA_078,70.03679950058871,0,0
2024-11-10,DMA_079,76.71460785308508,0,0
2024-11-10,DMA_080,67.30683039995897,0,0
2024-11-10,DMA_081,73.52678806411667,0,0
2024-11-10,DMA_082,77.33824903665223,0,1
2024-11-10,DMA_083,78.42150214841956,0,0
2024-11-10,DMA_084,71.48080438208771,0,0
2024-11-10,DMA_085,63.76167883560576,0,1
2024-11-10,DMA_086,73.94382132235151,0,1
2024-11-10,DMA_087,60.57261307032463,0,0
2024-11-10,DMA_088,61.009947226517276,0,0
2024-11-10,DMA_089,71.8031143351495,0,1
2024-11-10,DMA_090,75.48627217184291,0,0
2024-11-10,DMA_091,79.7086823357006,0,0
2024-11-10,DMA_092,65.81984517049466,0,0
2024-11-10,DMA_093,61.591552816847326,0,0
2024-11-10,DMA_094,65.93218338599493,0,0
2024-11-10,DMA_095,66.55423267845309,0,1
2024-11-10,DMA_096,64.58153790083801,0,1
2024-11-10,DMA_097,62.63478891959921,0,1
2024-11-10,DMA_098,64.01823908008998,0,0
2024-11-10,DMA_099,76.4611324558761,0,0
2024-11-10,DMA_100,74.9281218127082,0,0
2024-11-10,DMA_101,72.6816845610447,0,0
2024-11-10,DMA_102,73.90659831383138,0,1
2024-11-10,DMA_103,80.35064695001293,0,0
2024-11-10,DMA_104,74.97488163528689,0,0
2024-11-10,DMA_105,66.07171094569455,0,0
2024-11-10,DMA_106,64.5167084579718,0,0
2024-11-10,DMA_107,74.32572388278064,0,0
2024-11-10,DMA_108,71.71787951824967,0,1
2024-11-10,DMA_109,76.26416878024966,0,0
2024-11-10,DMA_110,81.25265395909464,0,0
2024-11-10,DMA_111,70.52775853678806,0,0
2024-11-10,DMA_112,66.46844449004165,0,0
2024-11-10,DMA_113,78.8336249916698,0,0
2024-11-10,DMA_114,70.58136086468073,0,1
2024-11-10,DMA_115,57.7749585080581,0,0
2024-11-10,DMA_116,72.38696078674668,0,1
2024-11-10,DMA_117,72.50996843165609,0,0
2024-11-10,DMA_118,49.31308818090425,0,0
2024-11-10,DMA_119,83.13878659004301,0,1
2024-11-10,DMA_120,78.59441364379194,0,0
2024-11-10,DMA_121,73.0136613631675,0,0
2024-11-10,DMA_122,60.50645631957363,0,0
2024-11-10,DMA_123,70.24141051253564,0,0
2024-11-10,DMA_124,68.0352189903865,0,0
2024-11-10,DMA_125,63.840945560428466,0,0
2024-11-10,DMA_126,74.4064340437191,0,0
2024-11-10,DMA_127,69.40242644838854,0,0
2024-11-10,DMA_128,64.83190447442988,0,0
2024-11-10,DMA_129,66.51632479604442,0,0
2024-11-10,DMA_130,61.404837253954184,0,0
2024-11-10,DMA_131,72.24640232890142,0,1
2024-11-10,DMA_132,71.65138058045608,0,1
2024-11-10,DMA_133,75.6218797990782,0,0
2024-11-10,DMA_134,73.5274344941842,0,0
2024-11-10,DMA_135,77.290011247957,0,0
2024-11-10,DMA_136,71.63249019848726,0,0
2024-11-10,DMA_137,76.25770758607493,0,0
2024-11-10,DMA_138,82.50904517583305,0,0
2024-11-10,DMA_139,72.83615945249484,0,1
2024-11-10,DMA_140,67.09481018257881,0,0
2024-11-10,DMA_141,61.70156565064745,0,0
2024-11-10,DMA_142,58.70115408427425,0,0
2024-11-10,DMA_143,69.93596776221895,0,0
2024-11-10,DMA_144,72.94492968997173,0,0
2024-11-10,DMA_145,71.3818095229437,0,0
2024-11-10,DMA_146,60.91721731538365,0,0
2024-11-10,DMA_147,65.6580261265975,0,1
2024-11-10,DMA_148,64.01235176331713,0,0
2024-11-10,DMA_149,68.03896429730054,0,0
2024-11-10,DMA_150,69.9360555828303,0,0
2024-11-17,DMA_001,77.50721092713098,0,0
2024-11-17,DMA_002,73.14758915444258,0,0
2024-11-17,DMA_003,61.14401436571613,0,0
2024-11-17,DMA_004,77.89863298053494,0,1
2024-11-17,DMA_005,80.74754747370045,0,0
2024-11-17,DMA_006,73.05770636847348,0,0
2024-11-17,DMA_007,72.00686872434095,0,0
2024-11-17,DMA_008,64.7136809302422,0,0
2024-11-17,DMA_009,65.74174326273841,0,0
2024-11-17,DMA_010,76.20392452231923,0,0
2024-11-17,DMA_011,73.43112713074974,0,0
2024-11-17,DMA_012,74.010327685739,0,0
2024-11-17,DMA_013,67.18297663480367,0,0
2024-11-17,DMA_014,68.75935466909237,0,0
2024-11-17,DMA_015,69.46065271846567,0,0
2024-11-17,DMA_016,69.23870516838534,0,1
2024-11-17,DMA_017,75.63928054191454,0,0
2024-11-17,DMA_018,80.45009770123261,0,0
2024-11-17,DMA_019,62.65969910946312,0,0
2024-11-17,DMA_020,65.54401591102459,0,0
2024-11-17,DMA_021,68.67441925840706,0,0
2024-11-17,DMA_022,72.71607330497656,0,0
2024-11-17,DMA_023,69.7696755528882,0,0
2024-11-17,DMA_024,77.20196282053654,0,0
2024-11-17,DMA_025,71.61653106673305,0,0
2024-11-17,DMA_026,74.0376232474006,0,0
2024-11-17,DMA_027,71.58142615535574,0,0
2024-11-17,DMA_028,73.84122354773227,0,0
2024-11-17,DMA_029,77.37535244911581,0,0
2024-11-17,DMA_030,69.11362552814934,0,0
2024-11-17,DMA_031,60.10984115396293,0,0
2024-11-17,DMA_032,67.4889973926779,0,0
2024-11-17,DMA_033,77.14369673445873,0,0
2024-11-17,DMA_034,71.36727307639251,0,0
2024-11-17,DMA_035,77.72657933883839,0,0
2024-11-17,DMA_036,69.96941891937651,0,0
2024-11-17,DMA_037,72.99948574936703,0,0
2024-11-17,DMA_038,65.0774655234714,0,0
2024-11-17,DMA_039,71.81424040048373,0,0
2024-11-17,DMA_040,73.5012884301237,0,0
2024-11-17,DMA_041,75.18141292240527,0,0
2024-11-17,DMA_042,71.0199692966927,0,0
2024-11-17,DMA_043,65.2631309543129,0,0
2024-11-17,DMA_044,75.5514312717008,0,0
2024-11-17,DMA_045,71.39334115068729,0,0
2024-11-17,DMA_046,77.73063068261776,0,0
2024-11-17,DMA_047,69.42538881440672,0,0
2024-11-17,DMA_048,61.15459307455126,0,0
2024-11-17,DMA_049,71.53625285756122,0,0
2024-11-17,DMA_050,69.5322644960705,0,0
2024-11-17,DMA_051,69.13332279314176,0,0
2024-11-17,DMA_052,77.82827526635094,0,0
2024-11-17,DMA_053,59.1020455560611,0,0
2024-11-17,DMA_054,77.81552582197192,0,0
2024-11-17,DMA_055,78.11007806211435,0,0
2024-11-17,DMA_056,77.11579298815208,0,0
2024-11-17,DMA_057,66.29707668815037,0,0
2024-11-17,DMA_058,71.45928596127077,0,0
2024-11-17,DMA_059,65.94862877078148,0,0
2024-11-17,DMA_060,70.22592025244172,0,0
2024-11-17,DMA_061,62.67930208632788,0,0
2024-11-17,DMA_062,66.30996968918987,0,0
2024-11-17,DMA_063,74.39877767596634,0,0
2024-11-17,DMA_064,78.47593500323072,0,0
2024-11-17,DMA_065,73.03109437869952,0,0
2024-11-17,DMA_066,71.44887053161143,0,0
2024-11-17,DMA_067,77.12548602284011,0,0
2024-11-17,DMA_068,61.50135879669915,0,0
2024-11-17,DMA_069,72.65151278019327,0,0
2024-11-17,DMA_070,68.41246765946772,0,0
2024-11-17,DMA_071,60.05356861326071,0,0
2024-11-17,DMA_072,73.19875536150403,0,0
2024-11-17,DMA_073,64.12027549258944,0,0
2024-11-17,DMA_074,66.65786171782206,0,0
2024-11-17,DMA_075,71.26738460802923,0,0
2024-11-17,DMA_076,77.72995106072175,0,0
2024-11-17,DMA_077,76.1899602434023,0,0
2024-11-17,DMA_078,67.03085161999272,0,0
2024-11-17,DMA_079,66.83699372772443,0,1
2024-11-17,DMA_080,66.63272307652414,0,0
2024-11-17,DMA_081,74.61306215612456,0,0
2024-11-17,DMA_082,75.28497266847383,0,0
2024-11-17,DMA_083,71.96532265858312,0,0
2024-11-17,DMA_084,74.8107532490235,0,0
2024-11-17,DMA_085,66.41270465753004,0,0
2024-11-17,DMA_086,74.02347170132826,0,0
2024-11-17,DMA_087,69.79947423136356,0,1
2024-11-17,DMA_088,77.56638493279459,0,0
2024-11-17,DMA_089,63.61361984969693,0,0
2024-11-17,DMA_090,75.07779375442543,0,1
2024-11-17,DMA_091,73.34120154553071,0,0
2024-11-17,DMA_092,66.4527051052181,0,0
2024-11-17,DMA_093,66.07816028472563,0,0
2024-11-17,DMA_094,81.01813452474929,0,0
2024-11-17,DMA_095,77.19071797717753,0,0
2024-11-17,DMA_096,73.05666015894568,0,0
2024-11-17,DMA_097,73.41093797411651,0,0
2024-11-17,DMA_098,68.22669636741647,0,0
2024-11-17,DMA_099,72.7724669176923,0,0
2024-11-17,DMA_100,73.36380105182945,0,0
2024-11-17,DMA_101,81.41376318710039,0,1
2024-11-17,DMA_102,74.91576540275608,0,0
2024-11-17,DMA_103,80.70871850257866,0,0
2024-11-17,DMA_104,63.83849863085725,0,0
2024-11-17,DMA_105,83.94623859496966,0,0
2024-11-17,DMA_106,77.39594610639675,0,0
2024-11-17,DMA_107,61.658207636751996,0,1
2024-11-17,DMA_108,67.72155040843242,0,1
2024-11-17,DMA_109,63.78267481597907,0,0
2024-11-17,DMA_110,67.9983526068195,0,0
2024-11-17,DMA_111,73.77263372729568,0,0
2024-11-17,DMA_112,61.888600152093055,0,0
2024-11-17,DMA_113,65.75070748433735,0,1
2024-11-17,DMA_114,64.5573883683879,0,0
2024-11-17,DMA_115,71.4741519955422,0,1
2024-11-17,DMA_116,66.47043719355929,0,0
2024-11-17,DMA_117,73.44215110994504,0,1
2024-11-17,DMA_118,66.24049750448359,0,0
2024-11-17,DMA_119,72.97841521247281,0,0
2024-11-17,DMA_120,69.52298314542325,0,0
2024-11-17,DMA_121,78.12949052001451,0,0
2024-11-17,DMA_122,67.76478694857737,0,1
2024-11-17,DMA_123,67.79191786229003,0,1
2024-11-17,DMA_124,71.68437707643413,0,0
2024-11-17,DMA_125,74.79603300826723,0,1
2024-11-17,DMA_126,81.50195645839818,0,1
2024-11-17,DMA_127,77.83788993638971,0,0
2024-11-17,DMA_128,71.63275842551393,0,0
2024-11-17,DMA_129,62.51077570978517,0,0
2024-11-17,DMA_130,78.1006298445363,0,0
2024-11-17,DMA_131,66.70730201458694,0,0
2024-11-17,DMA_132,73.98137640363475,0,0
2024-11-17,DMA_133,74.80938348713855,0,0
2024-11-17,DMA_134,77.52275541221046,0,0
2024-11-17,DMA_135,67.25954155677745,0,0
2024-11-17,DMA_136,65.9217930678459,0,0
2024-11-17,DMA_137,73.53779088335742,0,0
2024-11-17,DMA_138,69.93459547495429,0,1
2024-11-17,DMA_139,66.10893552688039,0,0
2024-11-17,DMA_140,86.14503087287137,0,0
2024-11-17,DMA_141,84.89595704109288,0,0
2024-11-17,DMA_142,69.73335031766777,0,1
2024-11-17,DMA_143,66.68691020873446,0,0
2024-11-17,DMA_144,74.35713499973647,0,0
2024-11-17,DMA_145,66.1442423658634,0,0
2024-11-17,DMA_146,77.62269627049747,0,0
2024-11-17,DMA_147,76.60834153043092,0,0
2024-11-17,DMA_148,62.42013791040068,0,0
2024-11-17,DMA_149,73.26730867159682,0,0
2024-11-17,DMA_150,66.65581412677102,0,0
2024-11-24,DMA_001,62.92247040531398,1,0
2024-11-24,DMA_002,72.00955217216352,1,0
2024-11-24,DMA_003,80.3795586115677,1,0
2024-11-24,DMA_004,75.77598386020045,1,0
2024-11-24,DMA_005,65.68527410826218,1,0
2024-11-24,DMA_006,76.52198936722844,1,0
2024-11-24,DMA_007,72.6334359674102,1,0
2024-11-24,DMA_008,68.22399733366092,1,0
2024-11-24,DMA_009,76.44406299797795,1,0
2024-11-24,DMA_010,60.77176333741907,1,0
2024-11-24,DMA_011,82.03843639560868,1,0
2024-11-24,DMA_012,78.61823475759581,1,0
2024-11-24,DMA_013,73.56419490551396,1,0
2024-11-24,DMA_014,73.91613569684395,1,0
2024-11-24,DMA_015,69.82092938422318,1,0
2024-11-24,DMA_016,68.66666024237531,1,1
2024-11-24,DMA_017,65.52674200495372,1,0
2024-11-24,DMA_018,71.96880667062291,1,0
2024-11-24,DMA_019,59.10556938407213,1,0
2024-11-24,DMA_020,74.42320409222238,1,0
2024-11-24,DMA_021,74.06473904597863,1,0
2024-11-24,DMA_022,77.92397617516217,1,1
2024-11-24,DMA_023,82.87188105907025,1,1
2024-11-24,DMA_024,75.94654176508999,1,0
2024-11-24,DMA_025,81.18357205120486,1,0
2024-11-24,DMA_026,78.10464934818248,1,1
2024-11-24,DMA_027,73.12438994958644,1,0
2024-11-24,DMA_028,84.18111794992883,1,0
2024-11-24,DMA_029,67.14890810610109,1,0
2024-11-24,DMA_030,78.7089160004617,1,0
2024-11-24,DMA_031,64.92798382375462,1,0
2024-11-24,DMA_032,76.96726665688885,1,0
2024-11-24,DMA_033,78.61297193078308,1,0
2024-11-24,DMA_034,66.22204131099792,1,1
2024-11-24,DMA_035,80.61466078224656,1,0
2024-11-24,DMA_036,73.54901127438006,1,1
2024-11-24,DMA_037,76.42750184750281,1,0
2024-11-24,DMA_038,75.38931756745492,1,0
2024-11-24,DMA_039,78.12528864895826,1,0
2024-11-24,DMA_040,77.3939473948189,1,0
2024-11-24,DMA_041,71.06235626949183,1,0
2024-11-24,DMA_042,69.77624583846973,1,0
2024-11-24,DMA_043,78.09743534501305,1,1
2024-11-24,DMA_044,83.77232119883448,1,0
2024-11-24,DMA_045,75.94437537477359,1,1
2024-11-24,DMA_046,78.54117847408828,1,0
2024-11-24,DMA_047,74.63801310253132,1,0
2024-11-24,DMA_048,73.23141811792502,1,0
2024-11-24,DMA_049,60.666877332531044,1,1
2024-11-24,DMA_050,80.75478916449583,1,0
2024-11-24,DMA_051,72.83943253523114,1,0
2024-11-24,DMA_052,81.53714493798444,1,1
2024-11-24,DMA_053,79.42867991335712,1,0
2024-11-24,DMA_054,84.12535018946141,1,0
2024-11-24,DMA_055,66.62571044303533,1,0
2024-11-24,DMA_056,76.27402233926853,1,0
2024-11-24,DMA_057,73.60333589821552,1,0
2024-11-24,DMA_058,77.94918032859236,1,0
2024-11-24,DMA_059,76.32016613577402,1,0
2024-11-24,DMA_060,74.71286617265436,1,0
2024-11-24,DMA_061,66.55929157193421,1,0
2024-11-24,DMA_062,67.20742825850678,1,0
2024-11-24,DMA_063,82.19855857901038,1,1
2024-11-24,DMA_064,64.46019038350049,1,0
2024-11-24,DMA_065,65.79482250596885,1,1
2024-11-24,DMA_066,77.62113355723864,1,0
2024-11-24,DMA_067,75.41641210066891,1,0
2024-11-24,DMA_068,77.17195890399161,1,0
2024-11-24,DMA_069,76.47162104725732,1,0
2024-11-24,DMA_070,79.4625149183366,1,0
2024-11-24,DMA_071,65.54053486257392,1,0
2024-11-24,DMA_072,78.10722042431392,1,1
2024-11-24,DMA_073,80.06926045346269,1,1
2024-11-24,DMA_074,78.82833952743297,1,0
2024-11-24,DMA_075,67.71262526684211,1,0
2024-11-24,DMA_076,78.97522621731693,1,0
2024-11-24,DMA_077,76.86456253819783,1,0
2024-11-24,DMA_078,76.89275187057412,1,0
2024-11-24,DMA_079,71.1161852894275,1,0
2024-11-24,DMA_080,65.42623917738764,1,0
2024-11-24,DMA_081,64.00434214331334,1,0
2024-11-24,DMA_082,70.06847265322531,1,0
2024-11-24,DMA_083,78.12125938279341,1,0
2024-11-24,DMA_084,76.76146943149399,1,0
2024-11-24,DMA_085,67.77402630627235,1,0
2024-11-24,DMA_086,64.31149840989085,1,0
2024-11-24,DMA_087,62.884160154177856,1,1
2024-11-24,DMA_088,72.38949222291403,1,0
2024-11-24,DMA_089,72.50001830438713,1,0
2024-11-24,DMA_090,88.02592865039307,1,0
2024-11-24,DMA_091,78.00081277747152,1,0
2024-11-24,DMA_092,78.22380616386877,1,0
2024-11-24,DMA_093,80.7815357386928,1,0
2024-11-24,DMA_094,72.48716773896462,1,0
2024-11-24,DMA_095,76.34579435067725,1,0
2024-11-24,DMA_096,74.91907747191861,1,0
2024-11-24,DMA_097,64.34643062126281,1,0
2024-11-24,DMA_098,81.12748832964279,1,0
2024-11-24,DMA_099,69.08949406015651,1,0
2024-11-24,DMA_100,77.51871171222167,1,0
2024-11-24,DMA_101,78.62481917594377,1,0
2024-11-24,DMA_102,73.99473325109668,1,0
2024-11-24,DMA_103,78.25942479968418,1,0
2024-11-24,DMA_104,76.78775340327596,1,0
2024-11-24,DMA_105,59.36383243884509,1,0
2024-11-24,DMA_106,75.35516334016475,1,0
2024-11-24,DMA_107,86.43209599083262,1,1
2024-11-24,DMA_108,73.34093238867425,1,0
2024-11-24,DMA_109,86.46314252913845,1,0
2024-11-24,DMA_110,88.63914211676976,1,0
2024-11-24,DMA_111,74.25672170260576,1,0
2024-11-24,DMA_112,72.87349656107541,1,0
2024-11-24,DMA_113,87.25863237265187,1,0
2024-11-24,DMA_114,76.95893473609547,1,0
2024-11-24,DMA_115,63.67591373621357,1,0
2024-11-24,DMA_116,87.1882435817725,1,0
2024-11-24,DMA_117,81.24997491977697,1,0
2024-11-24,DMA_118,76.67961002780443,1,1
2024-11-24,DMA_119,69.51219201160828,1,0
2024-11-24,DMA_120,66.30576114795086,1,0
2024-11-24,DMA_121,89.87846489044918,1,0
2024-11-24,DMA_122,72.57012682596417,1,0
2024-11-24,DMA_123,71.31117574183715,1,0
2024-11-24,DMA_124,70.19356089652203,1,0
2024-11-24,DMA_125,73.37709608164081,1,0
2024-11-24,DMA_126,77.82161332240864,1,0
2024-11-24,DMA_127,64.45861622644175,1,0
2024-11-24,DMA_128,75.0809688106786,1,0
2024-11-24,DMA_129,71.24877949656371,1,0
2024-11-24,DMA_130,67.87819580318042,1,1
2024-11-24,DMA_131,66.1990778042598,1,0
2024-11-24,DMA_132,77.58373483265586,1,1
2024-11-24,DMA_133,72.67739509266563,1,0
2024-11-24,DMA_134,72.46236097173473,1,0
2024-11-24,DMA_135,71.72485860677929,1,1
2024-11-24,DMA_136,77.07470885307285,1,0
2024-11-24,DMA_137,72.95710615768624,1,0
2024-11-24,DMA_138,77.88250874670788,1,0
2024-11-24,DMA_139,74.47457557821656,1,0
2024-11-24,DMA_140,78.08364872795154,1,0
2024-11-24,DMA_141,75.24064614586068,1,1
2024-11-24,DMA_142,76.37314764732231,1,0
2024-11-24,DMA_143,72.41876978611279,1,0
2024-11-24,DMA_144,74.63530490520502,1,0
2024-11-24,DMA_145,74.18581380809572,1,0
2024-11-24,DMA_146,68.15019441217659,1,0
2024-11-24,DMA_147,71.59651019234539,1,0
2024-11-24,DMA_148,79.18556674784085,1,0
2024-11-24,DMA_149,81.09729552804464,1,0
2024-11-24,DMA_150,75.43855545399447,1,1
2024-12-01,DMA_001,71.54151734118894,0,1
2024-12-01,DMA_002,80.43858667928801,0,0
2024-12-01,DMA_003,74.9493167628828,0,0
2024-12-01,DMA_004,68.30012511808374,0,0
2024-12-01,DMA_005,69.04573901259695,0,0
2024-12-01,DMA_006,76.87257780604529,0,1
2024-12-01,DMA_007,68.2181484001721,0,0
2024-12-01,DMA_008,76.07348882900644,0,0
2024-12-01,DMA_009,75.99037473516216,0,0
2024-12-01,DMA_010,73.76325114425542,0,0
2024-12-01,DMA_011,86.7933838948469,0,0
2024-12-01,DMA_012,68.53606897919386,0,0
2024-12-01,DMA_013,78.65966724287573,0,0
2024-12-01,DMA_014,81.61161506009127,0,0
2024-12-01,DMA_015,78.57523839297151,0,0
2024-12-01,DMA_016,79.48045780600208,0,0
2024-12-01,DMA_017,79.90361238305515,0,1
2024-12-01,DMA_018,64.57723710524999,0,0
2024-12-01,DMA_019,81.97190721919607,0,0
2024-12-01,DMA_020,72.73857692754483,0,0
2024-12-01,DMA_021,69.15430138803433,0,0
2024-12-01,DMA_022,79.00240379900059,0,0
2024-12-01,DMA_023,69.37811919597125,0,0
2024-12-01,DMA_024,72.61680828924844,0,0
2024-12-01,DMA_025,80.615920259487,0,1
2024-12-01,DMA_026,82.33041024940324,0,0
2024-12-01,DMA_027,75.29606517354618,0,0
2024-12-01,DMA_028,73.78675316271087,0,1
2024-12-01,DMA_029,86.53962276561084,0,0
2024-12-01,DMA_030,73.92183439532943,0,0
2024-12-01,DMA_031,75.41325318901319,0,0
2024-12-01,DMA_032,84.08422546757926,0,0
2024-12-01,DMA_033,74.96337557875005,0,0
2024-12-01,DMA_034,77.40891784386427,0,0
2024-12-01,DMA_035,82.53140212444738,0,0
2024-12-01,DMA_036,72.06784135532214,0,0
2024-12-01,DMA_037,81.6768284250619,0,1
2024-12-01,DMA_038,72.03535389590587,0,1
2024-12-01,DMA_039,78.15667247574902,0,0
2024-12-01,DMA_040,80.18911455664787,0,0
2024-12-01,DMA_041,79.5228922317695,0,0
2024-12-01,DMA_042,66.30629188954771,0,1
2024-12-01,DMA_043,80.23395612723495,0,0
2024-12-01,DMA_044,78.5355627854,0,0
2024-12-01,DMA_045,73.70894538607493,0,0
2024-12-01,DMA_046,83.32196475517445,0,0
2024-12-01,DMA_047,74.67130208032336,0,0
2024-12-01,DMA_048,80.23555463112339,0,0
2024-12-01,DMA_049,70.47743127657708,0,0
2024-12-01,DMA_050,81.2867403931312,0,0
2024-12-01,DMA_051,78.35456203464543,0,0
2024-12-01,DMA_052,68.15300387435822,0,1
2024-12-01,DMA_053,77.8276900198134,0,0
2024-12-01,DMA_054,76.1023563000176,0,0
2024-12-01,DMA_055,84.73621111961711,0,0
2024-12-01,DMA_056,74.8560165264544,0,0
2024-12-01,DMA_057,80.30497551107734,0,0
2024-12-01,DMA_058,78.75036317955053,0,0
2024-12-01,DMA_059,77.5403956512105,0,1
2024-12-01,DMA_060,72.73408981066936,0,0
2024-12-01,DMA_061,78.05885112929018,0,0
2024-12-01,DMA_062,77.75122782036601,0,0
2024-12-01,DMA_063,80.64386727565916,0,0
2024-12-01,DMA_064,70.68602709092993,0,0
2024-12-01,DMA_065,86.33710965572553,0,0
2024-12-01,DMA_066,69.1331286375458,0,1
2024-12-01,DMA_067,77.7187042389167,0,0
2024-12-01,DMA_068,79.34950325294342,0,0
2024-12-01,DMA_069,87.38125499494741,0,0
2024-12-01,DMA_070,78.11469999428344,0,0
2024-12-01,DMA_071,70.20172851730308,0,0
2024-12-01,DMA_072,79.47804777618411,0,0
2024-12-01,DMA_073,74.0706571510806,0,1
2024-12-01,DMA_074,70.8843440886747,0,0
2024-12-01,DMA_075,82.00569656671631,0,0
2024-12-01,DMA_076,81.38594429441179,0,1
2024-12-01,DMA_077,79.53430605456545,0,0
2024-12-01,DMA_078,79.26555460824896,0,0
2024-12-01,DMA_079,75.20604260168274,0,0
2024-12-01,DMA_080,80.34072722296526,0,0
2024-12-01,DMA_081,73.39281832270147,0,0
2024-12-01,DMA_082,73.4666969726913,0,0
2024-12-01,DMA_083,77.36569494826072,0,0
2024-12-01,DMA_084,74.66682782532905,0,1
2024-12-01,DMA_085,74.86433663832318,0,0
2024-12-01,DMA_086,71.46543905545845,0,0
2024-12-01,DMA_087,75.58501184462233,0,0
2024-12-01,DMA_088,80.23260329116424,0,0
2024-12-01,DMA_089,68.53394490494163,0,1
2024-12-01,DMA_090,72.9469260579972,0,0
2024-12-01,DMA_091,70.29519724664945,0,0
2024-12-01,DMA_092,73.93168267283835,0,0
2024-12-01,DMA_093,73.65743928244342,0,0
2024-12-01,DMA_094,74.30735692509685,0,0
2024-12-01,DMA_095,83.00154951238372,0,0
2024-12-01,DMA_096,72.02136760052225,0,0
2024-12-01,DMA_097,84.49681586651243,0,0
2024-12-01,DMA_098,87.06373896826898,0,0
2024-12-01,DMA_099,80.87398299016348,0,0
2024-12-01,DMA_100,63.1443319770477,0,0
2024-12-01,DMA_101,87.07163707702722,0,0
2024-12-01,DMA_102,79.64299152178901,0,0
2024-12-01,DMA_103,83.0633866707299,0,0
2024-12-01,DMA_104,82.73876638481318,0,0
2024-12-01,DMA_105,77.86728266190492,0,1
2024-12-01,DMA_106,81.94558043157247,0,0
2024-12-01,DMA_107,77.9066115169463,0,0
2024-12-01,DMA_108,78.0752049272031,0,1
2024-12-01,DMA_109,74.8293419167998,0,0
2024-12-01,DMA_110,93.50077660909584,0,0
2024-12-01,DMA_111,77.9532836734533,0,1
2024-12-01,DMA_112,78.11039297252529,0,0
2024-12-01,DMA_113,83.7284782532682,0,0
2024-12-01,DMA_114,71.43518203401032,0,0
2024-12-01,DMA_115,69.04999510653087,0,0
2024-12-01,DMA_116,91.54403872609412,0,0
2024-12-01,DMA_117,68.98381376015871,0,0
2024-12-01,DMA_118,81.87631131340194,0,0
2024-12-01,DMA_119,86.0516627707909,0,0
2024-12-01,DMA_120,73.32343131766,0,0
2024-12-01,DMA_121,64.57771106694031,0,0
2024-12-01,DMA_122,74.20668795749258,0,0
2024-12-01,DMA_123,72.4690534796192,0,0
2024-12-01,DMA_124,83.2063966803187,0,1
2024-12-01,DMA_125,73.99400695917691,0,0
2024-12-01,DMA_126,61.13456057882567,0,0
2024-12-01,DMA_127,87.46452065232725,0,0
2024-12-01,DMA_128,81.30841288529757,0,0
2024-12-01,DMA_129,69.52619600043816,0,1
2024-12-01,DMA_130,81.74118260560105,0,0
2024-12-01,DMA_131,77.13093184583421,0,0
2024-12-01,DMA_132,74.19825047259002,0,0
2024-12-01,DMA_133,75.05139760557103,0,0
2024-12-01,DMA_134,76.68307371514545,0,0
2024-12-01,DMA_135,77.28709125534732,0,0
2024-12-01,DMA_136,80.13376864346182,0,1
2024-12-01,DMA_137,67.5721429021868,0,0
2024-12-01,DMA_138,75.19901632947644,0,0
2024-12-01,DMA_139,79.05868452745112,0,1
2024-12-01,DMA_140,72.90655176471616,0,0
2024-12-01,DMA_141,72.32482483272146,0,0
2024-12-01,DMA_142,73.53862166827625,0,0
2024-12-01,DMA_143,78.63583944293039,0,0
2024-12-01,DMA_144,77.93171250698289,0,0
2024-12-01,DMA_145,80.5548694759716,0,0
2024-12-01,DMA_146,75.4606627627178,0,1
2024-12-01,DMA_147,67.36753943606887,0,0
2024-12-01,DMA_148,75.9652731182377,0,1
2024-12-01,DMA_149,66.10613912276439,0,1
2024-12-01,DMA_150,71.03713394514367,0,1
2024-12-08,DMA_001,74.22534667021345,0,0
2024-12-08,DMA_002,69.68747381712595,0,1
2024-12-08,DMA_003,77.19826591622966,0,0
2024-12-08,DMA_004,76.7446927800833,0,0
2024-12-08,DMA_005,76.46042234909139,0,0
2024-12-08,DMA_006,70.94521838140676,0,1
2024-12-08,DMA_007,68.31603111360513,0,0
2024-12-08,DMA_008,69.67264692606079,0,1
2024-12-08,DMA_009,79.87683988401932,0,1
2024-12-08,DMA_010,80.06101515695688,0,0
2024-12-08,DMA_011,84.3999049467318,0,0
2024-12-08,DMA_012,81.14441581703457,0,0
2024-12-08,DMA_013,85.53316955192263,0,0
2024-12-08,DMA_014,78.12573185125635,0,0
2024-12-08,DMA_015,86.93342028882473,0,0
2024-12-08,DMA_016,83.5818535743904,0,0
2024-12-08,DMA_017,80.28736687693956,0,0
2024-12-08,DMA_018,65.47648989757742,0,0
2024-12-08,DMA_019,87.03435058040502,0,0
2024-12-08,DMA_020,73.92168913769375,0,0
2024-12-08,DMA_021,73.5675111110236,0,1
2024-12-08,DMA_022,71.4564677310593,0,0
2024-12-08,DMA_023,73.7313209345879,0,1
2024-12-08,DMA_024,86.18127073676143,0,1
2024-12-08,DMA_025,83.1017118755627,0,0
2024-12-08,DMA_026,73.23899182423777,0,0
2024-12-08,DMA_027,73.57200054139801,0,0
2024-12-08,DMA_028,81.311647665397,0,0
2024-12-08,DMA_029,69.24180469423591,0,0
2024-12-08,DMA_030,70.08776747426393,0,0
2024-12-08,DMA_031,81.71280468733823,0,0
2024-12-08,DMA_032,79.74170096470809,0,0
2024-12-08,DMA_033,70.565911504287,0,0
2024-12-08,DMA_034,69.89232477824527,0,0
2024-12-08,DMA_035,73.76517311432517,0,0
2024-12-08,DMA_036,78.42126154993898,0,0
2024-12-08,DMA_037,85.0927304930779,0,1
2024-12-08,DMA_038,78.32523112283175,0,1
2024-12-08,DMA_039,77.2961302463644,0,0
2024-12-08,DMA_040,78.54428132308088,0,0
2024-12-08,DMA_041,74.29204269375028,0,0
2024-12-08,DMA_042,69.20314256749046,0,0
2024-12-08,DMA_043,80.13913113984822,0,0
2024-12-08,DMA_044,78.35977018481495,0,0
2024-12-08,DMA_045,79.09690210191314,0,1
2024-12-08,DMA_046,79.51931149117716,0,0
2024-12-08,DMA_047,72.23337354793445,0,0
2024-12-08,DMA_048,76.70117787365848,0,0
2024-12-08,DMA_049,82.95622227022047,0,0
2024-12-08,DMA_050,72.77101903779547,0,0
2024-12-08,DMA_051,65.29779018473869,0,0
2024-12-08,DMA_052,86.45093716177053,0,0
2024-12-08,DMA_053,82.13239038806903,0,0
2024-12-08,DMA_054,73.47894600679807,0,0
2024-12-08,DMA_055,89.12750786748254,0,0
2024-12-08,DMA_056,77.85958906168266,0,0
2024-12-08,DMA_057,77.56623095413691,0,0
2024-12-08,DMA_058,77.7664237256358,0,0
2024-12-08,DMA_059,78.62916778362292,0,1
2024-12-08,DMA_060,84.79830149772754,0,0
2024-12-08,DMA_061,87.42205526980453,0,0
2024-12-08,DMA_062,80.40222144228272,0,0
2024-12-08,DMA_063,77.76686134321994,0,0
2024-12-08,DMA_064,69.46835342373343,0,0
2024-12-08,DMA_065,70.84291847423285,0,0
2024-12-08,DMA_066,84.58218679889914,0,0
2024-12-08,DMA_067,80.65907617800369,0,1
2024-12-08,DMA_068,78.75896046262886,0,1
2024-12-08,DMA_069,82.98407068541346,0,0
2024-12-08,DMA_070,80.49776822915702,0,0
2024-12-08,DMA_071,83.49555849532548,0,0
2024-12-08,DMA_072,73.66379052815816,0,0
2024-12-08,DMA_073,80.21051232781889,0,0
2024-12-08,DMA_074,82.83629954453728,0,0
2024-12-08,DMA_075,75.96973222768275,0,0
2024-12-08,DMA_076,71.24141564779592,0,0
2024-12-08,DMA_077,69.10925349393852,0,0
2024-12-08,DMA_078,68.53639777598403,0,0
2024-12-08,DMA_079,77.13162717919191,0,0
2024-12-08,DMA_080,74.87591091798788,0,0
2024-12-08,DMA_081,70.69432791335684,0,0
2024-12-08,DMA_082,82.04836639760823,0,0
2024-12-08,DMA_083,85.2495830730609,0,0
2024-12-08,DMA_084,76.78859605065843,0,0
2024-12-08,DMA_085,75.13396343288427,0,0
2024-12-08,DMA_086,81.7284032617279,0,0
2024-12-08,DMA_087,79.57211208836148,0,0
2024-12-08,DMA_088,75.68807533815979,0,0
2024-12-08,DMA_089,79.50402613741352,0,0
2024-12-08,DMA_090,78.82885137845852,0,0
2024-12-08,DMA_091,73.11333789300005,0,0
2024-12-08,DMA_092,86.27024557204909,0,0
2024-12-08,DMA_093,77.79433987775592,0,0
2024-12-08,DMA_094,80.96410297988164,0,0
2024-12-08,DMA_095,88.34676524998869,0,0
2024-12-08,DMA_096,79.2444197475218,0,0
2024-12-08,DMA_097,83.90292276759756,0,0
2024-12-08,DMA_098,80.35409889498213,0,0
2024-12-08,DMA_099,71.5664289904369,0,0
2024-12-08,DMA_100,75.96793680571793,0,0
2024-12-08,DMA_101,82.15911333152006,0,0
2024-12-08,DMA_102,73.54485671035043,0,1
2024-12-08,DMA_103,73.55774672884996,0,0
2024-12-08,DMA_104,77.22703719683331,0,0
2024-12-08,DMA_105,76.45254557702448,0,1
2024-12-08,DMA_106,79.77543824488777,0,0
2024-12-08,DMA_107,89.33319214745688,0,0
2024-12-08,DMA_108,81.82843296322018,0,0
2024-12-08,DMA_109,69.7057088773106,0,0
2024-12-08,DMA_110,78.87350447829435,0,0
2024-12-08,DMA_111,81.1453459186307,0,0
2024-12-08,DMA_112,80.20968370657383,0,0
2024-12-08,DMA_113,71.86424152582515,0,0
2024-12-08,DMA_114,74.06204041728223,0,0
2024-12-08,DMA_115,84.10826026343176,0,0
2024-12-08,DMA_116,85.67241998396236,0,1
2024-12-08,DMA_117,81.41337576829699,0,0
2024-12-08,DMA_118,74.21920891317883,0,0
2024-12-08,DMA_119,86.4255636839952,0,0
2024-12-08,DMA_120,79.79919473973665,0,1
2024-12-08,DMA_121,81.02713182884628,0,1
2024-12-08,DMA_122,77.86982902578723,0,0
2024-12-08,DMA_123,80.32462971937314,0,1
2024-12-08,DMA_124,83.04643970878976,0,0
2024-12-08,DMA_125,75.8686016180536,0,0
2024-12-08,DMA_126,76.4723705761345,0,0
2024-12-08,DMA_127,84.33008286326759,0,1
2024-12-08,DMA_128,68.8129968404678,0,1
2024-12-08,DMA_129,74.59067692568652,0,0
2024-12-08,DMA_130,73.09370940343274,0,0
2024-12-08,DMA_131,68.62024599974764,0,1
2024-12-08,DMA_132,82.78478020095577,0,1
2024-12-08,DMA_133,82.43432996181028,0,0
2024-12-08,DMA_134,77.29699404977532,0,0
2024-12-08,DMA_135,75.2650716734246,0,0
2024-12-08,DMA_136,70.71827741521525,0,0
2024-12-08,DMA_137,81.68927114921053,0,0
2024-12-08,DMA_138,89.325822489215,0,0
2024-12-08,DMA_139,72.8403028023298,0,0
2024-12-08,DMA_140,74.57111980702733,0,0
2024-12-08,DMA_141,78.76767855953617,0,0
2024-12-08,DMA_142,76.14612140795684,0,0
2024-12-08,DMA_143,81.69770899673092,0,0
2024-12-08,DMA_144,76.00727498716847,0,1
2024-12-08,DMA_145,72.21952121864885,0,0
2024-12-08,DMA_146,71.94678013181448,0,0
2024-12-08,DMA_147,83.73053902291798,0,0
2024-12-08,DMA_148,73.20395285422761,0,0
2024-12-08,DMA_149,79.67051041615284,0,1
2024-12-08,DMA_150,78.3491676580232,0,0
2024-12-15,DMA_001,68.09910789390202,0,0
2024-12-15,DMA_002,79.29907747675855,0,0
2024-12-15,DMA_003,82.66735501472158,0,0
2024-12-15,DMA_004,81.21557678841755,0,0
2024-12-15,DMA_005,92.40799606792314,0,0
2024-12-15,DMA_006,72.8506729932199,0,0
2024-12-15,DMA_007,76.05971599986081,0,0
2024-12-15,DMA_008,69.37088874338386,0,0
2024-12-15,DMA_009,80.91972305770743,0,0
2024-12-15,DMA_010,84.85712118914313,0,0
2024-12-15,DMA_011,86.90622695770111,0,0
2024-12-15,DMA_012,86.89996480892697,0,0
2024-12-15,DMA_013,82.4726463172048,0,0
2024-12-15,DMA_014,79.29483962004996,0,0
2024-12-15,DMA_015,86.49762412141658,0,1
2024-12-15,DMA_016,77.21723906123819,0,0
2024-12-15,DMA_017,95.98863136632684,0,0
2024-12-15,DMA_018,83.74795044284112,0,0
2024-12-15,DMA_019,73.89491555962032,0,0
2024-12-15,DMA_020,74.51357105611213,0,0
2024-12-15,DMA_021,82.15960702338802,0,1
2024-12-15,DMA_022,76.07035429755354,0,0
2024-12-15,DMA_023,74.4278788326196,0,0
2024-12-15,DMA_024,83.87074492605527,0,0
2024-12-15,DMA_025,73.95330511460804,0,0
2024-12-15,DMA_026,84.2707803546993,0,0
2024-12-15,DMA_027,75.56974359333489,0,0
2024-12-15,DMA_028,90.67702046763446,0,1
2024-12-15,DMA_029,79.52592037098277,0,1
2024-12-15,DMA_030,85.92074471644897,0,0
2024-12-15,DMA_031,79.23404724158713,0,0
2024-12-15,DMA_032,81.44915279268774,0,0
2024-12-15,DMA_033,72.32152228380806,0,0
2024-12-15,DMA_034,86.67174908993762,0,0
2024-12-15,DMA_035,83.29716059540915,0,1
2024-12-15,DMA_036,84.37070232853324,0,0
2024-12-15,DMA_037,80.75315100272815,0,0
2024-12-15,DMA_038,79.08561746374446,0,1
2024-12-15,DMA_039,72.7799219249211,0,0
2024-12-15,DMA_040,64.85294360851022,0,0
2024-12-15,DMA_041,66.49246920451498,0,0
2024-12-15,DMA_042,75.9325871768855,0,0
2024-12-15,DMA_043,83.2177884806385,0,0
2024-12-15,DMA_044,83.2562735235761,0,0
2024-12-15,DMA_045,80.85492723110099,0,0
2024-12-15,DMA_046,81.20620029389522,0,0
2024-12-15,DMA_047,78.23800243722653,0,0
2024-12-15,DMA_048,87.4417997036158,0,0
2024-12-15,DMA_049,77.09903028320025,0,0
2024-12-15,DMA_050,69.62555381951096,0,0
2024-12-15,DMA_051,81.80848531273536,0,0
2024-12-15,DMA_052,66.99925324184187,0,0
2024-12-15,DMA_053,82.16097529057876,0,0
2024-12-15,DMA_054,78.31371321400464,0,1
2024-12-15,DMA_055,84.64699716182287,0,0
2024-12-15,DMA_056,79.99680379957844,0,0
2024-12-15,DMA_057,76.95682678480809,0,0
2024-12-15,DMA_058,94.47007970421971,0,0
2024-12-15,DMA_059,84.08853837015772,0,0
2024-12-15,DMA_060,72.17816685981526,0,0
2024-12-15,DMA_061,84.1165203323207,0,0
2024-12-15,DMA_062,85.44423443115544,0,0
2024-12-15,DMA_063,79.48182528934237,0,0
2024-12-15,DMA_064,72.5397806141388,0,1
2024-12-15,DMA_065,83.98065888631434,0,1
2024-12-15,DMA_066,70.44023478812743,0,0
2024-12-15,DMA_067,80.99198229889537,0,0
2024-12-15,DMA_068,83.47329203023888,0,1
2024-12-15,DMA_069,66.29608727464836,0,1
2024-12-15,DMA_070,71.1830253852634,0,0
2024-12-15,DMA_071,81.68818086937998,0,0
2024-12-15,DMA_072,76.44284918828528,0,0
2024-12-15,DMA_073,71.61956054148806,0,1
2024-12-15,DMA_074,78.1241080374228,0,0
2024-12-15,DMA_075,72.4066698649277,0,0
2024-12-15,DMA_076,76.72235655773324,0,0
2024-12-15,DMA_077,75.35705442800057,0,0
2024-12-15,DMA_078,83.16504315992854,0,0
2024-12-15,DMA_079,76.1310926784231,0,0
2024-12-15,DMA_080,67.98802918740861,0,0
2024-12-15,DMA_081,84.82216882845816,0,0
2024-12-15,DMA_082,79.6599127815906,0,0
2024-12-15,DMA_083,81.45036218212988,0,0
2024-12-15,DMA_084,71.45732131791189,0,0
2024-12-15,DMA_085,73.44615046907474,0,0
2024-12-15,DMA_086,73.19797589367693,0,0
2024-12-15,DMA_087,69.48553365191705,0,1
2024-12-15,DMA_088,74.6100892148257,0,1
2024-12-15,DMA_089,83.19421889532299,0,0
2024-12-15,DMA_090,73.5954403670206,0,1
2024-12-15,DMA_091,77.7772633388543,0,0
2024-12-15,DMA_092,66.57195371339157,0,1
2024-12-15,DMA_093,74.1195593946043,0,0
2024-12-15,DMA_094,83.51743194685545,0,0
2024-12-15,DMA_095,65.24756738204415,0,0
2024-12-15,DMA_096,82.88051484977512,0,0
2024-12-15,DMA_097,66.12221168827608,0,0
2024-12-15,DMA_098,82.98268296521381,0,0
2024-12-15,DMA_099,79.17017023301626,0,0
2024-12-15,DMA_100,73.18391390493565,0,0
2024-12-15,DMA_101,69.70808039498722,0,0
2024-12-15,DMA_102,77.56636768512487,0,1
2024-12-15,DMA_103,72.61676732777825,0,0
2024-12-15,DMA_104,74.2268476245452,0,0
2024-12-15,DMA_105,71.30073246913709,0,0
2024-12-15,DMA_106,76.42945833837382,0,0
2024-12-15,DMA_107,80.63996008677663,0,0
2024-12-15,DMA_108,83.41287201960189,0,0
2024-12-15,DMA_109,66.96541624547983,0,0
2024-12-15,DMA_110,69.25039371908103,0,1
2024-12-15,DMA_111,71.76024447566168,0,0
2024-12-15,DMA_112,86.32668702921985,0,0
2024-12-15,DMA_113,81.0449562454984,0,1
2024-12-15,DMA_114,75.66329826338134,0,0
2024-12-15,DMA_115,78.86018416652742,0,1
2024-12-15,DMA_116,72.96903616952254,0,0
2024-12-15,DMA_117,79.4834573909859,0,0
2024-12-15,DMA_118,73.98743228140634,0,0
2024-12-15,DMA_119,87.42135157301844,0,0
2024-12-15,DMA_120,81.94116840634021,0,0
2024-12-15,DMA_121,74.4205962400128,0,0
2024-12-15,DMA_122,80.10255471283463,0,1
2024-12-15,DMA_123,91.44281443984815,0,0
2024-12-15,DMA_124,74.04756640092603,0,0
2024-12-15,DMA_125,81.19293340773892,0,0
2024-12-15,DMA_126,81.48582307871195,0,0
2024-12-15,DMA_127,71.58039907564094,0,0
2024-12-15,DMA_128,79.129376354229,0,0
2024-12-15,DMA_129,73.5436997760298,0,0
2024-12-15,DMA_130,76.94635130389835,0,0
2024-12-15,DMA_131,84.94059257995633,0,0
2024-12-15,DMA_132,71.27202869726906,0,0
2024-12-15,DMA_133,71.18005449968781,0,0
2024-12-15,DMA_134,72.21554092876768,0,0
2024-12-15,DMA_135,74.93764877046996,0,0
2024-12-15,DMA_136,73.64001478972634,0,0
2024-12-15,DMA_137,80.2412174936952,0,0
2024-12-15,DMA_138,82.58477477615673,0,0
2024-12-15,DMA_139,73.83667044728946,0,0
2024-12-15,DMA_140,75.334929985228,0,0
2024-12-15,DMA_141,86.34584629310882,0,0
2024-12-15,DMA_142,68.97046084074209,0,0
2024-12-15,DMA_143,75.82221616042231,0,0
2024-12-15,DMA_144,73.3817017061325,0,0
2024-12-15,DMA_145,78.72327771818208,0,1
2024-12-15,DMA_146,72.83258464648621,0,0
2024-12-15,DMA_147,82.67257730761546,0,0
2024-12-15,DMA_148,79.21002762196227,0,0
2024-12-15,DMA_149,73.45948291515987,0,0
2024-12-15,DMA_150,69.10875947753348,0,1
2024-12-22,DMA_001,86.59691201318637,0,0
2024-12-22,DMA_002,89.86101750481903,0,0
2024-12-22,DMA_003,71.4042369666765,0,0
2024-12-22,DMA_004,83.94528437834303,0,0
2024-12-22,DMA_005,78.91010213988832,0,0
2024-12-22,DMA_006,86.24109574245549,0,0
2024-12-22,DMA_007,77.99247709058436,0,0
2024-12-22,DMA_008,73.50261236523414,0,0
2024-12-22,DMA_009,75.96360506218875,0,0
2024-12-22,DMA_010,88.05780869176635,0,0
2024-12-22,DMA_011,87.556995331996,0,0
2024-12-22,DMA_012,72.82914443332689,0,0
2024-12-22,DMA_013,70.00865993502845,0,1
2024-12-22,DMA_014,78.03575960556913,0,0
2024-12-22,DMA_015,71.1093874723697,0,0
2024-12-22,DMA_016,83.66963667417512,0,0
2024-12-22,DMA_017,68.56894938965827,0,0
2024-12-22,DMA_018,76.97965846514553,0,0
2024-12-22,DMA_019,77.23023139401525,0,0
2024-12-22,DMA_020,79.62757402405175,0,1
2024-12-22,DMA_021,74.13785390262906,0,0
2024-12-22,DMA_022,79.29687101402382,0,0
2024-12-22,DMA_023,66.21577481109405,0,0
2024-12-22,DMA_024,78.61190622618818,0,0
2024-12-22,DMA_025,79.42864386295855,0,0
2024-12-22,DMA_026,76.618831791415,0,0
2024-12-22,DMA_027,60.11680694228845,0,0
2024-12-22,DMA_028,82.68916795575316,0,0
2024-12-22,DMA_029,86.43858074447758,0,0
2024-12-22,DMA_030,82.4051320790463,0,1
2024-12-22,DMA_031,76.69832474509424,0,0
2024-12-22,DMA_032,79.05086517592895,0,0
2024-12-22,DMA_033,68.3473959002812,0,0
2024-12-22,DMA_034,72.51056864014265,0,0
2024-12-22,DMA_035,60.18548455670417,0,1
2024-12-22,DMA_036,78.09453246494645,0,0
2024-12-22,DMA_037,78.124213787563,0,0
2024-12-22,DMA_038,78.77675246317176,0,1
2024-12-22,DMA_039,77.70876121364579,0,0
2024-12-22,DMA_040,76.6763425712641,0,1
2024-12-22,DMA_041,90.67954131456378,0,0
2024-12-22,DMA_042,77.89763746211302,0,0
2024-12-22,DMA_043,73.23999450601896,0,0
2024-12-22,DMA_044,83.00807803412775,0,0
2024-12-22,DMA_045,74.47184622172566,0,0
2024-12-22,DMA_046,74.49516208553884,0,0
2024-12-22,DMA_047,76.49778607918172,0,0
2024-12-22,DMA_048,68.20153799287343,0,0
2024-12-22,DMA_049,75.07560633704034,0,0
2024-12-22,DMA_050,84.64811675942259,0,0
2024-12-22,DMA_051,90.0665000624518,0,0
2024-12-22,DMA_052,82.59984307249034,0,0
2024-12-22,DMA_053,60.979547415239836,0,0
2024-12-22,DMA_054,70.01058006149012,0,0
2024-12-22,DMA_055,71.64283221832801,0,0
2024-12-22,DMA_056,86.27003889926912,0,0
2024-12-22,DMA_057,85.85745828297176,0,0
2024-12-22,DMA_058,81.55417393930216,0,0
2024-12-22,DMA_059,79.21815019809675,0,0
2024-12-22,DMA_060,62.33769534349237,0,0
2024-12-22,DMA_061,82.44513009945634,0,0
2024-12-22,DMA_062,83.21216847513236,0,0
2024-12-22,DMA_063,85.07342148679855,0,0
2024-12-22,DMA_064,82.70181606180299,0,0
2024-12-22,DMA_065,77.62093134127318,0,0
2024-12-22,DMA_066,80.49646517558061,0,0
2024-12-22,DMA_067,84.71213608465119,0,0
2024-12-22,DMA_068,74.61026303611922,0,0
2024-12-22,DMA_069,84.54781995731004,0,0
2024-12-22,DMA_070,80.42967699475538,0,0
2024-12-22,DMA_071,76.4196501476042,0,0
2024-12-22,DMA_072,83.89747291632833,0,0
2024-12-22,DMA_073,83.24098120291782,0,0
2024-12-22,DMA_074,78.09957993162965,0,0
2024-12-22,DMA_075,75.26318035032115,0,0
2024-12-22,DMA_076,82.28128810158134,0,0
2024-12-22,DMA_077,78.51762053692417,0,0
2024-12-22,DMA_078,76.5129661539406,0,0
2024-12-22,DMA_079,77.59669662141164,0,0
2024-12-22,DMA_080,73.2591034037668,0,0
2024-12-22,DMA_081,77.67579293340775,0,0
2024-12-22,DMA_082,77.06907792166524,0,0
2024-12-22,DMA_083,81.14687109953367,0,0
2024-12-22,DMA_084,79.75644163073098,0,0
2024-12-22,DMA_085,79.85880786522306,0,0
2024-12-22,DMA_086,72.89383474500028,0,0
2024-12-22,DMA_087,84.13783472105345,0,0
2024-12-22,DMA_088,86.25499978479044,0,0
2024-12-22,DMA_089,70.37108943325136,0,1
2024-12-22,DMA_090,81.60189260428389,0,0
2024-12-22,DMA_091,85.25469795685805,0,0
2024-12-22,DMA_092,83.61492390092836,0,0
2024-12-22,DMA_093,73.04419964055398,0,0
2024-12-22,DMA_094,78.45339756840045,0,0
2024-12-22,DMA_095,78.75411251307278,0,0
2024-12-22,DMA_096,77.02327057372739,0,0
2024-12-22,DMA_097,69.34361992164479,0,1
2024-12-22,DMA_098,70.5025642461253,0,0
2024-12-22,DMA_099,86.6294453993368,0,1
2024-12-22,DMA_100,86.2883931877336,0,1
2024-12-22,DMA_101,77.81505995403658,0,0
2024-12-22,DMA_102,76.50579884821393,0,0
2024-12-22,DMA_103,84.56114067818677,0,1
2024-12-22,DMA_104,82.74854787349499,0,0
2024-12-22,DMA_105,76.08931358480157,0,1
2024-12-22,DMA_106,94.75519757747888,0,1
2024-12-22,DMA_107,86.53770945285338,0,0
2024-12-22,DMA_108,85.53717128511889,0,0
2024-12-22,DMA_109,87.70495927087138,0,0
2024-12-22,DMA_110,78.268003110363,0,0
2024-12-22,DMA_111,74.0772119072849,0,0
2024-12-22,DMA_112,75.45818009485286,0,0
2024-12-22,DMA_113,79.79308862310093,0,0
2024-12-22,DMA_114,90.1704585180151,0,0
2024-12-22,DMA_115,77.77697016759622,0,0
2024-12-22,DMA_116,71.20313648330375,0,1
2024-12-22,DMA_117,85.85694835530391,0,0
2024-12-22,DMA_118,78.76162962262892,0,0
2024-12-22,DMA_119,76.21824153176588,0,0
2024-12-22,DMA_120,78.31152542318131,0,0
2024-12-22,DMA_121,75.948755071084,0,1
2024-12-22,DMA_122,73.78435270507836,0,0
2024-12-22,DMA_123,72.88950534285888,0,0
2024-12-22,DMA_124,81.15119338072435,0,0
2024-12-22,DMA_125,75.55433795097298,0,0
2024-12-22,DMA_126,84.33138252820832,0,1
2024-12-22,DMA_127,81.29736816003151,0,0
2024-12-22,DMA_128,69.83504822920337,0,0
2024-12-22,DMA_129,85.89131192633968,0,0
2024-12-22,DMA_130,67.47808298764035,0,0
2024-12-22,DMA_131,92.32452451464812,0,0
2024-12-22,DMA_132,79.32224820304927,0,0
2024-12-22,DMA_133,80.39449642712256,0,0
2024-12-22,DMA_134,75.44637661050935,0,0
2024-12-22,DMA_135,69.29664220280415,0,0
2024-12-22,DMA_136,72.86066453302846,0,0
2024-12-22,DMA_137,84.06755344026422,0,1
2024-12-22,DMA_138,75.54433803214691,0,0
2024-12-22,DMA_139,77.06565825890874,0,0
2024-12-22,DMA_140,86.86411920669154,0,1
2024-12-22,DMA_141,84.55908225585358,0,0
2024-12-22,DMA_142,79.14972212615912,0,1
2024-12-22,DMA_143,88.47243323999885,0,0
2024-12-22,DMA_144,83.45224034849625,0,0
2024-12-22,DMA_145,73.63251217130394,0,0
2024-12-22,DMA_146,80.97414395416303,0,0
2024-12-22,DMA_147,89.09623300359596,0,0
2024-12-22,DMA_148,81.8331037144163,0,0
2024-12-22,DMA_149,77.77713646479152,0,0
2024-12-22,DMA_150,74.11678922329584,0,0
